vendor,description,amount,payment_method,city,state
Metro Transit,Card purchase at Metro Transit for 5.00 USD (Transport),5.0,Debit Card,Chicago,IL
Whole Foods,Card purchase at Whole Foods for 84.90 USD (Groceries),84.9,Debit Card,Detroit,MI
Healthcare Store 017,"POS transaction - Healthcare Store 017 (Healthcare), amount 140.27",140.27,Cash,Seattle,WA
Hair Salon,"POS transaction - Hair Salon (PersonalCare), amount 20.46",20.46,Digital Wallet,Chicago,IL
Entertainment Store 201,"POS transaction - Entertainment Store 201 (Bills), amount 183.01",183.01,Credit Card,Austin,TX
Healthcare Store 131,Card purchase at Healthcare Store 131 for 138.62 USD (Healthcare),138.62,ACH,New York,NY
Healthcare Store 129,"Online payment to Healthcare Store 129 - Healthcare, 208.08",208.08,Debit Card,Chicago,IL
Transport Store 023,"Transport spend at Transport Store 023, total 5.00",5.0,Digital Wallet,Detroit,MI
Lyft,"Transport spend at Lyft, total 37.74",37.74,Credit Card,Denver,CO
Travel Store 049,"POS transaction - Travel Store 049 (Groceries), amount 101.14",101.14,Debit Card,Seattle,WA
Property Taxes,Card purchase at Property Taxes for 166.14 USD (Bills),166.14,Debit Card,San Francisco,CA
Bills Store 173,"POS transaction - Bills Store 173 (Bills), amount 133.48",133.48,Credit Card,Miami,FL
Dominos,"DiningOut spend at Dominos, total 16.29",16.29,ACH,Seattle,WA
Bills Store 002,"Online payment to Bills Store 002 - Bills, 149.61",149.61,Cash,San Francisco,CA
Chase Credit Card,"POS transaction - Chase Credit Card (Bills), amount 163.57",163.57,Digital Wallet,Austin,TX
Utilities Store 005,"Mobile app payment at Utilities Store 005, Utilities, 196.74",196.74,Cash,Ann Arbor,MI
DiningOut Store 033,Card purchase at DiningOut Store 033 for 38.42 USD (DiningOut),38.42,Digital Wallet,Chicago,IL
Transport Store 189,"Transport spend at Transport Store 189, total 25.90",25.9,Credit Card,Detroit,MI
Groceries Store 150,Card purchase at Groceries Store 150 for 5.00 USD (Groceries),5.0,Digital Wallet,Ann Arbor,MI
Miscellaneous Store 181,Card purchase at Miscellaneous Store 181 for 45.80 USD (Miscellaneous),45.8,Cash,Detroit,MI
Entertainment Store 044,"Mobile app payment at Entertainment Store 044, Entertainment, 20.48",20.48,Credit Card,Denver,CO
Travel Store 110,"Mobile app payment at Travel Store 110, Travel, 437.67",437.67,Credit Card,Detroit,MI
Bills Store 210,Card purchase at Bills Store 210 for 310.80 USD (Bills),310.8,Debit Card,Miami,FL
Spectrum,Card purchase at Spectrum for 166.81 USD (Utilities),166.81,Cash,Austin,TX
Phone Bill AutoPay,"Online payment to Phone Bill AutoPay - Bills, 211.26",211.26,Digital Wallet,Chicago,IL
Travel Store 122,"Travel spend at Travel Store 122, total 208.14",208.14,Cash,Chicago,IL
Etsy,"Mobile app payment at Etsy, Miscellaneous, 17.63",17.63,Debit Card,New York,NY
Walmart,"POS transaction - Walmart (Groceries), amount 81.89",81.89,Digital Wallet,Seattle,WA
DiningOut Store 196,"Online payment to DiningOut Store 196 - DiningOut, 32.28",32.28,ACH,Boston,MA
BlueCross,"POS transaction - BlueCross (Travel), amount 318.72",318.72,ACH,Detroit,MI
Bills Store 112,"Bills spend at Bills Store 112, total 199.59",199.59,Credit Card,Detroit,MI
Entertainment Store 022,"Mobile app payment at Entertainment Store 022, Entertainment, 52.41",52.41,Debit Card,San Francisco,CA
Coding Bootcamp,"Healthcare spend at Coding Bootcamp, total 167.77",167.77,ACH,Miami,FL
Vitamin Shoppe,"Mobile app payment at Vitamin Shoppe, PersonalCare, 24.86",24.86,Cash,Seattle,WA
Rite Aid,"Online payment to Rite Aid - Healthcare, 192.43",192.43,Credit Card,Boston,MA
Transport Store 009,"Mobile app payment at Transport Store 009, Transport, 58.74",58.74,Debit Card,Detroit,MI
Utilities Store 073,"DiningOut spend at Utilities Store 073, total 48.12",48.12,ACH,Denver,CO
Shopping Store 039,"Online payment to Shopping Store 039 - Shopping, 33.45",33.45,ACH,Chicago,IL
Subway,Card purchase at Subway for 50.52 USD (DiningOut),50.52,ACH,Denver,CO
Groceries Store 127,"POS transaction - Groceries Store 127 (Groceries), amount 103.75",103.75,Cash,Austin,TX
DTE Energy,Card purchase at DTE Energy for 57.31 USD (Utilities),57.31,Debit Card,Austin,TX
Groceries Store 056,"Groceries spend at Groceries Store 056, total 108.05",108.05,Cash,Austin,TX
Travel Store 080,"Travel spend at Travel Store 080, total 163.21",163.21,Credit Card,Ann Arbor,MI
CVS Pharmacy,"Mobile app payment at CVS Pharmacy, Healthcare, 193.11",193.11,Digital Wallet,San Francisco,CA
Chevron,"Mobile app payment at Chevron, Transport, 49.46",49.46,Digital Wallet,San Francisco,CA
Education Store 108,Card purchase at Education Store 108 for 393.29 USD (Education),393.29,Digital Wallet,Boston,MA
Education Store 162,"Mobile app payment at Education Store 162, Education, 5.00",5.0,Digital Wallet,Chicago,IL
DiningOut Store 033,"DiningOut spend at DiningOut Store 033, total 37.70",37.7,Debit Card,Detroit,MI
Bills Store 105,"Bills spend at Bills Store 105, total 128.16",128.16,Debit Card,Chicago,IL
Groceries Store 069,"Groceries spend at Groceries Store 069, total 95.32",95.32,Digital Wallet,Detroit,MI
DiningOut Store 100,"DiningOut spend at DiningOut Store 100, total 11.53",11.53,Credit Card,Austin,TX
Shopping Store 154,"Mobile app payment at Shopping Store 154, Shopping, 71.24",71.24,Digital Wallet,Austin,TX
Transport Store 148,"Transport spend at Transport Store 148, total 64.75",64.75,ACH,New York,NY
Phone Bill AutoPay,"Bills spend at Phone Bill AutoPay, total 28.93",28.93,Cash,Boston,MA
PersonalCare Store 006,"Online payment to PersonalCare Store 006 - PersonalCare, 60.36",60.36,Digital Wallet,Miami,FL
CVS Pharmacy,"POS transaction - CVS Pharmacy (Healthcare), amount 93.45",93.45,Cash,Austin,TX
Miscellaneous Store 024,"Mobile app payment at Miscellaneous Store 024, Miscellaneous, 5.00",5.0,Credit Card,Austin,TX
Entertainment Store 164,"Mobile app payment at Entertainment Store 164, Entertainment, 60.94",60.94,Digital Wallet,Seattle,WA
Target,"Online payment to Target - Shopping, 113.54",113.54,Digital Wallet,Chicago,IL
Miscellaneous Store 181,"Online payment to Miscellaneous Store 181 - Miscellaneous, 53.93",53.93,Cash,Ann Arbor,MI
Thrift Store,"Mobile app payment at Thrift Store, Shopping, 123.34",123.34,Cash,Seattle,WA
Trader Joes,"Online payment to Trader Joes - Groceries, 36.70",36.7,Cash,Chicago,IL
Internet Bill AutoPay,Card purchase at Internet Bill AutoPay for 197.98 USD (Bills),197.98,Digital Wallet,Denver,CO
Miscellaneous Store 141,"Mobile app payment at Miscellaneous Store 141, Miscellaneous, 7.42",7.42,Digital Wallet,Seattle,WA
DiningOut Store 171,"Mobile app payment at DiningOut Store 171, DiningOut, 45.00",45.0,Cash,Seattle,WA
Pet Store,"Mobile app payment at Pet Store, Miscellaneous, 17.68",17.68,Debit Card,Miami,FL
Speedway,"Transport spend at Speedway, total 34.80",34.8,Credit Card,Ann Arbor,MI
Transport Store 032,"Online payment to Transport Store 032 - Transport, 54.63",54.63,Debit Card,San Francisco,CA
Miscellaneous Store 153,"Online payment to Miscellaneous Store 153 - Miscellaneous, 11.19",11.19,Credit Card,Chicago,IL
Healthcare Store 029,Card purchase at Healthcare Store 029 for 106.79 USD (Healthcare),106.79,Debit Card,Denver,CO
Shopping Store 152,"Shopping spend at Shopping Store 152, total 5.00",5.0,Credit Card,Boston,MA
Utilities Store 176,"Utilities spend at Utilities Store 176, total 121.35",121.35,Credit Card,Denver,CO
Amazon,"Mobile app payment at Amazon, Shopping, 20.31",20.31,ACH,Boston,MA
Local Gift Shop,Card purchase at Local Gift Shop for 121.72 USD (Miscellaneous),121.72,Digital Wallet,Austin,TX
DiningOut Store 120,Card purchase at DiningOut Store 120 for 34.73 USD (DiningOut),34.73,Credit Card,Detroit,MI
Healthcare Store 034,Card purchase at Healthcare Store 034 for 318.36 USD (Healthcare),318.36,Digital Wallet,Austin,TX
Internet Bill AutoPay,"Mobile app payment at Internet Bill AutoPay, Bills, 161.32",161.32,ACH,Detroit,MI
PersonalCare Store 202,"Mobile app payment at PersonalCare Store 202, PersonalCare, 54.15",54.15,Cash,Ann Arbor,MI
Xbox Live,"Mobile app payment at Xbox Live, Entertainment, 26.19",26.19,Digital Wallet,Ann Arbor,MI
Utilities Store 054,"Online payment to Utilities Store 054 - Entertainment, 59.83",59.83,Cash,Chicago,IL
Miscellaneous Store 024,"Mobile app payment at Miscellaneous Store 024, Miscellaneous, 25.97",25.97,ACH,Detroit,MI
Transport Store 119,Card purchase at Transport Store 119 for 61.37 USD (Transport),61.37,Credit Card,Ann Arbor,MI
Transport Store 168,"Transport spend at Transport Store 168, total 17.25",17.25,ACH,Detroit,MI
Entertainment Store 065,"Bills spend at Entertainment Store 065, total 308.38",308.38,Cash,Boston,MA
Amtrak,"Transport spend at Amtrak, total 65.10",65.1,ACH,Boston,MA
Bills Store 207,"Mobile app payment at Bills Store 207, Bills, 148.94",148.94,Credit Card,San Francisco,CA
Shopping Store 136,Card purchase at Shopping Store 136 for 113.87 USD (Shopping),113.87,ACH,Chicago,IL
DiningOut Store 172,"DiningOut spend at DiningOut Store 172, total 30.99",30.99,Cash,Miami,FL
Shopping Store 088,"Shopping spend at Shopping Store 088, total 100.66",100.66,Cash,Chicago,IL
Education Store 156,"Online payment to Education Store 156 - Education, 263.72",263.72,Debit Card,Detroit,MI
Udemy,"Mobile app payment at Udemy, Education, 95.28",95.28,Debit Card,Detroit,MI
Craft Store,"Miscellaneous spend at Craft Store, total 44.21",44.21,Debit Card,Boston,MA
Trader Joes,"POS transaction - Trader Joes (Groceries), amount 132.94",132.94,Cash,Austin,TX
Aldi,"Online payment to Aldi - Groceries, 86.56",86.56,ACH,Denver,CO
Shopping Store 111,"Mobile app payment at Shopping Store 111, Shopping, 102.63",102.63,Credit Card,Seattle,WA
Local Gift Shop,Card purchase at Local Gift Shop for 5.00 USD (Shopping),5.0,Cash,Boston,MA
Best Buy,"Online payment to Best Buy - Shopping, 103.22",103.22,Credit Card,Chicago,IL
Shopping Store 211,"Mobile app payment at Shopping Store 211, Shopping, 147.12",147.12,Debit Card,Miami,FL
Apple Store,"Mobile app payment at Apple Store, Shopping, 105.71",105.71,ACH,San Francisco,CA
Bills Store 089,"Bills spend at Bills Store 089, total 203.76",203.76,Debit Card,Austin,TX
Pizza Hut,"Online payment to Pizza Hut - DiningOut, 25.52",25.52,Cash,Ann Arbor,MI
DiningOut Store 010,"Mobile app payment at DiningOut Store 010, DiningOut, 7.86",7.86,ACH,Seattle,WA
Local Gift Shop,Card purchase at Local Gift Shop for 5.00 USD (Miscellaneous),5.0,ACH,Boston,MA
Transport Store 023,Card purchase at Transport Store 023 for 46.84 USD (Transport),46.84,Cash,New York,NY
Physical Therapy,"Online payment to Physical Therapy - Transport, 22.85",22.85,Debit Card,Miami,FL
Walmart,"DiningOut spend at Walmart, total 39.66",39.66,Cash,Denver,CO
Groceries Store 138,"Mobile app payment at Groceries Store 138, Utilities, 100.97",100.97,Debit Card,Denver,CO
Shopping Store 209,"Shopping spend at Shopping Store 209, total 87.46",87.46,Digital Wallet,Boston,MA
DiningOut Store 172,"Mobile app payment at DiningOut Store 172, DiningOut, 5.00",5.0,Cash,Miami,FL
Entertainment Store 068,"POS transaction - Entertainment Store 068 (Entertainment), amount 5.00",5.0,Cash,Chicago,IL
Healthcare Store 116,"Online payment to Healthcare Store 116 - Healthcare, 276.88",276.88,Credit Card,New York,NY
Education Store 137,"POS transaction - Education Store 137 (Transport), amount 44.37",44.37,Cash,Ann Arbor,MI
Office Supply Store,"Miscellaneous spend at Office Supply Store, total 27.14",27.14,ACH,Seattle,WA
PersonalCare Store 006,"Transport spend at PersonalCare Store 006, total 89.06",89.06,Cash,Ann Arbor,MI
Transport Store 102,"POS transaction - Transport Store 102 (DiningOut), amount 14.43",14.43,ACH,Detroit,MI
Shopping Store 066,"POS transaction - Shopping Store 066 (Shopping), amount 71.87",71.87,ACH,Boston,MA
Apple Store,Card purchase at Apple Store for 107.79 USD (Shopping),107.79,ACH,Miami,FL
Pizza Hut,"DiningOut spend at Pizza Hut, total 34.66",34.66,Credit Card,Seattle,WA
Bills Store 090,Card purchase at Bills Store 090 for 281.74 USD (Bills),281.74,Debit Card,San Francisco,CA
PlayStation Store,"Online payment to PlayStation Store - Entertainment, 28.54",28.54,ACH,Austin,TX
DiningOut Store 087,"Mobile app payment at DiningOut Store 087, DiningOut, 30.82",30.82,Credit Card,Austin,TX
Rite Aid,Card purchase at Rite Aid for 158.25 USD (Healthcare),158.25,Credit Card,Boston,MA
Utilities Store 183,"Utilities spend at Utilities Store 183, total 104.88",104.88,Debit Card,Detroit,MI
Spectrum,"POS transaction - Spectrum (Groceries), amount 102.19",102.19,Credit Card,Miami,FL
PersonalCare Store 151,"Shopping spend at PersonalCare Store 151, total 40.80",40.8,Debit Card,Ann Arbor,MI
Toy Store,"Miscellaneous spend at Toy Store, total 5.00",5.0,Cash,Seattle,WA
Shopping Store 136,"Mobile app payment at Shopping Store 136, Shopping, 160.61",160.61,ACH,Denver,CO
Miscellaneous Store 012,"Mobile app payment at Miscellaneous Store 012, Miscellaneous, 43.18",43.18,Digital Wallet,New York,NY
DiningOut Store 171,Card purchase at DiningOut Store 171 for 34.13 USD (DiningOut),34.13,Credit Card,Miami,FL
Shopping Store 152,Card purchase at Shopping Store 152 for 5.83 USD (Shopping),5.83,Credit Card,Seattle,WA
Healthcare Store 129,"Online payment to Healthcare Store 129 - Groceries, 192.88",192.88,Digital Wallet,Chicago,IL
Utilities Store 054,"Groceries spend at Utilities Store 054, total 57.26",57.26,ACH,Denver,CO
Online Course Platform,"POS transaction - Online Course Platform (Education), amount 275.83",275.83,Cash,Ann Arbor,MI
Groceries Store 127,Card purchase at Groceries Store 127 for 51.78 USD (Groceries),51.78,Digital Wallet,Miami,FL
DiningOut Store 001,"Mobile app payment at DiningOut Store 001, DiningOut, 25.03",25.03,Debit Card,New York,NY
Skillshare,Card purchase at Skillshare for 300.18 USD (Education),300.18,Debit Card,Miami,FL
Utilities Store 076,"Online payment to Utilities Store 076 - Healthcare, 303.87",303.87,Debit Card,Boston,MA
Lowes,"Shopping spend at Lowes, total 111.16",111.16,Digital Wallet,Austin,TX
Bills Store 128,"POS transaction - Bills Store 128 (Bills), amount 122.47",122.47,Debit Card,New York,NY
Steam,"Mobile app payment at Steam, Entertainment, 61.88",61.88,Debit Card,Austin,TX
Steam,Card purchase at Steam for 50.97 USD (Entertainment),50.97,Digital Wallet,Austin,TX
Utilities Store 114,"Online payment to Utilities Store 114 - Utilities, 129.47",129.47,Debit Card,Miami,FL
Utilities Store 076,"Online payment to Utilities Store 076 - Utilities, 130.35",130.35,Cash,Denver,CO
Shopping Store 167,"Mobile app payment at Shopping Store 167, Shopping, 89.62",89.62,Cash,Chicago,IL
Toy Store,"Online payment to Toy Store - Miscellaneous, 68.77",68.77,Digital Wallet,San Francisco,CA
Meijer,"POS transaction - Meijer (Groceries), amount 5.00",5.0,Digital Wallet,Chicago,IL
Entertainment Store 197,"Online payment to Entertainment Store 197 - Entertainment, 29.63",29.63,ACH,Boston,MA
Healthcare Store 079,"Healthcare spend at Healthcare Store 079, total 140.76",140.76,Cash,New York,NY
Travel Store 177,"Online payment to Travel Store 177 - Travel, 286.14",286.14,Cash,Seattle,WA
Shopping Store 209,Card purchase at Shopping Store 209 for 39.16 USD (Shopping),39.16,Cash,San Francisco,CA
McDonalds,"POS transaction - McDonalds (DiningOut), amount 5.00",5.0,Cash,Boston,MA
Utilities Store 030,"Mobile app payment at Utilities Store 030, Utilities, 116.85",116.85,Credit Card,Denver,CO
Shopping Store 211,"Online payment to Shopping Store 211 - Shopping, 49.95",49.95,ACH,Seattle,WA
Miscellaneous Store 145,"Miscellaneous spend at Miscellaneous Store 145, total 20.83",20.83,Digital Wallet,Boston,MA
Entertainment Store 053,Card purchase at Entertainment Store 053 for 86.92 USD (Entertainment),86.92,Credit Card,Boston,MA
Amazon,Card purchase at Amazon for 14.00 USD (Shopping),14.0,Credit Card,San Francisco,CA
Chevron,"Mobile app payment at Chevron, Transport, 103.84",103.84,Debit Card,San Francisco,CA
Home Depot,"Education spend at Home Depot, total 116.78",116.78,Debit Card,Denver,CO
Shopping Store 077,Card purchase at Shopping Store 077 for 5.00 USD (Shopping),5.0,Cash,Denver,CO
Pizza Hut,"DiningOut spend at Pizza Hut, total 12.17",12.17,Debit Card,Seattle,WA
Groceries Store 127,"POS transaction - Groceries Store 127 (Groceries), amount 5.00",5.0,Digital Wallet,Boston,MA
IKEA,"Mobile app payment at IKEA, Shopping, 154.91",154.91,Credit Card,Seattle,WA
Chick-fil-A,"Mobile app payment at Chick-fil-A, DiningOut, 5.00",5.0,ACH,Chicago,IL
Speedway,"Healthcare spend at Speedway, total 131.64",131.64,Cash,Ann Arbor,MI
Shopping Store 152,"Mobile app payment at Shopping Store 152, Shopping, 129.50",129.5,Digital Wallet,Austin,TX
PersonalCare Store 006,"POS transaction - PersonalCare Store 006 (PersonalCare), amount 8.52",8.52,Credit Card,Seattle,WA
Bills Store 051,"POS transaction - Bills Store 051 (Bills), amount 140.79",140.79,Credit Card,Chicago,IL
Transport Store 023,Card purchase at Transport Store 023 for 18.99 USD (Transport),18.99,Digital Wallet,Austin,TX
Hulu,"POS transaction - Hulu (Entertainment), amount 49.07",49.07,Credit Card,Denver,CO
DiningOut Store 033,Card purchase at DiningOut Store 033 for 44.14 USD (DiningOut),44.14,Digital Wallet,Chicago,IL
Bills Store 106,Card purchase at Bills Store 106 for 62.40 USD (Bills),62.4,Cash,Ann Arbor,MI
Utilities Store 076,"Utilities spend at Utilities Store 076, total 123.04",123.04,ACH,Boston,MA
Travel Store 204,Card purchase at Travel Store 204 for 442.27 USD (Travel),442.27,ACH,Boston,MA
DiningOut Store 133,"Online payment to DiningOut Store 133 - Healthcare, 214.01",214.01,Cash,Ann Arbor,MI
Lyft,"Online payment to Lyft - Transport, 54.04",54.04,Cash,Seattle,WA
Chevron,"Online payment to Chevron - Transport, 63.51",63.51,Digital Wallet,Chicago,IL
DTE Energy,"Mobile app payment at DTE Energy, Utilities, 119.93",119.93,Debit Card,Detroit,MI
Groceries Store 150,"POS transaction - Groceries Store 150 (Groceries), amount 129.63",129.63,Debit Card,Ann Arbor,MI
Entertainment Store 139,Card purchase at Entertainment Store 139 for 5.58 USD (DiningOut),5.58,Digital Wallet,New York,NY
Travel Store 015,Card purchase at Travel Store 015 for 5.00 USD (Travel),5.0,Debit Card,Detroit,MI
Transport Store 148,"Mobile app payment at Transport Store 148, Transport, 34.97",34.97,Credit Card,New York,NY
Walmart.com,"POS transaction - Walmart.com (Shopping), amount 25.91",25.91,Digital Wallet,Denver,CO
Healthcare Store 017,Card purchase at Healthcare Store 017 for 151.69 USD (Healthcare),151.69,Credit Card,Austin,TX
Transport Store 189,"POS transaction - Transport Store 189 (Transport), amount 75.49",75.49,Debit Card,Boston,MA
Hair Salon,Card purchase at Hair Salon for 21.84 USD (PersonalCare),21.84,Cash,Ann Arbor,MI
Utilities Store 185,"Utilities spend at Utilities Store 185, total 109.07",109.07,Debit Card,New York,NY
Bills Store 166,"Online payment to Bills Store 166 - Shopping, 164.71",164.71,Digital Wallet,Chicago,IL
Walmart.com,"Mobile app payment at Walmart.com, Shopping, 110.19",110.19,Digital Wallet,Denver,CO
Shopping Store 136,"POS transaction - Shopping Store 136 (Shopping), amount 46.16",46.16,Debit Card,Seattle,WA
Optometry Center,"Online payment to Optometry Center - Healthcare, 86.54",86.54,ACH,Seattle,WA
Shopping Store 216,"Online payment to Shopping Store 216 - Shopping, 10.24",10.24,Credit Card,Detroit,MI
Shopping Store 136,"POS transaction - Shopping Store 136 (Shopping), amount 37.46",37.46,Credit Card,Denver,CO
Miscellaneous Store 161,"POS transaction - Miscellaneous Store 161 (Miscellaneous), amount 58.58",58.58,ACH,Denver,CO
Utilities Store 176,"Online payment to Utilities Store 176 - Utilities, 116.85",116.85,Digital Wallet,Seattle,WA
Transport Store 078,"Mobile app payment at Transport Store 078, Transport, 74.84",74.84,Credit Card,San Francisco,CA
Entertainment Store 022,"Mobile app payment at Entertainment Store 022, Transport, 66.84",66.84,Cash,Ann Arbor,MI
Transport Store 189,"POS transaction - Transport Store 189 (Transport), amount 66.37",66.37,Credit Card,Boston,MA
Online Course Platform,"Education spend at Online Course Platform, total 5.00",5.0,Debit Card,San Francisco,CA
Lyft Airport,"Online payment to Lyft Airport - Travel, 551.08",551.08,Debit Card,Seattle,WA
Lyft,Card purchase at Lyft for 60.23 USD (Transport),60.23,ACH,San Francisco,CA
Bills Store 213,"Bills spend at Bills Store 213, total 161.26",161.26,Digital Wallet,Detroit,MI
Shopping Store 096,"Online payment to Shopping Store 096 - Shopping, 184.14",184.14,Credit Card,Denver,CO
Transport Store 168,"Transport spend at Transport Store 168, total 5.00",5.0,Digital Wallet,Boston,MA
Groceries Store 147,"Mobile app payment at Groceries Store 147, Groceries, 118.89",118.89,Debit Card,Denver,CO
Charity Donation,Card purchase at Charity Donation for 83.03 USD (Miscellaneous),83.03,Debit Card,Seattle,WA
PersonalCare Store 035,"POS transaction - PersonalCare Store 035 (PersonalCare), amount 37.65",37.65,Digital Wallet,New York,NY
PlayStation Store,"Mobile app payment at PlayStation Store, Entertainment, 77.40",77.4,Digital Wallet,Chicago,IL
Groceries Store 147,Card purchase at Groceries Store 147 for 69.39 USD (Groceries),69.39,Digital Wallet,Denver,CO
Transport Store 009,"POS transaction - Transport Store 009 (Transport), amount 25.68",25.68,Credit Card,Miami,FL
Transport Store 189,"POS transaction - Transport Store 189 (Transport), amount 67.51",67.51,Debit Card,New York,NY
Charity Donation,"Miscellaneous spend at Charity Donation, total 39.82",39.82,Credit Card,San Francisco,CA
Trader Joes,Card purchase at Trader Joes for 51.07 USD (Groceries),51.07,Digital Wallet,New York,NY
AT&T,"Online payment to AT&T - Shopping, 159.48",159.48,Digital Wallet,Boston,MA
Metro Transit,"Transport spend at Metro Transit, total 47.41",47.41,Debit Card,Ann Arbor,MI
Metro Transit,"Mobile app payment at Metro Transit, Transport, 66.88",66.88,Cash,Miami,FL
Education Store 099,"Transport spend at Education Store 099, total 29.35",29.35,ACH,Detroit,MI
Bills Store 042,"POS transaction - Bills Store 042 (Bills), amount 108.09",108.09,Credit Card,Ann Arbor,MI
Entertainment Store 044,"Online payment to Entertainment Store 044 - Entertainment, 110.80",110.8,Debit Card,Denver,CO
DiningOut Store 171,"DiningOut spend at DiningOut Store 171, total 36.73",36.73,Debit Card,Denver,CO
Utilities Store 203,"Mobile app payment at Utilities Store 203, Utilities, 132.56",132.56,Cash,Austin,TX
Publix,"Groceries spend at Publix, total 91.80",91.8,Digital Wallet,Ann Arbor,MI
Pet Store,Card purchase at Pet Store for 60.39 USD (Miscellaneous),60.39,Digital Wallet,Chicago,IL
Shopping Store 111,"Shopping spend at Shopping Store 111, total 82.73",82.73,ACH,Chicago,IL
Shopping Store 152,"POS transaction - Shopping Store 152 (Shopping), amount 39.28",39.28,Digital Wallet,Denver,CO
McDonalds,"DiningOut spend at McDonalds, total 50.55",50.55,Debit Card,San Francisco,CA
Transport Store 168,"Mobile app payment at Transport Store 168, Transport, 48.32",48.32,Debit Card,Boston,MA
Transport Store 189,"Transport spend at Transport Store 189, total 5.00",5.0,Digital Wallet,New York,NY
Groceries Store 138,"Mobile app payment at Groceries Store 138, Groceries, 155.06",155.06,Credit Card,Chicago,IL
Utilities Store 205,"Online payment to Utilities Store 205 - Utilities, 145.33",145.33,Credit Card,Boston,MA
Miscellaneous Store 012,Card purchase at Miscellaneous Store 012 for 5.00 USD (Miscellaneous),5.0,Credit Card,Detroit,MI
Travel Store 008,"Travel spend at Travel Store 008, total 286.30",286.3,ACH,Boston,MA
DiningOut Store 074,Card purchase at DiningOut Store 074 for 21.04 USD (DiningOut),21.04,Digital Wallet,Chicago,IL
Kroger,"Mobile app payment at Kroger, PersonalCare, 31.12",31.12,ACH,Miami,FL
Transport Store 102,Card purchase at Transport Store 102 for 54.76 USD (PersonalCare),54.76,Digital Wallet,Detroit,MI
Chevron,"Mobile app payment at Chevron, Transport, 23.44",23.44,Credit Card,Denver,CO
Yoga Studio,Card purchase at Yoga Studio for 46.99 USD (PersonalCare),46.99,Cash,Chicago,IL
Shopping Store 190,"Online payment to Shopping Store 190 - Shopping, 76.53",76.53,Credit Card,Chicago,IL
Utilities Store 214,"Online payment to Utilities Store 214 - DiningOut, 46.76",46.76,ACH,New York,NY
Utilities Store 091,"POS transaction - Utilities Store 091 (Utilities), amount 78.73",78.73,Digital Wallet,Seattle,WA
Bills Store 084,"Bills spend at Bills Store 084, total 177.62",177.62,Cash,Boston,MA
Spotify,Card purchase at Spotify for 109.66 USD (Groceries),109.66,ACH,Seattle,WA
Utilities Store 124,"Online payment to Utilities Store 124 - Utilities, 93.56",93.56,ACH,Seattle,WA
Shopping Store 143,"Shopping spend at Shopping Store 143, total 113.31",113.31,Cash,Detroit,MI
Utilities Store 070,"Online payment to Utilities Store 070 - Utilities, 37.76",37.76,Credit Card,Seattle,WA
Miscellaneous Store 064,"POS transaction - Miscellaneous Store 064 (Miscellaneous), amount 50.51",50.51,Cash,Ann Arbor,MI
PersonalCare Store 146,"Mobile app payment at PersonalCare Store 146, PersonalCare, 20.43",20.43,Cash,Denver,CO
Bills Store 002,"POS transaction - Bills Store 002 (Bills), amount 228.80",228.8,ACH,Austin,TX
Miscellaneous Store 153,"Mobile app payment at Miscellaneous Store 153, Miscellaneous, 24.45",24.45,Debit Card,Seattle,WA
Healthcare Store 129,"POS transaction - Healthcare Store 129 (Healthcare), amount 151.67",151.67,Cash,Detroit,MI
Travel Store 191,"Mobile app payment at Travel Store 191, Travel, 289.73",289.73,Cash,Seattle,WA
Groceries Store 217,"Mobile app payment at Groceries Store 217, Groceries, 23.76",23.76,Debit Card,Ann Arbor,MI
Groceries Store 217,"Online payment to Groceries Store 217 - Miscellaneous, 44.63",44.63,Credit Card,Boston,MA
Spectrum,Card purchase at Spectrum for 125.53 USD (Utilities),125.53,Digital Wallet,Denver,CO
PersonalCare Store 179,"POS transaction - PersonalCare Store 179 (PersonalCare), amount 5.00",5.0,ACH,San Francisco,CA
Groceries Store 217,"Online payment to Groceries Store 217 - Groceries, 156.04",156.04,Credit Card,Chicago,IL
Whole Foods,"POS transaction - Whole Foods (Groceries), amount 32.60",32.6,ACH,Chicago,IL
Verizon,"Online payment to Verizon - Utilities, 177.63",177.63,Digital Wallet,Seattle,WA
Groceries Store 217,Card purchase at Groceries Store 217 for 15.34 USD (Groceries),15.34,Cash,New York,NY
Thrift Store,Card purchase at Thrift Store for 18.07 USD (Miscellaneous),18.07,Cash,Chicago,IL
Local Gift Shop,"POS transaction - Local Gift Shop (Miscellaneous), amount 33.20",33.2,Cash,Boston,MA
Nike,Card purchase at Nike for 95.22 USD (Shopping),95.22,Debit Card,Austin,TX
Transport Store 097,"Online payment to Transport Store 097 - Transport, 33.82",33.82,Credit Card,Seattle,WA
Rite Aid,"Mobile app payment at Rite Aid, Healthcare, 20.01",20.01,Cash,Ann Arbor,MI
Groceries Store 217,"Mobile app payment at Groceries Store 217, Groceries, 72.80",72.8,Credit Card,Chicago,IL
Bills Store 106,"Bills spend at Bills Store 106, total 214.07",214.07,Credit Card,Ann Arbor,MI
Transport Store 052,"Transport spend at Transport Store 052, total 39.34",39.34,Digital Wallet,Miami,FL
Adidas,"Shopping spend at Adidas, total 91.26",91.26,Debit Card,Boston,MA
Groceries Store 170,"Online payment to Groceries Store 170 - Groceries, 77.48",77.48,Credit Card,Austin,TX
Walmart,"Online payment to Walmart - Groceries, 93.91",93.91,ACH,Seattle,WA
Shopping Store 136,"Online payment to Shopping Store 136 - Shopping, 61.91",61.91,Cash,Seattle,WA
Utilities Store 031,Card purchase at Utilities Store 031 for 53.53 USD (Utilities),53.53,Debit Card,Detroit,MI
Consumers Energy,"Online payment to Consumers Energy - Utilities, 90.61",90.61,Debit Card,Seattle,WA
Walmart,"Groceries spend at Walmart, total 51.87",51.87,Digital Wallet,Ann Arbor,MI
PersonalCare Store 093,"PersonalCare spend at PersonalCare Store 093, total 55.40",55.4,Digital Wallet,Miami,FL
Entertainment Store 027,"Online payment to Entertainment Store 027 - Entertainment, 61.62",61.62,Credit Card,Detroit,MI
Shopping Store 206,"POS transaction - Shopping Store 206 (Shopping), amount 165.24",165.24,Cash,New York,NY
Miscellaneous Store 145,Card purchase at Miscellaneous Store 145 for 25.01 USD (Miscellaneous),25.01,Digital Wallet,New York,NY
Miscellaneous Store 195,Card purchase at Miscellaneous Store 195 for 41.20 USD (Miscellaneous),41.2,Digital Wallet,Seattle,WA
Groceries Store 217,Card purchase at Groceries Store 217 for 55.00 USD (Groceries),55.0,Credit Card,Austin,TX
Massage Envy,"PersonalCare spend at Massage Envy, total 40.99",40.99,Digital Wallet,New York,NY
PersonalCare Store 006,"Mobile app payment at PersonalCare Store 006, Healthcare, 107.99",107.99,Debit Card,Seattle,WA
Travel Store 184,"Travel spend at Travel Store 184, total 462.83",462.83,ACH,Miami,FL
Bills Store 149,"Mobile app payment at Bills Store 149, Bills, 313.51",313.51,Cash,Boston,MA
Utilities Store 121,"Utilities spend at Utilities Store 121, total 184.96",184.96,Digital Wallet,Detroit,MI
Uber,"Transport spend at Uber, total 43.44",43.44,Debit Card,Austin,TX
Charity Donation,Card purchase at Charity Donation for 93.45 USD (Miscellaneous),93.45,Debit Card,Miami,FL
Education Store 156,"Mobile app payment at Education Store 156, Education, 224.62",224.62,Debit Card,Detroit,MI
Groceries Store 056,"Mobile app payment at Groceries Store 056, Groceries, 133.97",133.97,Credit Card,Detroit,MI
Target.com,Card purchase at Target.com for 57.49 USD (Miscellaneous),57.49,ACH,Miami,FL
DiningOut Store 120,"POS transaction - DiningOut Store 120 (DiningOut), amount 5.00",5.0,Digital Wallet,Seattle,WA
Property Taxes,"Mobile app payment at Property Taxes, Bills, 213.26",213.26,Debit Card,Austin,TX
UM-Flint,Card purchase at UM-Flint for 242.45 USD (Education),242.45,Cash,Denver,CO
Walmart,"Online payment to Walmart - Groceries, 72.18",72.18,Credit Card,Boston,MA
DiningOut Store 182,"Mobile app payment at DiningOut Store 182, PersonalCare, 16.40",16.4,Cash,Boston,MA
DiningOut Store 087,"Online payment to DiningOut Store 087 - DiningOut, 5.00",5.0,Credit Card,Chicago,IL
PersonalCare Store 093,"Online payment to PersonalCare Store 093 - PersonalCare, 37.76",37.76,Cash,Miami,FL
DiningOut Store 196,Card purchase at DiningOut Store 196 for 20.15 USD (DiningOut),20.15,Debit Card,San Francisco,CA
Miscellaneous Store 012,Card purchase at Miscellaneous Store 012 for 26.53 USD (Miscellaneous),26.53,Debit Card,Seattle,WA
DiningOut Store 118,"POS transaction - DiningOut Store 118 (DiningOut), amount 37.58",37.58,Cash,Denver,CO
BP,Card purchase at BP for 58.55 USD (Transport),58.55,Cash,Chicago,IL
Entertainment Store 022,"POS transaction - Entertainment Store 022 (Entertainment), amount 41.07",41.07,Digital Wallet,New York,NY
City Parking Garage,"Mobile app payment at City Parking Garage, Transport, 39.30",39.3,Credit Card,Detroit,MI
Groceries Store 056,"POS transaction - Groceries Store 056 (Groceries), amount 75.51",75.51,Digital Wallet,Detroit,MI
Craft Store,Card purchase at Craft Store for 54.48 USD (Miscellaneous),54.48,Digital Wallet,Miami,FL
Miscellaneous Store 046,"Mobile app payment at Miscellaneous Store 046, Miscellaneous, 58.50",58.5,Cash,Ann Arbor,MI
Spotify,"Entertainment spend at Spotify, total 35.14",35.14,Credit Card,Denver,CO
Groceries Store 170,Card purchase at Groceries Store 170 for 5.00 USD (Groceries),5.0,Credit Card,San Francisco,CA
Utilities Store 005,"Online payment to Utilities Store 005 - Utilities, 105.65",105.65,Cash,Chicago,IL
Apple Store,"POS transaction - Apple Store (Shopping), amount 134.34",134.34,Credit Card,Boston,MA
Groceries Store 117,"Groceries spend at Groceries Store 117, total 135.44",135.44,Cash,San Francisco,CA
Home Depot,"Mobile app payment at Home Depot, Shopping, 76.90",76.9,Debit Card,Miami,FL
Groceries Store 170,"Groceries spend at Groceries Store 170, total 51.61",51.61,Debit Card,Detroit,MI
Transport Store 072,"Online payment to Transport Store 072 - Transport, 39.60",39.6,Credit Card,Denver,CO
Miscellaneous Store 012,"Online payment to Miscellaneous Store 012 - Groceries, 33.64",33.64,ACH,Denver,CO
Utilities Store 055,Card purchase at Utilities Store 055 for 206.62 USD (Utilities),206.62,Credit Card,Denver,CO
Shopping Store 096,"Mobile app payment at Shopping Store 096, Shopping, 56.57",56.57,Credit Card,Ann Arbor,MI
Groceries Store 104,"Mobile app payment at Groceries Store 104, Groceries, 76.02",76.02,Digital Wallet,New York,NY
Groceries Store 138,"Mobile app payment at Groceries Store 138, Groceries, 49.63",49.63,ACH,Austin,TX
Entertainment Store 065,Card purchase at Entertainment Store 065 for 42.17 USD (Entertainment),42.17,Debit Card,Seattle,WA
Metro Transit,"Mobile app payment at Metro Transit, Transport, 11.04",11.04,Cash,Miami,FL
Groceries Store 127,Card purchase at Groceries Store 127 for 100.95 USD (Groceries),100.95,Credit Card,Austin,TX
Shopping Store 206,Card purchase at Shopping Store 206 for 81.32 USD (Shopping),81.32,Digital Wallet,San Francisco,CA
Groceries Store 217,"Mobile app payment at Groceries Store 217, Groceries, 100.43",100.43,ACH,Detroit,MI
Hulu,"Entertainment spend at Hulu, total 54.97",54.97,ACH,Seattle,WA
Groceries Store 170,"Online payment to Groceries Store 170 - Groceries, 62.68",62.68,Debit Card,New York,NY
Groceries Store 150,"POS transaction - Groceries Store 150 (Groceries), amount 113.75",113.75,Cash,Ann Arbor,MI
Utilities Store 030,"POS transaction - Utilities Store 030 (Utilities), amount 117.56",117.56,Cash,Austin,TX
City Taxes,"Online payment to City Taxes - Bills, 254.80",254.8,Credit Card,Denver,CO
Utilities Store 124,Card purchase at Utilities Store 124 for 71.88 USD (Utilities),71.88,Debit Card,Ann Arbor,MI
GNC,"Mobile app payment at GNC, PersonalCare, 37.47",37.47,Cash,Ann Arbor,MI
DiningOut Store 182,Card purchase at DiningOut Store 182 for 60.01 USD (DiningOut),60.01,Credit Card,Denver,CO
Transport Store 023,"Online payment to Transport Store 023 - Transport, 5.00",5.0,Debit Card,Chicago,IL
Groceries Store 036,"Groceries spend at Groceries Store 036, total 50.18",50.18,ACH,Ann Arbor,MI
Aldi,"POS transaction - Aldi (Groceries), amount 112.13",112.13,Credit Card,Denver,CO
PersonalCare Store 202,Card purchase at PersonalCare Store 202 for 20.13 USD (PersonalCare),20.13,Digital Wallet,San Francisco,CA
Travel Store 175,"Online payment to Travel Store 175 - Travel, 206.17",206.17,ACH,Boston,MA
DiningOut Store 187,"POS transaction - DiningOut Store 187 (DiningOut), amount 5.00",5.0,ACH,Denver,CO
DiningOut Store 218,"Mobile app payment at DiningOut Store 218, DiningOut, 26.16",26.16,Cash,Boston,MA
PersonalCare Store 125,Card purchase at PersonalCare Store 125 for 49.36 USD (PersonalCare),49.36,ACH,Denver,CO
Groceries Store 069,"Online payment to Groceries Store 069 - Groceries, 95.17",95.17,Debit Card,New York,NY
Utilities Store 004,Card purchase at Utilities Store 004 for 420.79 USD (Education),420.79,ACH,Austin,TX
Bills Store 092,"Mobile app payment at Bills Store 092, Bills, 223.15",223.15,Credit Card,Boston,MA
Groceries Store 127,"Mobile app payment at Groceries Store 127, Groceries, 27.47",27.47,Credit Card,Ann Arbor,MI
Gas Utility,Card purchase at Gas Utility for 116.06 USD (Utilities),116.06,Digital Wallet,San Francisco,CA
Travel Store 204,"Online payment to Travel Store 204 - Travel, 363.72",363.72,Cash,Chicago,IL
Groceries Store 056,"Groceries spend at Groceries Store 056, total 44.18",44.18,Cash,San Francisco,CA
Transport Store 078,"Online payment to Transport Store 078 - Transport, 20.21",20.21,ACH,Boston,MA
Regal Cinemas,"POS transaction - Regal Cinemas (Transport), amount 61.98",61.98,Credit Card,Boston,MA
DiningOut Store 018,"Mobile app payment at DiningOut Store 018, DiningOut, 44.21",44.21,ACH,Denver,CO
eBay,"Mobile app payment at eBay, Miscellaneous, 5.00",5.0,Credit Card,Denver,CO
Groceries Store 117,"Mobile app payment at Groceries Store 117, Groceries, 79.38",79.38,Debit Card,Ann Arbor,MI
Lowes,"Online payment to Lowes - Shopping, 150.97",150.97,Debit Card,Miami,FL
Healthcare Store 029,"Online payment to Healthcare Store 029 - Groceries, 130.05",130.05,Cash,Ann Arbor,MI
Uber,"POS transaction - Uber (Transport), amount 90.46",90.46,Cash,Ann Arbor,MI
Groceries Store 170,"Online payment to Groceries Store 170 - Groceries, 70.85",70.85,Cash,Boston,MA
Utilities Store 076,Card purchase at Utilities Store 076 for 155.72 USD (Utilities),155.72,Digital Wallet,Denver,CO
Utilities Store 030,"Utilities spend at Utilities Store 030, total 96.88",96.88,Cash,Miami,FL
Healthcare Store 134,Card purchase at Healthcare Store 134 for 69.19 USD (Healthcare),69.19,Cash,New York,NY
Entertainment Store 065,"Entertainment spend at Entertainment Store 065, total 23.35",23.35,Debit Card,Boston,MA
Student Loan Servicer,"Bills spend at Student Loan Servicer, total 85.89",85.89,Cash,San Francisco,CA
Local Hospital,"Healthcare spend at Local Hospital, total 66.48",66.48,Cash,Miami,FL
Trader Joes,"Online payment to Trader Joes - Groceries, 172.26",172.26,Digital Wallet,Seattle,WA
Transport Store 097,"Mobile app payment at Transport Store 097, Transport, 19.08",19.08,Digital Wallet,San Francisco,CA
Transport Store 052,Card purchase at Transport Store 052 for 5.00 USD (Transport),5.0,ACH,New York,NY
CVS Pharmacy,"Online payment to CVS Pharmacy - Healthcare, 82.83",82.83,Cash,New York,NY
Southwest,"Travel spend at Southwest, total 255.97",255.97,Credit Card,San Francisco,CA
DiningOut Store 100,"POS transaction - DiningOut Store 100 (DiningOut), amount 26.49",26.49,Credit Card,New York,NY
Publix,"Mobile app payment at Publix, Groceries, 104.83",104.83,Debit Card,Miami,FL
Education Store 156,Card purchase at Education Store 156 for 39.47 USD (Healthcare),39.47,Cash,Detroit,MI
Entertainment Store 201,Card purchase at Entertainment Store 201 for 99.03 USD (Entertainment),99.03,Cash,Ann Arbor,MI
DiningOut Store 033,Card purchase at DiningOut Store 033 for 23.01 USD (DiningOut),23.01,ACH,Denver,CO
Coding Bootcamp,Card purchase at Coding Bootcamp for 33.24 USD (DiningOut),33.24,ACH,Denver,CO
Subway,Card purchase at Subway for 55.32 USD (Transport),55.32,Digital Wallet,Chicago,IL
Groceries Store 045,"POS transaction - Groceries Store 045 (Groceries), amount 77.90",77.9,Debit Card,Austin,TX
Groceries Store 056,"POS transaction - Groceries Store 056 (Groceries), amount 11.84",11.84,ACH,Seattle,WA
Groceries Store 170,"Groceries spend at Groceries Store 170, total 53.22",53.22,Debit Card,Seattle,WA
Chick-fil-A,"POS transaction - Chick-fil-A (DiningOut), amount 18.11",18.11,Cash,Austin,TX
Bills Store 166,"Mobile app payment at Bills Store 166, Bills, 200.73",200.73,Digital Wallet,Boston,MA
Target,"Groceries spend at Target, total 139.92",139.92,Debit Card,Chicago,IL
Transport Store 078,"POS transaction - Transport Store 078 (Transport), amount 68.00",68.0,Digital Wallet,San Francisco,CA
Walmart,"POS transaction - Walmart (Groceries), amount 112.20",112.2,ACH,Austin,TX
Uber Airport,Card purchase at Uber Airport for 408.50 USD (Travel),408.5,Cash,Miami,FL
Walmart,Card purchase at Walmart for 28.28 USD (Groceries),28.28,ACH,Denver,CO
Utilities Store 214,"Online payment to Utilities Store 214 - Utilities, 116.20",116.2,Debit Card,Austin,TX
Costco,"Online payment to Costco - Groceries, 27.76",27.76,ACH,Boston,MA
Groceries Store 036,Card purchase at Groceries Store 036 for 132.13 USD (Groceries),132.13,ACH,Seattle,WA
Target,"Mobile app payment at Target, Groceries, 106.35",106.35,Credit Card,Detroit,MI
Miscellaneous Store 200,"Mobile app payment at Miscellaneous Store 200, Miscellaneous, 78.70",78.7,ACH,Seattle,WA
KFC,"Online payment to KFC - DiningOut, 17.70",17.7,Credit Card,Austin,TX
Transport Store 009,"Online payment to Transport Store 009 - Transport, 37.73",37.73,Debit Card,Miami,FL
Travel Store 062,"Travel spend at Travel Store 062, total 265.07",265.07,Cash,Chicago,IL
Education Store 099,"Education spend at Education Store 099, total 87.57",87.57,Debit Card,Austin,TX
Utilities Store 183,"Utilities spend at Utilities Store 183, total 130.59",130.59,Debit Card,Seattle,WA
Shopping Store 088,Card purchase at Shopping Store 088 for 145.54 USD (Shopping),145.54,Cash,New York,NY
Steam,"Online payment to Steam - Entertainment, 49.35",49.35,Credit Card,Seattle,WA
Transport Store 097,"Online payment to Transport Store 097 - Transport, 37.23",37.23,Debit Card,Detroit,MI
Shopping Store 136,"POS transaction - Shopping Store 136 (Shopping), amount 8.60",8.6,ACH,Chicago,IL
Meijer,"POS transaction - Meijer (Groceries), amount 16.26",16.26,Cash,Chicago,IL
Transport Store 009,"Online payment to Transport Store 009 - Transport, 31.42",31.42,Debit Card,Denver,CO
Travel Store 215,"DiningOut spend at Travel Store 215, total 5.00",5.0,Digital Wallet,Austin,TX
Travel Store 110,"POS transaction - Travel Store 110 (Travel), amount 5.00",5.0,ACH,New York,NY
Bills Store 166,"Online payment to Bills Store 166 - Miscellaneous, 52.91",52.91,Digital Wallet,Ann Arbor,MI
Transport Store 072,"Mobile app payment at Transport Store 072, Bills, 299.79",299.79,Credit Card,San Francisco,CA
Walgreens,"Healthcare spend at Walgreens, total 74.50",74.5,ACH,San Francisco,CA
City Parking Garage,"POS transaction - City Parking Garage (Transport), amount 43.72",43.72,Credit Card,Ann Arbor,MI
Education Store 026,"POS transaction - Education Store 026 (DiningOut), amount 8.05",8.05,Credit Card,Denver,CO
Transport Store 097,"POS transaction - Transport Store 097 (Transport), amount 78.56",78.56,Cash,New York,NY
Apple Store,"POS transaction - Apple Store (Shopping), amount 106.07",106.07,Credit Card,Boston,MA
Utilities Store 124,"Utilities spend at Utilities Store 124, total 165.51",165.51,Digital Wallet,San Francisco,CA
Olive Garden,"POS transaction - Olive Garden (DiningOut), amount 8.50",8.5,Debit Card,Detroit,MI
Miscellaneous Store 153,"POS transaction - Miscellaneous Store 153 (Miscellaneous), amount 26.31",26.31,ACH,Miami,FL
Groceries Store 217,"POS transaction - Groceries Store 217 (Utilities), amount 228.70",228.7,ACH,Detroit,MI
Shopping Store 088,"Online payment to Shopping Store 088 - Groceries, 36.14",36.14,ACH,New York,NY
Whole Foods,"POS transaction - Whole Foods (Groceries), amount 18.29",18.29,Digital Wallet,Seattle,WA
Whole Foods,"Mobile app payment at Whole Foods, Groceries, 28.55",28.55,Credit Card,San Francisco,CA
Groceries Store 170,"Online payment to Groceries Store 170 - Groceries, 44.84",44.84,Debit Card,Detroit,MI
Groceries Store 069,"Mobile app payment at Groceries Store 069, Groceries, 88.38",88.38,Debit Card,New York,NY
Utilities Store 183,"POS transaction - Utilities Store 183 (Utilities), amount 102.41",102.41,Cash,San Francisco,CA
Exxon,"Online payment to Exxon - Transport, 38.17",38.17,Cash,Boston,MA
Healthcare Store 113,Card purchase at Healthcare Store 113 for 353.98 USD (Education),353.98,Debit Card,San Francisco,CA
Shopping Store 066,"Mobile app payment at Shopping Store 066, Shopping, 23.31",23.31,Debit Card,Seattle,WA
Utilities Store 109,"Online payment to Utilities Store 109 - Utilities, 137.94",137.94,Credit Card,New York,NY
Whole Foods,"Online payment to Whole Foods - Groceries, 5.00",5.0,Digital Wallet,Detroit,MI
Shopping Store 211,Card purchase at Shopping Store 211 for 40.69 USD (Shopping),40.69,Credit Card,New York,NY
Utilities Store 114,"Online payment to Utilities Store 114 - Utilities, 62.60",62.6,ACH,Austin,TX
Meijer,"Mobile app payment at Meijer, Groceries, 6.47",6.47,Credit Card,Ann Arbor,MI
Healthcare Store 011,Card purchase at Healthcare Store 011 for 198.58 USD (Healthcare),198.58,Credit Card,Chicago,IL
Travel Store 122,Card purchase at Travel Store 122 for 338.78 USD (Travel),338.78,Digital Wallet,Ann Arbor,MI
Miscellaneous Store 081,"Mobile app payment at Miscellaneous Store 081, Miscellaneous, 79.12",79.12,Digital Wallet,Seattle,WA
Lyft,"POS transaction - Lyft (Transport), amount 38.24",38.24,Credit Card,San Francisco,CA
DiningOut Store 157,"Mobile app payment at DiningOut Store 157, DiningOut, 56.84",56.84,ACH,Chicago,IL
Physical Therapy,"Mobile app payment at Physical Therapy, Groceries, 81.34",81.34,Cash,Chicago,IL
Groceries Store 170,"Groceries spend at Groceries Store 170, total 136.26",136.26,Credit Card,Austin,TX
Shopping Store 066,"Shopping spend at Shopping Store 066, total 102.62",102.62,Digital Wallet,Ann Arbor,MI
DiningOut Store 010,Card purchase at DiningOut Store 010 for 32.31 USD (DiningOut),32.31,Credit Card,Ann Arbor,MI
Costco,Card purchase at Costco for 64.48 USD (Groceries),64.48,Digital Wallet,Seattle,WA
Toy Store,"Miscellaneous spend at Toy Store, total 29.22",29.22,Debit Card,Chicago,IL
AT&T,Card purchase at AT&T for 52.98 USD (Utilities),52.98,Digital Wallet,Chicago,IL
DiningOut Store 157,"Mobile app payment at DiningOut Store 157, DiningOut, 30.23",30.23,Debit Card,Detroit,MI
Bills Store 160,"POS transaction - Bills Store 160 (Bills), amount 314.95",314.95,Cash,Chicago,IL
Kroger,"POS transaction - Kroger (Groceries), amount 84.00",84.0,Cash,Boston,MA
Bills Store 025,"Online payment to Bills Store 025 - Groceries, 166.17",166.17,Debit Card,Austin,TX
Shopping Store 152,"Shopping spend at Shopping Store 152, total 70.39",70.39,Credit Card,Boston,MA
PersonalCare Store 151,Card purchase at PersonalCare Store 151 for 22.80 USD (PersonalCare),22.8,Cash,Miami,FL
Bills Store 090,"Mobile app payment at Bills Store 090, Bills, 337.88",337.88,Debit Card,Denver,CO
Pizza Hut,"Online payment to Pizza Hut - DiningOut, 27.77",27.77,Cash,Miami,FL
Etsy,"Mobile app payment at Etsy, Travel, 249.71",249.71,Cash,Detroit,MI
Pizza Hut,"DiningOut spend at Pizza Hut, total 51.72",51.72,Debit Card,Miami,FL
Travel Store 098,"Travel spend at Travel Store 098, total 5.00",5.0,ACH,Boston,MA
Bills Store 105,"Bills spend at Bills Store 105, total 130.91",130.91,Debit Card,Ann Arbor,MI
Shopping Store 077,Card purchase at Shopping Store 077 for 151.50 USD (Shopping),151.5,Digital Wallet,Boston,MA
Transport Store 189,Card purchase at Transport Store 189 for 72.48 USD (Transport),72.48,Debit Card,Boston,MA
Utilities Store 183,"Online payment to Utilities Store 183 - Utilities, 150.57",150.57,Debit Card,New York,NY
Travel Store 177,"Mobile app payment at Travel Store 177, Travel, 80.46",80.46,Credit Card,Detroit,MI
Sephora,"PersonalCare spend at Sephora, total 74.98",74.98,Cash,Seattle,WA
Discover Card,"Online payment to Discover Card - Bills, 92.40",92.4,ACH,Detroit,MI
Travel Store 215,"Online payment to Travel Store 215 - Travel, 234.19",234.19,Digital Wallet,Chicago,IL
Miscellaneous Store 081,Card purchase at Miscellaneous Store 081 for 5.74 USD (Miscellaneous),5.74,Debit Card,Chicago,IL
Shopping Store 136,"Shopping spend at Shopping Store 136, total 194.80",194.8,Cash,Detroit,MI
Healthcare Store 132,"Online payment to Healthcare Store 132 - Healthcare, 279.28",279.28,Credit Card,Austin,TX
Miscellaneous Store 181,"Miscellaneous spend at Miscellaneous Store 181, total 47.09",47.09,Digital Wallet,Detroit,MI
Travel Store 175,"Mobile app payment at Travel Store 175, Travel, 292.79",292.79,Digital Wallet,Detroit,MI
Aldi,"POS transaction - Aldi (Groceries), amount 114.94",114.94,Debit Card,Miami,FL
GNC,"Online payment to GNC - PersonalCare, 19.50",19.5,ACH,Ann Arbor,MI
Rite Aid,"Mobile app payment at Rite Aid, Healthcare, 189.40",189.4,Debit Card,Austin,TX
Entertainment Store 065,Card purchase at Entertainment Store 065 for 48.73 USD (Entertainment),48.73,Debit Card,Detroit,MI
Walmart.com,Card purchase at Walmart.com for 162.04 USD (Shopping),162.04,Digital Wallet,Denver,CO
Urgent Care Clinic,"Online payment to Urgent Care Clinic - Healthcare, 198.09",198.09,Digital Wallet,Miami,FL
DiningOut Store 187,"Mobile app payment at DiningOut Store 187, DiningOut, 5.00",5.0,Debit Card,Chicago,IL
Shopping Store 143,"POS transaction - Shopping Store 143 (Shopping), amount 221.66",221.66,Debit Card,Seattle,WA
Pizza Hut,"Mobile app payment at Pizza Hut, DiningOut, 20.56",20.56,ACH,San Francisco,CA
Entertainment Store 163,"Online payment to Entertainment Store 163 - Entertainment, 116.93",116.93,Cash,Austin,TX
Groceries Store 069,"Groceries spend at Groceries Store 069, total 76.08",76.08,Debit Card,New York,NY
Lyft,"Transport spend at Lyft, total 49.15",49.15,Credit Card,Denver,CO
Transport Store 072,"Online payment to Transport Store 072 - Transport, 96.52",96.52,Debit Card,San Francisco,CA
Shopping Store 088,"POS transaction - Shopping Store 088 (Travel), amount 176.34",176.34,Debit Card,Detroit,MI
Shopping Store 077,"Mobile app payment at Shopping Store 077, Shopping, 67.55",67.55,Debit Card,Detroit,MI
Dave & Busters,"Mobile app payment at Dave & Busters, Entertainment, 82.05",82.05,Digital Wallet,Austin,TX
DiningOut Store 157,"Online payment to DiningOut Store 157 - DiningOut, 30.98",30.98,ACH,Detroit,MI
Shopping Store 206,"Mobile app payment at Shopping Store 206, Shopping, 94.61",94.61,ACH,Ann Arbor,MI
DiningOut Store 041,"Mobile app payment at DiningOut Store 041, DiningOut, 5.00",5.0,ACH,Chicago,IL
Education Store 108,"Online payment to Education Store 108 - Entertainment, 21.27",21.27,Cash,Detroit,MI
PersonalCare Store 037,"Mobile app payment at PersonalCare Store 037, PersonalCare, 56.24",56.24,Digital Wallet,Seattle,WA
Transport Store 097,"Transport spend at Transport Store 097, total 59.35",59.35,ACH,Seattle,WA
Hair Salon,"Mobile app payment at Hair Salon, PersonalCare, 67.92",67.92,Digital Wallet,Boston,MA
Groceries Store 117,"Online payment to Groceries Store 117 - Groceries, 90.39",90.39,Digital Wallet,Boston,MA
Travel Store 184,"Mobile app payment at Travel Store 184, Groceries, 69.92",69.92,Cash,New York,NY
Ulta Beauty,"PersonalCare spend at Ulta Beauty, total 63.18",63.18,ACH,Denver,CO
Target.com,"Mobile app payment at Target.com, Shopping, 206.61",206.61,ACH,Detroit,MI
Groceries Store 150,"Online payment to Groceries Store 150 - Groceries, 68.66",68.66,ACH,Detroit,MI
Speedway,"Online payment to Speedway - Transport, 33.62",33.62,ACH,Miami,FL
Transport Store 142,"Transport spend at Transport Store 142, total 45.18",45.18,Digital Wallet,Chicago,IL
Hilton Hotels,"POS transaction - Hilton Hotels (Travel), amount 370.93",370.93,Cash,Chicago,IL
Meijer,"POS transaction - Meijer (Groceries), amount 115.37",115.37,Credit Card,Seattle,WA
DiningOut Store 010,"POS transaction - DiningOut Store 010 (DiningOut), amount 45.79",45.79,Cash,Ann Arbor,MI
Transport Store 097,Card purchase at Transport Store 097 for 58.98 USD (Transport),58.98,Cash,Denver,CO
Lyft,Card purchase at Lyft for 26.26 USD (Transport),26.26,Cash,Chicago,IL
Miscellaneous Store 181,"Online payment to Miscellaneous Store 181 - Miscellaneous, 27.02",27.02,Cash,Boston,MA
Miscellaneous Store 141,"Online payment to Miscellaneous Store 141 - Miscellaneous, 43.71",43.71,Credit Card,Seattle,WA
Farmer Market,"Miscellaneous spend at Farmer Market, total 5.00",5.0,ACH,Detroit,MI
Nike,"Online payment to Nike - Shopping, 72.64",72.64,Cash,San Francisco,CA
Bills Store 028,Card purchase at Bills Store 028 for 236.02 USD (Bills),236.02,ACH,Denver,CO
Shell,"POS transaction - Shell (Transport), amount 46.25",46.25,Cash,Detroit,MI
Amtrak,Card purchase at Amtrak for 57.73 USD (Transport),57.73,Debit Card,Miami,FL
Safeway,"Online payment to Safeway - Groceries, 49.25",49.25,Debit Card,Seattle,WA
Speedway,"Online payment to Speedway - Shopping, 164.75",164.75,Debit Card,Chicago,IL
Meijer,"Online payment to Meijer - Groceries, 44.27",44.27,ACH,Seattle,WA
Best Buy,"Mobile app payment at Best Buy, Shopping, 148.78",148.78,Debit Card,Detroit,MI
Utilities Store 030,"Utilities spend at Utilities Store 030, total 73.68",73.68,Debit Card,Denver,CO
Mortgage Servicer,"POS transaction - Mortgage Servicer (Bills), amount 203.71",203.71,Digital Wallet,Detroit,MI
Olive Garden,"Online payment to Olive Garden - DiningOut, 44.99",44.99,Cash,Chicago,IL
Olive Garden,"Mobile app payment at Olive Garden, DiningOut, 30.62",30.62,Credit Card,Seattle,WA
Travel Store 080,Card purchase at Travel Store 080 for 200.89 USD (Travel),200.89,Credit Card,Seattle,WA
Lyft Airport,"Mobile app payment at Lyft Airport, Travel, 130.23",130.23,ACH,Detroit,MI
Gas Utility,"Utilities spend at Gas Utility, total 193.05",193.05,Credit Card,Denver,CO
City Parking Garage,"Transport spend at City Parking Garage, total 14.58",14.58,ACH,Boston,MA
Groceries Store 045,"POS transaction - Groceries Store 045 (Groceries), amount 96.04",96.04,Debit Card,Boston,MA
Whole Foods,"Online payment to Whole Foods - Groceries, 98.96",98.96,Debit Card,Chicago,IL
DiningOut Store 187,"Mobile app payment at DiningOut Store 187, DiningOut, 24.83",24.83,Debit Card,San Francisco,CA
Trader Joes,"POS transaction - Trader Joes (Groceries), amount 78.81",78.81,Debit Card,San Francisco,CA
Pet Store,Card purchase at Pet Store for 366.52 USD (Travel),366.52,ACH,Seattle,WA
Amtrak,"Mobile app payment at Amtrak, Transport, 51.18",51.18,Credit Card,San Francisco,CA
Bills Store 213,"Online payment to Bills Store 213 - Bills, 296.20",296.2,Debit Card,Seattle,WA
Utilities Store 185,Card purchase at Utilities Store 185 for 155.48 USD (Utilities),155.48,Digital Wallet,Seattle,WA
Transport Store 052,Card purchase at Transport Store 052 for 21.36 USD (Transport),21.36,Credit Card,Detroit,MI
Spotify,"Online payment to Spotify - Entertainment, 33.96",33.96,Digital Wallet,New York,NY
Groceries Store 069,"Mobile app payment at Groceries Store 069, Groceries, 65.82",65.82,Cash,Seattle,WA
Lowes,"POS transaction - Lowes (Shopping), amount 75.10",75.1,Cash,Denver,CO
Target,"Mobile app payment at Target, Groceries, 111.82",111.82,Credit Card,New York,NY
Miscellaneous Store 012,"Miscellaneous spend at Miscellaneous Store 012, total 5.00",5.0,Cash,Austin,TX
Groceries Store 147,"Online payment to Groceries Store 147 - Groceries, 169.30",169.3,Cash,San Francisco,CA
DiningOut Store 074,Card purchase at DiningOut Store 074 for 32.53 USD (DiningOut),32.53,ACH,Denver,CO
Marriott Hotels,"Mobile app payment at Marriott Hotels, Groceries, 45.83",45.83,Digital Wallet,Ann Arbor,MI
Shopping Store 088,"Shopping spend at Shopping Store 088, total 123.02",123.02,Digital Wallet,Chicago,IL
Uber,Card purchase at Uber for 5.00 USD (Transport),5.0,Credit Card,Chicago,IL
Online Course Platform,Card purchase at Online Course Platform for 161.95 USD (Education),161.95,ACH,New York,NY
Entertainment Store 044,"Online payment to Entertainment Store 044 - Entertainment, 73.70",73.7,ACH,Austin,TX
Groceries Store 104,Card purchase at Groceries Store 104 for 97.12 USD (Groceries),97.12,Cash,Miami,FL
Miscellaneous Store 061,"Online payment to Miscellaneous Store 061 - Miscellaneous, 19.84",19.84,Credit Card,Austin,TX
Shopping Store 154,"Shopping spend at Shopping Store 154, total 5.00",5.0,Credit Card,Denver,CO
Groceries Store 150,"Online payment to Groceries Store 150 - Groceries, 47.96",47.96,Cash,New York,NY
Utilities Store 124,"Mobile app payment at Utilities Store 124, Utilities, 78.77",78.77,Credit Card,Chicago,IL
Barber Shop,"POS transaction - Barber Shop (Groceries), amount 130.82",130.82,Debit Card,Seattle,WA
CVS Pharmacy,"PersonalCare spend at CVS Pharmacy, total 44.39",44.39,Cash,Denver,CO
Travel Store 110,"POS transaction - Travel Store 110 (Transport), amount 22.34",22.34,Credit Card,Detroit,MI
Groceries Store 217,"Online payment to Groceries Store 217 - Groceries, 5.00",5.0,Cash,Miami,FL
Thrift Store,"Online payment to Thrift Store - Miscellaneous, 5.00",5.0,Cash,Boston,MA
Groceries Store 056,"Online payment to Groceries Store 056 - Groceries, 101.03",101.03,Credit Card,Boston,MA
Groceries Store 117,"Mobile app payment at Groceries Store 117, Groceries, 79.94",79.94,ACH,New York,NY
DiningOut Store 187,"Mobile app payment at DiningOut Store 187, DiningOut, 31.17",31.17,Cash,Austin,TX
DiningOut Store 218,Card purchase at DiningOut Store 218 for 16.92 USD (DiningOut),16.92,Cash,Boston,MA
DiningOut Store 087,"DiningOut spend at DiningOut Store 087, total 5.00",5.0,Digital Wallet,New York,NY
Local Hospital,"Online payment to Local Hospital - Healthcare, 227.13",227.13,Cash,Detroit,MI
Chick-fil-A,Card purchase at Chick-fil-A for 23.37 USD (DiningOut),23.37,Cash,Miami,FL
Transport Store 009,Card purchase at Transport Store 009 for 39.87 USD (Transport),39.87,Cash,San Francisco,CA
Gas Utility,"Online payment to Gas Utility - Utilities, 142.67",142.67,Debit Card,Miami,FL
Rite Aid,Card purchase at Rite Aid for 237.04 USD (Healthcare),237.04,Digital Wallet,Seattle,WA
Publix,Card purchase at Publix for 51.48 USD (Groceries),51.48,Debit Card,Boston,MA
CVS Pharmacy,"Miscellaneous spend at CVS Pharmacy, total 70.73",70.73,Cash,Miami,FL
Shopping Store 111,"Online payment to Shopping Store 111 - Shopping, 116.70",116.7,ACH,Denver,CO
DiningOut Store 182,"DiningOut spend at DiningOut Store 182, total 73.17",73.17,Digital Wallet,Chicago,IL
Water Utility,"Utilities spend at Water Utility, total 173.70",173.7,ACH,Seattle,WA
DiningOut Store 033,"Online payment to DiningOut Store 033 - DiningOut, 35.62",35.62,Cash,Ann Arbor,MI
Trader Joes,"POS transaction - Trader Joes (Groceries), amount 105.37",105.37,Cash,Chicago,IL
Chipotle,Card purchase at Chipotle for 29.71 USD (DiningOut),29.71,Digital Wallet,Seattle,WA
Entertainment Store 201,"Entertainment spend at Entertainment Store 201, total 109.20",109.2,Cash,Miami,FL
Entertainment Store 065,"Entertainment spend at Entertainment Store 065, total 48.10",48.1,Debit Card,Detroit,MI
Spectrum,"Mobile app payment at Spectrum, Utilities, 143.09",143.09,Debit Card,San Francisco,CA
Amtrak,Card purchase at Amtrak for 74.25 USD (Transport),74.25,Cash,Detroit,MI
Travel Store 059,"Online payment to Travel Store 059 - Groceries, 81.49",81.49,Cash,Chicago,IL
Aldi,"POS transaction - Aldi (Groceries), amount 27.97",27.97,ACH,San Francisco,CA
Craft Store,"POS transaction - Craft Store (Miscellaneous), amount 31.97",31.97,Debit Card,Austin,TX
Chevron,"Transport spend at Chevron, total 28.80",28.8,Digital Wallet,Chicago,IL
Safeway,"POS transaction - Safeway (Groceries), amount 88.90",88.9,Cash,Miami,FL
Travel Store 049,"Online payment to Travel Store 049 - Groceries, 54.89",54.89,Digital Wallet,Ann Arbor,MI
DiningOut Store 087,"Mobile app payment at DiningOut Store 087, DiningOut, 9.72",9.72,Debit Card,Miami,FL
Travel Store 174,"Online payment to Travel Store 174 - Travel, 255.11",255.11,Digital Wallet,Ann Arbor,MI
Healthcare Store 131,"Mobile app payment at Healthcare Store 131, Healthcare, 122.49",122.49,Credit Card,Boston,MA
Miscellaneous Store 161,"Miscellaneous spend at Miscellaneous Store 161, total 7.56",7.56,Debit Card,San Francisco,CA
DiningOut Store 171,"Mobile app payment at DiningOut Store 171, DiningOut, 5.00",5.0,ACH,Seattle,WA
Entertainment Store 044,Card purchase at Entertainment Store 044 for 52.77 USD (Entertainment),52.77,Credit Card,Detroit,MI
Subway,"DiningOut spend at Subway, total 35.35",35.35,ACH,Ann Arbor,MI
Utilities Store 214,"Online payment to Utilities Store 214 - Utilities, 112.52",112.52,Credit Card,Denver,CO
PersonalCare Store 146,Card purchase at PersonalCare Store 146 for 48.82 USD (PersonalCare),48.82,ACH,Chicago,IL
Travel Store 008,"POS transaction - Travel Store 008 (Travel), amount 195.22",195.22,Debit Card,Detroit,MI
Bills Store 105,"Online payment to Bills Store 105 - Bills, 274.58",274.58,Credit Card,Detroit,MI
PersonalCare Store 220,"POS transaction - PersonalCare Store 220 (PersonalCare), amount 6.49",6.49,Debit Card,Austin,TX
Utilities Store 091,Card purchase at Utilities Store 091 for 146.25 USD (Utilities),146.25,Credit Card,Detroit,MI
Phone Bill AutoPay,"Online payment to Phone Bill AutoPay - Travel, 192.43",192.43,Credit Card,Austin,TX
DiningOut Store 001,"DiningOut spend at DiningOut Store 001, total 26.48",26.48,Cash,Seattle,WA
Dental Clinic,"Miscellaneous spend at Dental Clinic, total 23.56",23.56,ACH,Miami,FL
DiningOut Store 058,Card purchase at DiningOut Store 058 for 46.91 USD (DiningOut),46.91,Digital Wallet,Seattle,WA
Amazon,Card purchase at Amazon for 111.33 USD (Shopping),111.33,ACH,Ann Arbor,MI
Miscellaneous Store 200,"Miscellaneous spend at Miscellaneous Store 200, total 16.22",16.22,ACH,Austin,TX
Groceries Store 045,"Groceries spend at Groceries Store 045, total 41.51",41.51,Cash,San Francisco,CA
Utilities Store 205,"Mobile app payment at Utilities Store 205, Utilities, 153.78",153.78,ACH,Austin,TX
Transport Store 148,Card purchase at Transport Store 148 for 51.44 USD (Transport),51.44,Cash,Detroit,MI
Aldi,"POS transaction - Aldi (Groceries), amount 95.57",95.57,Cash,San Francisco,CA
PersonalCare Store 125,"POS transaction - PersonalCare Store 125 (PersonalCare), amount 14.92",14.92,Credit Card,Ann Arbor,MI
DiningOut Store 196,Card purchase at DiningOut Store 196 for 48.26 USD (DiningOut),48.26,Debit Card,New York,NY
Auto Loan Servicer,Card purchase at Auto Loan Servicer for 304.10 USD (Bills),304.1,Cash,New York,NY
Entertainment Store 144,"Online payment to Entertainment Store 144 - Entertainment, 52.33",52.33,Cash,New York,NY
Trader Joes,Card purchase at Trader Joes for 32.83 USD (Groceries),32.83,Cash,Chicago,IL
Consumers Energy,"Online payment to Consumers Energy - Utilities, 64.77",64.77,Cash,Denver,CO
Entertainment Store 163,"POS transaction - Entertainment Store 163 (Entertainment), amount 49.73",49.73,Debit Card,Denver,CO
Transport Store 009,"POS transaction - Transport Store 009 (Transport), amount 68.25",68.25,Debit Card,Chicago,IL
Bills Store 071,Card purchase at Bills Store 071 for 191.25 USD (Bills),191.25,ACH,Miami,FL
DiningOut Store 007,"Mobile app payment at DiningOut Store 007, DiningOut, 5.00",5.0,Credit Card,San Francisco,CA
Amtrak,Card purchase at Amtrak for 60.28 USD (Transport),60.28,Credit Card,New York,NY
Transport Store 148,"Online payment to Transport Store 148 - Transport, 55.97",55.97,ACH,Ann Arbor,MI
Entertainment Store 139,"Mobile app payment at Entertainment Store 139, DiningOut, 23.96",23.96,Digital Wallet,Ann Arbor,MI
Healthcare Store 134,"Healthcare spend at Healthcare Store 134, total 49.76",49.76,Cash,Denver,CO
Entertainment Store 164,"POS transaction - Entertainment Store 164 (Entertainment), amount 41.14",41.14,ACH,New York,NY
Olive Garden,"POS transaction - Olive Garden (DiningOut), amount 13.19",13.19,ACH,Detroit,MI
DiningOut Store 033,Card purchase at DiningOut Store 033 for 23.30 USD (DiningOut),23.3,Debit Card,Seattle,WA
IKEA,"POS transaction - IKEA (Shopping), amount 197.43",197.43,Debit Card,Chicago,IL
Bills Store 089,"POS transaction - Bills Store 089 (Bills), amount 111.44",111.44,Digital Wallet,Miami,FL
Transport Store 119,"Online payment to Transport Store 119 - Transport, 98.87",98.87,Credit Card,New York,NY
Verizon,Card purchase at Verizon for 78.17 USD (Utilities),78.17,Cash,San Francisco,CA
Target.com,"Mobile app payment at Target.com, Shopping, 76.07",76.07,Debit Card,Miami,FL
Shopping Store 039,"Mobile app payment at Shopping Store 039, Shopping, 13.68",13.68,Debit Card,Austin,TX
Miscellaneous Store 046,"POS transaction - Miscellaneous Store 046 (Miscellaneous), amount 31.18",31.18,Debit Card,Denver,CO
PlayStation Store,Card purchase at PlayStation Store for 67.72 USD (Transport),67.72,Digital Wallet,New York,NY
Urgent Care Clinic,"Online payment to Urgent Care Clinic - Healthcare, 109.45",109.45,Debit Card,Seattle,WA
Travel Store 110,"POS transaction - Travel Store 110 (Transport), amount 12.08",12.08,Debit Card,Chicago,IL
Utilities Store 070,Card purchase at Utilities Store 070 for 197.93 USD (Utilities),197.93,Debit Card,Miami,FL
Property Taxes,"POS transaction - Property Taxes (Bills), amount 95.05",95.05,Debit Card,Miami,FL
Shopping Store 088,"Online payment to Shopping Store 088 - Shopping, 94.77",94.77,Cash,Seattle,WA
Shopping Store 190,"Shopping spend at Shopping Store 190, total 12.56",12.56,Credit Card,Seattle,WA
Transport Store 142,"Mobile app payment at Transport Store 142, Transport, 59.50",59.5,Cash,Boston,MA
Education Store 137,"Online payment to Education Store 137 - Education, 215.66",215.66,ACH,New York,NY
Healthcare Store 131,"Mobile app payment at Healthcare Store 131, Travel, 501.53",501.53,Debit Card,Boston,MA
Property Taxes,"POS transaction - Property Taxes (Bills), amount 164.75",164.75,Digital Wallet,Miami,FL
Water Utility,Card purchase at Water Utility for 20.92 USD (DiningOut),20.92,Credit Card,Miami,FL
Starbucks,"Online payment to Starbucks - DiningOut, 23.55",23.55,Credit Card,Boston,MA
Hulu,Card purchase at Hulu for 74.13 USD (Entertainment),74.13,ACH,Denver,CO
Entertainment Store 094,"Entertainment spend at Entertainment Store 094, total 89.62",89.62,ACH,San Francisco,CA
Spotify,"Entertainment spend at Spotify, total 33.23",33.23,Cash,Boston,MA
DiningOut Store 074,"POS transaction - DiningOut Store 074 (DiningOut), amount 42.03",42.03,Cash,Chicago,IL
Nike,"Online payment to Nike - PersonalCare, 48.34",48.34,Credit Card,Miami,FL
Transport Store 102,"POS transaction - Transport Store 102 (Transport), amount 79.88",79.88,Credit Card,Seattle,WA
Transport Store 023,"Online payment to Transport Store 023 - Transport, 37.84",37.84,Credit Card,Detroit,MI
Transport Store 023,"Transport spend at Transport Store 023, total 88.60",88.6,Digital Wallet,Chicago,IL
Utilities Store 091,"Online payment to Utilities Store 091 - Utilities, 72.78",72.78,Digital Wallet,New York,NY
Entertainment Store 199,"Mobile app payment at Entertainment Store 199, Entertainment, 84.77",84.77,ACH,Ann Arbor,MI
Entertainment Store 063,"POS transaction - Entertainment Store 063 (Entertainment), amount 49.82",49.82,Digital Wallet,Chicago,IL
DiningOut Store 182,"Online payment to DiningOut Store 182 - DiningOut, 73.64",73.64,Credit Card,New York,NY
Shopping Store 077,"Mobile app payment at Shopping Store 077, Shopping, 82.58",82.58,Debit Card,Detroit,MI
Shopping Store 088,Card purchase at Shopping Store 088 for 89.86 USD (Shopping),89.86,Debit Card,San Francisco,CA
Office Supply Store,"Miscellaneous spend at Office Supply Store, total 32.48",32.48,ACH,Austin,TX
DiningOut Store 118,"DiningOut spend at DiningOut Store 118, total 28.81",28.81,Debit Card,New York,NY
DiningOut Store 182,"Online payment to DiningOut Store 182 - DiningOut, 56.70",56.7,Digital Wallet,Miami,FL
Barber Shop,Card purchase at Barber Shop for 72.98 USD (PersonalCare),72.98,Debit Card,New York,NY
Entertainment Store 065,"Online payment to Entertainment Store 065 - Entertainment, 22.31",22.31,Debit Card,San Francisco,CA
PersonalCare Store 220,"Online payment to PersonalCare Store 220 - PersonalCare, 39.47",39.47,Digital Wallet,Denver,CO
Netflix,"DiningOut spend at Netflix, total 13.65",13.65,ACH,Denver,CO
Bills Store 028,"Bills spend at Bills Store 028, total 257.31",257.31,Credit Card,Denver,CO
Miscellaneous Store 145,"Mobile app payment at Miscellaneous Store 145, Miscellaneous, 55.71",55.71,ACH,San Francisco,CA
Office Supply Store,"POS transaction - Office Supply Store (Miscellaneous), amount 70.83",70.83,Credit Card,Denver,CO
DiningOut Store 100,"DiningOut spend at DiningOut Store 100, total 33.55",33.55,Digital Wallet,Detroit,MI
Bills Store 084,Card purchase at Bills Store 084 for 163.07 USD (Bills),163.07,Digital Wallet,Denver,CO
DiningOut Store 120,Card purchase at DiningOut Store 120 for 12.58 USD (DiningOut),12.58,Digital Wallet,Ann Arbor,MI
Language School,"Education spend at Language School, total 111.49",111.49,Digital Wallet,Austin,TX
Safeway,"Groceries spend at Safeway, total 81.86",81.86,Credit Card,Ann Arbor,MI
eBay,"Mobile app payment at eBay, Miscellaneous, 18.92",18.92,Digital Wallet,Chicago,IL
Travel Store 086,Card purchase at Travel Store 086 for 29.33 USD (DiningOut),29.33,Digital Wallet,Miami,FL
Healthcare Store 132,"POS transaction - Healthcare Store 132 (Healthcare), amount 167.28",167.28,Debit Card,New York,NY
Spectrum,"POS transaction - Spectrum (Education), amount 43.44",43.44,Cash,Detroit,MI
Education Store 193,"POS transaction - Education Store 193 (Bills), amount 182.32",182.32,Cash,New York,NY
PersonalCare Store 179,Card purchase at PersonalCare Store 179 for 65.44 USD (PersonalCare),65.44,Credit Card,Chicago,IL
DiningOut Store 058,"POS transaction - DiningOut Store 058 (DiningOut), amount 64.41",64.41,Digital Wallet,Austin,TX
Transport Store 009,"POS transaction - Transport Store 009 (Utilities), amount 110.98",110.98,Credit Card,Boston,MA
Groceries Store 069,"Online payment to Groceries Store 069 - Groceries, 111.35",111.35,Debit Card,Detroit,MI
DiningOut Store 120,Card purchase at DiningOut Store 120 for 57.35 USD (Shopping),57.35,Digital Wallet,San Francisco,CA
Healthcare Store 021,"POS transaction - Healthcare Store 021 (Entertainment), amount 78.76",78.76,Credit Card,San Francisco,CA
DTE Energy,"Mobile app payment at DTE Energy, Transport, 38.48",38.48,ACH,Ann Arbor,MI
Transport Store 168,"POS transaction - Transport Store 168 (Transport), amount 29.41",29.41,Debit Card,Denver,CO
Education Store 137,"POS transaction - Education Store 137 (Education), amount 212.76",212.76,Digital Wallet,Chicago,IL
Healthcare Store 158,"Online payment to Healthcare Store 158 - Healthcare, 128.77",128.77,Cash,Detroit,MI
Uber,Card purchase at Uber for 5.00 USD (Miscellaneous),5.0,Debit Card,Boston,MA
Healthcare Store 057,"Online payment to Healthcare Store 057 - Healthcare, 100.22",100.22,Digital Wallet,New York,NY
Healthcare Store 131,"POS transaction - Healthcare Store 131 (Entertainment), amount 36.99",36.99,Digital Wallet,Detroit,MI
Education Store 003,"Education spend at Education Store 003, total 186.18",186.18,Credit Card,New York,NY
Steam,"Online payment to Steam - Entertainment, 49.88",49.88,ACH,Austin,TX
PlayStation Store,"Online payment to PlayStation Store - Entertainment, 71.61",71.61,Cash,Denver,CO
Transport Store 072,"Online payment to Transport Store 072 - Transport, 22.61",22.61,Digital Wallet,Denver,CO
DiningOut Store 033,"Mobile app payment at DiningOut Store 033, DiningOut, 15.07",15.07,Credit Card,New York,NY
PersonalCare Store 035,"Online payment to PersonalCare Store 035 - PersonalCare, 14.01",14.01,ACH,Denver,CO
Travel Store 086,"Mobile app payment at Travel Store 086, Travel, 240.90",240.9,ACH,Austin,TX
Healthcare Store 134,Card purchase at Healthcare Store 134 for 5.00 USD (DiningOut),5.0,Digital Wallet,Detroit,MI
DiningOut Store 187,"POS transaction - DiningOut Store 187 (Groceries), amount 126.01",126.01,Digital Wallet,Denver,CO
Costco,"POS transaction - Costco (Groceries), amount 106.46",106.46,ACH,Detroit,MI
Utilities Store 114,"Utilities spend at Utilities Store 114, total 216.24",216.24,Digital Wallet,New York,NY
Spectrum,"Mobile app payment at Spectrum, Utilities, 98.33",98.33,Debit Card,Detroit,MI
Starbucks,"DiningOut spend at Starbucks, total 9.78",9.78,Cash,Miami,FL
Bills Store 084,"Bills spend at Bills Store 084, total 221.04",221.04,Digital Wallet,Seattle,WA
Bills Store 213,"Online payment to Bills Store 213 - Bills, 148.42",148.42,Credit Card,Chicago,IL
Miscellaneous Store 024,"Online payment to Miscellaneous Store 024 - Miscellaneous, 5.00",5.0,Credit Card,Chicago,IL
Etsy,"Miscellaneous spend at Etsy, total 35.95",35.95,Digital Wallet,New York,NY
Groceries Store 104,"POS transaction - Groceries Store 104 (Groceries), amount 81.48",81.48,Debit Card,Boston,MA
Travel Store 177,Card purchase at Travel Store 177 for 26.82 USD (DiningOut),26.82,Credit Card,Chicago,IL
Groceries Store 150,Card purchase at Groceries Store 150 for 114.82 USD (Groceries),114.82,Cash,Miami,FL
Trader Joes,"Mobile app payment at Trader Joes, Groceries, 37.38",37.38,ACH,Chicago,IL
Transport Store 097,"POS transaction - Transport Store 097 (Transport), amount 41.67",41.67,Credit Card,San Francisco,CA
Airbnb,"Online payment to Airbnb - Travel, 331.08",331.08,ACH,Chicago,IL
Mortgage Servicer,"Mobile app payment at Mortgage Servicer, Bills, 151.68",151.68,Credit Card,Seattle,WA
Transport Store 189,Card purchase at Transport Store 189 for 49.95 USD (Transport),49.95,Debit Card,New York,NY
Utilities Store 186,"Online payment to Utilities Store 186 - DiningOut, 26.88",26.88,Credit Card,Seattle,WA
Groceries Store 056,"Groceries spend at Groceries Store 056, total 5.00",5.0,Credit Card,Ann Arbor,MI
Groceries Store 036,"Mobile app payment at Groceries Store 036, Groceries, 70.46",70.46,Cash,Chicago,IL
Miscellaneous Store 195,"POS transaction - Miscellaneous Store 195 (Bills), amount 224.53",224.53,ACH,Miami,FL
Amazon,Card purchase at Amazon for 170.81 USD (Shopping),170.81,Credit Card,Boston,MA
Walgreens,"Healthcare spend at Walgreens, total 96.08",96.08,Digital Wallet,Austin,TX
Meijer,"Mobile app payment at Meijer, Groceries, 18.32",18.32,Debit Card,Austin,TX
Aldi,"Groceries spend at Aldi, total 124.22",124.22,Debit Card,New York,NY
Transport Store 009,"Mobile app payment at Transport Store 009, Transport, 64.66",64.66,Credit Card,Denver,CO
Utilities Store 219,"POS transaction - Utilities Store 219 (Utilities), amount 128.57",128.57,Debit Card,San Francisco,CA
Transport Store 148,"POS transaction - Transport Store 148 (Transport), amount 12.69",12.69,Credit Card,Denver,CO
Starbucks,"Online payment to Starbucks - DiningOut, 19.32",19.32,Digital Wallet,Detroit,MI
Safeway,"Groceries spend at Safeway, total 70.37",70.37,Digital Wallet,Detroit,MI
Shopping Store 190,"Online payment to Shopping Store 190 - Shopping, 122.43",122.43,Debit Card,Austin,TX
eBay,"Online payment to eBay - Travel, 285.04",285.04,Cash,San Francisco,CA
Shopping Store 088,"POS transaction - Shopping Store 088 (Shopping), amount 94.54",94.54,Digital Wallet,Ann Arbor,MI
Entertainment Store 068,"Mobile app payment at Entertainment Store 068, Entertainment, 60.32",60.32,Credit Card,Detroit,MI
Best Buy,"Online payment to Best Buy - Shopping, 28.79",28.79,Debit Card,Chicago,IL
Healthcare Store 132,"DiningOut spend at Healthcare Store 132, total 23.99",23.99,Cash,New York,NY
Speedway,"Transport spend at Speedway, total 45.64",45.64,Debit Card,Boston,MA
Utilities Store 091,"POS transaction - Utilities Store 091 (Utilities), amount 103.82",103.82,Debit Card,San Francisco,CA
Mortgage Servicer,"Miscellaneous spend at Mortgage Servicer, total 44.12",44.12,Cash,Denver,CO
Transport Store 078,"Online payment to Transport Store 078 - Transport, 31.47",31.47,Debit Card,Denver,CO
Aldi,"Groceries spend at Aldi, total 5.00",5.0,Digital Wallet,Seattle,WA
Chevron,"Online payment to Chevron - Transport, 86.85",86.85,Digital Wallet,Detroit,MI
Home Depot,"Mobile app payment at Home Depot, Shopping, 43.61",43.61,Debit Card,Austin,TX
IKEA,"Mobile app payment at IKEA, Shopping, 84.99",84.99,Digital Wallet,Chicago,IL
Shopping Store 096,Card purchase at Shopping Store 096 for 97.05 USD (Transport),97.05,ACH,Seattle,WA
Groceries Store 150,"Online payment to Groceries Store 150 - Groceries, 98.32",98.32,ACH,Austin,TX
DiningOut Store 120,"DiningOut spend at DiningOut Store 120, total 5.00",5.0,Cash,Ann Arbor,MI
Groceries Store 147,Card purchase at Groceries Store 147 for 96.39 USD (Groceries),96.39,Credit Card,Denver,CO
Transport Store 102,"Transport spend at Transport Store 102, total 78.33",78.33,Cash,New York,NY
Groceries Store 069,"Groceries spend at Groceries Store 069, total 123.88",123.88,Credit Card,Miami,FL
Shopping Store 190,"Shopping spend at Shopping Store 190, total 19.94",19.94,Credit Card,New York,NY
Utilities Store 176,"Online payment to Utilities Store 176 - Utilities, 183.04",183.04,Debit Card,Boston,MA
American Airlines,"Mobile app payment at American Airlines, Travel, 365.53",365.53,Digital Wallet,Ann Arbor,MI
Amazon,Card purchase at Amazon for 68.37 USD (Shopping),68.37,ACH,Detroit,MI
Groceries Store 147,Card purchase at Groceries Store 147 for 102.22 USD (Groceries),102.22,Cash,Boston,MA
PersonalCare Store 146,"Mobile app payment at PersonalCare Store 146, PersonalCare, 41.66",41.66,Debit Card,Seattle,WA
Internet Bill AutoPay,"Online payment to Internet Bill AutoPay - Bills, 106.03",106.03,Debit Card,Seattle,WA
Miscellaneous Store 208,"POS transaction - Miscellaneous Store 208 (Miscellaneous), amount 42.15",42.15,Credit Card,San Francisco,CA
Entertainment Store 139,"Mobile app payment at Entertainment Store 139, Entertainment, 102.74",102.74,Digital Wallet,San Francisco,CA
Entertainment Store 044,"Mobile app payment at Entertainment Store 044, Entertainment, 64.84",64.84,Credit Card,Ann Arbor,MI
Chevron,"Transport spend at Chevron, total 43.01",43.01,Digital Wallet,Detroit,MI
Utilities Store 082,"Miscellaneous spend at Utilities Store 082, total 37.74",37.74,Credit Card,Austin,TX
Shopping Store 152,"POS transaction - Shopping Store 152 (Shopping), amount 84.77",84.77,Cash,Chicago,IL
Groceries Store 036,"Groceries spend at Groceries Store 036, total 129.73",129.73,Credit Card,New York,NY
Mortgage Servicer,Card purchase at Mortgage Servicer for 46.90 USD (Groceries),46.9,Cash,Miami,FL
Vitamin Shoppe,"Mobile app payment at Vitamin Shoppe, PersonalCare, 43.30",43.3,Debit Card,Ann Arbor,MI
Amazon,"POS transaction - Amazon (Shopping), amount 57.48",57.48,ACH,Detroit,MI
Healthcare Store 079,"Mobile app payment at Healthcare Store 079, Healthcare, 194.83",194.83,Credit Card,Detroit,MI
DiningOut Store 087,Card purchase at DiningOut Store 087 for 16.71 USD (DiningOut),16.71,Debit Card,Ann Arbor,MI
Entertainment Store 188,"POS transaction - Entertainment Store 188 (Entertainment), amount 32.52",32.52,Credit Card,Miami,FL
Costco,"POS transaction - Costco (Groceries), amount 58.84",58.84,Cash,Austin,TX
Marriott Hotels,"POS transaction - Marriott Hotels (Utilities), amount 147.75",147.75,Digital Wallet,San Francisco,CA
Transport Store 009,"Travel spend at Transport Store 009, total 349.10",349.1,Debit Card,Austin,TX
Lowes,"Shopping spend at Lowes, total 50.23",50.23,Cash,Chicago,IL
Entertainment Store 068,Card purchase at Entertainment Store 068 for 59.53 USD (Entertainment),59.53,Debit Card,Boston,MA
Shopping Store 096,"Online payment to Shopping Store 096 - Shopping, 174.31",174.31,ACH,Boston,MA
DiningOut Store 133,"Mobile app payment at DiningOut Store 133, DiningOut, 37.45",37.45,ACH,Boston,MA
Shopping Store 154,"Mobile app payment at Shopping Store 154, Shopping, 80.65",80.65,ACH,Seattle,WA
American Airlines,"POS transaction - American Airlines (Travel), amount 272.19",272.19,Credit Card,Seattle,WA
Spectrum,"POS transaction - Spectrum (Utilities), amount 112.58",112.58,Cash,New York,NY
Chick-fil-A,"POS transaction - Chick-fil-A (DiningOut), amount 25.86",25.86,Digital Wallet,Austin,TX
Utilities Store 185,"Utilities spend at Utilities Store 185, total 94.76",94.76,Cash,San Francisco,CA
Best Buy,Card purchase at Best Buy for 55.49 USD (Shopping),55.49,ACH,Ann Arbor,MI
Groceries Store 104,Card purchase at Groceries Store 104 for 64.68 USD (Groceries),64.68,Digital Wallet,San Francisco,CA
Miscellaneous Store 208,"Bills spend at Miscellaneous Store 208, total 196.14",196.14,ACH,Detroit,MI
DiningOut Store 172,"DiningOut spend at DiningOut Store 172, total 9.93",9.93,Debit Card,Denver,CO
Best Buy,"POS transaction - Best Buy (Shopping), amount 87.27",87.27,Cash,Detroit,MI
DiningOut Store 172,Card purchase at DiningOut Store 172 for 24.14 USD (DiningOut),24.14,Credit Card,Seattle,WA
DiningOut Store 100,"Online payment to DiningOut Store 100 - DiningOut, 5.00",5.0,Cash,New York,NY
AT&T,"Mobile app payment at AT&T, Utilities, 110.19",110.19,Debit Card,Boston,MA
Shopping Store 209,"Mobile app payment at Shopping Store 209, Shopping, 66.58",66.58,ACH,Detroit,MI
DiningOut Store 182,"DiningOut spend at DiningOut Store 182, total 32.24",32.24,Credit Card,Chicago,IL
Groceries Store 150,"Online payment to Groceries Store 150 - Groceries, 127.03",127.03,Credit Card,Miami,FL
DiningOut Store 033,"Online payment to DiningOut Store 033 - DiningOut, 47.31",47.31,Cash,San Francisco,CA
Bills Store 210,"Online payment to Bills Store 210 - Bills, 157.43",157.43,Debit Card,Denver,CO
Bills Store 149,"Transport spend at Bills Store 149, total 29.99",29.99,ACH,New York,NY
Entertainment Store 197,Card purchase at Entertainment Store 197 for 200.35 USD (Shopping),200.35,ACH,New York,NY
Shopping Store 077,"Shopping spend at Shopping Store 077, total 11.05",11.05,Credit Card,Seattle,WA
PersonalCare Store 019,"POS transaction - PersonalCare Store 019 (PersonalCare), amount 14.52",14.52,Credit Card,Chicago,IL
Groceries Store 056,"POS transaction - Groceries Store 056 (Miscellaneous), amount 5.00",5.0,ACH,Boston,MA
Craft Store,"Miscellaneous spend at Craft Store, total 26.91",26.91,Debit Card,Boston,MA
DiningOut Store 196,Card purchase at DiningOut Store 196 for 39.58 USD (DiningOut),39.58,Digital Wallet,Boston,MA
Groceries Store 147,"POS transaction - Groceries Store 147 (Groceries), amount 111.27",111.27,Cash,San Francisco,CA
Shopping Store 136,"Mobile app payment at Shopping Store 136, Shopping, 5.00",5.0,ACH,New York,NY
Netflix,Card purchase at Netflix for 20.74 USD (Entertainment),20.74,ACH,Ann Arbor,MI
Transport Store 009,"POS transaction - Transport Store 009 (Transport), amount 48.25",48.25,Cash,Boston,MA
Airbnb,"Online payment to Airbnb - Transport, 45.16",45.16,Cash,San Francisco,CA
Speedway,Card purchase at Speedway for 24.54 USD (Transport),24.54,Debit Card,Detroit,MI
Speedway,"Online payment to Speedway - Transport, 91.60",91.6,Cash,Ann Arbor,MI
Groceries Store 045,"Online payment to Groceries Store 045 - Groceries, 104.55",104.55,Digital Wallet,New York,NY
BlueCross,Card purchase at BlueCross for 142.46 USD (Healthcare),142.46,Cash,Miami,FL
Bills Store 135,"Mobile app payment at Bills Store 135, Bills, 217.50",217.5,ACH,Seattle,WA
Kroger,"POS transaction - Kroger (Groceries), amount 116.90",116.9,Debit Card,Boston,MA
Lyft,"Online payment to Lyft - Transport, 97.68",97.68,Credit Card,Seattle,WA
Dave & Busters,"Entertainment spend at Dave & Busters, total 27.68",27.68,Debit Card,Miami,FL
Bills Store 025,"Online payment to Bills Store 025 - Bills, 158.65",158.65,ACH,Ann Arbor,MI
Groceries Store 170,Card purchase at Groceries Store 170 for 73.69 USD (Groceries),73.69,Digital Wallet,Boston,MA
Massage Envy,Card purchase at Massage Envy for 26.17 USD (PersonalCare),26.17,ACH,Chicago,IL
Nike,"POS transaction - Nike (Shopping), amount 190.85",190.85,ACH,Denver,CO
Utilities Store 031,"POS transaction - Utilities Store 031 (Utilities), amount 167.51",167.51,Cash,San Francisco,CA
Marriott Hotels,"Online payment to Marriott Hotels - DiningOut, 27.93",27.93,ACH,Denver,CO
Travel Store 215,"Mobile app payment at Travel Store 215, Travel, 170.71",170.71,Debit Card,New York,NY
Healthcare Store 113,"Online payment to Healthcare Store 113 - Healthcare, 209.92",209.92,Cash,New York,NY
Healthcare Store 131,"Mobile app payment at Healthcare Store 131, Healthcare, 134.92",134.92,Debit Card,Chicago,IL
Shopping Store 167,"Online payment to Shopping Store 167 - Shopping, 90.20",90.2,Digital Wallet,San Francisco,CA
DisneyPlus,"Entertainment spend at DisneyPlus, total 16.36",16.36,Cash,New York,NY
Bills Store 210,"Online payment to Bills Store 210 - Bills, 156.30",156.3,Digital Wallet,Boston,MA
Target.com,"Shopping spend at Target.com, total 262.51",262.51,Digital Wallet,Boston,MA
Transport Store 148,Card purchase at Transport Store 148 for 34.93 USD (Transport),34.93,Credit Card,Detroit,MI
Groceries Store 150,"Online payment to Groceries Store 150 - Groceries, 62.69",62.69,Credit Card,San Francisco,CA
Shopping Store 096,"POS transaction - Shopping Store 096 (Shopping), amount 101.76",101.76,Debit Card,Chicago,IL
Groceries Store 069,"POS transaction - Groceries Store 069 (Groceries), amount 72.78",72.78,Credit Card,San Francisco,CA
Bills Store 166,"Bills spend at Bills Store 166, total 360.49",360.49,Debit Card,San Francisco,CA
Utilities Store 082,Card purchase at Utilities Store 082 for 81.46 USD (Utilities),81.46,ACH,Miami,FL
Kroger,Card purchase at Kroger for 83.08 USD (Groceries),83.08,Debit Card,Austin,TX
American Airlines,"Travel spend at American Airlines, total 5.00",5.0,ACH,Austin,TX
Safeway,"Groceries spend at Safeway, total 27.00",27.0,Digital Wallet,Chicago,IL
Walmart,Card purchase at Walmart for 65.40 USD (Groceries),65.4,ACH,Seattle,WA
Transport Store 189,Card purchase at Transport Store 189 for 89.53 USD (Transport),89.53,ACH,Boston,MA
Shell,"POS transaction - Shell (Transport), amount 83.78",83.78,Digital Wallet,Austin,TX
Transport Store 189,"Transport spend at Transport Store 189, total 67.45",67.45,ACH,New York,NY
Miscellaneous Store 161,"Online payment to Miscellaneous Store 161 - Miscellaneous, 83.04",83.04,Debit Card,Denver,CO
Transport Store 168,"Transport spend at Transport Store 168, total 15.35",15.35,ACH,Ann Arbor,MI
Groceries Store 127,Card purchase at Groceries Store 127 for 5.00 USD (Groceries),5.0,Debit Card,Ann Arbor,MI
Shopping Store 096,"Mobile app payment at Shopping Store 096, Shopping, 76.05",76.05,Credit Card,Boston,MA
Utilities Store 165,"POS transaction - Utilities Store 165 (Travel), amount 180.99",180.99,Digital Wallet,Boston,MA
Shopping Store 077,"Shopping spend at Shopping Store 077, total 5.00",5.0,Credit Card,Austin,TX
Home Depot,Card purchase at Home Depot for 122.92 USD (Shopping),122.92,Debit Card,Chicago,IL
Travel Store 212,"POS transaction - Travel Store 212 (Travel), amount 136.75",136.75,Debit Card,New York,NY
Travel Store 059,Card purchase at Travel Store 059 for 404.05 USD (Travel),404.05,Debit Card,Miami,FL
Groceries Store 138,"Groceries spend at Groceries Store 138, total 46.03",46.03,Cash,Austin,TX
Uber,Card purchase at Uber for 42.73 USD (Transport),42.73,Credit Card,Miami,FL
Local Hospital,"Mobile app payment at Local Hospital, Healthcare, 73.19",73.19,Debit Card,Miami,FL
Lowes,"Online payment to Lowes - Shopping, 92.33",92.33,Digital Wallet,Chicago,IL
Lyft,Card purchase at Lyft for 27.50 USD (Transport),27.5,Cash,San Francisco,CA
Target,"POS transaction - Target (Groceries), amount 50.10",50.1,Digital Wallet,Austin,TX
Bills Store 084,"Mobile app payment at Bills Store 084, Bills, 233.69",233.69,Cash,Chicago,IL
Groceries Store 138,"Groceries spend at Groceries Store 138, total 49.43",49.43,Debit Card,Chicago,IL
Miscellaneous Store 153,"Online payment to Miscellaneous Store 153 - Miscellaneous, 35.71",35.71,Credit Card,Chicago,IL
Healthcare Store 180,"POS transaction - Healthcare Store 180 (Healthcare), amount 67.22",67.22,Cash,Ann Arbor,MI
Travel Store 204,Card purchase at Travel Store 204 for 71.79 USD (Groceries),71.79,ACH,San Francisco,CA
Aldi,"Groceries spend at Aldi, total 69.09",69.09,Credit Card,Seattle,WA
Entertainment Store 053,"Entertainment spend at Entertainment Store 053, total 96.13",96.13,ACH,Detroit,MI
Gas Utility,"POS transaction - Gas Utility (Utilities), amount 84.45",84.45,Cash,Austin,TX
Bills Store 160,"Online payment to Bills Store 160 - Bills, 209.66",209.66,Debit Card,Austin,TX
Vitamin Shoppe,"Online payment to Vitamin Shoppe - PersonalCare, 39.78",39.78,Digital Wallet,Seattle,WA
Entertainment Store 188,"Entertainment spend at Entertainment Store 188, total 74.15",74.15,Credit Card,Chicago,IL
Bills Store 084,"Mobile app payment at Bills Store 084, Bills, 57.45",57.45,Debit Card,Miami,FL
Panera Bread,"Online payment to Panera Bread - DiningOut, 33.40",33.4,Digital Wallet,Miami,FL
Bills Store 103,Card purchase at Bills Store 103 for 371.97 USD (Bills),371.97,ACH,Boston,MA
Kroger,Card purchase at Kroger for 53.96 USD (Groceries),53.96,ACH,Detroit,MI
Travel Store 110,"Mobile app payment at Travel Store 110, Travel, 297.95",297.95,Digital Wallet,Miami,FL
Utilities Store 124,"Mobile app payment at Utilities Store 124, Utilities, 146.01",146.01,Credit Card,San Francisco,CA
Pizza Hut,"POS transaction - Pizza Hut (DiningOut), amount 8.62",8.62,Credit Card,Chicago,IL
Physical Therapy,"POS transaction - Physical Therapy (Transport), amount 29.71",29.71,ACH,Ann Arbor,MI
DiningOut Store 157,"POS transaction - DiningOut Store 157 (DiningOut), amount 39.70",39.7,ACH,San Francisco,CA
Barber Shop,"Online payment to Barber Shop - PersonalCare, 65.42",65.42,Digital Wallet,Detroit,MI
Walgreens,"POS transaction - Walgreens (Healthcare), amount 97.75",97.75,Credit Card,Austin,TX
Healthcare Store 132,"Online payment to Healthcare Store 132 - Healthcare, 189.05",189.05,Cash,Chicago,IL
Groceries Store 045,"Online payment to Groceries Store 045 - Groceries, 109.05",109.05,Credit Card,Chicago,IL
Kroger,"Online payment to Kroger - Groceries, 63.06",63.06,ACH,Denver,CO
AMC Theatres,"Online payment to AMC Theatres - Entertainment, 30.34",30.34,Debit Card,San Francisco,CA
DiningOut Store 171,Card purchase at DiningOut Store 171 for 20.65 USD (DiningOut),20.65,Credit Card,Denver,CO
Whole Foods,Card purchase at Whole Foods for 158.04 USD (Groceries),158.04,Credit Card,Austin,TX
Utilities Store 140,"Online payment to Utilities Store 140 - Utilities, 149.40",149.4,Credit Card,New York,NY
Healthcare Store 029,Card purchase at Healthcare Store 029 for 284.72 USD (Education),284.72,ACH,Austin,TX
Groceries Store 150,"Online payment to Groceries Store 150 - Groceries, 117.18",117.18,Credit Card,Seattle,WA
Healthcare Store 129,Card purchase at Healthcare Store 129 for 124.49 USD (Healthcare),124.49,Digital Wallet,Boston,MA
Entertainment Store 194,"POS transaction - Entertainment Store 194 (Entertainment), amount 66.11",66.11,Debit Card,Denver,CO
Transport Store 009,"Utilities spend at Transport Store 009, total 149.02",149.02,ACH,New York,NY
Shopping Store 077,"Shopping spend at Shopping Store 077, total 101.32",101.32,Debit Card,Miami,FL
Healthcare Store 021,"POS transaction - Healthcare Store 021 (Healthcare), amount 96.31",96.31,Cash,Chicago,IL
Miscellaneous Store 061,"Online payment to Miscellaneous Store 061 - Miscellaneous, 68.08",68.08,Cash,Austin,TX
PersonalCare Store 125,"Online payment to PersonalCare Store 125 - Groceries, 163.56",163.56,ACH,Chicago,IL
Meijer,"Online payment to Meijer - Groceries, 123.56",123.56,Debit Card,Denver,CO
Miscellaneous Store 181,Card purchase at Miscellaneous Store 181 for 5.00 USD (Miscellaneous),5.0,Debit Card,Ann Arbor,MI
Groceries Store 069,"POS transaction - Groceries Store 069 (Groceries), amount 27.57",27.57,Digital Wallet,San Francisco,CA
Groceries Store 170,Card purchase at Groceries Store 170 for 116.60 USD (Groceries),116.6,Cash,Detroit,MI
GNC,"POS transaction - GNC (Groceries), amount 94.96",94.96,Cash,Chicago,IL
DiningOut Store 133,"Shopping spend at DiningOut Store 133, total 41.39",41.39,Debit Card,Seattle,WA
Walmart,Card purchase at Walmart for 150.81 USD (Groceries),150.81,Cash,Austin,TX
Dave & Busters,"Online payment to Dave & Busters - Transport, 71.34",71.34,Digital Wallet,Detroit,MI
DiningOut Store 118,"POS transaction - DiningOut Store 118 (DiningOut), amount 53.87",53.87,Cash,Austin,TX
Transport Store 052,"POS transaction - Transport Store 052 (Transport), amount 22.39",22.39,Credit Card,Detroit,MI
Adidas,"Shopping spend at Adidas, total 65.21",65.21,Cash,Chicago,IL
Transport Store 009,Card purchase at Transport Store 009 for 43.92 USD (Transport),43.92,Credit Card,Ann Arbor,MI
Walgreens,"Healthcare spend at Walgreens, total 102.78",102.78,Credit Card,San Francisco,CA
Healthcare Store 113,"Mobile app payment at Healthcare Store 113, Travel, 309.32",309.32,Debit Card,Seattle,WA
Target.com,"POS transaction - Target.com (Shopping), amount 170.97",170.97,Credit Card,San Francisco,CA
BP,"Mobile app payment at BP, Transport, 5.00",5.0,Cash,Miami,FL
Groceries Store 036,Card purchase at Groceries Store 036 for 54.80 USD (Groceries),54.8,Digital Wallet,San Francisco,CA
Khan Academy,"Online payment to Khan Academy - Education, 220.29",220.29,Cash,Seattle,WA
DiningOut Store 120,"POS transaction - DiningOut Store 120 (DiningOut), amount 5.00",5.0,Digital Wallet,Chicago,IL
DiningOut Store 007,Card purchase at DiningOut Store 007 for 20.00 USD (DiningOut),20.0,Digital Wallet,Chicago,IL
Education Store 026,"Groceries spend at Education Store 026, total 64.98",64.98,Credit Card,New York,NY
DiningOut Store 196,"Online payment to DiningOut Store 196 - DiningOut, 44.57",44.57,Credit Card,Austin,TX
Miscellaneous Store 064,"POS transaction - Miscellaneous Store 064 (Miscellaneous), amount 33.19",33.19,Credit Card,Miami,FL
Healthcare Store 126,Card purchase at Healthcare Store 126 for 112.70 USD (Healthcare),112.7,Credit Card,Denver,CO
Walmart,"Online payment to Walmart - Groceries, 90.16",90.16,ACH,Ann Arbor,MI
Trader Joes,Card purchase at Trader Joes for 64.47 USD (PersonalCare),64.47,Credit Card,Chicago,IL
Shopping Store 111,"Mobile app payment at Shopping Store 111, Shopping, 132.77",132.77,Cash,Denver,CO
Marriott Hotels,"Online payment to Marriott Hotels - Travel, 168.61",168.61,Digital Wallet,Detroit,MI
Property Taxes,"Bills spend at Property Taxes, total 141.85",141.85,Debit Card,New York,NY
Local Gift Shop,"Online payment to Local Gift Shop - Miscellaneous, 63.94",63.94,Digital Wallet,San Francisco,CA
Groceries Store 056,Card purchase at Groceries Store 056 for 128.70 USD (Groceries),128.7,Credit Card,Austin,TX
Shopping Store 111,"POS transaction - Shopping Store 111 (Shopping), amount 134.45",134.45,Credit Card,Chicago,IL
Shell,Card purchase at Shell for 43.70 USD (Transport),43.7,Credit Card,Chicago,IL
Miscellaneous Store 064,"Mobile app payment at Miscellaneous Store 064, Miscellaneous, 18.06",18.06,Credit Card,Austin,TX
Publix,"Online payment to Publix - Groceries, 91.94",91.94,Cash,Boston,MA
DiningOut Store 033,"Mobile app payment at DiningOut Store 033, DiningOut, 22.54",22.54,Digital Wallet,San Francisco,CA
DiningOut Store 218,"Mobile app payment at DiningOut Store 218, DiningOut, 72.89",72.89,Digital Wallet,Miami,FL
Apple Store,Card purchase at Apple Store for 16.44 USD (Transport),16.44,Cash,New York,NY
Education Store 108,"Online payment to Education Store 108 - Education, 260.62",260.62,Cash,San Francisco,CA
Groceries Store 069,"Online payment to Groceries Store 069 - Groceries, 127.26",127.26,ACH,Boston,MA
Trader Joes,Card purchase at Trader Joes for 107.42 USD (Groceries),107.42,ACH,Detroit,MI
Groceries Store 056,"Groceries spend at Groceries Store 056, total 39.16",39.16,Digital Wallet,San Francisco,CA
Shopping Store 136,"POS transaction - Shopping Store 136 (Shopping), amount 157.28",157.28,Cash,Austin,TX
Student Loan Servicer,"Online payment to Student Loan Servicer - Healthcare, 173.69",173.69,Cash,San Francisco,CA
Travel Store 204,"Travel spend at Travel Store 204, total 279.46",279.46,Debit Card,Austin,TX
Transport Store 023,"POS transaction - Transport Store 023 (Transport), amount 33.20",33.2,Cash,New York,NY
Bills Store 028,"POS transaction - Bills Store 028 (Bills), amount 78.98",78.98,ACH,Austin,TX
Bills Store 135,"POS transaction - Bills Store 135 (Bills), amount 227.58",227.58,Debit Card,Detroit,MI
Lyft,"Transport spend at Lyft, total 27.02",27.02,Credit Card,Austin,TX
Entertainment Store 169,"POS transaction - Entertainment Store 169 (Entertainment), amount 45.98",45.98,Credit Card,Austin,TX
Bills Store 135,"Bills spend at Bills Store 135, total 314.65",314.65,Credit Card,Miami,FL
Kroger,Card purchase at Kroger for 91.82 USD (Groceries),91.82,Debit Card,New York,NY
Utilities Store 054,Card purchase at Utilities Store 054 for 147.13 USD (Utilities),147.13,Debit Card,Boston,MA
Bills Store 135,Card purchase at Bills Store 135 for 263.18 USD (Utilities),263.18,Cash,Detroit,MI
Groceries Store 150,"Online payment to Groceries Store 150 - Groceries, 48.16",48.16,Cash,Ann Arbor,MI
Transport Store 168,"Transport spend at Transport Store 168, total 85.07",85.07,Digital Wallet,New York,NY
Groceries Store 056,"Online payment to Groceries Store 056 - Groceries, 67.78",67.78,Debit Card,Austin,TX
PersonalCare Store 179,Card purchase at PersonalCare Store 179 for 12.94 USD (PersonalCare),12.94,Debit Card,Miami,FL
DiningOut Store 010,"Online payment to DiningOut Store 010 - DiningOut, 28.10",28.1,Debit Card,Detroit,MI
Transport Store 032,"POS transaction - Transport Store 032 (Transport), amount 35.90",35.9,Credit Card,Chicago,IL
Vitamin Shoppe,"PersonalCare spend at Vitamin Shoppe, total 78.59",78.59,Debit Card,Detroit,MI
Utilities Store 055,"Online payment to Utilities Store 055 - Utilities, 165.25",165.25,Cash,Miami,FL
AT&T,"Education spend at AT&T, total 134.63",134.63,Debit Card,Denver,CO
Miscellaneous Store 181,"Mobile app payment at Miscellaneous Store 181, Transport, 61.94",61.94,Debit Card,San Francisco,CA
Miscellaneous Store 046,Card purchase at Miscellaneous Store 046 for 51.56 USD (Transport),51.56,Digital Wallet,Chicago,IL
Utilities Store 005,"POS transaction - Utilities Store 005 (DiningOut), amount 63.14",63.14,Credit Card,San Francisco,CA
Gym Membership,"POS transaction - Gym Membership (PersonalCare), amount 5.00",5.0,Credit Card,Detroit,MI
Groceries Store 045,"Groceries spend at Groceries Store 045, total 103.51",103.51,ACH,New York,NY
IKEA,"Online payment to IKEA - Shopping, 29.70",29.7,Digital Wallet,Seattle,WA
Costco,"Groceries spend at Costco, total 66.68",66.68,Credit Card,Detroit,MI
Groceries Store 056,"Mobile app payment at Groceries Store 056, Groceries, 69.66",69.66,Cash,San Francisco,CA
DiningOut Store 058,"POS transaction - DiningOut Store 058 (DiningOut), amount 47.85",47.85,Credit Card,Seattle,WA
Healthcare Store 132,Card purchase at Healthcare Store 132 for 197.08 USD (Healthcare),197.08,ACH,Chicago,IL
City Parking Garage,Card purchase at City Parking Garage for 79.20 USD (Transport),79.2,Digital Wallet,Austin,TX
DiningOut Store 001,"Transport spend at DiningOut Store 001, total 50.64",50.64,Cash,Chicago,IL
Education Store 003,Card purchase at Education Store 003 for 371.11 USD (Education),371.11,Cash,San Francisco,CA
Chick-fil-A,"Mobile app payment at Chick-fil-A, DiningOut, 14.09",14.09,Credit Card,Seattle,WA
IKEA,"POS transaction - IKEA (Shopping), amount 183.12",183.12,Cash,Seattle,WA
Dominos,"Online payment to Dominos - Utilities, 76.74",76.74,Digital Wallet,Miami,FL
Education Store 085,Card purchase at Education Store 085 for 61.82 USD (Education),61.82,Credit Card,Ann Arbor,MI
BlueCross,Card purchase at BlueCross for 265.64 USD (Healthcare),265.64,ACH,Denver,CO
Bills Store 103,"POS transaction - Bills Store 103 (Bills), amount 194.17",194.17,ACH,Ann Arbor,MI
Utilities Store 020,"POS transaction - Utilities Store 020 (Utilities), amount 170.32",170.32,Debit Card,Austin,TX
Groceries Store 045,"Mobile app payment at Groceries Store 045, Healthcare, 60.44",60.44,Credit Card,Chicago,IL
DiningOut Store 172,"Online payment to DiningOut Store 172 - DiningOut, 48.67",48.67,Credit Card,Miami,FL
Travel Store 110,"Mobile app payment at Travel Store 110, Travel, 358.60",358.6,Cash,Miami,FL
Healthcare Store 131,Card purchase at Healthcare Store 131 for 176.33 USD (Healthcare),176.33,Debit Card,Boston,MA
DiningOut Store 018,"DiningOut spend at DiningOut Store 018, total 41.19",41.19,Credit Card,Boston,MA
DiningOut Store 196,"Online payment to DiningOut Store 196 - DiningOut, 54.15",54.15,Credit Card,Austin,TX
Bills Store 105,"Mobile app payment at Bills Store 105, Bills, 288.50",288.5,ACH,New York,NY
Travel Store 043,"POS transaction - Travel Store 043 (Groceries), amount 5.00",5.0,Digital Wallet,Chicago,IL
Utilities Store 205,"POS transaction - Utilities Store 205 (Utilities), amount 71.16",71.16,Credit Card,Seattle,WA
Bookstore Campus,"Transport spend at Bookstore Campus, total 32.20",32.2,Debit Card,Chicago,IL
Travel Store 204,"Online payment to Travel Store 204 - Travel, 333.79",333.79,Cash,Ann Arbor,MI
Healthcare Store 132,"POS transaction - Healthcare Store 132 (Healthcare), amount 189.95",189.95,Debit Card,Austin,TX
PersonalCare Store 067,"Mobile app payment at PersonalCare Store 067, PersonalCare, 5.00",5.0,Debit Card,Boston,MA
Shopping Store 136,Card purchase at Shopping Store 136 for 166.95 USD (Shopping),166.95,ACH,Miami,FL
Toy Store,Card purchase at Toy Store for 27.24 USD (Miscellaneous),27.24,Debit Card,Chicago,IL
DiningOut Store 010,"DiningOut spend at DiningOut Store 010, total 5.00",5.0,ACH,Miami,FL
Travel Store 059,"Mobile app payment at Travel Store 059, Travel, 196.95",196.95,Debit Card,New York,NY
DiningOut Store 074,"POS transaction - DiningOut Store 074 (DiningOut), amount 16.23",16.23,Cash,Boston,MA
Groceries Store 069,"Mobile app payment at Groceries Store 069, Groceries, 51.99",51.99,Cash,Chicago,IL
Starbucks,"POS transaction - Starbucks (DiningOut), amount 11.70",11.7,Credit Card,Miami,FL
Walmart,"POS transaction - Walmart (Groceries), amount 54.11",54.11,Debit Card,San Francisco,CA
Bills Store 050,Card purchase at Bills Store 050 for 46.77 USD (Bills),46.77,Credit Card,Ann Arbor,MI
Airbnb,"Online payment to Airbnb - Travel, 185.73",185.73,Cash,Ann Arbor,MI
Entertainment Store 139,"Mobile app payment at Entertainment Store 139, Entertainment, 44.54",44.54,Debit Card,Chicago,IL
Bills Store 207,Card purchase at Bills Store 207 for 11.17 USD (DiningOut),11.17,ACH,Miami,FL
Shopping Store 216,Card purchase at Shopping Store 216 for 42.98 USD (Shopping),42.98,Digital Wallet,Chicago,IL
Gym Membership,"PersonalCare spend at Gym Membership, total 35.86",35.86,Cash,Seattle,WA
Regal Cinemas,"Online payment to Regal Cinemas - Entertainment, 42.14",42.14,Credit Card,Denver,CO
Dental Clinic,"POS transaction - Dental Clinic (PersonalCare), amount 53.25",53.25,Cash,Boston,MA
Miscellaneous Store 208,"Online payment to Miscellaneous Store 208 - Miscellaneous, 37.37",37.37,Credit Card,Chicago,IL
Bills Store 210,"POS transaction - Bills Store 210 (Bills), amount 107.32",107.32,Cash,New York,NY
Bills Store 106,"POS transaction - Bills Store 106 (Entertainment), amount 23.68",23.68,Digital Wallet,Denver,CO
Regal Cinemas,"Entertainment spend at Regal Cinemas, total 57.60",57.6,ACH,Ann Arbor,MI
Miscellaneous Store 024,"POS transaction - Miscellaneous Store 024 (Miscellaneous), amount 5.00",5.0,Cash,Detroit,MI
Target,"Online payment to Target - Groceries, 80.47",80.47,ACH,Boston,MA
Shell,"POS transaction - Shell (Transport), amount 41.05",41.05,Credit Card,New York,NY
Entertainment Store 065,Card purchase at Entertainment Store 065 for 23.38 USD (Entertainment),23.38,Credit Card,Detroit,MI
Healthcare Store 057,"POS transaction - Healthcare Store 057 (Healthcare), amount 164.84",164.84,Debit Card,Seattle,WA
Entertainment Store 163,"Online payment to Entertainment Store 163 - Entertainment, 72.41",72.41,ACH,New York,NY
Healthcare Store 116,"POS transaction - Healthcare Store 116 (Healthcare), amount 168.52",168.52,Credit Card,San Francisco,CA
Spotify,"Entertainment spend at Spotify, total 32.94",32.94,Debit Card,Austin,TX
Shopping Store 216,"Mobile app payment at Shopping Store 216, Shopping, 167.94",167.94,Cash,Denver,CO
Transport Store 189,"Online payment to Transport Store 189 - Transport, 91.18",91.18,Cash,Miami,FL
Lyft Airport,Card purchase at Lyft Airport for 288.37 USD (Travel),288.37,Cash,Miami,FL
DiningOut Store 010,"POS transaction - DiningOut Store 010 (DiningOut), amount 33.68",33.68,Credit Card,Detroit,MI
AMC Theatres,"Entertainment spend at AMC Theatres, total 34.42",34.42,Credit Card,New York,NY
Transport Store 023,"Mobile app payment at Transport Store 023, Transport, 5.00",5.0,Cash,Ann Arbor,MI
Safeway,Card purchase at Safeway for 89.07 USD (Groceries),89.07,Debit Card,Seattle,WA
Groceries Store 069,Card purchase at Groceries Store 069 for 75.81 USD (Groceries),75.81,Credit Card,Chicago,IL
DiningOut Store 074,"POS transaction - DiningOut Store 074 (DiningOut), amount 40.47",40.47,ACH,Seattle,WA
Chevron,"Online payment to Chevron - Transport, 44.06",44.06,Digital Wallet,Austin,TX
Local Hospital,"Mobile app payment at Local Hospital, Healthcare, 102.80",102.8,ACH,Denver,CO
Whole Foods,"Groceries spend at Whole Foods, total 108.37",108.37,ACH,Seattle,WA
Gas Utility,"POS transaction - Gas Utility (Travel), amount 192.85",192.85,Cash,New York,NY
GNC,Card purchase at GNC for 32.60 USD (PersonalCare),32.6,Credit Card,Austin,TX
Bills Store 014,"Mobile app payment at Bills Store 014, Education, 390.69",390.69,Digital Wallet,Seattle,WA
Healthcare Store 021,"POS transaction - Healthcare Store 021 (Healthcare), amount 155.54",155.54,Cash,Chicago,IL
Regal Cinemas,"Entertainment spend at Regal Cinemas, total 92.65",92.65,Credit Card,Ann Arbor,MI
Miscellaneous Store 081,"POS transaction - Miscellaneous Store 081 (Groceries), amount 5.00",5.0,Digital Wallet,Seattle,WA
Transport Store 119,"POS transaction - Transport Store 119 (Transport), amount 21.16",21.16,Credit Card,Seattle,WA
Utilities Store 114,"Utilities spend at Utilities Store 114, total 52.96",52.96,Cash,San Francisco,CA
Healthcare Store 158,"Online payment to Healthcare Store 158 - Healthcare, 139.77",139.77,Debit Card,Detroit,MI
BP,"Online payment to BP - DiningOut, 23.74",23.74,Credit Card,Detroit,MI
Groceries Store 117,"Online payment to Groceries Store 117 - Groceries, 79.11",79.11,Debit Card,Ann Arbor,MI
DiningOut Store 133,"Online payment to DiningOut Store 133 - DiningOut, 47.91",47.91,Credit Card,Seattle,WA
Travel Store 184,"Travel spend at Travel Store 184, total 441.87",441.87,ACH,Denver,CO
Travel Store 086,"Online payment to Travel Store 086 - Travel, 271.22",271.22,Digital Wallet,Miami,FL
Transport Store 189,"Mobile app payment at Transport Store 189, Transport, 45.79",45.79,Credit Card,Seattle,WA
Target.com,Card purchase at Target.com for 95.44 USD (Shopping),95.44,Cash,Detroit,MI
DiningOut Store 100,"DiningOut spend at DiningOut Store 100, total 71.26",71.26,Digital Wallet,Denver,CO
Municipal Utilities,"Utilities spend at Municipal Utilities, total 133.53",133.53,Credit Card,Chicago,IL
Walmart,"Mobile app payment at Walmart, Groceries, 47.89",47.89,ACH,Detroit,MI
Transport Store 097,"Transport spend at Transport Store 097, total 35.12",35.12,ACH,Seattle,WA
PersonalCare Store 146,"PersonalCare spend at PersonalCare Store 146, total 19.64",19.64,Debit Card,New York,NY
Miscellaneous Store 024,Card purchase at Miscellaneous Store 024 for 25.20 USD (Shopping),25.2,Credit Card,San Francisco,CA
Utilities Store 047,"Online payment to Utilities Store 047 - Groceries, 74.19",74.19,Digital Wallet,New York,NY
Speedway,Card purchase at Speedway for 9.81 USD (Transport),9.81,ACH,Miami,FL
Groceries Store 147,"Mobile app payment at Groceries Store 147, Groceries, 61.46",61.46,Digital Wallet,Miami,FL
Healthcare Store 079,"Mobile app payment at Healthcare Store 079, Healthcare, 161.27",161.27,Digital Wallet,New York,NY
Healthcare Store 115,"Healthcare spend at Healthcare Store 115, total 199.35",199.35,Cash,New York,NY
Groceries Store 045,"Groceries spend at Groceries Store 045, total 5.00",5.0,ACH,Chicago,IL
Shopping Store 066,"Online payment to Shopping Store 066 - Travel, 452.47",452.47,ACH,Chicago,IL
Costco,"POS transaction - Costco (Groceries), amount 54.98",54.98,Cash,Miami,FL
Nail Spa,"Online payment to Nail Spa - PersonalCare, 70.94",70.94,Debit Card,Austin,TX
Uber Airport,"Travel spend at Uber Airport, total 99.59",99.59,Debit Card,New York,NY
Subway,Card purchase at Subway for 44.31 USD (DiningOut),44.31,Digital Wallet,Detroit,MI
PersonalCare Store 037,"POS transaction - PersonalCare Store 037 (PersonalCare), amount 37.86",37.86,ACH,Ann Arbor,MI
Safeway,"Online payment to Safeway - Groceries, 10.35",10.35,Credit Card,Ann Arbor,MI
DiningOut Store 074,"DiningOut spend at DiningOut Store 074, total 21.78",21.78,Debit Card,Boston,MA
Travel Store 174,"Online payment to Travel Store 174 - Groceries, 25.99",25.99,Credit Card,Seattle,WA
Utilities Store 155,"Bills spend at Utilities Store 155, total 216.79",216.79,Debit Card,Boston,MA
Adidas,"POS transaction - Adidas (Shopping), amount 100.72",100.72,Debit Card,New York,NY
Shopping Store 088,"Shopping spend at Shopping Store 088, total 18.05",18.05,Cash,New York,NY
Groceries Store 117,Card purchase at Groceries Store 117 for 100.19 USD (Groceries),100.19,Digital Wallet,Miami,FL
Gas Utility,"Mobile app payment at Gas Utility, Utilities, 123.09",123.09,Cash,Boston,MA
Target,"Online payment to Target - Groceries, 63.62",63.62,Credit Card,Chicago,IL
Airbnb,"Mobile app payment at Airbnb, Shopping, 68.46",68.46,ACH,Denver,CO
DiningOut Store 058,Card purchase at DiningOut Store 058 for 10.38 USD (DiningOut),10.38,Credit Card,New York,NY
Shopping Store 190,"Mobile app payment at Shopping Store 190, Shopping, 33.16",33.16,ACH,New York,NY
Transport Store 078,"Online payment to Transport Store 078 - Transport, 53.97",53.97,Digital Wallet,San Francisco,CA
Groceries Store 056,Card purchase at Groceries Store 056 for 111.39 USD (Groceries),111.39,ACH,Denver,CO
DiningOut Store 172,Card purchase at DiningOut Store 172 for 31.78 USD (DiningOut),31.78,Cash,Denver,CO
Transport Store 097,Card purchase at Transport Store 097 for 78.13 USD (Transport),78.13,Digital Wallet,Chicago,IL
Bills Store 213,Card purchase at Bills Store 213 for 285.26 USD (Bills),285.26,Cash,Seattle,WA
Transport Store 142,"Shopping spend at Transport Store 142, total 92.78",92.78,Cash,Boston,MA
Hulu,"Online payment to Hulu - Entertainment, 38.94",38.94,Cash,Denver,CO
Bills Store 084,Card purchase at Bills Store 084 for 297.38 USD (Bills),297.38,Digital Wallet,Seattle,WA
DiningOut Store 178,"Mobile app payment at DiningOut Store 178, DiningOut, 28.82",28.82,ACH,Chicago,IL
Walmart.com,"POS transaction - Walmart.com (Shopping), amount 10.07",10.07,Debit Card,Detroit,MI
Utilities Store 205,Card purchase at Utilities Store 205 for 165.27 USD (Utilities),165.27,Credit Card,Chicago,IL
Dave & Busters,"Entertainment spend at Dave & Busters, total 79.78",79.78,Cash,Boston,MA
Groceries Store 069,"Online payment to Groceries Store 069 - Groceries, 27.25",27.25,Digital Wallet,New York,NY
Groceries Store 036,"Online payment to Groceries Store 036 - Groceries, 57.62",57.62,Digital Wallet,Denver,CO
Groceries Store 117,"Online payment to Groceries Store 117 - Groceries, 34.52",34.52,Debit Card,Ann Arbor,MI
Best Buy,"Mobile app payment at Best Buy, Shopping, 88.51",88.51,Debit Card,Denver,CO
BlueCross,"Healthcare spend at BlueCross, total 154.91",154.91,Credit Card,Boston,MA
Charity Donation,"Miscellaneous spend at Charity Donation, total 5.00",5.0,ACH,New York,NY
Utilities Store 054,Card purchase at Utilities Store 054 for 142.51 USD (Utilities),142.51,ACH,San Francisco,CA
Transport Store 142,"Mobile app payment at Transport Store 142, Transport, 36.77",36.77,Cash,San Francisco,CA
Miscellaneous Store 200,"POS transaction - Miscellaneous Store 200 (Miscellaneous), amount 10.02",10.02,Cash,San Francisco,CA
Healthcare Store 021,"Online payment to Healthcare Store 021 - Transport, 39.92",39.92,Cash,Boston,MA
Exxon,Card purchase at Exxon for 62.81 USD (Transport),62.81,ACH,Ann Arbor,MI
Groceries Store 117,"Online payment to Groceries Store 117 - Groceries, 95.39",95.39,ACH,Boston,MA
Transport Store 168,"Mobile app payment at Transport Store 168, Transport, 20.14",20.14,Cash,Chicago,IL
Transport Store 102,"Online payment to Transport Store 102 - Transport, 53.74",53.74,ACH,Austin,TX
Education Store 193,"Mobile app payment at Education Store 193, Education, 312.19",312.19,Credit Card,Miami,FL
DiningOut Store 100,Card purchase at DiningOut Store 100 for 42.45 USD (DiningOut),42.45,Cash,Detroit,MI
PersonalCare Store 202,"Mobile app payment at PersonalCare Store 202, PersonalCare, 94.41",94.41,ACH,San Francisco,CA
Transport Store 189,"POS transaction - Transport Store 189 (Transport), amount 17.22",17.22,ACH,New York,NY
Travel Store 075,"POS transaction - Travel Store 075 (Travel), amount 214.87",214.87,ACH,San Francisco,CA
Entertainment Store 065,"Entertainment spend at Entertainment Store 065, total 70.99",70.99,Debit Card,Miami,FL
Bills Store 016,"Bills spend at Bills Store 016, total 147.44",147.44,Credit Card,Detroit,MI
Utilities Store 055,Card purchase at Utilities Store 055 for 128.73 USD (Utilities),128.73,Cash,San Francisco,CA
Property Taxes,Card purchase at Property Taxes for 118.40 USD (Bills),118.4,Cash,Denver,CO
Shopping Store 211,"POS transaction - Shopping Store 211 (Shopping), amount 162.48",162.48,Digital Wallet,Austin,TX
Craft Store,"Miscellaneous spend at Craft Store, total 76.58",76.58,Cash,Ann Arbor,MI
Groceries Store 069,"POS transaction - Groceries Store 069 (Groceries), amount 109.58",109.58,Digital Wallet,Austin,TX
Walmart.com,"Shopping spend at Walmart.com, total 148.51",148.51,Credit Card,Chicago,IL
Travel Store 110,"POS transaction - Travel Store 110 (Travel), amount 5.00",5.0,Debit Card,Miami,FL
Meijer,"Groceries spend at Meijer, total 122.61",122.61,Digital Wallet,Seattle,WA
Entertainment Store 188,"Online payment to Entertainment Store 188 - Entertainment, 52.68",52.68,Credit Card,Ann Arbor,MI
Costco,"POS transaction - Costco (Groceries), amount 135.54",135.54,Debit Card,Detroit,MI
Hilton Hotels,Card purchase at Hilton Hotels for 527.27 USD (Travel),527.27,ACH,Austin,TX
Optometry Center,"Healthcare spend at Optometry Center, total 78.37",78.37,Debit Card,San Francisco,CA
Groceries Store 069,"Online payment to Groceries Store 069 - Groceries, 11.54",11.54,Credit Card,Chicago,IL
Entertainment Store 044,Card purchase at Entertainment Store 044 for 123.72 USD (Entertainment),123.72,Cash,San Francisco,CA
DiningOut Store 058,"POS transaction - DiningOut Store 058 (DiningOut), amount 36.83",36.83,Cash,Austin,TX
Travel Store 204,"Mobile app payment at Travel Store 204, Travel, 470.67",470.67,Cash,New York,NY
Speedway,Card purchase at Speedway for 113.58 USD (Transport),113.58,Digital Wallet,Miami,FL
Urgent Care Clinic,"POS transaction - Urgent Care Clinic (Healthcare), amount 108.40",108.4,ACH,Ann Arbor,MI
Thrift Store,"Miscellaneous spend at Thrift Store, total 38.65",38.65,ACH,New York,NY
Hair Salon,"POS transaction - Hair Salon (PersonalCare), amount 26.24",26.24,Debit Card,Denver,CO
Entertainment Store 044,Card purchase at Entertainment Store 044 for 82.72 USD (Entertainment),82.72,Cash,New York,NY
Bills Store 002,"Online payment to Bills Store 002 - Bills, 80.68",80.68,Digital Wallet,Denver,CO
Olive Garden,"Online payment to Olive Garden - DiningOut, 6.29",6.29,Digital Wallet,Chicago,IL
Aldi,"POS transaction - Aldi (Groceries), amount 69.54",69.54,ACH,Austin,TX
Entertainment Store 053,Card purchase at Entertainment Store 053 for 5.00 USD (Entertainment),5.0,Digital Wallet,Denver,CO
Entertainment Store 094,Card purchase at Entertainment Store 094 for 25.52 USD (Entertainment),25.52,Credit Card,San Francisco,CA
Miscellaneous Store 200,"Miscellaneous spend at Miscellaneous Store 200, total 20.24",20.24,Debit Card,New York,NY
Miscellaneous Store 195,"POS transaction - Miscellaneous Store 195 (Miscellaneous), amount 25.97",25.97,ACH,Denver,CO
Travel Store 215,"Travel spend at Travel Store 215, total 211.55",211.55,Cash,Austin,TX
Groceries Store 036,"POS transaction - Groceries Store 036 (Groceries), amount 88.35",88.35,ACH,Miami,FL
Subway,"DiningOut spend at Subway, total 28.75",28.75,Digital Wallet,Boston,MA
Amazon,"Online payment to Amazon - Shopping, 5.00",5.0,Cash,Boston,MA
Shopping Store 152,"Mobile app payment at Shopping Store 152, Shopping, 85.87",85.87,Digital Wallet,Boston,MA
Healthcare Store 129,"Online payment to Healthcare Store 129 - Healthcare, 197.26",197.26,Digital Wallet,Chicago,IL
Groceries Store 056,"POS transaction - Groceries Store 056 (Groceries), amount 72.66",72.66,Digital Wallet,San Francisco,CA
Travel Store 174,"Mobile app payment at Travel Store 174, Travel, 5.00",5.0,ACH,Ann Arbor,MI
Transport Store 142,"POS transaction - Transport Store 142 (Transport), amount 23.67",23.67,Debit Card,Denver,CO
PersonalCare Store 093,"POS transaction - PersonalCare Store 093 (PersonalCare), amount 63.38",63.38,Cash,Detroit,MI
Target.com,"Online payment to Target.com - Shopping, 147.66",147.66,Debit Card,New York,NY
Entertainment Store 169,"POS transaction - Entertainment Store 169 (Entertainment), amount 5.00",5.0,Debit Card,Ann Arbor,MI
Entertainment Store 139,"POS transaction - Entertainment Store 139 (Entertainment), amount 73.66",73.66,Cash,Austin,TX
Healthcare Store 116,"Mobile app payment at Healthcare Store 116, Healthcare, 148.24",148.24,Credit Card,Miami,FL
Booking.com,Card purchase at Booking.com for 150.95 USD (Travel),150.95,ACH,Detroit,MI
Travel Store 215,"POS transaction - Travel Store 215 (Travel), amount 585.12",585.12,Digital Wallet,Chicago,IL
Dominos,Card purchase at Dominos for 51.88 USD (DiningOut),51.88,Digital Wallet,Boston,MA
Miscellaneous Store 161,"POS transaction - Miscellaneous Store 161 (Miscellaneous), amount 105.14",105.14,Debit Card,Boston,MA
Hilton Hotels,"Travel spend at Hilton Hotels, total 267.11",267.11,ACH,Ann Arbor,MI
Amtrak,"POS transaction - Amtrak (Transport), amount 26.52",26.52,ACH,Chicago,IL
PersonalCare Store 179,"Online payment to PersonalCare Store 179 - PersonalCare, 53.48",53.48,Digital Wallet,Ann Arbor,MI
Entertainment Store 022,"Online payment to Entertainment Store 022 - Entertainment, 60.61",60.61,Cash,New York,NY
Utilities Store 219,"POS transaction - Utilities Store 219 (Utilities), amount 136.50",136.5,Digital Wallet,Chicago,IL
Shopping Store 152,"Shopping spend at Shopping Store 152, total 61.45",61.45,Credit Card,Detroit,MI
Uber,"Transport spend at Uber, total 24.48",24.48,Debit Card,Boston,MA
Transport Store 032,Card purchase at Transport Store 032 for 5.00 USD (Transport),5.0,ACH,New York,NY
Mortgage Servicer,"Shopping spend at Mortgage Servicer, total 95.62",95.62,Debit Card,New York,NY
DiningOut Store 120,"DiningOut spend at DiningOut Store 120, total 46.43",46.43,Debit Card,Detroit,MI
Entertainment Store 139,Card purchase at Entertainment Store 139 for 32.47 USD (Miscellaneous),32.47,ACH,New York,NY
Entertainment Store 197,"POS transaction - Entertainment Store 197 (Entertainment), amount 71.11",71.11,Cash,Miami,FL
Hulu,Card purchase at Hulu for 53.62 USD (Entertainment),53.62,ACH,Miami,FL
Shopping Store 088,Card purchase at Shopping Store 088 for 5.00 USD (Shopping),5.0,Cash,Denver,CO
DiningOut Store 087,"Online payment to DiningOut Store 087 - DiningOut, 17.48",17.48,Cash,Denver,CO
Travel Store 086,"Travel spend at Travel Store 086, total 353.13",353.13,ACH,San Francisco,CA
Subway,"POS transaction - Subway (DiningOut), amount 36.44",36.44,Digital Wallet,Seattle,WA
Shopping Store 136,"Shopping spend at Shopping Store 136, total 60.75",60.75,Cash,Denver,CO
Steam,"Mobile app payment at Steam, Entertainment, 85.18",85.18,ACH,Chicago,IL
Capital One Card,"Mobile app payment at Capital One Card, Bills, 209.88",209.88,Cash,Denver,CO
Entertainment Store 194,"Entertainment spend at Entertainment Store 194, total 5.00",5.0,ACH,San Francisco,CA
Shopping Store 143,Card purchase at Shopping Store 143 for 92.17 USD (Shopping),92.17,Cash,Chicago,IL
DiningOut Store 041,"POS transaction - DiningOut Store 041 (DiningOut), amount 43.66",43.66,Credit Card,New York,NY
Walgreens,"Online payment to Walgreens - Healthcare, 102.15",102.15,ACH,Ann Arbor,MI
Bills Store 128,"Mobile app payment at Bills Store 128, Bills, 5.00",5.0,Cash,Denver,CO
Travel Store 080,"Online payment to Travel Store 080 - Travel, 27.82",27.82,Cash,Miami,FL
PersonalCare Store 202,Card purchase at PersonalCare Store 202 for 52.96 USD (PersonalCare),52.96,Debit Card,Chicago,IL
Utilities Store 176,Card purchase at Utilities Store 176 for 245.96 USD (Utilities),245.96,Debit Card,Seattle,WA
Bills Store 002,"Groceries spend at Bills Store 002, total 65.40",65.4,Cash,San Francisco,CA
Travel Store 043,"Travel spend at Travel Store 043, total 340.44",340.44,Debit Card,Ann Arbor,MI
Bills Store 101,"Mobile app payment at Bills Store 101, Bills, 187.46",187.46,Credit Card,Ann Arbor,MI
Barber Shop,"POS transaction - Barber Shop (PersonalCare), amount 40.50",40.5,ACH,Seattle,WA
Lowes,"Online payment to Lowes - Shopping, 44.16",44.16,Digital Wallet,Denver,CO
Nail Spa,Card purchase at Nail Spa for 60.30 USD (PersonalCare),60.3,Credit Card,New York,NY
Entertainment Store 053,Card purchase at Entertainment Store 053 for 31.63 USD (Entertainment),31.63,Credit Card,Ann Arbor,MI
Travel Store 191,Card purchase at Travel Store 191 for 206.42 USD (Travel),206.42,Credit Card,Denver,CO
Transport Store 023,"Mobile app payment at Transport Store 023, Transport, 23.90",23.9,Digital Wallet,New York,NY
Groceries Store 170,"Shopping spend at Groceries Store 170, total 111.13",111.13,Debit Card,Austin,TX
PersonalCare Store 146,Card purchase at PersonalCare Store 146 for 123.66 USD (Utilities),123.66,Debit Card,Detroit,MI
Healthcare Store 158,"Mobile app payment at Healthcare Store 158, Education, 198.80",198.8,Credit Card,Seattle,WA
Apple Store,Card purchase at Apple Store for 153.86 USD (Shopping),153.86,Digital Wallet,Miami,FL
Healthcare Store 134,"Mobile app payment at Healthcare Store 134, Healthcare, 169.33",169.33,Cash,Ann Arbor,MI
Travel Store 049,"Travel spend at Travel Store 049, total 88.23",88.23,ACH,Ann Arbor,MI
Shopping Store 136,"Online payment to Shopping Store 136 - Shopping, 5.00",5.0,Credit Card,Austin,TX
Shopping Store 088,"Mobile app payment at Shopping Store 088, Shopping, 81.48",81.48,Cash,Boston,MA
DiningOut Store 133,"Online payment to DiningOut Store 133 - DiningOut, 20.43",20.43,Digital Wallet,Denver,CO
Miscellaneous Store 081,"Mobile app payment at Miscellaneous Store 081, Miscellaneous, 55.70",55.7,Cash,Denver,CO
Transport Store 097,Card purchase at Transport Store 097 for 20.71 USD (Transport),20.71,ACH,Detroit,MI
Local Gift Shop,"Miscellaneous spend at Local Gift Shop, total 47.36",47.36,Debit Card,Chicago,IL
Etsy,"Online payment to Etsy - Miscellaneous, 82.18",82.18,Credit Card,New York,NY
Local Gift Shop,"Mobile app payment at Local Gift Shop, Miscellaneous, 49.25",49.25,Credit Card,Boston,MA
DiningOut Store 133,"POS transaction - DiningOut Store 133 (DiningOut), amount 48.11",48.11,ACH,Boston,MA
Best Buy,"Online payment to Best Buy - DiningOut, 25.12",25.12,Credit Card,New York,NY
Home Depot,Card purchase at Home Depot for 109.27 USD (Shopping),109.27,ACH,San Francisco,CA
Travel Store 059,"Mobile app payment at Travel Store 059, Travel, 275.69",275.69,Digital Wallet,Chicago,IL
DiningOut Store 087,"Mobile app payment at DiningOut Store 087, Miscellaneous, 24.40",24.4,Cash,Austin,TX
Shopping Store 111,"Mobile app payment at Shopping Store 111, Shopping, 14.65",14.65,Digital Wallet,Denver,CO
Bills Store 002,"Mobile app payment at Bills Store 002, Bills, 306.78",306.78,Digital Wallet,Miami,FL
Bills Store 089,Card purchase at Bills Store 089 for 184.91 USD (Bills),184.91,Credit Card,Miami,FL
Costco,"POS transaction - Costco (Groceries), amount 92.89",92.89,ACH,Ann Arbor,MI
Entertainment Store 169,"Shopping spend at Entertainment Store 169, total 20.89",20.89,Credit Card,San Francisco,CA
Groceries Store 117,"Online payment to Groceries Store 117 - Groceries, 39.65",39.65,Cash,Detroit,MI
Travel Store 204,"Mobile app payment at Travel Store 204, Bills, 147.90",147.9,Credit Card,Denver,CO
Healthcare Store 134,"Mobile app payment at Healthcare Store 134, Healthcare, 398.67",398.67,Cash,Austin,TX
Entertainment Store 139,"Mobile app payment at Entertainment Store 139, Entertainment, 67.82",67.82,Credit Card,Chicago,IL
Ulta Beauty,"POS transaction - Ulta Beauty (PersonalCare), amount 65.01",65.01,Credit Card,San Francisco,CA
Bills Store 112,"Bills spend at Bills Store 112, total 107.14",107.14,Cash,San Francisco,CA
Healthcare Store 126,Card purchase at Healthcare Store 126 for 98.33 USD (Groceries),98.33,Digital Wallet,Seattle,WA
Groceries Store 056,"Mobile app payment at Groceries Store 056, Groceries, 75.02",75.02,Cash,San Francisco,CA
Groceries Store 147,Card purchase at Groceries Store 147 for 35.42 USD (Groceries),35.42,Digital Wallet,San Francisco,CA
Utilities Store 165,"Online payment to Utilities Store 165 - Utilities, 91.20",91.2,Cash,Miami,FL
Bills Store 103,"Bills spend at Bills Store 103, total 130.35",130.35,Cash,Miami,FL
Speedway,"Online payment to Speedway - Transport, 49.02",49.02,Credit Card,Detroit,MI
Amazon,"POS transaction - Amazon (Shopping), amount 88.15",88.15,Cash,Seattle,WA
Transport Store 119,"Transport spend at Transport Store 119, total 60.52",60.52,Debit Card,San Francisco,CA
Walgreens,Card purchase at Walgreens for 97.47 USD (Healthcare),97.47,Credit Card,Austin,TX
BP,"Mobile app payment at BP, Transport, 31.38",31.38,Debit Card,Chicago,IL
Utilities Store 082,"Mobile app payment at Utilities Store 082, Utilities, 109.88",109.88,Cash,Austin,TX
Transport Store 078,"Transport spend at Transport Store 078, total 69.89",69.89,Cash,Ann Arbor,MI
Utilities Store 203,Card purchase at Utilities Store 203 for 94.97 USD (Utilities),94.97,Debit Card,Chicago,IL
DiningOut Store 196,"DiningOut spend at DiningOut Store 196, total 40.14",40.14,ACH,Detroit,MI
Publix,"Mobile app payment at Publix, Groceries, 46.27",46.27,Digital Wallet,Austin,TX
Chipotle,"Mobile app payment at Chipotle, DiningOut, 65.45",65.45,Credit Card,Denver,CO
Home Depot,"Shopping spend at Home Depot, total 159.48",159.48,Debit Card,Detroit,MI
Groceries Store 127,"Online payment to Groceries Store 127 - Groceries, 74.33",74.33,Debit Card,San Francisco,CA
Transport Store 189,Card purchase at Transport Store 189 for 5.00 USD (Transport),5.0,ACH,New York,NY
Healthcare Store 113,"Online payment to Healthcare Store 113 - Healthcare, 215.48",215.48,Digital Wallet,Denver,CO
DiningOut Store 182,"Online payment to DiningOut Store 182 - DiningOut, 11.32",11.32,ACH,Seattle,WA
Groceries Store 117,"Groceries spend at Groceries Store 117, total 135.57",135.57,Debit Card,Austin,TX
Amtrak,"Mobile app payment at Amtrak, Bills, 113.17",113.17,Debit Card,Seattle,WA
Home Depot,Card purchase at Home Depot for 59.41 USD (Groceries),59.41,Cash,Austin,TX
Delta Airlines,"Travel spend at Delta Airlines, total 182.66",182.66,Cash,Denver,CO
Utilities Store 124,"POS transaction - Utilities Store 124 (Utilities), amount 122.31",122.31,Debit Card,Ann Arbor,MI
Aldi,"Mobile app payment at Aldi, Groceries, 43.79",43.79,Cash,Seattle,WA
Amtrak,"Online payment to Amtrak - Transport, 19.19",19.19,Digital Wallet,Denver,CO
Miscellaneous Store 145,"Online payment to Miscellaneous Store 145 - Groceries, 65.97",65.97,ACH,Chicago,IL
Chipotle,"POS transaction - Chipotle (DiningOut), amount 35.60",35.6,Digital Wallet,Ann Arbor,MI
Transport Store 023,Card purchase at Transport Store 023 for 36.25 USD (Transport),36.25,ACH,Seattle,WA
Apple Store,"Mobile app payment at Apple Store, Miscellaneous, 5.00",5.0,Cash,Seattle,WA
Costco,"Mobile app payment at Costco, Groceries, 32.98",32.98,Digital Wallet,Miami,FL
Groceries Store 036,"Online payment to Groceries Store 036 - Groceries, 95.53",95.53,Debit Card,Denver,CO
Travel Store 086,Card purchase at Travel Store 086 for 62.76 USD (Transport),62.76,ACH,Denver,CO
Xbox Live,"Online payment to Xbox Live - DiningOut, 39.84",39.84,Credit Card,San Francisco,CA
Amtrak,Card purchase at Amtrak for 87.87 USD (Transport),87.87,Digital Wallet,Detroit,MI
Phone Bill AutoPay,Card purchase at Phone Bill AutoPay for 171.27 USD (Bills),171.27,Cash,Denver,CO
Shopping Store 167,"Mobile app payment at Shopping Store 167, Shopping, 16.72",16.72,Digital Wallet,Seattle,WA
Entertainment Store 197,"Online payment to Entertainment Store 197 - Entertainment, 78.95",78.95,Debit Card,Boston,MA
Healthcare Store 034,Card purchase at Healthcare Store 034 for 104.58 USD (Healthcare),104.58,ACH,Ann Arbor,MI
Nike,"Mobile app payment at Nike, Transport, 9.80",9.8,Digital Wallet,Ann Arbor,MI
Utilities Store 054,"Mobile app payment at Utilities Store 054, Utilities, 198.66",198.66,Credit Card,Ann Arbor,MI
Miscellaneous Store 161,Card purchase at Miscellaneous Store 161 for 57.30 USD (Miscellaneous),57.3,Cash,Miami,FL
AMC Theatres,"POS transaction - AMC Theatres (Entertainment), amount 64.41",64.41,Cash,Denver,CO
Target,"Mobile app payment at Target, Groceries, 132.76",132.76,ACH,Seattle,WA
Entertainment Store 163,Card purchase at Entertainment Store 163 for 68.58 USD (Entertainment),68.58,Debit Card,Chicago,IL
Shopping Store 216,"Mobile app payment at Shopping Store 216, Shopping, 5.00",5.0,Debit Card,New York,NY
DiningOut Store 001,"Online payment to DiningOut Store 001 - DiningOut, 41.04",41.04,Credit Card,Austin,TX
Starbucks,Card purchase at Starbucks for 13.73 USD (DiningOut),13.73,Cash,Seattle,WA
Miscellaneous Store 181,Card purchase at Miscellaneous Store 181 for 39.67 USD (Shopping),39.67,ACH,Seattle,WA
Thrift Store,"Online payment to Thrift Store - Miscellaneous, 5.00",5.0,Credit Card,Seattle,WA
DiningOut Store 172,Card purchase at DiningOut Store 172 for 13.01 USD (DiningOut),13.01,ACH,Chicago,IL
Bills Store 089,"Online payment to Bills Store 089 - Bills, 109.72",109.72,Cash,San Francisco,CA
Healthcare Store 129,"Online payment to Healthcare Store 129 - Healthcare, 19.35",19.35,Digital Wallet,New York,NY
Aldi,"Groceries spend at Aldi, total 124.41",124.41,Cash,Boston,MA
Bookstore Campus,"Online payment to Bookstore Campus - Education, 151.95",151.95,Debit Card,Detroit,MI
Utilities Store 047,"Online payment to Utilities Store 047 - Transport, 45.12",45.12,ACH,Miami,FL
Entertainment Store 022,Card purchase at Entertainment Store 022 for 39.92 USD (Entertainment),39.92,Digital Wallet,San Francisco,CA
Utilities Store 031,"Utilities spend at Utilities Store 031, total 116.86",116.86,Digital Wallet,Austin,TX
DiningOut Store 100,"Mobile app payment at DiningOut Store 100, DiningOut, 12.72",12.72,Digital Wallet,Denver,CO
City Parking Garage,"Transport spend at City Parking Garage, total 42.51",42.51,Debit Card,Seattle,WA
Groceries Store 150,"Mobile app payment at Groceries Store 150, Groceries, 89.75",89.75,Credit Card,Chicago,IL
Utilities Store 004,"POS transaction - Utilities Store 004 (Utilities), amount 141.70",141.7,Credit Card,New York,NY
Craft Store,"Mobile app payment at Craft Store, Miscellaneous, 35.07",35.07,Debit Card,Seattle,WA
Groceries Store 127,"Online payment to Groceries Store 127 - Groceries, 72.92",72.92,Cash,Austin,TX
Healthcare Store 126,"Online payment to Healthcare Store 126 - Healthcare, 129.05",129.05,Digital Wallet,Denver,CO
Travel Store 204,"Mobile app payment at Travel Store 204, Travel, 269.33",269.33,ACH,Austin,TX
Travel Store 174,"Online payment to Travel Store 174 - Travel, 333.44",333.44,Debit Card,Miami,FL
Metro Transit,"Online payment to Metro Transit - Transport, 49.57",49.57,ACH,Detroit,MI
Charity Donation,"Online payment to Charity Donation - Miscellaneous, 68.81",68.81,ACH,Miami,FL
UM-Flint,"Mobile app payment at UM-Flint, Shopping, 218.64",218.64,Digital Wallet,New York,NY
Publix,"Mobile app payment at Publix, Groceries, 90.45",90.45,Digital Wallet,Detroit,MI
Miscellaneous Store 161,"Online payment to Miscellaneous Store 161 - Miscellaneous, 78.18",78.18,Credit Card,San Francisco,CA
Physical Therapy,"Mobile app payment at Physical Therapy, Healthcare, 155.08",155.08,Digital Wallet,San Francisco,CA
Chick-fil-A,"DiningOut spend at Chick-fil-A, total 35.09",35.09,Credit Card,Boston,MA
PersonalCare Store 202,Card purchase at PersonalCare Store 202 for 108.18 USD (PersonalCare),108.18,Cash,Detroit,MI
Charity Donation,"Mobile app payment at Charity Donation, Utilities, 147.90",147.9,Digital Wallet,Seattle,WA
DiningOut Store 198,"Online payment to DiningOut Store 198 - DiningOut, 45.01",45.01,Credit Card,Miami,FL
Healthcare Store 159,"Mobile app payment at Healthcare Store 159, Healthcare, 47.35",47.35,Cash,Austin,TX
Education Store 040,"Mobile app payment at Education Store 040, Education, 454.58",454.58,Debit Card,Chicago,IL
Miscellaneous Store 064,"POS transaction - Miscellaneous Store 064 (Miscellaneous), amount 58.48",58.48,Cash,Detroit,MI
Healthcare Store 132,"Healthcare spend at Healthcare Store 132, total 242.69",242.69,Debit Card,Chicago,IL
Kroger,"POS transaction - Kroger (Groceries), amount 32.60",32.6,Cash,San Francisco,CA
Miscellaneous Store 161,"Miscellaneous spend at Miscellaneous Store 161, total 82.32",82.32,Credit Card,Boston,MA
Uber,"Online payment to Uber - Transport, 41.10",41.1,Cash,Austin,TX
Entertainment Store 044,"Mobile app payment at Entertainment Store 044, Entertainment, 71.50",71.5,Credit Card,New York,NY
Meijer,"Mobile app payment at Meijer, Groceries, 117.70",117.7,Debit Card,Detroit,MI
Verizon,"Utilities spend at Verizon, total 169.50",169.5,Debit Card,San Francisco,CA
Groceries Store 138,"POS transaction - Groceries Store 138 (Groceries), amount 92.15",92.15,Debit Card,Ann Arbor,MI
Lowes,"POS transaction - Lowes (Shopping), amount 66.53",66.53,Debit Card,New York,NY
Phone Bill AutoPay,"Online payment to Phone Bill AutoPay - Bills, 232.36",232.36,ACH,Denver,CO
Walmart,"Online payment to Walmart - Groceries, 135.44",135.44,Credit Card,San Francisco,CA
Trader Joes,"POS transaction - Trader Joes (Groceries), amount 73.68",73.68,Digital Wallet,Boston,MA
Safeway,Card purchase at Safeway for 43.36 USD (Groceries),43.36,Cash,Austin,TX
BP,Card purchase at BP for 30.58 USD (Transport),30.58,Digital Wallet,Denver,CO
Office Supply Store,"Miscellaneous spend at Office Supply Store, total 120.49",120.49,Digital Wallet,Chicago,IL
Travel Store 204,"Online payment to Travel Store 204 - Travel, 391.60",391.6,Credit Card,Ann Arbor,MI
Groceries Store 150,Card purchase at Groceries Store 150 for 80.89 USD (Groceries),80.89,Cash,Miami,FL
Education Store 156,"Online payment to Education Store 156 - Education, 223.25",223.25,Digital Wallet,Boston,MA
Miscellaneous Store 200,"Online payment to Miscellaneous Store 200 - Miscellaneous, 31.92",31.92,Digital Wallet,Detroit,MI
eBay,"POS transaction - eBay (Miscellaneous), amount 56.39",56.39,Credit Card,New York,NY
Bills Store 173,"Online payment to Bills Store 173 - DiningOut, 32.03",32.03,Digital Wallet,New York,NY
Metro Transit,"POS transaction - Metro Transit (Transport), amount 54.68",54.68,Cash,Chicago,IL
Publix,Card purchase at Publix for 82.39 USD (Groceries),82.39,Cash,Miami,FL
Best Buy,"Online payment to Best Buy - Miscellaneous, 48.39",48.39,Digital Wallet,Denver,CO
Spotify,"POS transaction - Spotify (Entertainment), amount 61.61",61.61,Cash,Miami,FL
Groceries Store 170,Card purchase at Groceries Store 170 for 83.96 USD (Groceries),83.96,Debit Card,Seattle,WA
Groceries Store 056,"Groceries spend at Groceries Store 056, total 110.47",110.47,Digital Wallet,New York,NY
Thrift Store,"POS transaction - Thrift Store (Miscellaneous), amount 32.61",32.61,ACH,Detroit,MI
DiningOut Store 187,"Online payment to DiningOut Store 187 - DiningOut, 20.70",20.7,Cash,San Francisco,CA
Miscellaneous Store 046,"Mobile app payment at Miscellaneous Store 046, Miscellaneous, 5.00",5.0,Digital Wallet,San Francisco,CA
PersonalCare Store 202,"POS transaction - PersonalCare Store 202 (Transport), amount 57.51",57.51,Debit Card,Boston,MA
DiningOut Store 171,"DiningOut spend at DiningOut Store 171, total 72.06",72.06,Cash,Miami,FL
Utilities Store 004,Card purchase at Utilities Store 004 for 95.33 USD (Utilities),95.33,Digital Wallet,Denver,CO
Utilities Store 203,"POS transaction - Utilities Store 203 (Utilities), amount 134.93",134.93,Digital Wallet,Miami,FL
Walmart,"Mobile app payment at Walmart, Groceries, 119.29",119.29,Digital Wallet,San Francisco,CA
DiningOut Store 074,"Mobile app payment at DiningOut Store 074, Groceries, 49.88",49.88,Debit Card,Seattle,WA
United Airlines,Card purchase at United Airlines for 34.46 USD (PersonalCare),34.46,Cash,Chicago,IL
DiningOut Store 007,Card purchase at DiningOut Store 007 for 22.75 USD (DiningOut),22.75,Digital Wallet,Ann Arbor,MI
DiningOut Store 178,Card purchase at DiningOut Store 178 for 20.72 USD (DiningOut),20.72,Credit Card,Denver,CO
Entertainment Store 164,"Miscellaneous spend at Entertainment Store 164, total 7.95",7.95,Cash,Detroit,MI
Verizon,"POS transaction - Verizon (Transport), amount 10.65",10.65,Credit Card,Austin,TX
PersonalCare Store 125,"Mobile app payment at PersonalCare Store 125, PersonalCare, 82.28",82.28,Cash,San Francisco,CA
BP,"Transport spend at BP, total 67.19",67.19,Cash,Boston,MA
Bills Store 107,"Bills spend at Bills Store 107, total 138.37",138.37,Cash,New York,NY
DiningOut Store 218,"POS transaction - DiningOut Store 218 (Groceries), amount 98.65",98.65,Cash,New York,NY
Southwest,Card purchase at Southwest for 91.59 USD (Transport),91.59,Debit Card,Miami,FL
DiningOut Store 001,"POS transaction - DiningOut Store 001 (DiningOut), amount 5.00",5.0,Digital Wallet,Austin,TX
Healthcare Store 134,"Online payment to Healthcare Store 134 - Transport, 5.00",5.0,Cash,Boston,MA
DiningOut Store 083,Card purchase at DiningOut Store 083 for 28.55 USD (DiningOut),28.55,Credit Card,Chicago,IL
Trader Joes,Card purchase at Trader Joes for 121.89 USD (Groceries),121.89,Debit Card,New York,NY
Groceries Store 170,Card purchase at Groceries Store 170 for 76.51 USD (Groceries),76.51,Cash,Miami,FL
Comcast,"POS transaction - Comcast (Utilities), amount 98.16",98.16,Cash,Chicago,IL
Bills Store 128,"Mobile app payment at Bills Store 128, Shopping, 77.77",77.77,Digital Wallet,Detroit,MI
Bills Store 207,"Online payment to Bills Store 207 - Bills, 267.65",267.65,Cash,San Francisco,CA
Healthcare Store 132,Card purchase at Healthcare Store 132 for 254.55 USD (Healthcare),254.55,Credit Card,New York,NY
Target,"POS transaction - Target (Groceries), amount 108.08",108.08,Debit Card,San Francisco,CA
DiningOut Store 120,"DiningOut spend at DiningOut Store 120, total 8.90",8.9,Cash,Austin,TX
Shopping Store 077,"Online payment to Shopping Store 077 - Shopping, 83.77",83.77,Debit Card,New York,NY
Shopping Store 209,Card purchase at Shopping Store 209 for 114.33 USD (Shopping),114.33,ACH,Ann Arbor,MI
Groceries Store 150,"Groceries spend at Groceries Store 150, total 93.59",93.59,Cash,Chicago,IL
Travel Store 204,"Travel spend at Travel Store 204, total 275.31",275.31,Digital Wallet,San Francisco,CA
PersonalCare Store 125,"PersonalCare spend at PersonalCare Store 125, total 5.00",5.0,Credit Card,Miami,FL
Etsy,"Transport spend at Etsy, total 29.86",29.86,Debit Card,Austin,TX
Miscellaneous Store 200,"Groceries spend at Miscellaneous Store 200, total 139.46",139.46,Debit Card,Ann Arbor,MI
Olive Garden,"DiningOut spend at Olive Garden, total 32.94",32.94,Credit Card,Detroit,MI
Groceries Store 045,"Mobile app payment at Groceries Store 045, Groceries, 76.79",76.79,Debit Card,Boston,MA
Miscellaneous Store 081,Card purchase at Miscellaneous Store 081 for 41.53 USD (Miscellaneous),41.53,Credit Card,Denver,CO
BP,"Mobile app payment at BP, Transport, 25.87",25.87,Debit Card,Miami,FL
Entertainment Store 022,"Mobile app payment at Entertainment Store 022, Entertainment, 102.08",102.08,Credit Card,Detroit,MI
Education Store 026,"Mobile app payment at Education Store 026, Education, 353.48",353.48,Cash,New York,NY
Bills Store 207,"Mobile app payment at Bills Store 207, Bills, 226.41",226.41,Credit Card,Seattle,WA
Miscellaneous Store 061,"POS transaction - Miscellaneous Store 061 (Miscellaneous), amount 5.00",5.0,ACH,San Francisco,CA
Miscellaneous Store 141,"Online payment to Miscellaneous Store 141 - Miscellaneous, 5.00",5.0,Credit Card,Miami,FL
Groceries Store 150,"Groceries spend at Groceries Store 150, total 86.26",86.26,Debit Card,Ann Arbor,MI
Shopping Store 206,"POS transaction - Shopping Store 206 (Shopping), amount 124.42",124.42,Digital Wallet,New York,NY
Utilities Store 082,"POS transaction - Utilities Store 082 (PersonalCare), amount 48.45",48.45,Cash,Miami,FL
Shopping Store 216,"Shopping spend at Shopping Store 216, total 126.69",126.69,Digital Wallet,San Francisco,CA
Walmart,Card purchase at Walmart for 73.08 USD (Groceries),73.08,ACH,Chicago,IL
DiningOut Store 120,Card purchase at DiningOut Store 120 for 5.00 USD (DiningOut),5.0,Digital Wallet,Austin,TX
DiningOut Store 187,"POS transaction - DiningOut Store 187 (DiningOut), amount 19.26",19.26,Digital Wallet,New York,NY
Farmer Market,Card purchase at Farmer Market for 11.53 USD (Miscellaneous),11.53,Debit Card,Miami,FL
American Airlines,"Online payment to American Airlines - Bills, 97.41",97.41,Credit Card,San Francisco,CA
Transport Store 119,Card purchase at Transport Store 119 for 43.28 USD (Transport),43.28,Cash,Chicago,IL
Shopping Store 152,"Online payment to Shopping Store 152 - Shopping, 5.00",5.0,ACH,Boston,MA
Miscellaneous Store 012,"POS transaction - Miscellaneous Store 012 (Miscellaneous), amount 69.48",69.48,Debit Card,Detroit,MI
Entertainment Store 163,"POS transaction - Entertainment Store 163 (Entertainment), amount 30.29",30.29,Credit Card,Denver,CO
Shell,"Online payment to Shell - Transport, 46.74",46.74,Debit Card,Denver,CO
Groceries Store 104,"Online payment to Groceries Store 104 - Groceries, 109.97",109.97,Debit Card,San Francisco,CA
Travel Store 212,Card purchase at Travel Store 212 for 151.23 USD (Travel),151.23,Digital Wallet,Austin,TX
DiningOut Store 171,"Online payment to DiningOut Store 171 - DiningOut, 5.00",5.0,Cash,New York,NY
Walgreens,"Online payment to Walgreens - Healthcare, 164.95",164.95,Credit Card,Ann Arbor,MI
Groceries Store 117,Card purchase at Groceries Store 117 for 93.98 USD (Groceries),93.98,Digital Wallet,Detroit,MI
Chipotle,"Online payment to Chipotle - Transport, 48.50",48.5,Debit Card,Austin,TX
Shopping Store 096,"Shopping spend at Shopping Store 096, total 176.09",176.09,Debit Card,New York,NY
Safeway,"Mobile app payment at Safeway, Groceries, 139.86",139.86,Cash,Seattle,WA
IKEA,"POS transaction - IKEA (Shopping), amount 199.59",199.59,Credit Card,Ann Arbor,MI
Transport Store 078,Card purchase at Transport Store 078 for 5.00 USD (Transport),5.0,Credit Card,Austin,TX
Travel Store 080,"Mobile app payment at Travel Store 080, Travel, 254.02",254.02,Digital Wallet,New York,NY
Transport Store 097,"POS transaction - Transport Store 097 (Transport), amount 44.81",44.81,Digital Wallet,New York,NY
Groceries Store 056,"Groceries spend at Groceries Store 056, total 114.65",114.65,Cash,Ann Arbor,MI
Groceries Store 217,"POS transaction - Groceries Store 217 (Groceries), amount 125.30",125.3,Debit Card,New York,NY
Healthcare Store 079,"Mobile app payment at Healthcare Store 079, Healthcare, 305.58",305.58,ACH,Detroit,MI
Groceries Store 036,"POS transaction - Groceries Store 036 (Groceries), amount 79.27",79.27,Debit Card,Denver,CO
Shopping Store 136,"Mobile app payment at Shopping Store 136, Shopping, 130.09",130.09,Cash,New York,NY
Healthcare Store 126,"POS transaction - Healthcare Store 126 (Healthcare), amount 221.20",221.2,Credit Card,Denver,CO
Whole Foods,Card purchase at Whole Foods for 54.57 USD (Groceries),54.57,Digital Wallet,Detroit,MI
Shopping Store 152,"POS transaction - Shopping Store 152 (Shopping), amount 5.00",5.0,ACH,Denver,CO
Miscellaneous Store 195,"Miscellaneous spend at Miscellaneous Store 195, total 59.15",59.15,Credit Card,Miami,FL
Groceries Store 150,"POS transaction - Groceries Store 150 (Groceries), amount 28.03",28.03,Cash,Austin,TX
Netflix,"Online payment to Netflix - Entertainment, 94.03",94.03,Digital Wallet,Seattle,WA
Transport Store 078,"Online payment to Transport Store 078 - Transport, 14.64",14.64,ACH,Detroit,MI
KFC,"Online payment to KFC - DiningOut, 61.95",61.95,Credit Card,Boston,MA
Utilities Store 047,"Online payment to Utilities Store 047 - Utilities, 139.93",139.93,Credit Card,Denver,CO
Groceries Store 138,"Online payment to Groceries Store 138 - Groceries, 112.56",112.56,ACH,New York,NY
Bills Store 084,"POS transaction - Bills Store 084 (Bills), amount 257.45",257.45,Digital Wallet,San Francisco,CA
Utilities Store 165,"POS transaction - Utilities Store 165 (Utilities), amount 67.47",67.47,ACH,Chicago,IL
Healthcare Store 180,"Healthcare spend at Healthcare Store 180, total 193.51",193.51,Debit Card,New York,NY
Healthcare Store 017,"Online payment to Healthcare Store 017 - Healthcare, 50.55",50.55,Credit Card,New York,NY
Travel Store 059,"Online payment to Travel Store 059 - Travel, 303.92",303.92,ACH,Austin,TX
DiningOut Store 041,"DiningOut spend at DiningOut Store 041, total 28.95",28.95,ACH,Seattle,WA
Bills Store 213,"POS transaction - Bills Store 213 (Bills), amount 276.73",276.73,Debit Card,Seattle,WA
DiningOut Store 178,"Online payment to DiningOut Store 178 - DiningOut, 27.83",27.83,ACH,Ann Arbor,MI
Kroger,"Mobile app payment at Kroger, Groceries, 65.00",65.0,Credit Card,Detroit,MI
Groceries Store 138,"Online payment to Groceries Store 138 - Groceries, 80.57",80.57,Debit Card,Seattle,WA
Chevron,"Transport spend at Chevron, total 62.17",62.17,ACH,Chicago,IL
Shopping Store 206,"Mobile app payment at Shopping Store 206, Shopping, 142.87",142.87,Cash,Boston,MA
Publix,"Groceries spend at Publix, total 73.07",73.07,ACH,San Francisco,CA
Shopping Store 206,"Mobile app payment at Shopping Store 206, Shopping, 118.35",118.35,Credit Card,Austin,TX
Healthcare Store 134,Card purchase at Healthcare Store 134 for 46.18 USD (Healthcare),46.18,Digital Wallet,Chicago,IL
Utilities Store 205,"POS transaction - Utilities Store 205 (Utilities), amount 150.53",150.53,Cash,Austin,TX
Travel Store 215,"Online payment to Travel Store 215 - Travel, 105.89",105.89,Cash,Miami,FL
DiningOut Store 058,"Online payment to DiningOut Store 058 - DiningOut, 52.69",52.69,Debit Card,Chicago,IL
Travel Store 122,"POS transaction - Travel Store 122 (Travel), amount 213.93",213.93,Digital Wallet,Seattle,WA
Transport Store 102,"POS transaction - Transport Store 102 (Transport), amount 47.99",47.99,Digital Wallet,New York,NY
DiningOut Store 041,"Mobile app payment at DiningOut Store 041, DiningOut, 27.81",27.81,Digital Wallet,Denver,CO
Groceries Store 045,"Groceries spend at Groceries Store 045, total 90.12",90.12,Debit Card,Denver,CO
Chase Credit Card,"Online payment to Chase Credit Card - Bills, 58.34",58.34,Credit Card,New York,NY
Groceries Store 036,Card purchase at Groceries Store 036 for 67.32 USD (Groceries),67.32,Credit Card,San Francisco,CA
Apple Store,"Online payment to Apple Store - Shopping, 10.58",10.58,Credit Card,Seattle,WA
Xbox Live,Card purchase at Xbox Live for 33.19 USD (Entertainment),33.19,Debit Card,Denver,CO
Utilities Store 183,"POS transaction - Utilities Store 183 (Utilities), amount 102.25",102.25,Cash,Ann Arbor,MI
DiningOut Store 058,"Online payment to DiningOut Store 058 - DiningOut, 22.08",22.08,Digital Wallet,Seattle,WA
Home Depot,"PersonalCare spend at Home Depot, total 5.00",5.0,Debit Card,Ann Arbor,MI
Aldi,"Online payment to Aldi - Groceries, 81.02",81.02,ACH,Austin,TX
Utilities Store 203,"POS transaction - Utilities Store 203 (Utilities), amount 109.62",109.62,Debit Card,Detroit,MI
Auto Loan Servicer,"POS transaction - Auto Loan Servicer (Bills), amount 277.84",277.84,Cash,New York,NY
Groceries Store 036,"Mobile app payment at Groceries Store 036, Groceries, 96.31",96.31,Debit Card,Austin,TX
Yoga Studio,"PersonalCare spend at Yoga Studio, total 56.95",56.95,Digital Wallet,Boston,MA
DiningOut Store 172,"Online payment to DiningOut Store 172 - DiningOut, 28.99",28.99,Cash,New York,NY
Groceries Store 104,"Online payment to Groceries Store 104 - Groceries, 69.37",69.37,Debit Card,Chicago,IL
Local Hospital,"Healthcare spend at Local Hospital, total 221.87",221.87,Cash,Miami,FL
Safeway,"Online payment to Safeway - Groceries, 72.72",72.72,ACH,Seattle,WA
Trader Joes,"Groceries spend at Trader Joes, total 105.85",105.85,Debit Card,Detroit,MI
Utilities Store 091,"POS transaction - Utilities Store 091 (Utilities), amount 126.71",126.71,Digital Wallet,Denver,CO
Groceries Store 045,"POS transaction - Groceries Store 045 (Groceries), amount 44.23",44.23,ACH,San Francisco,CA
Subway,"Online payment to Subway - Groceries, 39.67",39.67,Digital Wallet,Austin,TX
Bills Store 016,"Miscellaneous spend at Bills Store 016, total 5.00",5.0,ACH,Boston,MA
Groceries Store 138,"Online payment to Groceries Store 138 - Groceries, 146.95",146.95,Cash,New York,NY
Groceries Store 147,"Online payment to Groceries Store 147 - Groceries, 52.05",52.05,Debit Card,Boston,MA
Costco,"Groceries spend at Costco, total 79.86",79.86,ACH,Ann Arbor,MI
Healthcare Store 132,"POS transaction - Healthcare Store 132 (Bills), amount 201.60",201.6,Digital Wallet,New York,NY
Uber,"Online payment to Uber - Transport, 27.53",27.53,Debit Card,Ann Arbor,MI
Meijer,Card purchase at Meijer for 145.13 USD (Groceries),145.13,Cash,Ann Arbor,MI
PersonalCare Store 151,"Mobile app payment at PersonalCare Store 151, PersonalCare, 5.77",5.77,Debit Card,Chicago,IL
Bills Store 028,"Mobile app payment at Bills Store 028, Entertainment, 32.50",32.5,Digital Wallet,Ann Arbor,MI
Shopping Store 039,"POS transaction - Shopping Store 039 (Shopping), amount 13.89",13.89,ACH,New York,NY
PersonalCare Store 037,"Online payment to PersonalCare Store 037 - PersonalCare, 17.27",17.27,Cash,Detroit,MI
Home Depot,"Mobile app payment at Home Depot, Shopping, 101.38",101.38,Debit Card,Miami,FL
Travel Store 013,"Travel spend at Travel Store 013, total 180.33",180.33,Cash,Ann Arbor,MI
Bills Store 089,"Online payment to Bills Store 089 - Bills, 34.37",34.37,Digital Wallet,Miami,FL
DiningOut Store 171,"POS transaction - DiningOut Store 171 (DiningOut), amount 5.00",5.0,ACH,San Francisco,CA
DiningOut Store 007,Card purchase at DiningOut Store 007 for 13.26 USD (DiningOut),13.26,Credit Card,San Francisco,CA
Groceries Store 138,"Online payment to Groceries Store 138 - Groceries, 86.52",86.52,Cash,Austin,TX
Kroger,"Mobile app payment at Kroger, Groceries, 22.27",22.27,Debit Card,New York,NY
Entertainment Store 094,"Mobile app payment at Entertainment Store 094, Shopping, 110.11",110.11,Credit Card,New York,NY
Trader Joes,"Groceries spend at Trader Joes, total 21.58",21.58,ACH,Denver,CO
Miscellaneous Store 153,"Online payment to Miscellaneous Store 153 - Groceries, 36.25",36.25,Debit Card,New York,NY
Groceries Store 127,"Groceries spend at Groceries Store 127, total 74.44",74.44,Debit Card,Boston,MA
DiningOut Store 157,"Mobile app payment at DiningOut Store 157, DiningOut, 55.42",55.42,ACH,Chicago,IL
PersonalCare Store 151,Card purchase at PersonalCare Store 151 for 5.00 USD (Travel),5.0,Cash,Chicago,IL
Transport Store 009,Card purchase at Transport Store 009 for 33.55 USD (Transport),33.55,ACH,Seattle,WA
DiningOut Store 187,"Mobile app payment at DiningOut Store 187, DiningOut, 5.00",5.0,Debit Card,San Francisco,CA
Travel Store 175,"POS transaction - Travel Store 175 (Utilities), amount 98.33",98.33,Debit Card,Austin,TX
Utilities Store 054,Card purchase at Utilities Store 054 for 124.58 USD (Utilities),124.58,Debit Card,Miami,FL
Groceries Store 104,"Online payment to Groceries Store 104 - Groceries, 84.81",84.81,Cash,Ann Arbor,MI
Adidas,"Shopping spend at Adidas, total 93.42",93.42,Debit Card,San Francisco,CA
Healthcare Store 129,"Mobile app payment at Healthcare Store 129, Healthcare, 274.19",274.19,Cash,San Francisco,CA
Nike,"Online payment to Nike - Shopping, 40.81",40.81,Debit Card,San Francisco,CA
Travel Store 177,"Online payment to Travel Store 177 - Travel, 247.64",247.64,Digital Wallet,Miami,FL
Entertainment Store 063,"Online payment to Entertainment Store 063 - Entertainment, 20.73",20.73,Cash,San Francisco,CA
Bills Store 128,"Mobile app payment at Bills Store 128, Bills, 254.55",254.55,Credit Card,Miami,FL
Southwest,"Mobile app payment at Southwest, Travel, 130.80",130.8,Cash,Ann Arbor,MI
Nail Spa,Card purchase at Nail Spa for 110.20 USD (Shopping),110.2,Debit Card,Ann Arbor,MI
Healthcare Store 029,"POS transaction - Healthcare Store 029 (Shopping), amount 117.79",117.79,Credit Card,Detroit,MI
Transport Store 009,"Online payment to Transport Store 009 - Transport, 5.00",5.0,Digital Wallet,New York,NY
Physical Therapy,"Mobile app payment at Physical Therapy, Healthcare, 130.72",130.72,Digital Wallet,Ann Arbor,MI
Coursera,"Online payment to Coursera - Education, 96.46",96.46,Credit Card,Detroit,MI
DiningOut Store 187,"Mobile app payment at DiningOut Store 187, DiningOut, 20.24",20.24,ACH,Miami,FL
Travel Store 015,"Shopping spend at Travel Store 015, total 21.34",21.34,Cash,San Francisco,CA
Groceries Store 056,"Mobile app payment at Groceries Store 056, Groceries, 43.00",43.0,ACH,Chicago,IL
Groceries Store 069,"Online payment to Groceries Store 069 - Groceries, 105.90",105.9,ACH,Chicago,IL
DiningOut Store 058,"DiningOut spend at DiningOut Store 058, total 38.00",38.0,Cash,Miami,FL
Chase Credit Card,"Mobile app payment at Chase Credit Card, Bills, 79.40",79.4,Digital Wallet,Austin,TX
Bills Store 084,Card purchase at Bills Store 084 for 266.71 USD (Bills),266.71,Credit Card,Ann Arbor,MI
Delta Airlines,"POS transaction - Delta Airlines (Travel), amount 136.45",136.45,Debit Card,Miami,FL
Utilities Store 020,"PersonalCare spend at Utilities Store 020, total 79.50",79.5,Debit Card,Boston,MA
Costco,"POS transaction - Costco (Groceries), amount 35.72",35.72,Cash,Denver,CO
Bills Store 025,"Bills spend at Bills Store 025, total 183.55",183.55,Cash,Miami,FL
Miscellaneous Store 153,"Mobile app payment at Miscellaneous Store 153, Miscellaneous, 30.14",30.14,Debit Card,Seattle,WA
CVS Pharmacy,"Mobile app payment at CVS Pharmacy, Shopping, 101.22",101.22,Digital Wallet,Austin,TX
Physical Therapy,"Healthcare spend at Physical Therapy, total 153.85",153.85,Credit Card,New York,NY
Shopping Store 096,"Online payment to Shopping Store 096 - Shopping, 157.11",157.11,Debit Card,Detroit,MI
Miscellaneous Store 046,"POS transaction - Miscellaneous Store 046 (Miscellaneous), amount 26.53",26.53,Digital Wallet,Detroit,MI
Target,"Groceries spend at Target, total 56.85",56.85,Credit Card,Seattle,WA
Groceries Store 104,"Online payment to Groceries Store 104 - Groceries, 68.00",68.0,Debit Card,Chicago,IL
Travel Store 212,"Mobile app payment at Travel Store 212, Travel, 262.05",262.05,Digital Wallet,Denver,CO
Craft Store,"POS transaction - Craft Store (Miscellaneous), amount 33.40",33.4,Debit Card,Miami,FL
Utilities Store 203,"Utilities spend at Utilities Store 203, total 5.00",5.0,Digital Wallet,Miami,FL
Metro Transit,"Online payment to Metro Transit - Transport, 43.64",43.64,Digital Wallet,Detroit,MI
Walmart.com,"POS transaction - Walmart.com (Shopping), amount 72.43",72.43,Debit Card,Seattle,WA
Transport Store 148,"POS transaction - Transport Store 148 (Transport), amount 13.47",13.47,Credit Card,Chicago,IL
Bills Store 160,Card purchase at Bills Store 160 for 231.07 USD (Bills),231.07,Digital Wallet,Chicago,IL
Bills Store 002,"Online payment to Bills Store 002 - Bills, 336.45",336.45,Credit Card,San Francisco,CA
Groceries Store 217,"Online payment to Groceries Store 217 - Groceries, 65.98",65.98,Digital Wallet,Detroit,MI
Adidas,Card purchase at Adidas for 5.00 USD (Shopping),5.0,Debit Card,Miami,FL
Groceries Store 069,Card purchase at Groceries Store 069 for 89.47 USD (Groceries),89.47,Credit Card,Detroit,MI
Local Gift Shop,"Groceries spend at Local Gift Shop, total 53.51",53.51,ACH,Detroit,MI
Groceries Store 127,"Mobile app payment at Groceries Store 127, Groceries, 47.65",47.65,Credit Card,Miami,FL
Healthcare Store 029,Card purchase at Healthcare Store 029 for 359.71 USD (Healthcare),359.71,Digital Wallet,New York,NY
Walmart.com,"Online payment to Walmart.com - Shopping, 68.03",68.03,ACH,Miami,FL
DiningOut Store 120,"DiningOut spend at DiningOut Store 120, total 64.19",64.19,Credit Card,Chicago,IL
Entertainment Store 188,Card purchase at Entertainment Store 188 for 5.00 USD (Entertainment),5.0,Cash,New York,NY
Dominos,Card purchase at Dominos for 18.03 USD (DiningOut),18.03,ACH,Seattle,WA
Travel Store 013,Card purchase at Travel Store 013 for 535.26 USD (Travel),535.26,Credit Card,Miami,FL
PersonalCare Store 067,"PersonalCare spend at PersonalCare Store 067, total 33.35",33.35,Cash,Miami,FL
Groceries Store 150,"Mobile app payment at Groceries Store 150, Groceries, 37.87",37.87,ACH,Ann Arbor,MI
Shopping Store 136,"POS transaction - Shopping Store 136 (Shopping), amount 123.26",123.26,Digital Wallet,San Francisco,CA
Education Store 193,"Education spend at Education Store 193, total 481.68",481.68,Cash,Seattle,WA
Groceries Store 138,"Online payment to Groceries Store 138 - Groceries, 120.82",120.82,Debit Card,Detroit,MI
Healthcare Store 057,"POS transaction - Healthcare Store 057 (Healthcare), amount 61.68",61.68,Cash,Seattle,WA
Groceries Store 150,"Groceries spend at Groceries Store 150, total 5.00",5.0,Debit Card,Ann Arbor,MI
Bills Store 050,"Mobile app payment at Bills Store 050, Bills, 283.44",283.44,Digital Wallet,Austin,TX
Transport Store 032,"Mobile app payment at Transport Store 032, Transport, 63.63",63.63,ACH,New York,NY
Bills Store 038,Card purchase at Bills Store 038 for 163.97 USD (Bills),163.97,ACH,San Francisco,CA
Publix,Card purchase at Publix for 45.30 USD (Groceries),45.3,ACH,Detroit,MI
Entertainment Store 139,"Online payment to Entertainment Store 139 - Entertainment, 62.14",62.14,Digital Wallet,Denver,CO
DiningOut Store 041,"Online payment to DiningOut Store 041 - DiningOut, 5.00",5.0,ACH,Ann Arbor,MI
Healthcare Store 129,Card purchase at Healthcare Store 129 for 55.87 USD (Transport),55.87,ACH,Austin,TX
Utilities Store 186,Card purchase at Utilities Store 186 for 194.33 USD (Utilities),194.33,Cash,Miami,FL
Bills Store 149,"Mobile app payment at Bills Store 149, Bills, 44.18",44.18,Credit Card,Chicago,IL
Education Store 040,"Online payment to Education Store 040 - Education, 223.74",223.74,Cash,Denver,CO
Target,"Online payment to Target - Groceries, 44.40",44.4,ACH,San Francisco,CA
BP,"Online payment to BP - Transport, 73.76",73.76,ACH,San Francisco,CA
Speedway,"POS transaction - Speedway (Transport), amount 53.71",53.71,Cash,Boston,MA
Optometry Center,"POS transaction - Optometry Center (Bills), amount 75.41",75.41,Cash,Boston,MA
PersonalCare Store 037,"Online payment to PersonalCare Store 037 - PersonalCare, 50.91",50.91,Credit Card,Chicago,IL
Dominos,"Mobile app payment at Dominos, DiningOut, 39.87",39.87,Credit Card,Ann Arbor,MI
Bills Store 042,"Online payment to Bills Store 042 - Bills, 217.33",217.33,Digital Wallet,Ann Arbor,MI
Yoga Studio,"PersonalCare spend at Yoga Studio, total 11.61",11.61,ACH,New York,NY
Bills Store 160,"Online payment to Bills Store 160 - Bills, 227.65",227.65,Credit Card,New York,NY
Shopping Store 066,Card purchase at Shopping Store 066 for 5.00 USD (Miscellaneous),5.0,Cash,Chicago,IL
Pizza Hut,"Mobile app payment at Pizza Hut, DiningOut, 30.94",30.94,Debit Card,Boston,MA
Miscellaneous Store 046,"Shopping spend at Miscellaneous Store 046, total 30.63",30.63,Credit Card,Boston,MA
Lyft Airport,"POS transaction - Lyft Airport (Groceries), amount 130.97",130.97,Digital Wallet,Miami,FL
Healthcare Store 132,"Online payment to Healthcare Store 132 - Healthcare, 259.66",259.66,Credit Card,Seattle,WA
Spotify,Card purchase at Spotify for 5.00 USD (Entertainment),5.0,Debit Card,Chicago,IL
Bills Store 050,"POS transaction - Bills Store 050 (Bills), amount 166.27",166.27,Digital Wallet,Miami,FL
Gas Utility,"Utilities spend at Gas Utility, total 159.51",159.51,Debit Card,Austin,TX
BlueCross,"Mobile app payment at BlueCross, Healthcare, 239.92",239.92,Cash,Miami,FL
Nike,Card purchase at Nike for 36.67 USD (Shopping),36.67,Digital Wallet,Denver,CO
DiningOut Store 133,"Mobile app payment at DiningOut Store 133, DiningOut, 33.57",33.57,Cash,Detroit,MI
Charity Donation,"Mobile app payment at Charity Donation, Miscellaneous, 47.39",47.39,Cash,Miami,FL
Miscellaneous Store 153,"Mobile app payment at Miscellaneous Store 153, Miscellaneous, 19.37",19.37,Credit Card,San Francisco,CA
Mortgage Servicer,"Online payment to Mortgage Servicer - Bills, 296.15",296.15,Digital Wallet,Ann Arbor,MI
Safeway,"Groceries spend at Safeway, total 56.10",56.1,ACH,Denver,CO
Aldi,"Mobile app payment at Aldi, Groceries, 192.37",192.37,Digital Wallet,Chicago,IL
Rite Aid,"POS transaction - Rite Aid (Miscellaneous), amount 58.13",58.13,Credit Card,Miami,FL
Bills Store 160,"Online payment to Bills Store 160 - Bills, 142.59",142.59,Credit Card,Ann Arbor,MI
Shopping Store 152,"Shopping spend at Shopping Store 152, total 179.55",179.55,ACH,Seattle,WA
Bills Store 038,"PersonalCare spend at Bills Store 038, total 52.66",52.66,ACH,Detroit,MI
Hair Salon,"Mobile app payment at Hair Salon, PersonalCare, 35.44",35.44,Debit Card,San Francisco,CA
Aldi,"POS transaction - Aldi (Groceries), amount 48.07",48.07,Credit Card,New York,NY
Entertainment Store 063,Card purchase at Entertainment Store 063 for 34.48 USD (Entertainment),34.48,Debit Card,Miami,FL
Transport Store 052,"Mobile app payment at Transport Store 052, Transport, 15.81",15.81,Cash,Denver,CO
Consumers Energy,Card purchase at Consumers Energy for 69.80 USD (Utilities),69.8,ACH,Austin,TX
Travel Store 191,"Online payment to Travel Store 191 - Groceries, 65.26",65.26,Credit Card,Ann Arbor,MI
DiningOut Store 033,"DiningOut spend at DiningOut Store 033, total 36.47",36.47,Digital Wallet,New York,NY
Amazon,"Shopping spend at Amazon, total 145.61",145.61,Digital Wallet,Miami,FL
Shopping Store 111,"Groceries spend at Shopping Store 111, total 94.27",94.27,Debit Card,New York,NY
Shopping Store 211,Card purchase at Shopping Store 211 for 86.39 USD (Shopping),86.39,Credit Card,Denver,CO
Auto Loan Servicer,"POS transaction - Auto Loan Servicer (Bills), amount 216.64",216.64,Debit Card,Denver,CO
Amazon,Card purchase at Amazon for 158.06 USD (Shopping),158.06,ACH,New York,NY
Transport Store 023,"Transport spend at Transport Store 023, total 92.88",92.88,Credit Card,Denver,CO
Costco,"POS transaction - Costco (Groceries), amount 21.61",21.61,Credit Card,Seattle,WA
Healthcare Store 129,"Online payment to Healthcare Store 129 - Groceries, 49.19",49.19,ACH,Austin,TX
Utilities Store 055,"Mobile app payment at Utilities Store 055, Utilities, 158.37",158.37,Debit Card,San Francisco,CA
Entertainment Store 188,"POS transaction - Entertainment Store 188 (Entertainment), amount 39.98",39.98,Digital Wallet,New York,NY
Comcast,Card purchase at Comcast for 61.81 USD (Groceries),61.81,ACH,New York,NY
Transport Store 102,"Online payment to Transport Store 102 - Utilities, 32.51",32.51,Digital Wallet,Denver,CO
Groceries Store 150,"Mobile app payment at Groceries Store 150, Groceries, 47.56",47.56,Debit Card,Ann Arbor,MI
American Airlines,"POS transaction - American Airlines (Travel), amount 392.45",392.45,Credit Card,Austin,TX
Utilities Store 054,"Online payment to Utilities Store 054 - Utilities, 90.15",90.15,Debit Card,Chicago,IL
Healthcare Store 132,"Online payment to Healthcare Store 132 - Healthcare, 226.58",226.58,Cash,Boston,MA
Charity Donation,"Miscellaneous spend at Charity Donation, total 42.24",42.24,Cash,Boston,MA
Healthcare Store 021,Card purchase at Healthcare Store 021 for 165.03 USD (Healthcare),165.03,Digital Wallet,New York,NY
Physical Therapy,"Online payment to Physical Therapy - Healthcare, 160.53",160.53,ACH,San Francisco,CA
Shopping Store 077,"Mobile app payment at Shopping Store 077, Shopping, 39.16",39.16,Cash,San Francisco,CA
Trader Joes,"Groceries spend at Trader Joes, total 48.85",48.85,Cash,Seattle,WA
Utilities Store 054,"POS transaction - Utilities Store 054 (Bills), amount 187.41",187.41,Cash,Chicago,IL
Spectrum,"Mobile app payment at Spectrum, Utilities, 100.47",100.47,Debit Card,Boston,MA
Shopping Store 039,Card purchase at Shopping Store 039 for 5.00 USD (Shopping),5.0,Cash,Boston,MA
Chick-fil-A,"DiningOut spend at Chick-fil-A, total 45.22",45.22,ACH,New York,NY
Local Gift Shop,Card purchase at Local Gift Shop for 16.46 USD (Miscellaneous),16.46,Cash,San Francisco,CA
Entertainment Store 022,"POS transaction - Entertainment Store 022 (Entertainment), amount 73.46",73.46,ACH,Miami,FL
Transport Store 009,"Transport spend at Transport Store 009, total 67.73",67.73,Digital Wallet,Denver,CO
Physical Therapy,"Mobile app payment at Physical Therapy, DiningOut, 40.77",40.77,ACH,San Francisco,CA
Utilities Store 155,"POS transaction - Utilities Store 155 (Utilities), amount 121.42",121.42,Debit Card,Seattle,WA
Groceries Store 104,"Online payment to Groceries Store 104 - Groceries, 46.27",46.27,Debit Card,San Francisco,CA
Ulta Beauty,Card purchase at Ulta Beauty for 29.31 USD (PersonalCare),29.31,Debit Card,San Francisco,CA
Entertainment Store 065,"Mobile app payment at Entertainment Store 065, Entertainment, 68.77",68.77,ACH,New York,NY
Transport Store 142,"Transport spend at Transport Store 142, total 93.57",93.57,Credit Card,New York,NY
Bills Store 112,"Mobile app payment at Bills Store 112, Bills, 137.84",137.84,ACH,Boston,MA
Healthcare Store 017,Card purchase at Healthcare Store 017 for 142.06 USD (Healthcare),142.06,Cash,Boston,MA
Healthcare Store 021,"Online payment to Healthcare Store 021 - Healthcare, 263.48",263.48,Credit Card,San Francisco,CA
Transport Store 052,"Transport spend at Transport Store 052, total 75.21",75.21,Credit Card,Austin,TX
Utilities Store 020,"Online payment to Utilities Store 020 - Shopping, 5.00",5.0,Digital Wallet,San Francisco,CA
DiningOut Store 172,"POS transaction - DiningOut Store 172 (DiningOut), amount 21.60",21.6,Digital Wallet,Ann Arbor,MI
Bookstore Campus,"Mobile app payment at Bookstore Campus, Education, 185.13",185.13,ACH,Miami,FL
Publix,"Groceries spend at Publix, total 106.23",106.23,Digital Wallet,Detroit,MI
Shopping Store 190,"Shopping spend at Shopping Store 190, total 95.82",95.82,ACH,Detroit,MI
Lyft Airport,"POS transaction - Lyft Airport (Travel), amount 255.82",255.82,Digital Wallet,Seattle,WA
Lowes,"Online payment to Lowes - Shopping, 35.11",35.11,Cash,Detroit,MI
Entertainment Store 139,"POS transaction - Entertainment Store 139 (Entertainment), amount 62.65",62.65,Cash,New York,NY
Groceries Store 104,"Groceries spend at Groceries Store 104, total 24.94",24.94,Cash,Miami,FL
Miscellaneous Store 153,Card purchase at Miscellaneous Store 153 for 5.00 USD (Miscellaneous),5.0,Digital Wallet,Denver,CO
Southwest,"POS transaction - Southwest (Travel), amount 5.00",5.0,ACH,Chicago,IL
Verizon,"Mobile app payment at Verizon, Utilities, 97.41",97.41,ACH,Denver,CO
Transport Store 032,"Mobile app payment at Transport Store 032, Transport, 26.20",26.2,Digital Wallet,Miami,FL
DiningOut Store 033,"Online payment to DiningOut Store 033 - DiningOut, 44.91",44.91,Debit Card,Miami,FL
Groceries Store 138,"Online payment to Groceries Store 138 - Groceries, 144.54",144.54,Digital Wallet,Chicago,IL
Pizza Hut,"POS transaction - Pizza Hut (DiningOut), amount 29.06",29.06,Digital Wallet,Detroit,MI
DisneyPlus,"POS transaction - DisneyPlus (DiningOut), amount 32.95",32.95,Digital Wallet,Chicago,IL
Consumers Energy,"Online payment to Consumers Energy - Utilities, 126.17",126.17,ACH,Ann Arbor,MI
Bills Store 028,Card purchase at Bills Store 028 for 153.09 USD (Bills),153.09,Credit Card,Detroit,MI
Bills Store 016,"Bills spend at Bills Store 016, total 477.78",477.78,Debit Card,New York,NY
Groceries Store 127,"Groceries spend at Groceries Store 127, total 80.02",80.02,Debit Card,Detroit,MI
Healthcare Store 180,"Entertainment spend at Healthcare Store 180, total 49.61",49.61,ACH,Detroit,MI
Entertainment Store 201,"Online payment to Entertainment Store 201 - Entertainment, 5.00",5.0,Digital Wallet,Miami,FL
Entertainment Store 094,"POS transaction - Entertainment Store 094 (Entertainment), amount 82.81",82.81,Digital Wallet,New York,NY
Transport Store 078,Card purchase at Transport Store 078 for 49.09 USD (Transport),49.09,Credit Card,Denver,CO
Kroger,"Mobile app payment at Kroger, Groceries, 35.51",35.51,Digital Wallet,Seattle,WA
Adidas,"Online payment to Adidas - Shopping, 46.49",46.49,Credit Card,New York,NY
Shopping Store 039,"Online payment to Shopping Store 039 - Shopping, 158.54",158.54,Digital Wallet,Boston,MA
Healthcare Store 115,"Online payment to Healthcare Store 115 - Shopping, 65.45",65.45,Debit Card,Boston,MA
Pet Store,"POS transaction - Pet Store (Miscellaneous), amount 64.77",64.77,Cash,Miami,FL
Exxon,"Transport spend at Exxon, total 40.90",40.9,Debit Card,Ann Arbor,MI
Healthcare Store 113,Card purchase at Healthcare Store 113 for 59.27 USD (Healthcare),59.27,Digital Wallet,Miami,FL
Transport Store 023,"Mobile app payment at Transport Store 023, Transport, 50.38",50.38,Cash,Denver,CO
Groceries Store 138,"Mobile app payment at Groceries Store 138, Groceries, 102.72",102.72,ACH,Boston,MA
Travel Store 184,"POS transaction - Travel Store 184 (Travel), amount 156.03",156.03,Debit Card,Boston,MA
Transport Store 189,"POS transaction - Transport Store 189 (Transport), amount 23.12",23.12,ACH,Chicago,IL
Udemy,"POS transaction - Udemy (Shopping), amount 125.56",125.56,Debit Card,San Francisco,CA
Office Supply Store,"POS transaction - Office Supply Store (Groceries), amount 57.62",57.62,ACH,Austin,TX
Target,"Mobile app payment at Target, Groceries, 118.08",118.08,Digital Wallet,Ann Arbor,MI
Bills Store 002,"Online payment to Bills Store 002 - Bills, 87.90",87.9,ACH,Denver,CO
Amazon,Card purchase at Amazon for 82.57 USD (Shopping),82.57,Debit Card,Ann Arbor,MI
DiningOut Store 033,"Mobile app payment at DiningOut Store 033, DiningOut, 16.16",16.16,Credit Card,Austin,TX
Bills Store 213,Card purchase at Bills Store 213 for 5.00 USD (Utilities),5.0,ACH,Chicago,IL
Online Course Platform,"Mobile app payment at Online Course Platform, Bills, 179.37",179.37,ACH,Boston,MA
Groceries Store 045,"POS transaction - Groceries Store 045 (Groceries), amount 47.85",47.85,ACH,Detroit,MI
Utilities Store 185,"Utilities spend at Utilities Store 185, total 6.35",6.35,ACH,Denver,CO
Miscellaneous Store 181,"Miscellaneous spend at Miscellaneous Store 181, total 70.41",70.41,Cash,Boston,MA
Spectrum,"POS transaction - Spectrum (Utilities), amount 116.59",116.59,Debit Card,Detroit,MI
Dental Clinic,"Online payment to Dental Clinic - Healthcare, 213.91",213.91,Digital Wallet,Ann Arbor,MI
Shopping Store 167,Card purchase at Shopping Store 167 for 45.45 USD (Shopping),45.45,Credit Card,Denver,CO
Thrift Store,"Mobile app payment at Thrift Store, Miscellaneous, 36.84",36.84,Debit Card,Detroit,MI
Travel Store 008,"Mobile app payment at Travel Store 008, Travel, 63.45",63.45,Digital Wallet,Seattle,WA
Transport Store 189,"Transport spend at Transport Store 189, total 13.26",13.26,Credit Card,New York,NY
Costco,"Groceries spend at Costco, total 107.86",107.86,ACH,Chicago,IL
Travel Store 110,Card purchase at Travel Store 110 for 307.26 USD (Travel),307.26,Digital Wallet,Seattle,WA
Aldi,"Mobile app payment at Aldi, Groceries, 94.92",94.92,Debit Card,New York,NY
Nike,"Online payment to Nike - Shopping, 107.18",107.18,Digital Wallet,Ann Arbor,MI
Entertainment Store 063,"Mobile app payment at Entertainment Store 063, Entertainment, 45.73",45.73,Debit Card,Boston,MA
DiningOut Store 157,Card purchase at DiningOut Store 157 for 37.79 USD (DiningOut),37.79,Cash,Detroit,MI
Meijer,"POS transaction - Meijer (Shopping), amount 181.74",181.74,Cash,Chicago,IL
Utilities Store 186,"Utilities spend at Utilities Store 186, total 115.87",115.87,Digital Wallet,Miami,FL
Groceries Store 036,"Groceries spend at Groceries Store 036, total 75.75",75.75,Digital Wallet,Ann Arbor,MI
Shopping Store 136,"POS transaction - Shopping Store 136 (Shopping), amount 197.10",197.1,ACH,Miami,FL
Shopping Store 206,"Online payment to Shopping Store 206 - Utilities, 77.94",77.94,Credit Card,Denver,CO
DiningOut Store 178,"Mobile app payment at DiningOut Store 178, DiningOut, 38.29",38.29,ACH,New York,NY
Shopping Store 096,"Shopping spend at Shopping Store 096, total 86.61",86.61,Debit Card,Denver,CO
Transport Store 072,"POS transaction - Transport Store 072 (Transport), amount 8.17",8.17,Debit Card,Austin,TX
Travel Store 122,"Travel spend at Travel Store 122, total 81.19",81.19,ACH,Denver,CO
Chevron,"POS transaction - Chevron (Transport), amount 87.88",87.88,Digital Wallet,San Francisco,CA
Transport Store 168,"Mobile app payment at Transport Store 168, Transport, 46.45",46.45,Digital Wallet,Miami,FL
Walmart.com,"Online payment to Walmart.com - Shopping, 47.51",47.51,Debit Card,Chicago,IL
Aldi,"POS transaction - Aldi (Groceries), amount 112.49",112.49,Credit Card,Denver,CO
Transport Store 072,Card purchase at Transport Store 072 for 65.97 USD (Transport),65.97,Credit Card,Seattle,WA
Education Store 040,"Education spend at Education Store 040, total 271.84",271.84,Debit Card,San Francisco,CA
Bills Store 092,"Mobile app payment at Bills Store 092, Bills, 125.55",125.55,Digital Wallet,Chicago,IL
Sephora,Card purchase at Sephora for 10.43 USD (Shopping),10.43,Credit Card,Seattle,WA
Utilities Store 073,"POS transaction - Utilities Store 073 (Utilities), amount 140.28",140.28,ACH,Ann Arbor,MI
Transport Store 009,Card purchase at Transport Store 009 for 75.52 USD (Utilities),75.52,ACH,Boston,MA
Whole Foods,"Groceries spend at Whole Foods, total 80.73",80.73,Debit Card,Austin,TX
Transport Store 142,Card purchase at Transport Store 142 for 56.66 USD (Transport),56.66,ACH,Miami,FL
DisneyPlus,"Mobile app payment at DisneyPlus, Entertainment, 44.13",44.13,Digital Wallet,Denver,CO
Bills Store 042,"Bills spend at Bills Store 042, total 156.21",156.21,Credit Card,Austin,TX
Water Utility,"Online payment to Water Utility - Utilities, 110.28",110.28,Credit Card,Austin,TX
Pet Store,"Online payment to Pet Store - Miscellaneous, 39.74",39.74,Debit Card,Boston,MA
Dominos,"POS transaction - Dominos (DiningOut), amount 5.00",5.0,Credit Card,Miami,FL
Healthcare Store 180,"Online payment to Healthcare Store 180 - DiningOut, 37.03",37.03,Debit Card,Denver,CO
Miscellaneous Store 081,Card purchase at Miscellaneous Store 081 for 26.44 USD (Miscellaneous),26.44,Cash,New York,NY
Safeway,"Mobile app payment at Safeway, Groceries, 127.12",127.12,Digital Wallet,Detroit,MI
Lowes,"Online payment to Lowes - Shopping, 44.66",44.66,ACH,Chicago,IL
Transport Store 072,Card purchase at Transport Store 072 for 6.65 USD (Transport),6.65,Cash,Austin,TX
Entertainment Store 063,"Online payment to Entertainment Store 063 - Entertainment, 47.09",47.09,Cash,Seattle,WA
Utilities Store 114,Card purchase at Utilities Store 114 for 63.50 USD (Utilities),63.5,Cash,Ann Arbor,MI
DiningOut Store 172,"POS transaction - DiningOut Store 172 (DiningOut), amount 9.67",9.67,Digital Wallet,New York,NY
Shopping Store 039,"Mobile app payment at Shopping Store 039, Shopping, 117.08",117.08,Digital Wallet,Detroit,MI
Groceries Store 069,"Groceries spend at Groceries Store 069, total 76.60",76.6,ACH,Boston,MA
Groceries Store 045,"Mobile app payment at Groceries Store 045, Utilities, 98.58",98.58,Credit Card,Chicago,IL
PersonalCare Store 067,"PersonalCare spend at PersonalCare Store 067, total 28.45",28.45,Digital Wallet,Chicago,IL
Travel Store 215,Card purchase at Travel Store 215 for 342.91 USD (Travel),342.91,ACH,Denver,CO
Bills Store 210,"POS transaction - Bills Store 210 (Groceries), amount 141.62",141.62,Credit Card,Austin,TX
Entertainment Store 199,"Entertainment spend at Entertainment Store 199, total 10.53",10.53,Digital Wallet,Detroit,MI
Healthcare Store 057,"POS transaction - Healthcare Store 057 (Healthcare), amount 122.83",122.83,ACH,San Francisco,CA
Chevron,"POS transaction - Chevron (Transport), amount 34.65",34.65,Debit Card,San Francisco,CA
DiningOut Store 058,"Online payment to DiningOut Store 058 - DiningOut, 53.38",53.38,Digital Wallet,Boston,MA
Miscellaneous Store 081,"POS transaction - Miscellaneous Store 081 (Miscellaneous), amount 94.05",94.05,Credit Card,Seattle,WA
DisneyPlus,"POS transaction - DisneyPlus (Entertainment), amount 48.81",48.81,ACH,Seattle,WA
eBay,"Mobile app payment at eBay, Miscellaneous, 5.00",5.0,Cash,Boston,MA
Miscellaneous Store 012,"Mobile app payment at Miscellaneous Store 012, Miscellaneous, 90.44",90.44,Debit Card,Chicago,IL
Lowes,"POS transaction - Lowes (Shopping), amount 5.00",5.0,Digital Wallet,Austin,TX
Kroger,"Mobile app payment at Kroger, Groceries, 127.47",127.47,Cash,Detroit,MI
Miscellaneous Store 153,"Mobile app payment at Miscellaneous Store 153, Miscellaneous, 63.73",63.73,Cash,New York,NY
Groceries Store 217,"POS transaction - Groceries Store 217 (Groceries), amount 113.27",113.27,ACH,Denver,CO
DiningOut Store 133,"Mobile app payment at DiningOut Store 133, Shopping, 117.44",117.44,Cash,Miami,FL
Student Loan Servicer,"Online payment to Student Loan Servicer - Bills, 60.86",60.86,Debit Card,Denver,CO
BP,Card purchase at BP for 22.01 USD (Transport),22.01,Digital Wallet,Seattle,WA
BlueCross,"Online payment to BlueCross - Healthcare, 311.43",311.43,Digital Wallet,Chicago,IL
Pet Store,"Miscellaneous spend at Pet Store, total 99.98",99.98,Credit Card,Detroit,MI
DiningOut Store 196,"Mobile app payment at DiningOut Store 196, Shopping, 207.47",207.47,Cash,Austin,TX
Olive Garden,"DiningOut spend at Olive Garden, total 23.48",23.48,Cash,New York,NY
Student Loan Servicer,"Bills spend at Student Loan Servicer, total 156.32",156.32,Debit Card,Detroit,MI
DiningOut Store 178,"Mobile app payment at DiningOut Store 178, DiningOut, 18.71",18.71,Digital Wallet,New York,NY
Bills Store 050,"POS transaction - Bills Store 050 (Bills), amount 74.69",74.69,Digital Wallet,Chicago,IL
Shopping Store 136,"Mobile app payment at Shopping Store 136, Shopping, 14.89",14.89,Digital Wallet,Ann Arbor,MI
Mortgage Servicer,Card purchase at Mortgage Servicer for 176.90 USD (Bills),176.9,Debit Card,Miami,FL
Healthcare Store 011,"POS transaction - Healthcare Store 011 (Healthcare), amount 116.49",116.49,Digital Wallet,Seattle,WA
Municipal Utilities,"Mobile app payment at Municipal Utilities, Utilities, 100.89",100.89,Credit Card,Miami,FL
Subway,Card purchase at Subway for 38.74 USD (DiningOut),38.74,Cash,Seattle,WA
DisneyPlus,"Mobile app payment at DisneyPlus, Entertainment, 29.35",29.35,ACH,San Francisco,CA
Bills Store 106,"Mobile app payment at Bills Store 106, Bills, 136.44",136.44,Digital Wallet,Denver,CO
Education Store 099,"Online payment to Education Store 099 - Education, 77.58",77.58,Debit Card,Austin,TX
Healthcare Store 131,"POS transaction - Healthcare Store 131 (Healthcare), amount 45.47",45.47,Credit Card,Austin,TX
Chick-fil-A,"POS transaction - Chick-fil-A (Education), amount 314.84",314.84,Cash,Denver,CO
DiningOut Store 033,"Mobile app payment at DiningOut Store 033, DiningOut, 5.00",5.0,ACH,Miami,FL
Groceries Store 056,"Mobile app payment at Groceries Store 056, Groceries, 150.74",150.74,ACH,Seattle,WA
Miscellaneous Store 064,"Mobile app payment at Miscellaneous Store 064, Miscellaneous, 104.69",104.69,ACH,Austin,TX
Chick-fil-A,"POS transaction - Chick-fil-A (DiningOut), amount 69.53",69.53,Cash,Boston,MA
Entertainment Store 063,"Entertainment spend at Entertainment Store 063, total 57.06",57.06,Digital Wallet,Boston,MA
Entertainment Store 144,"Online payment to Entertainment Store 144 - Groceries, 129.59",129.59,Debit Card,Detroit,MI
Dominos,"DiningOut spend at Dominos, total 5.00",5.0,Digital Wallet,New York,NY
Nail Spa,Card purchase at Nail Spa for 12.51 USD (PersonalCare),12.51,Credit Card,Ann Arbor,MI
Apple Store,Card purchase at Apple Store for 30.78 USD (Shopping),30.78,Credit Card,Boston,MA
DiningOut Store 218,"Mobile app payment at DiningOut Store 218, DiningOut, 18.89",18.89,Digital Wallet,New York,NY
Netflix,"Online payment to Netflix - Entertainment, 62.30",62.3,Debit Card,Chicago,IL
Entertainment Store 053,"Mobile app payment at Entertainment Store 053, Entertainment, 66.10",66.1,Debit Card,Chicago,IL
Travel Store 122,Card purchase at Travel Store 122 for 132.83 USD (Travel),132.83,ACH,Seattle,WA
Entertainment Store 163,Card purchase at Entertainment Store 163 for 40.99 USD (Entertainment),40.99,Digital Wallet,Detroit,MI
Transport Store 168,"Online payment to Transport Store 168 - Transport, 57.99",57.99,Digital Wallet,Seattle,WA
Family Doctor,"Online payment to Family Doctor - Travel, 101.67",101.67,Digital Wallet,San Francisco,CA
Trader Joes,"Groceries spend at Trader Joes, total 73.74",73.74,Debit Card,San Francisco,CA
Miscellaneous Store 195,"POS transaction - Miscellaneous Store 195 (Miscellaneous), amount 23.00",23.0,Debit Card,Austin,TX
Groceries Store 150,"Online payment to Groceries Store 150 - Groceries, 99.54",99.54,Digital Wallet,New York,NY
Groceries Store 217,"Mobile app payment at Groceries Store 217, Miscellaneous, 40.00",40.0,Credit Card,San Francisco,CA
Publix,"POS transaction - Publix (Groceries), amount 117.17",117.17,ACH,New York,NY
Travel Store 059,"POS transaction - Travel Store 059 (Travel), amount 127.18",127.18,Digital Wallet,Ann Arbor,MI
Walmart,"Mobile app payment at Walmart, Groceries, 21.51",21.51,Debit Card,San Francisco,CA
KFC,Card purchase at KFC for 13.22 USD (DiningOut),13.22,Digital Wallet,New York,NY
Utilities Store 140,"Utilities spend at Utilities Store 140, total 113.22",113.22,Digital Wallet,New York,NY
Shopping Store 096,"Mobile app payment at Shopping Store 096, Shopping, 245.86",245.86,Cash,Boston,MA
Entertainment Store 144,"Online payment to Entertainment Store 144 - Transport, 41.57",41.57,Cash,Detroit,MI
Utilities Store 031,"Utilities spend at Utilities Store 031, total 25.30",25.3,ACH,Detroit,MI
Groceries Store 150,"POS transaction - Groceries Store 150 (Groceries), amount 62.70",62.7,Credit Card,New York,NY
Entertainment Store 063,"Entertainment spend at Entertainment Store 063, total 31.24",31.24,Debit Card,Chicago,IL
Healthcare Store 017,Card purchase at Healthcare Store 017 for 32.00 USD (Healthcare),32.0,Credit Card,Seattle,WA
Lyft,"Transport spend at Lyft, total 61.60",61.6,Digital Wallet,Detroit,MI
Shopping Store 211,Card purchase at Shopping Store 211 for 62.29 USD (Shopping),62.29,Digital Wallet,Denver,CO
AMC Theatres,"Online payment to AMC Theatres - Entertainment, 5.00",5.0,Cash,Miami,FL
DiningOut Store 187,"POS transaction - DiningOut Store 187 (DiningOut), amount 24.49",24.49,Digital Wallet,Miami,FL
Pizza Hut,"DiningOut spend at Pizza Hut, total 48.94",48.94,Cash,Chicago,IL
DiningOut Store 018,"Online payment to DiningOut Store 018 - DiningOut, 5.00",5.0,ACH,Austin,TX
Shell,"POS transaction - Shell (Transport), amount 64.67",64.67,Debit Card,Chicago,IL
Groceries Store 147,"Mobile app payment at Groceries Store 147, Groceries, 141.19",141.19,Cash,New York,NY
Entertainment Store 068,Card purchase at Entertainment Store 068 for 63.88 USD (Entertainment),63.88,Cash,Ann Arbor,MI
Healthcare Store 159,Card purchase at Healthcare Store 159 for 268.87 USD (Healthcare),268.87,ACH,San Francisco,CA
Transport Store 168,"Mobile app payment at Transport Store 168, Transport, 31.86",31.86,ACH,New York,NY
Entertainment Store 065,"POS transaction - Entertainment Store 065 (Utilities), amount 96.66",96.66,ACH,Miami,FL
DiningOut Store 074,Card purchase at DiningOut Store 074 for 21.77 USD (DiningOut),21.77,ACH,Detroit,MI
Miscellaneous Store 141,"POS transaction - Miscellaneous Store 141 (Miscellaneous), amount 24.25",24.25,Credit Card,Chicago,IL
Groceries Store 138,"Mobile app payment at Groceries Store 138, Groceries, 107.29",107.29,Debit Card,Ann Arbor,MI
Uber Airport,"Mobile app payment at Uber Airport, Travel, 420.23",420.23,ACH,Ann Arbor,MI
Entertainment Store 065,Card purchase at Entertainment Store 065 for 32.04 USD (Entertainment),32.04,Debit Card,Miami,FL
Utilities Store 205,"Online payment to Utilities Store 205 - Utilities, 129.21",129.21,Credit Card,Austin,TX
Groceries Store 150,"Online payment to Groceries Store 150 - Groceries, 74.59",74.59,Credit Card,Boston,MA
AMC Theatres,"Mobile app payment at AMC Theatres, Entertainment, 106.51",106.51,Debit Card,Denver,CO
Lowes,"POS transaction - Lowes (Shopping), amount 104.16",104.16,Cash,New York,NY
Walmart,Card purchase at Walmart for 84.62 USD (Groceries),84.62,Digital Wallet,New York,NY
PersonalCare Store 019,"Mobile app payment at PersonalCare Store 019, PersonalCare, 36.52",36.52,Digital Wallet,New York,NY
Shopping Store 143,"Mobile app payment at Shopping Store 143, Shopping, 74.90",74.9,Cash,Austin,TX
Internet Bill AutoPay,"Mobile app payment at Internet Bill AutoPay, Bills, 274.58",274.58,Cash,New York,NY
Groceries Store 104,"Online payment to Groceries Store 104 - Groceries, 110.35",110.35,Cash,San Francisco,CA
Safeway,"Online payment to Safeway - Groceries, 12.73",12.73,Digital Wallet,Detroit,MI
Discover Card,"Mobile app payment at Discover Card, Bills, 134.45",134.45,Cash,Ann Arbor,MI
Utilities Store 055,"Mobile app payment at Utilities Store 055, Utilities, 98.53",98.53,ACH,Denver,CO
Meijer,Card purchase at Meijer for 73.64 USD (Groceries),73.64,Debit Card,Detroit,MI
PersonalCare Store 093,Card purchase at PersonalCare Store 093 for 25.78 USD (PersonalCare),25.78,ACH,Chicago,IL
Panera Bread,"POS transaction - Panera Bread (DiningOut), amount 42.78",42.78,ACH,Miami,FL
Target,"POS transaction - Target (Entertainment), amount 60.37",60.37,ACH,Boston,MA
DiningOut Store 178,Card purchase at DiningOut Store 178 for 56.03 USD (DiningOut),56.03,Cash,New York,NY
Education Store 130,"POS transaction - Education Store 130 (DiningOut), amount 56.63",56.63,ACH,Ann Arbor,MI
Education Store 193,"Education spend at Education Store 193, total 268.62",268.62,Cash,Miami,FL
Groceries Store 104,"Online payment to Groceries Store 104 - Groceries, 46.37",46.37,Debit Card,Chicago,IL
Kroger,Card purchase at Kroger for 42.32 USD (Groceries),42.32,Digital Wallet,Miami,FL
Panera Bread,"POS transaction - Panera Bread (DiningOut), amount 17.67",17.67,ACH,Seattle,WA
Bills Store 084,"Online payment to Bills Store 084 - Bills, 116.67",116.67,Cash,Detroit,MI
Transport Store 097,"Transport spend at Transport Store 097, total 58.67",58.67,Cash,Chicago,IL
Costco,"Groceries spend at Costco, total 112.01",112.01,Cash,San Francisco,CA
Shopping Store 209,Card purchase at Shopping Store 209 for 7.54 USD (Shopping),7.54,Cash,Miami,FL
Groceries Store 147,Card purchase at Groceries Store 147 for 174.71 USD (Groceries),174.71,Cash,Ann Arbor,MI
Utilities Store 124,Card purchase at Utilities Store 124 for 63.47 USD (Utilities),63.47,Debit Card,San Francisco,CA
Lyft Airport,"Mobile app payment at Lyft Airport, Travel, 422.38",422.38,Credit Card,Chicago,IL
Shopping Store 088,"POS transaction - Shopping Store 088 (Shopping), amount 79.30",79.3,Digital Wallet,Austin,TX
Massage Envy,"Mobile app payment at Massage Envy, DiningOut, 6.60",6.6,ACH,Chicago,IL
Panera Bread,"Mobile app payment at Panera Bread, DiningOut, 38.81",38.81,Cash,Miami,FL
Miscellaneous Store 145,"Mobile app payment at Miscellaneous Store 145, Miscellaneous, 6.90",6.9,Cash,Boston,MA
Utilities Store 165,"Mobile app payment at Utilities Store 165, Utilities, 39.90",39.9,Debit Card,Austin,TX
Utilities Store 076,"Utilities spend at Utilities Store 076, total 165.64",165.64,Digital Wallet,Miami,FL
Entertainment Store 053,"Mobile app payment at Entertainment Store 053, Entertainment, 55.51",55.51,Digital Wallet,Seattle,WA
DiningOut Store 120,"Online payment to DiningOut Store 120 - DiningOut, 56.61",56.61,Digital Wallet,Chicago,IL
Travel Store 110,"POS transaction - Travel Store 110 (Travel), amount 274.17",274.17,Debit Card,Miami,FL
Utilities Store 185,"Mobile app payment at Utilities Store 185, Utilities, 135.01",135.01,Digital Wallet,Seattle,WA
Bills Store 084,Card purchase at Bills Store 084 for 40.16 USD (Entertainment),40.16,Cash,Boston,MA
Water Utility,Card purchase at Water Utility for 255.30 USD (Utilities),255.3,Debit Card,Seattle,WA
Travel Store 086,"Travel spend at Travel Store 086, total 5.00",5.0,ACH,Ann Arbor,MI
Transport Store 168,"Transport spend at Transport Store 168, total 69.74",69.74,Cash,Boston,MA
Nike,Card purchase at Nike for 41.79 USD (Transport),41.79,ACH,San Francisco,CA
Utilities Store 165,"Online payment to Utilities Store 165 - Utilities, 109.34",109.34,Debit Card,Miami,FL
Meijer,"Groceries spend at Meijer, total 21.64",21.64,Digital Wallet,New York,NY
DiningOut Store 178,"DiningOut spend at DiningOut Store 178, total 24.65",24.65,Digital Wallet,San Francisco,CA
Ulta Beauty,"Online payment to Ulta Beauty - PersonalCare, 8.67",8.67,Cash,Miami,FL
Pizza Hut,"POS transaction - Pizza Hut (DiningOut), amount 31.71",31.71,Credit Card,Denver,CO
UM-Flint,"Mobile app payment at UM-Flint, Education, 295.42",295.42,ACH,Chicago,IL
DiningOut Store 058,Card purchase at DiningOut Store 058 for 53.83 USD (DiningOut),53.83,Digital Wallet,Boston,MA
DiningOut Store 218,"POS transaction - DiningOut Store 218 (DiningOut), amount 25.64",25.64,Credit Card,San Francisco,CA
Shopping Store 143,"POS transaction - Shopping Store 143 (Shopping), amount 154.45",154.45,Digital Wallet,Ann Arbor,MI
Groceries Store 217,"Mobile app payment at Groceries Store 217, Groceries, 11.58",11.58,Credit Card,Chicago,IL
Utilities Store 155,"Utilities spend at Utilities Store 155, total 94.75",94.75,Digital Wallet,New York,NY
Groceries Store 036,"POS transaction - Groceries Store 036 (Groceries), amount 46.74",46.74,Credit Card,Austin,TX
Vitamin Shoppe,"PersonalCare spend at Vitamin Shoppe, total 5.00",5.0,Debit Card,Seattle,WA
Chick-fil-A,Card purchase at Chick-fil-A for 21.51 USD (DiningOut),21.51,Debit Card,Ann Arbor,MI
PersonalCare Store 220,"POS transaction - PersonalCare Store 220 (PersonalCare), amount 40.49",40.49,Credit Card,Miami,FL
DiningOut Store 198,"DiningOut spend at DiningOut Store 198, total 16.79",16.79,Digital Wallet,Detroit,MI
Spotify,Card purchase at Spotify for 5.00 USD (Entertainment),5.0,Cash,San Francisco,CA
Education Store 137,"Online payment to Education Store 137 - Education, 128.73",128.73,Cash,San Francisco,CA
Groceries Store 036,"POS transaction - Groceries Store 036 (Groceries), amount 32.81",32.81,Digital Wallet,Seattle,WA
Groceries Store 138,"Online payment to Groceries Store 138 - Groceries, 118.39",118.39,Digital Wallet,Miami,FL
DiningOut Store 120,"Online payment to DiningOut Store 120 - DiningOut, 20.11",20.11,ACH,Denver,CO
Mortgage Servicer,"POS transaction - Mortgage Servicer (Bills), amount 162.41",162.41,Digital Wallet,San Francisco,CA
DiningOut Store 087,"DiningOut spend at DiningOut Store 087, total 28.00",28.0,Digital Wallet,Detroit,MI
Bills Store 160,Card purchase at Bills Store 160 for 25.60 USD (Bills),25.6,Digital Wallet,New York,NY
KFC,"POS transaction - KFC (DiningOut), amount 5.00",5.0,ACH,Chicago,IL
Groceries Store 127,"Mobile app payment at Groceries Store 127, Groceries, 121.32",121.32,Credit Card,San Francisco,CA
Coursera,"POS transaction - Coursera (Education), amount 346.10",346.1,Debit Card,Chicago,IL
Walmart,"Mobile app payment at Walmart, Groceries, 69.56",69.56,Digital Wallet,San Francisco,CA
Speedway,"POS transaction - Speedway (Transport), amount 57.13",57.13,Digital Wallet,Ann Arbor,MI
PersonalCare Store 220,"Online payment to PersonalCare Store 220 - PersonalCare, 48.06",48.06,Credit Card,Ann Arbor,MI
Shopping Store 088,Card purchase at Shopping Store 088 for 189.44 USD (Shopping),189.44,Digital Wallet,Austin,TX
Bills Store 092,"Mobile app payment at Bills Store 092, Bills, 214.53",214.53,Credit Card,Ann Arbor,MI
Xbox Live,"Mobile app payment at Xbox Live, Education, 169.85",169.85,Digital Wallet,Seattle,WA
PersonalCare Store 220,Card purchase at PersonalCare Store 220 for 98.21 USD (PersonalCare),98.21,Debit Card,Miami,FL
Education Store 123,Card purchase at Education Store 123 for 302.23 USD (Bills),302.23,Digital Wallet,New York,NY
Steam,"POS transaction - Steam (Entertainment), amount 39.94",39.94,Cash,Denver,CO
Shopping Store 088,"Online payment to Shopping Store 088 - Shopping, 177.23",177.23,Cash,Austin,TX
DiningOut Store 100,"Online payment to DiningOut Store 100 - DiningOut, 52.44",52.44,Cash,Ann Arbor,MI
Utilities Store 186,"POS transaction - Utilities Store 186 (Shopping), amount 47.54",47.54,Digital Wallet,Denver,CO
DiningOut Store 100,"Mobile app payment at DiningOut Store 100, DiningOut, 36.86",36.86,Digital Wallet,New York,NY
Utilities Store 031,"POS transaction - Utilities Store 031 (Utilities), amount 106.35",106.35,Credit Card,Chicago,IL
Safeway,"Online payment to Safeway - Groceries, 130.49",130.49,Digital Wallet,Austin,TX
Education Store 085,Card purchase at Education Store 085 for 195.84 USD (Education),195.84,ACH,Miami,FL
Miscellaneous Store 153,"Online payment to Miscellaneous Store 153 - Bills, 354.59",354.59,ACH,Boston,MA
Transport Store 189,"Online payment to Transport Store 189 - Transport, 30.68",30.68,Cash,Denver,CO
Steam,"Entertainment spend at Steam, total 7.93",7.93,Cash,Denver,CO
Walmart,"Mobile app payment at Walmart, Groceries, 39.42",39.42,Debit Card,Denver,CO
Southwest,"Travel spend at Southwest, total 52.53",52.53,Debit Card,Seattle,WA
Steam,"Groceries spend at Steam, total 38.86",38.86,Cash,Ann Arbor,MI
Speedway,Card purchase at Speedway for 45.32 USD (Transport),45.32,Digital Wallet,Miami,FL
DiningOut Store 118,Card purchase at DiningOut Store 118 for 44.00 USD (DiningOut),44.0,Cash,Boston,MA
Verizon,"Mobile app payment at Verizon, Utilities, 209.61",209.61,Debit Card,Detroit,MI
Healthcare Store 131,Card purchase at Healthcare Store 131 for 71.07 USD (Healthcare),71.07,ACH,Ann Arbor,MI
Utilities Store 186,Card purchase at Utilities Store 186 for 169.85 USD (Utilities),169.85,Debit Card,Chicago,IL
Chick-fil-A,"DiningOut spend at Chick-fil-A, total 66.16",66.16,Cash,Denver,CO
Ulta Beauty,"Mobile app payment at Ulta Beauty, PersonalCare, 50.98",50.98,Credit Card,Boston,MA
Urgent Care Clinic,"Healthcare spend at Urgent Care Clinic, total 122.27",122.27,Digital Wallet,Miami,FL
Transport Store 148,"POS transaction - Transport Store 148 (Transport), amount 19.71",19.71,Credit Card,Boston,MA
Bills Store 089,"POS transaction - Bills Store 089 (Bills), amount 158.10",158.1,Cash,San Francisco,CA
Auto Loan Servicer,"POS transaction - Auto Loan Servicer (Bills), amount 184.11",184.11,Digital Wallet,Chicago,IL
Utilities Store 076,"Utilities spend at Utilities Store 076, total 142.44",142.44,Digital Wallet,Miami,FL
Transport Store 032,"POS transaction - Transport Store 032 (Transport), amount 40.75",40.75,Debit Card,San Francisco,CA
Bills Store 089,"Online payment to Bills Store 089 - Bills, 167.96",167.96,Debit Card,Miami,FL
Miscellaneous Store 141,Card purchase at Miscellaneous Store 141 for 18.96 USD (Miscellaneous),18.96,Debit Card,Denver,CO
Education Store 026,Card purchase at Education Store 026 for 260.85 USD (Education),260.85,Debit Card,Denver,CO
Xbox Live,Card purchase at Xbox Live for 25.16 USD (DiningOut),25.16,ACH,Ann Arbor,MI
Shopping Store 111,Card purchase at Shopping Store 111 for 72.92 USD (Shopping),72.92,Cash,Boston,MA
Groceries Store 147,"Mobile app payment at Groceries Store 147, Groceries, 71.54",71.54,Credit Card,Seattle,WA
Groceries Store 056,"Mobile app payment at Groceries Store 056, Groceries, 116.73",116.73,Credit Card,Seattle,WA
Municipal Utilities,"Mobile app payment at Municipal Utilities, Utilities, 44.19",44.19,Credit Card,Boston,MA
Utilities Store 005,"Mobile app payment at Utilities Store 005, Utilities, 143.15",143.15,Credit Card,New York,NY
DiningOut Store 087,"Online payment to DiningOut Store 087 - DiningOut, 61.41",61.41,Debit Card,Miami,FL
Amazon,"Mobile app payment at Amazon, Shopping, 24.09",24.09,Credit Card,Miami,FL
United Airlines,"POS transaction - United Airlines (Travel), amount 61.66",61.66,ACH,Boston,MA
Travel Store 212,"Online payment to Travel Store 212 - Travel, 205.65",205.65,Digital Wallet,Denver,CO
Shopping Store 088,Card purchase at Shopping Store 088 for 71.19 USD (Shopping),71.19,Credit Card,Austin,TX
Shopping Store 209,"POS transaction - Shopping Store 209 (Shopping), amount 75.68",75.68,Credit Card,Denver,CO
DiningOut Store 133,"POS transaction - DiningOut Store 133 (DiningOut), amount 5.00",5.0,Debit Card,Austin,TX
Hulu,"Entertainment spend at Hulu, total 49.99",49.99,Debit Card,New York,NY
Phone Bill AutoPay,"Online payment to Phone Bill AutoPay - Bills, 201.36",201.36,Cash,Detroit,MI
DiningOut Store 010,"POS transaction - DiningOut Store 010 (DiningOut), amount 17.98",17.98,Digital Wallet,Boston,MA
DiningOut Store 058,"Online payment to DiningOut Store 058 - DiningOut, 8.01",8.01,Digital Wallet,Boston,MA
Home Depot,"Mobile app payment at Home Depot, Shopping, 5.00",5.0,Cash,Seattle,WA
Travel Store 015,"POS transaction - Travel Store 015 (Education), amount 92.51",92.51,Digital Wallet,Ann Arbor,MI
Utilities Store 030,"Utilities spend at Utilities Store 030, total 129.28",129.28,Debit Card,Seattle,WA
Netflix,"Online payment to Netflix - Entertainment, 30.35",30.35,Digital Wallet,San Francisco,CA
PersonalCare Store 037,"POS transaction - PersonalCare Store 037 (PersonalCare), amount 5.00",5.0,Credit Card,Boston,MA
DiningOut Store 033,"Online payment to DiningOut Store 033 - DiningOut, 42.74",42.74,Debit Card,Denver,CO
Healthcare Store 079,"Online payment to Healthcare Store 079 - Healthcare, 155.82",155.82,Debit Card,Denver,CO
Shopping Store 216,"Bills spend at Shopping Store 216, total 175.51",175.51,Cash,Boston,MA
Target.com,Card purchase at Target.com for 136.49 USD (Shopping),136.49,Digital Wallet,Detroit,MI
GNC,"Online payment to GNC - PersonalCare, 35.87",35.87,Digital Wallet,New York,NY
Groceries Store 217,"Online payment to Groceries Store 217 - Groceries, 51.14",51.14,Cash,Ann Arbor,MI
Kroger,"Groceries spend at Kroger, total 8.73",8.73,Debit Card,San Francisco,CA
Kroger,"Mobile app payment at Kroger, Groceries, 114.76",114.76,Credit Card,Chicago,IL
Entertainment Store 094,"Entertainment spend at Entertainment Store 094, total 26.18",26.18,Debit Card,Detroit,MI
Whole Foods,Card purchase at Whole Foods for 40.17 USD (Groceries),40.17,Digital Wallet,Denver,CO
Entertainment Store 068,"POS transaction - Entertainment Store 068 (Travel), amount 139.09",139.09,Cash,Boston,MA
Meijer,Card purchase at Meijer for 70.87 USD (Groceries),70.87,Credit Card,San Francisco,CA
Groceries Store 127,"Groceries spend at Groceries Store 127, total 141.22",141.22,Cash,Ann Arbor,MI
DiningOut Store 074,"Online payment to DiningOut Store 074 - DiningOut, 64.10",64.1,ACH,Seattle,WA
Shell,"POS transaction - Shell (Transport), amount 45.07",45.07,Cash,Ann Arbor,MI
Urgent Care Clinic,"Mobile app payment at Urgent Care Clinic, Healthcare, 213.85",213.85,Cash,New York,NY
DiningOut Store 083,"DiningOut spend at DiningOut Store 083, total 38.31",38.31,Debit Card,Denver,CO
Travel Store 110,"Online payment to Travel Store 110 - Travel, 165.07",165.07,Credit Card,Detroit,MI
Shopping Store 167,"Shopping spend at Shopping Store 167, total 192.48",192.48,ACH,San Francisco,CA
Groceries Store 147,Card purchase at Groceries Store 147 for 8.65 USD (Groceries),8.65,ACH,Chicago,IL
Transport Store 052,"POS transaction - Transport Store 052 (Transport), amount 69.78",69.78,Debit Card,Austin,TX
Groceries Store 170,"Groceries spend at Groceries Store 170, total 92.06",92.06,ACH,Chicago,IL
Southwest,"Travel spend at Southwest, total 404.85",404.85,Digital Wallet,Detroit,MI
GNC,"PersonalCare spend at GNC, total 77.45",77.45,Digital Wallet,San Francisco,CA
Miscellaneous Store 064,"Online payment to Miscellaneous Store 064 - Miscellaneous, 55.30",55.3,Cash,Denver,CO
Utilities Store 114,"Online payment to Utilities Store 114 - Utilities, 122.67",122.67,Debit Card,Detroit,MI
Bills Store 038,Card purchase at Bills Store 038 for 262.38 USD (Bills),262.38,Cash,San Francisco,CA
Entertainment Store 139,Card purchase at Entertainment Store 139 for 13.00 USD (Entertainment),13.0,ACH,Chicago,IL
Etsy,"Miscellaneous spend at Etsy, total 39.10",39.1,Digital Wallet,Seattle,WA
Booking.com,"Mobile app payment at Booking.com, Travel, 328.16",328.16,Credit Card,Ann Arbor,MI
McDonalds,"Travel spend at McDonalds, total 345.94",345.94,Credit Card,New York,NY
Groceries Store 170,"Online payment to Groceries Store 170 - Groceries, 5.00",5.0,Digital Wallet,Miami,FL
Bills Store 084,"Entertainment spend at Bills Store 084, total 100.98",100.98,Credit Card,Austin,TX
Transport Store 102,Card purchase at Transport Store 102 for 10.61 USD (Transport),10.61,Cash,Chicago,IL
Education Store 108,Card purchase at Education Store 108 for 63.97 USD (Groceries),63.97,Debit Card,New York,NY
DiningOut Store 018,"Mobile app payment at DiningOut Store 018, DiningOut, 56.62",56.62,Cash,Austin,TX
Trader Joes,"Mobile app payment at Trader Joes, Groceries, 66.96",66.96,ACH,Detroit,MI
Best Buy,"POS transaction - Best Buy (Shopping), amount 133.60",133.6,Digital Wallet,Denver,CO
Travel Store 059,"POS transaction - Travel Store 059 (Travel), amount 535.92",535.92,Digital Wallet,Boston,MA
KFC,"DiningOut spend at KFC, total 42.29",42.29,ACH,Denver,CO
Healthcare Store 079,"Healthcare spend at Healthcare Store 079, total 276.55",276.55,Digital Wallet,Detroit,MI
Entertainment Store 044,"Entertainment spend at Entertainment Store 044, total 20.58",20.58,Credit Card,Denver,CO
Groceries Store 150,"Mobile app payment at Groceries Store 150, Groceries, 5.00",5.0,Cash,San Francisco,CA
DiningOut Store 058,"Online payment to DiningOut Store 058 - DiningOut, 17.33",17.33,Credit Card,Chicago,IL
Travel Store 043,"Mobile app payment at Travel Store 043, Travel, 41.74",41.74,ACH,Chicago,IL
Pizza Hut,"Online payment to Pizza Hut - DiningOut, 33.44",33.44,Credit Card,Chicago,IL
IKEA,"POS transaction - IKEA (Shopping), amount 81.87",81.87,Cash,Detroit,MI
Healthcare Store 079,Card purchase at Healthcare Store 079 for 142.07 USD (Healthcare),142.07,Credit Card,Austin,TX
Kroger,"Groceries spend at Kroger, total 63.60",63.6,Debit Card,Ann Arbor,MI
Utilities Store 214,"Online payment to Utilities Store 214 - Utilities, 75.30",75.3,ACH,San Francisco,CA
Utilities Store 219,"Online payment to Utilities Store 219 - Entertainment, 62.43",62.43,Digital Wallet,Boston,MA
Optometry Center,"Mobile app payment at Optometry Center, Healthcare, 152.72",152.72,Credit Card,Austin,TX
Bills Store 210,"POS transaction - Bills Store 210 (Bills), amount 302.43",302.43,ACH,New York,NY
Costco,"Groceries spend at Costco, total 61.29",61.29,Digital Wallet,New York,NY
Groceries Store 217,"Mobile app payment at Groceries Store 217, Groceries, 5.00",5.0,Digital Wallet,Miami,FL
Bills Store 105,"Online payment to Bills Store 105 - Bills, 294.97",294.97,Credit Card,Ann Arbor,MI
Shopping Store 216,Card purchase at Shopping Store 216 for 152.93 USD (Shopping),152.93,Digital Wallet,Ann Arbor,MI
IKEA,"Online payment to IKEA - Shopping, 10.98",10.98,ACH,Seattle,WA
BP,"POS transaction - BP (Transport), amount 51.44",51.44,Debit Card,Boston,MA
Groceries Store 117,"POS transaction - Groceries Store 117 (Groceries), amount 67.49",67.49,Debit Card,New York,NY
Walmart,"POS transaction - Walmart (Groceries), amount 58.82",58.82,Cash,New York,NY
Kroger,Card purchase at Kroger for 66.51 USD (Groceries),66.51,Digital Wallet,Boston,MA
Shopping Store 088,"Online payment to Shopping Store 088 - Shopping, 48.55",48.55,Credit Card,Boston,MA
Utilities Store 121,"POS transaction - Utilities Store 121 (Utilities), amount 228.27",228.27,Debit Card,Boston,MA
Healthcare Store 115,"Healthcare spend at Healthcare Store 115, total 216.97",216.97,Debit Card,Chicago,IL
Bills Store 135,"Mobile app payment at Bills Store 135, Bills, 149.99",149.99,Cash,New York,NY
Publix,"POS transaction - Publix (Groceries), amount 77.49",77.49,Credit Card,Chicago,IL
McDonalds,"Online payment to McDonalds - DiningOut, 22.71",22.71,Debit Card,New York,NY
Utilities Store 176,"Mobile app payment at Utilities Store 176, Utilities, 191.09",191.09,Digital Wallet,San Francisco,CA
Entertainment Store 068,"POS transaction - Entertainment Store 068 (Entertainment), amount 5.12",5.12,Cash,Chicago,IL
Shopping Store 111,Card purchase at Shopping Store 111 for 58.29 USD (Shopping),58.29,Digital Wallet,Chicago,IL
Miscellaneous Store 046,"POS transaction - Miscellaneous Store 046 (Miscellaneous), amount 35.22",35.22,ACH,Denver,CO
Healthcare Store 113,Card purchase at Healthcare Store 113 for 220.21 USD (Healthcare),220.21,Digital Wallet,Miami,FL
Groceries Store 147,"POS transaction - Groceries Store 147 (Groceries), amount 24.42",24.42,Debit Card,Detroit,MI
UM-Flint,"Online payment to UM-Flint - Education, 14.36",14.36,Cash,New York,NY
Chick-fil-A,"Mobile app payment at Chick-fil-A, DiningOut, 49.74",49.74,Debit Card,Seattle,WA
Ulta Beauty,"PersonalCare spend at Ulta Beauty, total 31.46",31.46,Cash,Austin,TX
DiningOut Store 196,"Mobile app payment at DiningOut Store 196, DiningOut, 31.25",31.25,ACH,Denver,CO
Groceries Store 104,"POS transaction - Groceries Store 104 (PersonalCare), amount 77.80",77.8,Digital Wallet,Austin,TX
Groceries Store 056,"Groceries spend at Groceries Store 056, total 114.83",114.83,Credit Card,Miami,FL
Groceries Store 217,"Online payment to Groceries Store 217 - Groceries, 124.81",124.81,Credit Card,San Francisco,CA
Miscellaneous Store 141,"Mobile app payment at Miscellaneous Store 141, Miscellaneous, 65.44",65.44,ACH,Austin,TX
Groceries Store 036,"POS transaction - Groceries Store 036 (Groceries), amount 53.95",53.95,Debit Card,Denver,CO
Entertainment Store 027,"Entertainment spend at Entertainment Store 027, total 28.75",28.75,Digital Wallet,Austin,TX
DiningOut Store 010,"Mobile app payment at DiningOut Store 010, DiningOut, 51.65",51.65,Credit Card,San Francisco,CA
Groceries Store 138,"POS transaction - Groceries Store 138 (Groceries), amount 85.85",85.85,Digital Wallet,Detroit,MI
Shopping Store 211,"Mobile app payment at Shopping Store 211, Shopping, 22.71",22.71,Debit Card,Ann Arbor,MI
Transport Store 009,"Mobile app payment at Transport Store 009, Transport, 45.78",45.78,ACH,Chicago,IL
Hair Salon,"Online payment to Hair Salon - PersonalCare, 24.22",24.22,Cash,Ann Arbor,MI
Etsy,"POS transaction - Etsy (Bills), amount 64.64",64.64,Cash,Seattle,WA
Utilities Store 176,"Online payment to Utilities Store 176 - Transport, 21.25",21.25,Digital Wallet,Seattle,WA
DiningOut Store 182,Card purchase at DiningOut Store 182 for 5.00 USD (DiningOut),5.0,Cash,Detroit,MI
Education Store 192,"Online payment to Education Store 192 - Education, 321.77",321.77,Digital Wallet,Denver,CO
Target.com,"Online payment to Target.com - Shopping, 232.99",232.99,Credit Card,Seattle,WA
Transport Store 168,"Mobile app payment at Transport Store 168, Transport, 58.63",58.63,Debit Card,Austin,TX
Amtrak,"Transport spend at Amtrak, total 29.75",29.75,Credit Card,Denver,CO
Groceries Store 127,"Online payment to Groceries Store 127 - Groceries, 115.75",115.75,Credit Card,Denver,CO
DiningOut Store 118,"Online payment to DiningOut Store 118 - DiningOut, 5.00",5.0,Credit Card,Austin,TX
Shopping Store 154,"Mobile app payment at Shopping Store 154, Shopping, 157.39",157.39,Digital Wallet,New York,NY
Dominos,"DiningOut spend at Dominos, total 71.11",71.11,Debit Card,Austin,TX
PersonalCare Store 006,"Education spend at PersonalCare Store 006, total 456.17",456.17,ACH,Boston,MA
eBay,Card purchase at eBay for 62.31 USD (Miscellaneous),62.31,Cash,Chicago,IL
Entertainment Store 022,"Mobile app payment at Entertainment Store 022, Entertainment, 46.72",46.72,Cash,Seattle,WA
Internet Bill AutoPay,"Bills spend at Internet Bill AutoPay, total 163.87",163.87,Cash,Miami,FL
Miscellaneous Store 153,"POS transaction - Miscellaneous Store 153 (Miscellaneous), amount 30.15",30.15,Cash,New York,NY
DiningOut Store 171,Card purchase at DiningOut Store 171 for 18.45 USD (DiningOut),18.45,Debit Card,Detroit,MI
Healthcare Store 021,"Mobile app payment at Healthcare Store 021, Bills, 162.95",162.95,Cash,Austin,TX
Groceries Store 138,"Mobile app payment at Groceries Store 138, Groceries, 63.36",63.36,ACH,Denver,CO
Groceries Store 117,Card purchase at Groceries Store 117 for 176.96 USD (Groceries),176.96,Credit Card,Miami,FL
Rite Aid,Card purchase at Rite Aid for 5.00 USD (DiningOut),5.0,Credit Card,Boston,MA
Travel Store 080,"POS transaction - Travel Store 080 (Travel), amount 346.51",346.51,Credit Card,Denver,CO
PersonalCare Store 006,"POS transaction - PersonalCare Store 006 (PersonalCare), amount 64.09",64.09,Debit Card,Boston,MA
Comcast,"Online payment to Comcast - Utilities, 85.16",85.16,Cash,Seattle,WA
Groceries Store 036,Card purchase at Groceries Store 036 for 91.62 USD (Groceries),91.62,Cash,Austin,TX
Groceries Store 127,Card purchase at Groceries Store 127 for 65.65 USD (Groceries),65.65,Credit Card,Denver,CO
Costco,"Groceries spend at Costco, total 53.05",53.05,Debit Card,Seattle,WA
Walmart.com,"POS transaction - Walmart.com (Shopping), amount 93.80",93.8,Digital Wallet,Miami,FL
City Parking Garage,Card purchase at City Parking Garage for 62.06 USD (Transport),62.06,Debit Card,Austin,TX
Utilities Store 031,"POS transaction - Utilities Store 031 (Utilities), amount 122.35",122.35,Digital Wallet,Miami,FL
Physical Therapy,"Healthcare spend at Physical Therapy, total 123.75",123.75,Debit Card,Boston,MA
Hair Salon,"POS transaction - Hair Salon (PersonalCare), amount 72.52",72.52,Debit Card,Ann Arbor,MI
Charity Donation,Card purchase at Charity Donation for 7.04 USD (Miscellaneous),7.04,ACH,Miami,FL
UM-Flint,"Education spend at UM-Flint, total 116.01",116.01,Credit Card,Miami,FL
Shopping Store 143,"Shopping spend at Shopping Store 143, total 152.97",152.97,Debit Card,Chicago,IL
Transport Store 023,Card purchase at Transport Store 023 for 322.42 USD (Healthcare),322.42,Cash,Austin,TX
Utilities Store 185,Card purchase at Utilities Store 185 for 115.68 USD (Utilities),115.68,Credit Card,Chicago,IL
Groceries Store 045,"Mobile app payment at Groceries Store 045, Groceries, 130.21",130.21,ACH,Ann Arbor,MI
Transport Store 168,Card purchase at Transport Store 168 for 58.41 USD (Groceries),58.41,Debit Card,Seattle,WA
Pet Store,"Mobile app payment at Pet Store, Miscellaneous, 60.99",60.99,Credit Card,New York,NY
Utilities Store 205,"Utilities spend at Utilities Store 205, total 126.97",126.97,Digital Wallet,San Francisco,CA
Safeway,Card purchase at Safeway for 33.20 USD (Groceries),33.2,Credit Card,New York,NY
Adidas,"POS transaction - Adidas (Shopping), amount 5.00",5.0,Debit Card,Boston,MA
Entertainment Store 139,"Mobile app payment at Entertainment Store 139, Entertainment, 46.50",46.5,Digital Wallet,Chicago,IL
Lowes,"Online payment to Lowes - Shopping, 32.13",32.13,Digital Wallet,Denver,CO
Office Supply Store,"Online payment to Office Supply Store - Miscellaneous, 46.49",46.49,Credit Card,Boston,MA
Discover Card,Card purchase at Discover Card for 305.14 USD (Bills),305.14,Debit Card,New York,NY
Apple Store,"POS transaction - Apple Store (Shopping), amount 112.76",112.76,Cash,New York,NY
Bills Store 051,"Mobile app payment at Bills Store 051, Bills, 96.61",96.61,Cash,Detroit,MI
Walmart,"Online payment to Walmart - Groceries, 84.56",84.56,ACH,Chicago,IL
Groceries Store 069,"POS transaction - Groceries Store 069 (Groceries), amount 83.05",83.05,Cash,Ann Arbor,MI
DiningOut Store 010,"Healthcare spend at DiningOut Store 010, total 155.53",155.53,Cash,Austin,TX
Travel Store 049,"Mobile app payment at Travel Store 049, Travel, 569.14",569.14,ACH,New York,NY
Travel Store 175,"Mobile app payment at Travel Store 175, Travel, 18.84",18.84,ACH,Denver,CO
Travel Store 043,"Travel spend at Travel Store 043, total 27.20",27.2,Cash,New York,NY
Bills Store 173,"Online payment to Bills Store 173 - Bills, 193.15",193.15,Cash,Boston,MA
Entertainment Store 188,"Mobile app payment at Entertainment Store 188, Entertainment, 74.47",74.47,Digital Wallet,Ann Arbor,MI
Family Doctor,"POS transaction - Family Doctor (Healthcare), amount 128.74",128.74,ACH,Denver,CO
DiningOut Store 218,Card purchase at DiningOut Store 218 for 17.52 USD (DiningOut),17.52,Debit Card,Austin,TX
Travel Store 013,Card purchase at Travel Store 013 for 122.81 USD (Groceries),122.81,Debit Card,Chicago,IL
Hulu,"POS transaction - Hulu (Entertainment), amount 5.00",5.0,Cash,New York,NY
Education Store 192,Card purchase at Education Store 192 for 263.14 USD (Education),263.14,Cash,Boston,MA
Safeway,Card purchase at Safeway for 74.96 USD (Groceries),74.96,Credit Card,New York,NY
Groceries Store 147,"Mobile app payment at Groceries Store 147, Groceries, 59.72",59.72,Credit Card,Miami,FL
DiningOut Store 157,"DiningOut spend at DiningOut Store 157, total 29.78",29.78,Cash,Chicago,IL
Groceries Store 127,"Mobile app payment at Groceries Store 127, Groceries, 117.26",117.26,Digital Wallet,Ann Arbor,MI
Amtrak,"Entertainment spend at Amtrak, total 29.94",29.94,ACH,San Francisco,CA
Groceries Store 217,"Groceries spend at Groceries Store 217, total 51.20",51.2,Digital Wallet,Seattle,WA
Entertainment Store 194,Card purchase at Entertainment Store 194 for 63.59 USD (Entertainment),63.59,Cash,Detroit,MI
Trader Joes,"Mobile app payment at Trader Joes, Groceries, 71.67",71.67,ACH,San Francisco,CA
Nike,"Mobile app payment at Nike, Shopping, 192.08",192.08,Debit Card,Detroit,MI
Utilities Store 020,Card purchase at Utilities Store 020 for 197.07 USD (Utilities),197.07,Cash,Chicago,IL
Chevron,Card purchase at Chevron for 80.59 USD (Transport),80.59,Debit Card,Austin,TX
Xbox Live,"Entertainment spend at Xbox Live, total 56.21",56.21,Digital Wallet,Miami,FL
Student Loan Servicer,"Online payment to Student Loan Servicer - Bills, 189.70",189.7,Credit Card,San Francisco,CA
Entertainment Store 053,"POS transaction - Entertainment Store 053 (Entertainment), amount 125.59",125.59,ACH,Denver,CO
Meijer,"Online payment to Meijer - Groceries, 51.62",51.62,Credit Card,New York,NY
DiningOut Store 083,"Mobile app payment at DiningOut Store 083, DiningOut, 30.21",30.21,Credit Card,Denver,CO
Utilities Store 219,"Mobile app payment at Utilities Store 219, Utilities, 115.35",115.35,Digital Wallet,San Francisco,CA
Verizon,"POS transaction - Verizon (Utilities), amount 68.85",68.85,Credit Card,Detroit,MI
Groceries Store 069,"Mobile app payment at Groceries Store 069, Groceries, 84.07",84.07,Cash,Detroit,MI
Utilities Store 076,"Mobile app payment at Utilities Store 076, Utilities, 205.76",205.76,Debit Card,New York,NY
Regal Cinemas,"Online payment to Regal Cinemas - Entertainment, 18.63",18.63,Cash,Seattle,WA
Walmart,"Mobile app payment at Walmart, Groceries, 71.44",71.44,Cash,Chicago,IL
DiningOut Store 171,"Mobile app payment at DiningOut Store 171, DiningOut, 9.70",9.7,Digital Wallet,Denver,CO
Southwest,"Online payment to Southwest - Travel, 212.33",212.33,Cash,Miami,FL
Travel Store 008,"Online payment to Travel Store 008 - Travel, 34.49",34.49,ACH,Chicago,IL
Entertainment Store 144,"Mobile app payment at Entertainment Store 144, Entertainment, 41.52",41.52,Cash,San Francisco,CA
Panera Bread,"Online payment to Panera Bread - DiningOut, 14.75",14.75,Digital Wallet,Miami,FL
Bills Store 210,"Mobile app payment at Bills Store 210, Bills, 180.97",180.97,ACH,Miami,FL
DiningOut Store 100,"Online payment to DiningOut Store 100 - DiningOut, 33.58",33.58,Credit Card,Seattle,WA
Bills Store 105,"Online payment to Bills Store 105 - Bills, 43.84",43.84,ACH,Austin,TX
Farmer Market,"Miscellaneous spend at Farmer Market, total 57.42",57.42,Credit Card,Detroit,MI
Bills Store 051,Card purchase at Bills Store 051 for 14.86 USD (DiningOut),14.86,Digital Wallet,Seattle,WA
Home Depot,"POS transaction - Home Depot (Shopping), amount 137.26",137.26,Cash,Miami,FL
Utilities Store 186,"POS transaction - Utilities Store 186 (Utilities), amount 111.82",111.82,Cash,New York,NY
Entertainment Store 063,"POS transaction - Entertainment Store 063 (Education), amount 201.30",201.3,Digital Wallet,San Francisco,CA
DiningOut Store 007,Card purchase at DiningOut Store 007 for 43.61 USD (DiningOut),43.61,Debit Card,Miami,FL
DiningOut Store 001,"POS transaction - DiningOut Store 001 (Groceries), amount 65.64",65.64,Credit Card,Austin,TX
Amtrak,"POS transaction - Amtrak (Transport), amount 26.35",26.35,Cash,Detroit,MI
Urgent Care Clinic,"Healthcare spend at Urgent Care Clinic, total 115.96",115.96,Credit Card,Miami,FL
Travel Store 212,"Travel spend at Travel Store 212, total 487.16",487.16,ACH,New York,NY
Dominos,"POS transaction - Dominos (DiningOut), amount 14.52",14.52,ACH,New York,NY
Shopping Store 216,"POS transaction - Shopping Store 216 (Shopping), amount 104.22",104.22,Cash,Austin,TX
PlayStation Store,Card purchase at PlayStation Store for 49.49 USD (Entertainment),49.49,Digital Wallet,Ann Arbor,MI
IKEA,"Mobile app payment at IKEA, Shopping, 72.52",72.52,Credit Card,New York,NY
Entertainment Store 139,"Entertainment spend at Entertainment Store 139, total 5.00",5.0,Digital Wallet,New York,NY
Metro Transit,"Online payment to Metro Transit - Transport, 36.64",36.64,Digital Wallet,Austin,TX
Shopping Store 190,"Shopping spend at Shopping Store 190, total 37.99",37.99,Debit Card,Ann Arbor,MI
Shopping Store 152,"Online payment to Shopping Store 152 - Shopping, 56.58",56.58,ACH,Ann Arbor,MI
PersonalCare Store 006,"POS transaction - PersonalCare Store 006 (PersonalCare), amount 33.60",33.6,Credit Card,Boston,MA
Healthcare Store 116,"Healthcare spend at Healthcare Store 116, total 300.61",300.61,ACH,Miami,FL
Chipotle,"Mobile app payment at Chipotle, DiningOut, 10.70",10.7,Debit Card,Chicago,IL
Shopping Store 211,"Mobile app payment at Shopping Store 211, Shopping, 5.00",5.0,Debit Card,Denver,CO
DiningOut Store 007,"Mobile app payment at DiningOut Store 007, DiningOut, 39.41",39.41,Credit Card,Seattle,WA
Entertainment Store 044,Card purchase at Entertainment Store 044 for 72.21 USD (Entertainment),72.21,Cash,New York,NY
Shopping Store 111,"POS transaction - Shopping Store 111 (Shopping), amount 30.13",30.13,Digital Wallet,Ann Arbor,MI
Uber,"Mobile app payment at Uber, Transport, 24.47",24.47,ACH,San Francisco,CA
Lyft Airport,"Mobile app payment at Lyft Airport, Travel, 226.74",226.74,Debit Card,Seattle,WA
Entertainment Store 044,Card purchase at Entertainment Store 044 for 97.78 USD (Entertainment),97.78,ACH,Denver,CO
DiningOut Store 087,"POS transaction - DiningOut Store 087 (DiningOut), amount 59.95",59.95,Digital Wallet,San Francisco,CA
Transport Store 078,"Transport spend at Transport Store 078, total 7.67",7.67,Digital Wallet,Austin,TX
Groceries Store 069,"Groceries spend at Groceries Store 069, total 107.45",107.45,Debit Card,Denver,CO
Kroger,Card purchase at Kroger for 126.94 USD (Groceries),126.94,Digital Wallet,Seattle,WA
DiningOut Store 074,"Online payment to DiningOut Store 074 - DiningOut, 5.00",5.0,Cash,Boston,MA
Bills Store 038,"Online payment to Bills Store 038 - Bills, 168.74",168.74,Cash,Boston,MA
Groceries Store 147,"Online payment to Groceries Store 147 - Groceries, 97.80",97.8,Digital Wallet,New York,NY
Amazon,"Online payment to Amazon - Shopping, 113.22",113.22,Digital Wallet,Seattle,WA
Bills Store 092,Card purchase at Bills Store 092 for 227.87 USD (Bills),227.87,Debit Card,Seattle,WA
Groceries Store 138,"POS transaction - Groceries Store 138 (Groceries), amount 179.86",179.86,ACH,Ann Arbor,MI
Shopping Store 216,"Online payment to Shopping Store 216 - Shopping, 63.10",63.1,Cash,Denver,CO
Groceries Store 056,Card purchase at Groceries Store 056 for 120.10 USD (Groceries),120.1,ACH,Detroit,MI
Groceries Store 147,Card purchase at Groceries Store 147 for 63.31 USD (Groceries),63.31,Credit Card,San Francisco,CA
PersonalCare Store 037,"PersonalCare spend at PersonalCare Store 037, total 32.56",32.56,Digital Wallet,New York,NY
Shopping Store 152,"Mobile app payment at Shopping Store 152, Shopping, 109.04",109.04,ACH,Boston,MA
Internet Bill AutoPay,"Online payment to Internet Bill AutoPay - Bills, 85.57",85.57,Digital Wallet,Ann Arbor,MI
Charity Donation,Card purchase at Charity Donation for 7.67 USD (Miscellaneous),7.67,Digital Wallet,Austin,TX
Uber,"Mobile app payment at Uber, Transport, 74.43",74.43,Cash,New York,NY
Groceries Store 127,"POS transaction - Groceries Store 127 (Groceries), amount 56.67",56.67,Digital Wallet,Boston,MA
Education Store 123,Card purchase at Education Store 123 for 43.98 USD (Shopping),43.98,ACH,Boston,MA
Khan Academy,"Online payment to Khan Academy - Utilities, 115.08",115.08,Debit Card,Boston,MA
Travel Store 174,"Travel spend at Travel Store 174, total 173.37",173.37,Digital Wallet,Miami,FL
AMC Theatres,"Mobile app payment at AMC Theatres, Healthcare, 209.85",209.85,Digital Wallet,Austin,TX
Office Supply Store,"Mobile app payment at Office Supply Store, Miscellaneous, 99.15",99.15,Credit Card,Ann Arbor,MI
Utilities Store 214,"Online payment to Utilities Store 214 - Utilities, 38.64",38.64,Cash,New York,NY
DiningOut Store 133,"Mobile app payment at DiningOut Store 133, DiningOut, 46.61",46.61,Debit Card,Miami,FL
Amazon,"Shopping spend at Amazon, total 17.98",17.98,Digital Wallet,New York,NY
PersonalCare Store 202,"Mobile app payment at PersonalCare Store 202, PersonalCare, 46.32",46.32,Debit Card,Boston,MA
DiningOut Store 120,"Mobile app payment at DiningOut Store 120, DiningOut, 8.61",8.61,Cash,Austin,TX
Walmart,"Online payment to Walmart - Groceries, 43.13",43.13,Debit Card,San Francisco,CA
Groceries Store 036,"POS transaction - Groceries Store 036 (Entertainment), amount 67.19",67.19,Digital Wallet,Chicago,IL
American Airlines,"Mobile app payment at American Airlines, Travel, 389.39",389.39,Cash,Seattle,WA
Groceries Store 217,"Groceries spend at Groceries Store 217, total 101.55",101.55,Credit Card,New York,NY
Shopping Store 190,"Online payment to Shopping Store 190 - Shopping, 64.53",64.53,Cash,New York,NY
Regal Cinemas,"POS transaction - Regal Cinemas (Entertainment), amount 24.27",24.27,ACH,Seattle,WA
Coding Bootcamp,"Education spend at Coding Bootcamp, total 28.59",28.59,ACH,New York,NY
Farmer Market,"Online payment to Farmer Market - Entertainment, 47.12",47.12,ACH,Miami,FL
Groceries Store 045,"POS transaction - Groceries Store 045 (Groceries), amount 101.99",101.99,Cash,New York,NY
Costco,"POS transaction - Costco (Groceries), amount 91.71",91.71,Digital Wallet,Chicago,IL
Groceries Store 170,"Groceries spend at Groceries Store 170, total 73.79",73.79,Cash,Chicago,IL
Groceries Store 170,Card purchase at Groceries Store 170 for 122.99 USD (Groceries),122.99,Cash,New York,NY
Hulu,Card purchase at Hulu for 135.89 USD (Groceries),135.89,ACH,Seattle,WA
Pizza Hut,"DiningOut spend at Pizza Hut, total 26.33",26.33,Credit Card,New York,NY
Best Buy,"Online payment to Best Buy - Shopping, 226.59",226.59,Digital Wallet,Chicago,IL
Nail Spa,"Online payment to Nail Spa - PersonalCare, 35.99",35.99,ACH,Miami,FL
Healthcare Store 057,"POS transaction - Healthcare Store 057 (Healthcare), amount 58.92",58.92,ACH,Boston,MA
Hilton Hotels,Card purchase at Hilton Hotels for 5.00 USD (Travel),5.0,Digital Wallet,Chicago,IL
Lyft,Card purchase at Lyft for 42.90 USD (Transport),42.9,Cash,Miami,FL
DiningOut Store 083,Card purchase at DiningOut Store 083 for 56.43 USD (DiningOut),56.43,Cash,Denver,CO
Lowes,"POS transaction - Lowes (Shopping), amount 29.41",29.41,Digital Wallet,San Francisco,CA
GNC,"Online payment to GNC - PersonalCare, 17.23",17.23,ACH,New York,NY
eBay,Card purchase at eBay for 50.13 USD (Miscellaneous),50.13,Credit Card,Denver,CO
Amazon,"Online payment to Amazon - Shopping, 184.03",184.03,Credit Card,Austin,TX
Entertainment Store 194,"POS transaction - Entertainment Store 194 (Entertainment), amount 40.90",40.9,Cash,Detroit,MI
Travel Store 212,"Travel spend at Travel Store 212, total 92.11",92.11,Debit Card,Detroit,MI
Lowes,"Shopping spend at Lowes, total 173.19",173.19,ACH,San Francisco,CA
Travel Store 060,"Travel spend at Travel Store 060, total 68.04",68.04,Debit Card,Boston,MA
Phone Bill AutoPay,"Bills spend at Phone Bill AutoPay, total 222.75",222.75,Cash,Chicago,IL
Bills Store 103,Card purchase at Bills Store 103 for 222.32 USD (Bills),222.32,Credit Card,Austin,TX
Pizza Hut,"Mobile app payment at Pizza Hut, DiningOut, 48.24",48.24,Digital Wallet,Miami,FL
Groceries Store 069,"Mobile app payment at Groceries Store 069, Groceries, 71.62",71.62,ACH,Detroit,MI
BP,"Online payment to BP - Transport, 25.02",25.02,Credit Card,Boston,MA
Trader Joes,"Groceries spend at Trader Joes, total 30.20",30.2,Credit Card,Boston,MA
Miscellaneous Store 024,"Miscellaneous spend at Miscellaneous Store 024, total 16.25",16.25,Cash,Austin,TX
Delta Airlines,Card purchase at Delta Airlines for 160.57 USD (Travel),160.57,Cash,Boston,MA
Ulta Beauty,"Online payment to Ulta Beauty - PersonalCare, 77.14",77.14,Debit Card,Seattle,WA
Transport Store 009,"Online payment to Transport Store 009 - DiningOut, 25.10",25.1,ACH,San Francisco,CA
Transport Store 097,"Online payment to Transport Store 097 - Transport, 24.77",24.77,Credit Card,Boston,MA
Shopping Store 088,"Online payment to Shopping Store 088 - Shopping, 43.92",43.92,Cash,Seattle,WA
Healthcare Store 115,Card purchase at Healthcare Store 115 for 149.91 USD (Healthcare),149.91,Credit Card,Boston,MA
Local Hospital,"Online payment to Local Hospital - Healthcare, 307.78",307.78,Cash,Boston,MA
Healthcare Store 029,Card purchase at Healthcare Store 029 for 334.61 USD (Bills),334.61,Cash,Miami,FL
Miscellaneous Store 061,"DiningOut spend at Miscellaneous Store 061, total 28.59",28.59,Cash,Ann Arbor,MI
Utilities Store 186,"POS transaction - Utilities Store 186 (DiningOut), amount 73.43",73.43,Digital Wallet,Seattle,WA
Transport Store 078,"Mobile app payment at Transport Store 078, Transport, 42.20",42.2,Cash,Seattle,WA
Education Store 026,"Online payment to Education Store 026 - Education, 119.48",119.48,Digital Wallet,San Francisco,CA
BlueCross,"Online payment to BlueCross - Healthcare, 230.88",230.88,Cash,Ann Arbor,MI
DiningOut Store 083,Card purchase at DiningOut Store 083 for 33.72 USD (DiningOut),33.72,Debit Card,Miami,FL
Travel Store 075,"Travel spend at Travel Store 075, total 259.97",259.97,ACH,Austin,TX
PersonalCare Store 006,"POS transaction - PersonalCare Store 006 (PersonalCare), amount 35.89",35.89,ACH,Chicago,IL
DiningOut Store 218,"Online payment to DiningOut Store 218 - DiningOut, 13.37",13.37,ACH,Miami,FL
Utilities Store 054,"Shopping spend at Utilities Store 054, total 86.17",86.17,Credit Card,Ann Arbor,MI
Netflix,"POS transaction - Netflix (Entertainment), amount 81.44",81.44,Credit Card,San Francisco,CA
Walgreens,"POS transaction - Walgreens (Transport), amount 53.39",53.39,Digital Wallet,Chicago,IL
Kroger,"Groceries spend at Kroger, total 48.16",48.16,Debit Card,Chicago,IL
Utilities Store 091,"Utilities spend at Utilities Store 091, total 127.36",127.36,Cash,Miami,FL
Entertainment Store 094,"Online payment to Entertainment Store 094 - Entertainment, 5.00",5.0,Cash,Miami,FL
UM-Flint,"Mobile app payment at UM-Flint, Education, 287.47",287.47,Cash,Seattle,WA
Lowes,Card purchase at Lowes for 23.74 USD (Travel),23.74,Credit Card,Denver,CO
DiningOut Store 007,"Online payment to DiningOut Store 007 - Entertainment, 59.39",59.39,Cash,Seattle,WA
DiningOut Store 058,Card purchase at DiningOut Store 058 for 80.57 USD (DiningOut),80.57,Credit Card,Ann Arbor,MI
Shopping Store 096,"POS transaction - Shopping Store 096 (PersonalCare), amount 28.70",28.7,ACH,Denver,CO
Travel Store 212,"Mobile app payment at Travel Store 212, Travel, 380.78",380.78,ACH,New York,NY
Groceries Store 138,"Groceries spend at Groceries Store 138, total 87.82",87.82,Credit Card,Boston,MA
PersonalCare Store 035,"POS transaction - PersonalCare Store 035 (PersonalCare), amount 21.00",21.0,Cash,Seattle,WA
Shopping Store 096,"Mobile app payment at Shopping Store 096, Bills, 237.26",237.26,Credit Card,San Francisco,CA
Panera Bread,Card purchase at Panera Bread for 21.93 USD (DiningOut),21.93,Digital Wallet,San Francisco,CA
DisneyPlus,"POS transaction - DisneyPlus (Entertainment), amount 41.93",41.93,Digital Wallet,Detroit,MI
Transport Store 078,"Online payment to Transport Store 078 - Transport, 56.26",56.26,Credit Card,San Francisco,CA
Groceries Store 127,"POS transaction - Groceries Store 127 (Groceries), amount 8.44",8.44,Debit Card,Austin,TX
Shopping Store 039,"Shopping spend at Shopping Store 039, total 116.86",116.86,Credit Card,Detroit,MI
Costco,Card purchase at Costco for 63.71 USD (Groceries),63.71,Digital Wallet,Miami,FL
Entertainment Store 053,"Entertainment spend at Entertainment Store 053, total 70.39",70.39,Digital Wallet,Detroit,MI
Groceries Store 138,"Online payment to Groceries Store 138 - Groceries, 12.99",12.99,Digital Wallet,Chicago,IL
Shopping Store 216,Card purchase at Shopping Store 216 for 5.00 USD (Shopping),5.0,Digital Wallet,Chicago,IL
Groceries Store 036,"Online payment to Groceries Store 036 - Groceries, 87.60",87.6,ACH,Miami,FL
Bills Store 050,"POS transaction - Bills Store 050 (Bills), amount 144.60",144.6,Cash,New York,NY
Aldi,"Online payment to Aldi - Groceries, 18.64",18.64,Cash,Boston,MA
DiningOut Store 041,"POS transaction - DiningOut Store 041 (DiningOut), amount 6.34",6.34,Credit Card,New York,NY
PersonalCare Store 220,"Mobile app payment at PersonalCare Store 220, PersonalCare, 30.47",30.47,ACH,Ann Arbor,MI
Groceries Store 147,"Online payment to Groceries Store 147 - Groceries, 72.68",72.68,Digital Wallet,Chicago,IL
Transport Store 102,"Online payment to Transport Store 102 - Healthcare, 167.39",167.39,ACH,Chicago,IL
Groceries Store 170,"Mobile app payment at Groceries Store 170, Groceries, 134.07",134.07,Cash,Denver,CO
Entertainment Store 044,"Online payment to Entertainment Store 044 - Entertainment, 50.11",50.11,ACH,Detroit,MI
Walmart,"Groceries spend at Walmart, total 61.91",61.91,Credit Card,Denver,CO
Groceries Store 138,"Mobile app payment at Groceries Store 138, Groceries, 92.07",92.07,Cash,Ann Arbor,MI
DiningOut Store 182,"POS transaction - DiningOut Store 182 (DiningOut), amount 5.00",5.0,Digital Wallet,Seattle,WA
Travel Store 110,Card purchase at Travel Store 110 for 90.22 USD (Shopping),90.22,Debit Card,Boston,MA
Regal Cinemas,"Mobile app payment at Regal Cinemas, Entertainment, 29.74",29.74,Credit Card,Detroit,MI
City Taxes,"POS transaction - City Taxes (Transport), amount 5.00",5.0,Credit Card,New York,NY
Transport Store 142,Card purchase at Transport Store 142 for 55.35 USD (Transport),55.35,Cash,Austin,TX
DiningOut Store 133,Card purchase at DiningOut Store 133 for 17.42 USD (DiningOut),17.42,Credit Card,Austin,TX
Miscellaneous Store 024,Card purchase at Miscellaneous Store 024 for 22.06 USD (Miscellaneous),22.06,Digital Wallet,Ann Arbor,MI
Aldi,"Online payment to Aldi - Groceries, 21.36",21.36,Digital Wallet,Seattle,WA
DiningOut Store 187,Card purchase at DiningOut Store 187 for 31.56 USD (DiningOut),31.56,Digital Wallet,Chicago,IL
DiningOut Store 018,"POS transaction - DiningOut Store 018 (DiningOut), amount 21.39",21.39,Credit Card,Austin,TX
Miscellaneous Store 081,"Miscellaneous spend at Miscellaneous Store 081, total 44.43",44.43,ACH,Boston,MA
Travel Store 177,"Online payment to Travel Store 177 - Travel, 188.18",188.18,ACH,Denver,CO
Whole Foods,"POS transaction - Whole Foods (Groceries), amount 109.90",109.9,Credit Card,Boston,MA
Miscellaneous Store 208,"POS transaction - Miscellaneous Store 208 (Miscellaneous), amount 22.25",22.25,Credit Card,Austin,TX
Shopping Store 088,"Shopping spend at Shopping Store 088, total 123.27",123.27,Credit Card,Austin,TX
Barber Shop,"Mobile app payment at Barber Shop, PersonalCare, 66.62",66.62,ACH,New York,NY
Entertainment Store 199,"Entertainment spend at Entertainment Store 199, total 81.92",81.92,Digital Wallet,San Francisco,CA
Chevron,Card purchase at Chevron for 64.80 USD (Transport),64.8,Digital Wallet,Detroit,MI
Groceries Store 045,"Groceries spend at Groceries Store 045, total 72.78",72.78,Cash,Austin,TX
Travel Store 060,"Online payment to Travel Store 060 - Travel, 275.07",275.07,Debit Card,Detroit,MI
IKEA,Card purchase at IKEA for 32.15 USD (Shopping),32.15,Credit Card,Denver,CO
Groceries Store 217,"Mobile app payment at Groceries Store 217, Shopping, 107.07",107.07,ACH,New York,NY
Local Gift Shop,"Online payment to Local Gift Shop - Miscellaneous, 24.18",24.18,Credit Card,Chicago,IL
Safeway,"Mobile app payment at Safeway, Groceries, 87.85",87.85,Debit Card,New York,NY
Aldi,"POS transaction - Aldi (Groceries), amount 27.48",27.48,Debit Card,Seattle,WA
Chipotle,"POS transaction - Chipotle (DiningOut), amount 21.08",21.08,Cash,Detroit,MI
Shell,"Online payment to Shell - Transport, 40.84",40.84,Cash,New York,NY
Groceries Store 138,"POS transaction - Groceries Store 138 (Groceries), amount 54.13",54.13,Debit Card,Chicago,IL
Utilities Store 109,"POS transaction - Utilities Store 109 (Utilities), amount 99.22",99.22,Credit Card,Miami,FL
Shopping Store 136,"Mobile app payment at Shopping Store 136, Shopping, 200.58",200.58,Credit Card,San Francisco,CA
PersonalCare Store 179,"Mobile app payment at PersonalCare Store 179, PersonalCare, 68.51",68.51,Debit Card,Austin,TX
Barber Shop,"Mobile app payment at Barber Shop, PersonalCare, 55.07",55.07,Credit Card,Boston,MA
Shopping Store 096,"Mobile app payment at Shopping Store 096, Shopping, 37.26",37.26,Digital Wallet,Denver,CO
GNC,Card purchase at GNC for 14.86 USD (PersonalCare),14.86,Cash,Boston,MA
Transport Store 023,"Mobile app payment at Transport Store 023, Transport, 57.73",57.73,Cash,Ann Arbor,MI
Costco,"Shopping spend at Costco, total 103.02",103.02,Credit Card,Boston,MA
Transport Store 119,"POS transaction - Transport Store 119 (Transport), amount 35.31",35.31,Debit Card,Miami,FL
Groceries Store 045,Card purchase at Groceries Store 045 for 15.88 USD (Groceries),15.88,ACH,San Francisco,CA
Target,Card purchase at Target for 98.33 USD (Groceries),98.33,Digital Wallet,San Francisco,CA
Hulu,"Online payment to Hulu - Entertainment, 17.14",17.14,Digital Wallet,Austin,TX
Shopping Store 088,Card purchase at Shopping Store 088 for 126.42 USD (Shopping),126.42,Digital Wallet,Seattle,WA
Nail Spa,"POS transaction - Nail Spa (PersonalCare), amount 11.10",11.1,Digital Wallet,Boston,MA
Shopping Store 167,"Online payment to Shopping Store 167 - Shopping, 34.47",34.47,Credit Card,Miami,FL
Travel Store 086,"Online payment to Travel Store 086 - Travel, 85.41",85.41,Credit Card,Boston,MA
City Parking Garage,"Mobile app payment at City Parking Garage, Bills, 107.22",107.22,Cash,Detroit,MI
Bills Store 103,"POS transaction - Bills Store 103 (Bills), amount 5.00",5.0,Digital Wallet,Chicago,IL
Walmart,Card purchase at Walmart for 67.63 USD (Groceries),67.63,Credit Card,New York,NY
Metro Transit,"POS transaction - Metro Transit (Transport), amount 24.99",24.99,Digital Wallet,Miami,FL
Walmart,"Mobile app payment at Walmart, Groceries, 134.99",134.99,Digital Wallet,Ann Arbor,MI
Chase Credit Card,"Online payment to Chase Credit Card - Bills, 176.02",176.02,Credit Card,New York,NY
Groceries Store 127,"POS transaction - Groceries Store 127 (Groceries), amount 70.17",70.17,Digital Wallet,Seattle,WA
Education Store 108,"Online payment to Education Store 108 - Education, 299.78",299.78,Debit Card,Austin,TX
BP,"Transport spend at BP, total 53.58",53.58,Credit Card,Miami,FL
DiningOut Store 218,"Mobile app payment at DiningOut Store 218, DiningOut, 6.46",6.46,Debit Card,Boston,MA
Groceries Store 217,"POS transaction - Groceries Store 217 (Groceries), amount 103.31",103.31,ACH,New York,NY
Uber,"Mobile app payment at Uber, Transport, 64.30",64.3,Cash,Ann Arbor,MI
Shopping Store 111,"POS transaction - Shopping Store 111 (Shopping), amount 82.74",82.74,ACH,Austin,TX
Entertainment Store 169,Card purchase at Entertainment Store 169 for 26.32 USD (Entertainment),26.32,Cash,Detroit,MI
Meijer,"POS transaction - Meijer (Entertainment), amount 68.96",68.96,Digital Wallet,Chicago,IL
Healthcare Store 017,"Entertainment spend at Healthcare Store 017, total 67.00",67.0,Debit Card,Detroit,MI
DiningOut Store 196,"Mobile app payment at DiningOut Store 196, DiningOut, 61.30",61.3,Debit Card,San Francisco,CA
DiningOut Store 157,"POS transaction - DiningOut Store 157 (PersonalCare), amount 76.83",76.83,Digital Wallet,Boston,MA
Miscellaneous Store 012,"Miscellaneous spend at Miscellaneous Store 012, total 5.20",5.2,Cash,Denver,CO
Travel Store 043,"Mobile app payment at Travel Store 043, Travel, 252.01",252.01,Debit Card,San Francisco,CA
Miscellaneous Store 081,"POS transaction - Miscellaneous Store 081 (Groceries), amount 50.28",50.28,Cash,Boston,MA
Miscellaneous Store 064,Card purchase at Miscellaneous Store 064 for 32.36 USD (Miscellaneous),32.36,Cash,Seattle,WA
Bills Store 084,"Groceries spend at Bills Store 084, total 60.61",60.61,Cash,Miami,FL
Utilities Store 031,"Utilities spend at Utilities Store 031, total 110.65",110.65,ACH,Ann Arbor,MI
Spotify,"Entertainment spend at Spotify, total 46.28",46.28,Debit Card,Denver,CO
Bills Store 002,Card purchase at Bills Store 002 for 98.66 USD (Bills),98.66,ACH,New York,NY
Shopping Store 216,"Online payment to Shopping Store 216 - Transport, 10.82",10.82,Digital Wallet,Detroit,MI
Miscellaneous Store 141,"Mobile app payment at Miscellaneous Store 141, Miscellaneous, 5.00",5.0,Credit Card,Boston,MA
Aldi,"Mobile app payment at Aldi, Groceries, 34.75",34.75,Digital Wallet,Austin,TX
Kroger,"Online payment to Kroger - Groceries, 80.02",80.02,Debit Card,Detroit,MI
Target.com,"Shopping spend at Target.com, total 71.05",71.05,Credit Card,New York,NY
Entertainment Store 199,"Mobile app payment at Entertainment Store 199, Entertainment, 39.19",39.19,Digital Wallet,Seattle,WA
Utilities Store 219,"Mobile app payment at Utilities Store 219, Utilities, 176.18",176.18,Cash,Detroit,MI
Utilities Store 004,"Utilities spend at Utilities Store 004, total 169.63",169.63,Credit Card,Denver,CO
Entertainment Store 094,"Mobile app payment at Entertainment Store 094, Entertainment, 47.95",47.95,Digital Wallet,Austin,TX
Groceries Store 127,"Mobile app payment at Groceries Store 127, Groceries, 70.56",70.56,Digital Wallet,Austin,TX
Miscellaneous Store 064,"Miscellaneous spend at Miscellaneous Store 064, total 45.22",45.22,Cash,Miami,FL
Bills Store 051,"Mobile app payment at Bills Store 051, Bills, 36.63",36.63,Digital Wallet,Denver,CO
Subway,"Online payment to Subway - DiningOut, 61.11",61.11,Credit Card,Detroit,MI
Vitamin Shoppe,Card purchase at Vitamin Shoppe for 53.80 USD (Entertainment),53.8,Cash,Detroit,MI
DiningOut Store 007,Card purchase at DiningOut Store 007 for 18.53 USD (DiningOut),18.53,Digital Wallet,Miami,FL
Khan Academy,Card purchase at Khan Academy for 142.67 USD (Education),142.67,ACH,San Francisco,CA
Utilities Store 203,"Utilities spend at Utilities Store 203, total 213.49",213.49,Cash,Ann Arbor,MI
Meijer,"POS transaction - Meijer (Groceries), amount 83.01",83.01,Cash,Denver,CO
Entertainment Store 199,"Mobile app payment at Entertainment Store 199, Entertainment, 5.32",5.32,Cash,Denver,CO
PersonalCare Store 202,"Mobile app payment at PersonalCare Store 202, PersonalCare, 75.58",75.58,Digital Wallet,Miami,FL
Groceries Store 117,Card purchase at Groceries Store 117 for 97.22 USD (Groceries),97.22,Debit Card,Ann Arbor,MI
Aldi,"Groceries spend at Aldi, total 61.36",61.36,ACH,Chicago,IL
Education Store 108,Card purchase at Education Store 108 for 251.73 USD (Education),251.73,Digital Wallet,Ann Arbor,MI
Education Store 003,"Online payment to Education Store 003 - Transport, 37.17",37.17,Debit Card,San Francisco,CA
Shopping Store 066,Card purchase at Shopping Store 066 for 90.16 USD (Shopping),90.16,Cash,Ann Arbor,MI
Groceries Store 045,"Mobile app payment at Groceries Store 045, Groceries, 112.05",112.05,Debit Card,Denver,CO
Healthcare Store 021,"Mobile app payment at Healthcare Store 021, Groceries, 5.00",5.0,ACH,Denver,CO
Travel Store 191,"POS transaction - Travel Store 191 (Groceries), amount 91.34",91.34,Cash,San Francisco,CA
Netflix,"POS transaction - Netflix (Entertainment), amount 114.11",114.11,Cash,Miami,FL
Best Buy,"Transport spend at Best Buy, total 52.05",52.05,Credit Card,Austin,TX
Chipotle,Card purchase at Chipotle for 38.90 USD (DiningOut),38.9,Debit Card,Boston,MA
PersonalCare Store 146,"Online payment to PersonalCare Store 146 - Travel, 65.08",65.08,ACH,Denver,CO
Groceries Store 117,"Online payment to Groceries Store 117 - Groceries, 104.55",104.55,ACH,Austin,TX
Chipotle,"Online payment to Chipotle - DiningOut, 19.14",19.14,ACH,Detroit,MI
Pizza Hut,Card purchase at Pizza Hut for 62.75 USD (DiningOut),62.75,Credit Card,New York,NY
Travel Store 204,"Travel spend at Travel Store 204, total 227.48",227.48,ACH,Detroit,MI
Home Depot,"POS transaction - Home Depot (Shopping), amount 69.32",69.32,Debit Card,Miami,FL
Hulu,"Mobile app payment at Hulu, Entertainment, 22.20",22.2,Credit Card,San Francisco,CA
Groceries Store 056,"Online payment to Groceries Store 056 - Groceries, 59.45",59.45,ACH,Boston,MA
McDonalds,"Mobile app payment at McDonalds, DiningOut, 44.55",44.55,Credit Card,Detroit,MI
Netflix,"Mobile app payment at Netflix, Entertainment, 39.92",39.92,Debit Card,Seattle,WA
Bills Store 160,"POS transaction - Bills Store 160 (Groceries), amount 165.93",165.93,Credit Card,Denver,CO
Charity Donation,"Miscellaneous spend at Charity Donation, total 5.00",5.0,ACH,Chicago,IL
AT&T,"Utilities spend at AT&T, total 98.98",98.98,ACH,Detroit,MI
DiningOut Store 001,"Mobile app payment at DiningOut Store 001, DiningOut, 9.58",9.58,Credit Card,New York,NY
Booking.com,"Online payment to Booking.com - Travel, 277.09",277.09,ACH,Denver,CO
AMC Theatres,"Online payment to AMC Theatres - Entertainment, 54.94",54.94,Credit Card,Miami,FL
Transport Store 023,"Mobile app payment at Transport Store 023, Transport, 16.60",16.6,Cash,Detroit,MI
Entertainment Store 201,"POS transaction - Entertainment Store 201 (Entertainment), amount 44.58",44.58,Credit Card,Austin,TX
DiningOut Store 187,"DiningOut spend at DiningOut Store 187, total 64.97",64.97,Digital Wallet,Boston,MA
Groceries Store 056,Card purchase at Groceries Store 056 for 33.47 USD (Groceries),33.47,Digital Wallet,Denver,CO
Shopping Store 039,"Mobile app payment at Shopping Store 039, Shopping, 135.21",135.21,Debit Card,New York,NY
Transport Store 168,"Transport spend at Transport Store 168, total 29.21",29.21,Cash,Boston,MA
Dominos,"Online payment to Dominos - Transport, 71.83",71.83,Cash,San Francisco,CA
DiningOut Store 133,Card purchase at DiningOut Store 133 for 59.31 USD (DiningOut),59.31,Digital Wallet,Austin,TX
Groceries Store 147,Card purchase at Groceries Store 147 for 82.24 USD (Groceries),82.24,Cash,Denver,CO
Pizza Hut,"Online payment to Pizza Hut - DiningOut, 33.92",33.92,Debit Card,Miami,FL
Local Gift Shop,"Miscellaneous spend at Local Gift Shop, total 37.93",37.93,Debit Card,Ann Arbor,MI
Entertainment Store 199,"Mobile app payment at Entertainment Store 199, Entertainment, 39.77",39.77,ACH,Ann Arbor,MI
Miscellaneous Store 046,Card purchase at Miscellaneous Store 046 for 5.00 USD (Miscellaneous),5.0,Digital Wallet,San Francisco,CA
eBay,"POS transaction - eBay (Miscellaneous), amount 94.05",94.05,Digital Wallet,Miami,FL
Groceries Store 170,"Groceries spend at Groceries Store 170, total 52.76",52.76,Cash,Denver,CO
DiningOut Store 010,"Online payment to DiningOut Store 010 - DiningOut, 30.54",30.54,ACH,New York,NY
Entertainment Store 201,Card purchase at Entertainment Store 201 for 27.95 USD (Entertainment),27.95,ACH,New York,NY
DiningOut Store 157,"Mobile app payment at DiningOut Store 157, DiningOut, 17.57",17.57,Digital Wallet,Austin,TX
IKEA,"Online payment to IKEA - Shopping, 64.75",64.75,Debit Card,Boston,MA
Education Store 130,Card purchase at Education Store 130 for 131.63 USD (Groceries),131.63,ACH,Denver,CO
Bills Store 173,"Bills spend at Bills Store 173, total 227.75",227.75,Debit Card,Miami,FL
PlayStation Store,"Entertainment spend at PlayStation Store, total 75.62",75.62,Debit Card,Denver,CO
Groceries Store 104,Card purchase at Groceries Store 104 for 97.17 USD (Groceries),97.17,Credit Card,Chicago,IL
Shopping Store 111,"Mobile app payment at Shopping Store 111, Shopping, 126.54",126.54,Debit Card,Boston,MA
Transport Store 072,Card purchase at Transport Store 072 for 89.20 USD (Transport),89.2,Cash,Detroit,MI
Chick-fil-A,"Mobile app payment at Chick-fil-A, PersonalCare, 10.85",10.85,Cash,New York,NY
Uber,"Mobile app payment at Uber, Transport, 75.67",75.67,ACH,Detroit,MI
Groceries Store 127,"Mobile app payment at Groceries Store 127, Groceries, 48.24",48.24,Digital Wallet,San Francisco,CA
Entertainment Store 194,"POS transaction - Entertainment Store 194 (Education), amount 230.31",230.31,ACH,Miami,FL
Entertainment Store 144,"Groceries spend at Entertainment Store 144, total 81.02",81.02,Credit Card,Miami,FL
Shopping Store 111,Card purchase at Shopping Store 111 for 52.58 USD (Shopping),52.58,Credit Card,Austin,TX
Airbnb,"Mobile app payment at Airbnb, Travel, 97.12",97.12,ACH,Chicago,IL
Urgent Care Clinic,"Online payment to Urgent Care Clinic - Healthcare, 14.59",14.59,Debit Card,Austin,TX
Education Store 003,"Online payment to Education Store 003 - Education, 178.99",178.99,Digital Wallet,Seattle,WA
DiningOut Store 133,"Online payment to DiningOut Store 133 - Transport, 43.35",43.35,ACH,San Francisco,CA
Bills Store 101,"Mobile app payment at Bills Store 101, Bills, 224.74",224.74,Credit Card,Seattle,WA
Hulu,"Online payment to Hulu - Entertainment, 98.07",98.07,ACH,Ann Arbor,MI
DiningOut Store 033,"Mobile app payment at DiningOut Store 033, DiningOut, 5.00",5.0,Cash,San Francisco,CA
Miscellaneous Store 064,"Online payment to Miscellaneous Store 064 - Miscellaneous, 5.00",5.0,Digital Wallet,Miami,FL
Utilities Store 214,"Mobile app payment at Utilities Store 214, Utilities, 73.19",73.19,Credit Card,Seattle,WA
Entertainment Store 068,"Mobile app payment at Entertainment Store 068, Entertainment, 91.75",91.75,Cash,New York,NY
DiningOut Store 133,"DiningOut spend at DiningOut Store 133, total 38.63",38.63,Debit Card,New York,NY
Miscellaneous Store 064,"Miscellaneous spend at Miscellaneous Store 064, total 5.00",5.0,Debit Card,Detroit,MI
Chick-fil-A,Card purchase at Chick-fil-A for 40.59 USD (DiningOut),40.59,Digital Wallet,Ann Arbor,MI
DiningOut Store 171,"DiningOut spend at DiningOut Store 171, total 16.88",16.88,ACH,Seattle,WA
Groceries Store 056,"Groceries spend at Groceries Store 056, total 8.53",8.53,Credit Card,Seattle,WA
Capital One Card,"Mobile app payment at Capital One Card, Bills, 312.18",312.18,Cash,Miami,FL
Bills Store 128,"Online payment to Bills Store 128 - DiningOut, 15.69",15.69,Cash,Austin,TX
Shopping Store 111,Card purchase at Shopping Store 111 for 179.92 USD (Shopping),179.92,Debit Card,Boston,MA
Travel Store 215,"Mobile app payment at Travel Store 215, Travel, 246.20",246.2,Cash,Miami,FL
Nail Spa,"PersonalCare spend at Nail Spa, total 17.45",17.45,Debit Card,Seattle,WA
Healthcare Store 115,"Online payment to Healthcare Store 115 - Healthcare, 139.42",139.42,ACH,Ann Arbor,MI
DiningOut Store 218,Card purchase at DiningOut Store 218 for 31.60 USD (DiningOut),31.6,Cash,Denver,CO
Bills Store 112,"Bills spend at Bills Store 112, total 253.20",253.2,ACH,San Francisco,CA
Healthcare Store 180,Card purchase at Healthcare Store 180 for 65.99 USD (Healthcare),65.99,Cash,Austin,TX
Shopping Store 206,"Shopping spend at Shopping Store 206, total 20.02",20.02,Cash,Austin,TX
Khan Academy,"POS transaction - Khan Academy (Education), amount 181.07",181.07,Credit Card,Boston,MA
Education Store 193,"POS transaction - Education Store 193 (Education), amount 11.52",11.52,Debit Card,Denver,CO
DiningOut Store 058,"DiningOut spend at DiningOut Store 058, total 28.12",28.12,Debit Card,Miami,FL
Miscellaneous Store 141,Card purchase at Miscellaneous Store 141 for 36.22 USD (Miscellaneous),36.22,ACH,Detroit,MI
Bills Store 089,"Online payment to Bills Store 089 - Bills, 39.65",39.65,ACH,San Francisco,CA
Groceries Store 104,"Online payment to Groceries Store 104 - Groceries, 47.42",47.42,Credit Card,New York,NY
Groceries Store 147,"Online payment to Groceries Store 147 - Groceries, 110.03",110.03,Debit Card,Seattle,WA
Target,"Groceries spend at Target, total 182.28",182.28,Debit Card,Chicago,IL
Groceries Store 045,"Mobile app payment at Groceries Store 045, Groceries, 127.65",127.65,Debit Card,New York,NY
Meijer,"Groceries spend at Meijer, total 59.52",59.52,Digital Wallet,San Francisco,CA
Education Store 130,Card purchase at Education Store 130 for 457.09 USD (Education),457.09,Digital Wallet,Detroit,MI
Aldi,"POS transaction - Aldi (Groceries), amount 104.47",104.47,Credit Card,Austin,TX
Healthcare Store 158,"Healthcare spend at Healthcare Store 158, total 124.56",124.56,Cash,Boston,MA
Shopping Store 190,"Groceries spend at Shopping Store 190, total 87.87",87.87,Credit Card,Seattle,WA
Udemy,"Online payment to Udemy - Education, 228.81",228.81,Credit Card,Ann Arbor,MI
Coding Bootcamp,"Education spend at Coding Bootcamp, total 268.15",268.15,Cash,Ann Arbor,MI
Target,"Online payment to Target - Groceries, 60.41",60.41,Credit Card,Detroit,MI
Gas Utility,Card purchase at Gas Utility for 88.22 USD (Utilities),88.22,Debit Card,Austin,TX
Skillshare,"Mobile app payment at Skillshare, PersonalCare, 69.58",69.58,Debit Card,Miami,FL
PersonalCare Store 035,"Online payment to PersonalCare Store 035 - PersonalCare, 20.87",20.87,Cash,Seattle,WA
Miscellaneous Store 200,Card purchase at Miscellaneous Store 200 for 50.38 USD (Shopping),50.38,Cash,Seattle,WA
Subway,"Mobile app payment at Subway, DiningOut, 17.74",17.74,Cash,Austin,TX
Trader Joes,"POS transaction - Trader Joes (Groceries), amount 102.89",102.89,Credit Card,Boston,MA
Exxon,"POS transaction - Exxon (Bills), amount 236.82",236.82,ACH,Chicago,IL
Utilities Store 186,"Mobile app payment at Utilities Store 186, Utilities, 214.94",214.94,Cash,Detroit,MI
Chevron,"Online payment to Chevron - Transport, 81.42",81.42,Credit Card,Detroit,MI
PersonalCare Store 048,"PersonalCare spend at PersonalCare Store 048, total 27.73",27.73,Cash,Chicago,IL
Healthcare Store 034,"Mobile app payment at Healthcare Store 034, Groceries, 65.10",65.1,ACH,Detroit,MI
Utilities Store 091,"Utilities spend at Utilities Store 091, total 104.16",104.16,Cash,Chicago,IL
Kroger,Card purchase at Kroger for 5.00 USD (Groceries),5.0,Credit Card,Miami,FL
Healthcare Store 129,"POS transaction - Healthcare Store 129 (Healthcare), amount 163.78",163.78,Credit Card,Chicago,IL
DiningOut Store 018,"DiningOut spend at DiningOut Store 018, total 12.59",12.59,Cash,San Francisco,CA
Local Gift Shop,"POS transaction - Local Gift Shop (Miscellaneous), amount 16.65",16.65,Cash,San Francisco,CA
Best Buy,"POS transaction - Best Buy (DiningOut), amount 39.10",39.1,Debit Card,Miami,FL
Publix,"POS transaction - Publix (Groceries), amount 89.79",89.79,Credit Card,Denver,CO
Miscellaneous Store 181,"POS transaction - Miscellaneous Store 181 (Miscellaneous), amount 6.51",6.51,ACH,Miami,FL
Miscellaneous Store 145,"POS transaction - Miscellaneous Store 145 (Miscellaneous), amount 27.28",27.28,ACH,New York,NY
Miscellaneous Store 208,"Groceries spend at Miscellaneous Store 208, total 118.38",118.38,Digital Wallet,Ann Arbor,MI
Target.com,"Shopping spend at Target.com, total 5.00",5.0,Credit Card,Detroit,MI
Entertainment Store 044,"Entertainment spend at Entertainment Store 044, total 39.34",39.34,Credit Card,Austin,TX
DisneyPlus,"POS transaction - DisneyPlus (Entertainment), amount 30.18",30.18,Credit Card,Ann Arbor,MI
Groceries Store 150,"Online payment to Groceries Store 150 - Groceries, 9.53",9.53,Cash,New York,NY
Auto Loan Servicer,"Online payment to Auto Loan Servicer - Bills, 224.27",224.27,Debit Card,Detroit,MI
Utilities Store 004,"Utilities spend at Utilities Store 004, total 71.06",71.06,Debit Card,Denver,CO
Thrift Store,"Online payment to Thrift Store - Transport, 11.72",11.72,Debit Card,Boston,MA
Miscellaneous Store 064,Card purchase at Miscellaneous Store 064 for 8.61 USD (Miscellaneous),8.61,Cash,Miami,FL
Gym Membership,"PersonalCare spend at Gym Membership, total 5.00",5.0,Credit Card,Chicago,IL
Target,Card purchase at Target for 118.24 USD (Groceries),118.24,ACH,Austin,TX
Groceries Store 147,Card purchase at Groceries Store 147 for 127.45 USD (Groceries),127.45,Cash,Miami,FL
Starbucks,"POS transaction - Starbucks (DiningOut), amount 18.26",18.26,ACH,San Francisco,CA
DiningOut Store 083,Card purchase at DiningOut Store 083 for 48.56 USD (DiningOut),48.56,Digital Wallet,Ann Arbor,MI
Kroger,"Groceries spend at Kroger, total 101.36",101.36,Cash,Ann Arbor,MI
Groceries Store 036,Card purchase at Groceries Store 036 for 86.41 USD (Groceries),86.41,ACH,Austin,TX
Healthcare Store 134,Card purchase at Healthcare Store 134 for 126.98 USD (Groceries),126.98,Credit Card,Miami,FL
Education Store 026,Card purchase at Education Store 026 for 146.76 USD (Education),146.76,Digital Wallet,Chicago,IL
DiningOut Store 018,Card purchase at DiningOut Store 018 for 21.31 USD (Shopping),21.31,Digital Wallet,New York,NY
Transport Store 102,"Transport spend at Transport Store 102, total 66.83",66.83,ACH,Ann Arbor,MI
Miscellaneous Store 200,"Miscellaneous spend at Miscellaneous Store 200, total 27.64",27.64,Cash,Seattle,WA
Transport Store 052,"Transport spend at Transport Store 052, total 9.75",9.75,ACH,Ann Arbor,MI
KFC,"POS transaction - KFC (DiningOut), amount 11.22",11.22,ACH,Chicago,IL
Miscellaneous Store 024,"Miscellaneous spend at Miscellaneous Store 024, total 9.20",9.2,ACH,Detroit,MI
Nike,"POS transaction - Nike (Shopping), amount 17.26",17.26,Credit Card,Seattle,WA
Apple Store,"Shopping spend at Apple Store, total 64.70",64.7,Cash,New York,NY
Shopping Store 154,Card purchase at Shopping Store 154 for 9.33 USD (Shopping),9.33,Cash,New York,NY
Transport Store 078,"Online payment to Transport Store 078 - Transport, 72.75",72.75,Digital Wallet,Austin,TX
Transport Store 102,"Online payment to Transport Store 102 - Transport, 45.82",45.82,Digital Wallet,Chicago,IL
Utilities Store 155,"POS transaction - Utilities Store 155 (Utilities), amount 129.70",129.7,Cash,Seattle,WA
Bills Store 135,Card purchase at Bills Store 135 for 28.98 USD (DiningOut),28.98,Debit Card,New York,NY
Netflix,"Online payment to Netflix - Entertainment, 28.48",28.48,Cash,Boston,MA
Bills Store 173,"Bills spend at Bills Store 173, total 323.14",323.14,Digital Wallet,Boston,MA
DiningOut Store 058,"Online payment to DiningOut Store 058 - DiningOut, 55.81",55.81,Credit Card,Denver,CO
Subway,"POS transaction - Subway (DiningOut), amount 38.61",38.61,Cash,Detroit,MI
Transport Store 078,"POS transaction - Transport Store 078 (Transport), amount 43.14",43.14,ACH,Miami,FL
Meijer,"Mobile app payment at Meijer, Groceries, 98.88",98.88,Credit Card,Ann Arbor,MI
Travel Store 059,"Online payment to Travel Store 059 - Travel, 150.84",150.84,Cash,Boston,MA
Transport Store 032,"Online payment to Transport Store 032 - Transport, 59.98",59.98,Digital Wallet,Boston,MA
Capital One Card,"Online payment to Capital One Card - DiningOut, 18.04",18.04,Digital Wallet,Austin,TX
Bills Store 107,"Online payment to Bills Store 107 - Bills, 125.17",125.17,Credit Card,San Francisco,CA
Miscellaneous Store 012,"Travel spend at Miscellaneous Store 012, total 277.97",277.97,ACH,Seattle,WA
Bills Store 105,Card purchase at Bills Store 105 for 56.71 USD (Education),56.71,Credit Card,Ann Arbor,MI
Verizon,Card purchase at Verizon for 50.78 USD (Groceries),50.78,Cash,Austin,TX
Shopping Store 206,Card purchase at Shopping Store 206 for 39.07 USD (Shopping),39.07,Debit Card,Miami,FL
KFC,"Mobile app payment at KFC, DiningOut, 23.60",23.6,ACH,San Francisco,CA
PlayStation Store,"Entertainment spend at PlayStation Store, total 30.97",30.97,Credit Card,Denver,CO
Miscellaneous Store 153,"Miscellaneous spend at Miscellaneous Store 153, total 30.66",30.66,Debit Card,Chicago,IL
Travel Store 086,"Online payment to Travel Store 086 - Travel, 294.82",294.82,ACH,Austin,TX
Internet Bill AutoPay,Card purchase at Internet Bill AutoPay for 126.24 USD (Bills),126.24,ACH,Seattle,WA
Transport Store 072,"Online payment to Transport Store 072 - Transport, 70.33",70.33,Credit Card,Boston,MA
Target,"Online payment to Target - Groceries, 118.11",118.11,ACH,Detroit,MI
Delta Airlines,"Travel spend at Delta Airlines, total 253.65",253.65,Debit Card,Detroit,MI
eBay,"POS transaction - eBay (Miscellaneous), amount 32.66",32.66,Digital Wallet,Miami,FL
Healthcare Store 131,Card purchase at Healthcare Store 131 for 156.12 USD (Healthcare),156.12,Credit Card,Miami,FL
Entertainment Store 197,"Entertainment spend at Entertainment Store 197, total 106.71",106.71,ACH,Detroit,MI
DiningOut Store 172,Card purchase at DiningOut Store 172 for 23.41 USD (DiningOut),23.41,Cash,New York,NY
Shopping Store 206,"POS transaction - Shopping Store 206 (Shopping), amount 99.58",99.58,Debit Card,Miami,FL
Utilities Store 047,"Online payment to Utilities Store 047 - Utilities, 161.61",161.61,Credit Card,Austin,TX
Shopping Store 077,"POS transaction - Shopping Store 077 (Shopping), amount 217.29",217.29,ACH,Denver,CO
Coursera,"POS transaction - Coursera (Education), amount 237.36",237.36,Digital Wallet,San Francisco,CA
Lyft,Card purchase at Lyft for 30.31 USD (Entertainment),30.31,Digital Wallet,Seattle,WA
PersonalCare Store 067,"Online payment to PersonalCare Store 067 - PersonalCare, 21.78",21.78,Credit Card,Austin,TX
DiningOut Store 083,"Mobile app payment at DiningOut Store 083, DiningOut, 40.91",40.91,Cash,Miami,FL
DiningOut Store 171,"POS transaction - DiningOut Store 171 (DiningOut), amount 61.72",61.72,Cash,Miami,FL
Whole Foods,"Mobile app payment at Whole Foods, Groceries, 92.74",92.74,Cash,Detroit,MI
Kroger,"Groceries spend at Kroger, total 62.72",62.72,Cash,New York,NY
Craft Store,Card purchase at Craft Store for 53.37 USD (Miscellaneous),53.37,Credit Card,Boston,MA
Entertainment Store 027,"Online payment to Entertainment Store 027 - Entertainment, 103.68",103.68,Cash,Austin,TX
Vitamin Shoppe,"POS transaction - Vitamin Shoppe (PersonalCare), amount 34.37",34.37,Digital Wallet,Chicago,IL
Entertainment Store 169,Card purchase at Entertainment Store 169 for 53.89 USD (Entertainment),53.89,Cash,Boston,MA
Lowes,"Online payment to Lowes - Shopping, 85.57",85.57,Debit Card,Detroit,MI
Entertainment Store 163,Card purchase at Entertainment Store 163 for 33.80 USD (DiningOut),33.8,Digital Wallet,Miami,FL
DiningOut Store 007,Card purchase at DiningOut Store 007 for 26.88 USD (DiningOut),26.88,Credit Card,Austin,TX
Transport Store 078,"Mobile app payment at Transport Store 078, Transport, 31.63",31.63,Credit Card,Ann Arbor,MI
Healthcare Store 034,"Online payment to Healthcare Store 034 - Healthcare, 187.24",187.24,Cash,Chicago,IL
Groceries Store 217,"Mobile app payment at Groceries Store 217, Groceries, 125.41",125.41,Debit Card,Miami,FL
Craft Store,Card purchase at Craft Store for 10.14 USD (Miscellaneous),10.14,Debit Card,New York,NY
Education Store 130,"DiningOut spend at Education Store 130, total 16.18",16.18,Digital Wallet,Austin,TX
Groceries Store 150,"Groceries spend at Groceries Store 150, total 131.26",131.26,Credit Card,Boston,MA
Shopping Store 206,"POS transaction - Shopping Store 206 (Shopping), amount 35.58",35.58,Digital Wallet,Boston,MA
BP,"Online payment to BP - Transport, 39.27",39.27,Digital Wallet,Chicago,IL
Ulta Beauty,"Mobile app payment at Ulta Beauty, PersonalCare, 65.20",65.2,ACH,San Francisco,CA
Kroger,"Mobile app payment at Kroger, Groceries, 68.59",68.59,Credit Card,Boston,MA
Transport Store 119,"Mobile app payment at Transport Store 119, Transport, 63.24",63.24,ACH,Chicago,IL
Family Doctor,Card purchase at Family Doctor for 158.07 USD (Healthcare),158.07,Cash,Chicago,IL
Miscellaneous Store 181,"Groceries spend at Miscellaneous Store 181, total 36.63",36.63,Credit Card,Austin,TX
Shopping Store 216,"Mobile app payment at Shopping Store 216, Shopping, 54.59",54.59,Debit Card,Austin,TX
Travel Store 122,"POS transaction - Travel Store 122 (Travel), amount 484.81",484.81,Digital Wallet,Detroit,MI
IKEA,Card purchase at IKEA for 86.74 USD (Shopping),86.74,Credit Card,Austin,TX
Toy Store,"Mobile app payment at Toy Store, Miscellaneous, 57.97",57.97,Debit Card,Ann Arbor,MI
Shopping Store 111,"Online payment to Shopping Store 111 - Shopping, 34.61",34.61,Cash,San Francisco,CA
Groceries Store 104,Card purchase at Groceries Store 104 for 38.46 USD (Groceries),38.46,Digital Wallet,Seattle,WA
Charity Donation,"DiningOut spend at Charity Donation, total 24.83",24.83,Digital Wallet,San Francisco,CA
Bills Store 173,"Mobile app payment at Bills Store 173, Utilities, 170.00",170.0,Digital Wallet,Boston,MA
Utilities Store 214,"POS transaction - Utilities Store 214 (Travel), amount 500.16",500.16,Cash,Seattle,WA
Entertainment Store 197,"Mobile app payment at Entertainment Store 197, Entertainment, 60.16",60.16,ACH,Miami,FL
Groceries Store 045,Card purchase at Groceries Store 045 for 68.06 USD (Groceries),68.06,Credit Card,Detroit,MI
DiningOut Store 182,"Mobile app payment at DiningOut Store 182, DiningOut, 40.86",40.86,Credit Card,New York,NY
Groceries Store 150,Card purchase at Groceries Store 150 for 86.69 USD (Groceries),86.69,ACH,Miami,FL
Entertainment Store 201,"Mobile app payment at Entertainment Store 201, Entertainment, 68.60",68.6,Credit Card,Seattle,WA
Healthcare Store 113,"Mobile app payment at Healthcare Store 113, Healthcare, 134.43",134.43,Debit Card,Boston,MA
Craft Store,"Online payment to Craft Store - DiningOut, 10.33",10.33,ACH,Seattle,WA
Target,"Mobile app payment at Target, Groceries, 5.00",5.0,Credit Card,New York,NY
Shopping Store 136,Card purchase at Shopping Store 136 for 5.00 USD (Shopping),5.0,Credit Card,Denver,CO
Rite Aid,"Mobile app payment at Rite Aid, Healthcare, 129.95",129.95,ACH,Austin,TX
Healthcare Store 134,"Online payment to Healthcare Store 134 - Healthcare, 144.55",144.55,Debit Card,Denver,CO
Mortgage Servicer,"Bills spend at Mortgage Servicer, total 155.10",155.1,ACH,Chicago,IL
Healthcare Store 159,"Online payment to Healthcare Store 159 - Healthcare, 5.00",5.0,Debit Card,Denver,CO
Hulu,Card purchase at Hulu for 35.69 USD (Shopping),35.69,Debit Card,New York,NY
Nike,Card purchase at Nike for 69.70 USD (Shopping),69.7,Credit Card,Boston,MA
Exxon,Card purchase at Exxon for 12.30 USD (Transport),12.3,Cash,New York,NY
Whole Foods,Card purchase at Whole Foods for 366.06 USD (Bills),366.06,Cash,Miami,FL
DiningOut Store 118,Card purchase at DiningOut Store 118 for 37.61 USD (DiningOut),37.61,Cash,Denver,CO
IKEA,"POS transaction - IKEA (Shopping), amount 149.96",149.96,Debit Card,Miami,FL
Property Taxes,Card purchase at Property Taxes for 321.19 USD (Bills),321.19,ACH,Seattle,WA
Transport Store 097,"POS transaction - Transport Store 097 (Transport), amount 33.26",33.26,Digital Wallet,Austin,TX
DiningOut Store 010,"Mobile app payment at DiningOut Store 010, DiningOut, 50.67",50.67,ACH,San Francisco,CA
Metro Transit,"Mobile app payment at Metro Transit, Education, 158.14",158.14,Cash,New York,NY
Entertainment Store 068,"Entertainment spend at Entertainment Store 068, total 38.46",38.46,Credit Card,Denver,CO
PersonalCare Store 035,"Online payment to PersonalCare Store 035 - PersonalCare, 42.73",42.73,Digital Wallet,Chicago,IL
Rite Aid,Card purchase at Rite Aid for 259.64 USD (Healthcare),259.64,Debit Card,Miami,FL
Toy Store,"Online payment to Toy Store - Miscellaneous, 33.26",33.26,Digital Wallet,Chicago,IL
Metro Transit,Card purchase at Metro Transit for 12.18 USD (Transport),12.18,ACH,Chicago,IL
Groceries Store 056,"POS transaction - Groceries Store 056 (Groceries), amount 54.34",54.34,Credit Card,Boston,MA
Groceries Store 056,"Mobile app payment at Groceries Store 056, Groceries, 65.01",65.01,Cash,Ann Arbor,MI
DiningOut Store 007,"Online payment to DiningOut Store 007 - DiningOut, 23.89",23.89,ACH,Boston,MA
Bills Store 051,"POS transaction - Bills Store 051 (Bills), amount 99.27",99.27,ACH,Miami,FL
Transport Store 032,"POS transaction - Transport Store 032 (Transport), amount 21.95",21.95,Digital Wallet,San Francisco,CA
Groceries Store 056,Card purchase at Groceries Store 056 for 11.81 USD (Groceries),11.81,Credit Card,Chicago,IL
DiningOut Store 218,"POS transaction - DiningOut Store 218 (DiningOut), amount 39.39",39.39,Credit Card,Miami,FL
Bills Store 106,"Online payment to Bills Store 106 - Bills, 310.01",310.01,Cash,Detroit,MI
Entertainment Store 139,"POS transaction - Entertainment Store 139 (Shopping), amount 79.08",79.08,Cash,Boston,MA
Entertainment Store 044,"Mobile app payment at Entertainment Store 044, Entertainment, 94.82",94.82,Credit Card,Detroit,MI
Groceries Store 147,"Miscellaneous spend at Groceries Store 147, total 5.00",5.0,ACH,San Francisco,CA
PersonalCare Store 220,"Mobile app payment at PersonalCare Store 220, PersonalCare, 28.30",28.3,Cash,Detroit,MI
Shopping Store 111,"Mobile app payment at Shopping Store 111, Shopping, 254.58",254.58,Digital Wallet,Seattle,WA
Regal Cinemas,"Online payment to Regal Cinemas - Groceries, 112.74",112.74,ACH,Miami,FL
Miscellaneous Store 145,Card purchase at Miscellaneous Store 145 for 5.00 USD (Miscellaneous),5.0,Cash,Seattle,WA
Pizza Hut,"DiningOut spend at Pizza Hut, total 12.87",12.87,Credit Card,Chicago,IL
Utilities Store 165,"POS transaction - Utilities Store 165 (Entertainment), amount 66.15",66.15,Digital Wallet,San Francisco,CA
Bills Store 089,"Bills spend at Bills Store 089, total 137.13",137.13,ACH,San Francisco,CA
Transport Store 052,"POS transaction - Transport Store 052 (Transport), amount 89.67",89.67,Debit Card,Austin,TX
Costco,"POS transaction - Costco (Groceries), amount 63.02",63.02,Debit Card,New York,NY
Healthcare Store 021,"POS transaction - Healthcare Store 021 (Healthcare), amount 188.63",188.63,ACH,Boston,MA
Utilities Store 186,"POS transaction - Utilities Store 186 (Utilities), amount 157.15",157.15,ACH,New York,NY
Miscellaneous Store 200,"Online payment to Miscellaneous Store 200 - Miscellaneous, 52.43",52.43,Credit Card,Austin,TX
DiningOut Store 010,Card purchase at DiningOut Store 010 for 35.95 USD (DiningOut),35.95,Debit Card,Ann Arbor,MI
DiningOut Store 120,"DiningOut spend at DiningOut Store 120, total 49.67",49.67,Cash,Austin,TX
DiningOut Store 007,"DiningOut spend at DiningOut Store 007, total 55.29",55.29,Cash,Seattle,WA
Transport Store 009,"Transport spend at Transport Store 009, total 51.95",51.95,Digital Wallet,New York,NY
Subway,"Mobile app payment at Subway, DiningOut, 5.00",5.0,ACH,New York,NY
Miscellaneous Store 141,"POS transaction - Miscellaneous Store 141 (Miscellaneous), amount 28.89",28.89,Cash,Seattle,WA
Bills Store 071,"POS transaction - Bills Store 071 (Bills), amount 212.41",212.41,Cash,Ann Arbor,MI
Comcast,"Online payment to Comcast - Utilities, 136.57",136.57,Credit Card,Denver,CO
Bills Store 128,"POS transaction - Bills Store 128 (Healthcare), amount 152.41",152.41,Credit Card,Seattle,WA
Bills Store 112,"POS transaction - Bills Store 112 (Bills), amount 28.46",28.46,Debit Card,Denver,CO
Capital One Card,"Mobile app payment at Capital One Card, Bills, 171.00",171.0,Debit Card,Ann Arbor,MI
Groceries Store 170,Card purchase at Groceries Store 170 for 22.69 USD (Groceries),22.69,ACH,Chicago,IL
Shell,"POS transaction - Shell (Transport), amount 44.45",44.45,Digital Wallet,San Francisco,CA
Groceries Store 069,"POS transaction - Groceries Store 069 (Groceries), amount 94.55",94.55,Credit Card,Ann Arbor,MI
DiningOut Store 100,"DiningOut spend at DiningOut Store 100, total 5.00",5.0,ACH,Boston,MA
Meijer,"Online payment to Meijer - Groceries, 91.12",91.12,Cash,Detroit,MI
Miscellaneous Store 024,"POS transaction - Miscellaneous Store 024 (Miscellaneous), amount 51.58",51.58,Digital Wallet,Detroit,MI
Safeway,"Groceries spend at Safeway, total 128.35",128.35,Credit Card,Austin,TX
Chevron,"POS transaction - Chevron (Transport), amount 39.86",39.86,Cash,Ann Arbor,MI
BP,"Utilities spend at BP, total 165.90",165.9,Debit Card,Seattle,WA
Groceries Store 056,"Online payment to Groceries Store 056 - Groceries, 161.24",161.24,Debit Card,Denver,CO
Healthcare Store 079,"Mobile app payment at Healthcare Store 079, Healthcare, 127.56",127.56,Debit Card,New York,NY
Groceries Store 117,Card purchase at Groceries Store 117 for 72.10 USD (Groceries),72.1,Digital Wallet,Boston,MA
KFC,"Online payment to KFC - DiningOut, 19.61",19.61,ACH,Ann Arbor,MI
Skillshare,"POS transaction - Skillshare (DiningOut), amount 6.09",6.09,Debit Card,Detroit,MI
Healthcare Store 129,"Mobile app payment at Healthcare Store 129, Healthcare, 112.08",112.08,Credit Card,San Francisco,CA
DiningOut Store 083,Card purchase at DiningOut Store 083 for 62.92 USD (DiningOut),62.92,Cash,Ann Arbor,MI
Amazon,"POS transaction - Amazon (Shopping), amount 174.01",174.01,ACH,Detroit,MI
Travel Store 204,"Mobile app payment at Travel Store 204, Travel, 265.47",265.47,Debit Card,Miami,FL
Utilities Store 121,"POS transaction - Utilities Store 121 (Groceries), amount 147.10",147.1,ACH,San Francisco,CA
Entertainment Store 163,Card purchase at Entertainment Store 163 for 98.88 USD (Entertainment),98.88,Cash,Austin,TX
Transport Store 119,"Online payment to Transport Store 119 - Transport, 5.00",5.0,Debit Card,New York,NY
Groceries Store 127,"Online payment to Groceries Store 127 - Groceries, 51.58",51.58,Cash,Chicago,IL
Healthcare Store 126,Card purchase at Healthcare Store 126 for 59.71 USD (DiningOut),59.71,Debit Card,Denver,CO
Sephora,Card purchase at Sephora for 50.86 USD (Transport),50.86,Digital Wallet,Austin,TX
Transport Store 023,"Mobile app payment at Transport Store 023, Transport, 55.16",55.16,Digital Wallet,Chicago,IL
Publix,"Groceries spend at Publix, total 80.32",80.32,Digital Wallet,Ann Arbor,MI
Entertainment Store 027,"Online payment to Entertainment Store 027 - Entertainment, 43.79",43.79,ACH,Seattle,WA
Costco,Card purchase at Costco for 42.66 USD (Groceries),42.66,ACH,Boston,MA
Transport Store 052,"POS transaction - Transport Store 052 (Transport), amount 54.07",54.07,ACH,Miami,FL
Transport Store 168,Card purchase at Transport Store 168 for 63.14 USD (Transport),63.14,Credit Card,Denver,CO
Bills Store 014,"POS transaction - Bills Store 014 (Bills), amount 193.29",193.29,Cash,Chicago,IL
Shopping Store 039,"Online payment to Shopping Store 039 - Groceries, 161.52",161.52,Cash,Seattle,WA
Travel Store 049,"POS transaction - Travel Store 049 (Travel), amount 381.75",381.75,Digital Wallet,Seattle,WA
Transport Store 189,"Online payment to Transport Store 189 - Transport, 100.36",100.36,Digital Wallet,New York,NY
Miscellaneous Store 200,"POS transaction - Miscellaneous Store 200 (Miscellaneous), amount 51.71",51.71,Credit Card,Chicago,IL
Transport Store 168,"Transport spend at Transport Store 168, total 83.56",83.56,Credit Card,Ann Arbor,MI
Groceries Store 170,"POS transaction - Groceries Store 170 (Groceries), amount 14.28",14.28,Debit Card,Chicago,IL
PersonalCare Store 006,"POS transaction - PersonalCare Store 006 (PersonalCare), amount 53.86",53.86,ACH,San Francisco,CA
Shopping Store 077,"POS transaction - Shopping Store 077 (Shopping), amount 92.19",92.19,Credit Card,Detroit,MI
Utilities Store 203,"Online payment to Utilities Store 203 - Utilities, 125.45",125.45,Cash,Detroit,MI
Utilities Store 140,"Online payment to Utilities Store 140 - Utilities, 85.10",85.1,Debit Card,San Francisco,CA
AMC Theatres,"Online payment to AMC Theatres - Entertainment, 35.01",35.01,Digital Wallet,Chicago,IL
DiningOut Store 074,"Mobile app payment at DiningOut Store 074, DiningOut, 41.03",41.03,Credit Card,San Francisco,CA
Utilities Store 183,"Mobile app payment at Utilities Store 183, Entertainment, 84.65",84.65,Cash,San Francisco,CA
Hulu,Card purchase at Hulu for 15.50 USD (Entertainment),15.5,ACH,Boston,MA
Education Store 156,"Mobile app payment at Education Store 156, Education, 194.73",194.73,Cash,Detroit,MI
Groceries Store 127,"Online payment to Groceries Store 127 - Groceries, 140.41",140.41,Digital Wallet,Austin,TX
Travel Store 059,"Online payment to Travel Store 059 - Travel, 264.24",264.24,Credit Card,Detroit,MI
Chevron,"Online payment to Chevron - Transport, 81.77",81.77,Credit Card,Boston,MA
Community College,"POS transaction - Community College (Education), amount 335.01",335.01,Cash,Ann Arbor,MI
Transport Store 102,"POS transaction - Transport Store 102 (Transport), amount 81.83",81.83,Cash,Austin,TX
Entertainment Store 044,"Online payment to Entertainment Store 044 - Entertainment, 35.68",35.68,Cash,Detroit,MI
Transport Store 119,"Transport spend at Transport Store 119, total 69.94",69.94,Digital Wallet,San Francisco,CA
DiningOut Store 172,"Online payment to DiningOut Store 172 - DiningOut, 21.70",21.7,ACH,Ann Arbor,MI
Groceries Store 069,"Groceries spend at Groceries Store 069, total 13.40",13.4,ACH,Detroit,MI
Urgent Care Clinic,"POS transaction - Urgent Care Clinic (Healthcare), amount 236.62",236.62,Credit Card,Boston,MA
Entertainment Store 063,"POS transaction - Entertainment Store 063 (Bills), amount 301.24",301.24,Credit Card,Austin,TX
Utilities Store 073,"Mobile app payment at Utilities Store 073, Utilities, 174.07",174.07,Credit Card,New York,NY
Publix,"Mobile app payment at Publix, Groceries, 11.76",11.76,ACH,Denver,CO
DiningOut Store 058,"Online payment to DiningOut Store 058 - DiningOut, 7.10",7.1,Cash,Detroit,MI
Bills Store 103,"Bills spend at Bills Store 103, total 199.52",199.52,ACH,Denver,CO
Target.com,"Mobile app payment at Target.com, Shopping, 113.92",113.92,Digital Wallet,New York,NY
Transport Store 168,"Online payment to Transport Store 168 - Transport, 78.49",78.49,Cash,Ann Arbor,MI
Miscellaneous Store 208,"POS transaction - Miscellaneous Store 208 (Miscellaneous), amount 5.00",5.0,Cash,Seattle,WA
Groceries Store 170,"Online payment to Groceries Store 170 - Groceries, 140.38",140.38,ACH,Chicago,IL
Entertainment Store 053,"Online payment to Entertainment Store 053 - Entertainment, 69.14",69.14,ACH,Chicago,IL
Transport Store 148,Card purchase at Transport Store 148 for 37.76 USD (Transport),37.76,Digital Wallet,Denver,CO
Target.com,"POS transaction - Target.com (Shopping), amount 155.74",155.74,ACH,Detroit,MI
Transport Store 078,"Online payment to Transport Store 078 - Transport, 58.48",58.48,Digital Wallet,Boston,MA
Entertainment Store 188,"Entertainment spend at Entertainment Store 188, total 11.14",11.14,Cash,Detroit,MI
Property Taxes,"POS transaction - Property Taxes (Bills), amount 207.97",207.97,Debit Card,Austin,TX
Apple Store,"Mobile app payment at Apple Store, Shopping, 144.58",144.58,Cash,San Francisco,CA
Miscellaneous Store 012,"Online payment to Miscellaneous Store 012 - Miscellaneous, 9.40",9.4,ACH,San Francisco,CA
Groceries Store 138,"Online payment to Groceries Store 138 - Groceries, 84.38",84.38,Digital Wallet,Austin,TX
Shopping Store 136,Card purchase at Shopping Store 136 for 250.31 USD (Shopping),250.31,Debit Card,New York,NY
Education Store 162,"Online payment to Education Store 162 - DiningOut, 15.15",15.15,Credit Card,Austin,TX
McDonalds,"DiningOut spend at McDonalds, total 47.42",47.42,Cash,Detroit,MI
City Parking Garage,"Mobile app payment at City Parking Garage, Transport, 53.68",53.68,Cash,Chicago,IL
Miscellaneous Store 153,Card purchase at Miscellaneous Store 153 for 67.91 USD (Miscellaneous),67.91,ACH,Chicago,IL
McDonalds,Card purchase at McDonalds for 16.16 USD (DiningOut),16.16,Credit Card,Denver,CO
DiningOut Store 172,"Transport spend at DiningOut Store 172, total 72.56",72.56,Cash,New York,NY
Bookstore Campus,"Online payment to Bookstore Campus - Shopping, 31.80",31.8,Digital Wallet,Denver,CO
Rite Aid,"Mobile app payment at Rite Aid, Healthcare, 131.35",131.35,Debit Card,New York,NY
Groceries Store 036,Card purchase at Groceries Store 036 for 64.91 USD (Bills),64.91,Credit Card,Boston,MA
Consumers Energy,"Utilities spend at Consumers Energy, total 150.60",150.6,Credit Card,Boston,MA
Groceries Store 056,Card purchase at Groceries Store 056 for 15.98 USD (Groceries),15.98,Debit Card,Boston,MA
PersonalCare Store 048,Card purchase at PersonalCare Store 048 for 38.75 USD (PersonalCare),38.75,Credit Card,Seattle,WA
DiningOut Store 074,Card purchase at DiningOut Store 074 for 41.85 USD (DiningOut),41.85,Debit Card,Miami,FL
Shopping Store 143,"Shopping spend at Shopping Store 143, total 123.70",123.7,ACH,Detroit,MI
Barber Shop,"Online payment to Barber Shop - PersonalCare, 10.79",10.79,ACH,Seattle,WA
AMC Theatres,"Entertainment spend at AMC Theatres, total 5.00",5.0,Digital Wallet,Austin,TX
Utilities Store 020,"POS transaction - Utilities Store 020 (Utilities), amount 89.66",89.66,Cash,Detroit,MI
Transport Store 078,"Transport spend at Transport Store 078, total 52.71",52.71,Debit Card,Ann Arbor,MI
Miscellaneous Store 064,"Miscellaneous spend at Miscellaneous Store 064, total 34.51",34.51,ACH,Boston,MA
DiningOut Store 083,"POS transaction - DiningOut Store 083 (DiningOut), amount 47.49",47.49,Debit Card,Boston,MA
Safeway,Card purchase at Safeway for 60.41 USD (Groceries),60.41,Credit Card,Chicago,IL
Groceries Store 045,Card purchase at Groceries Store 045 for 67.53 USD (Groceries),67.53,ACH,New York,NY
Thrift Store,"Mobile app payment at Thrift Store, Miscellaneous, 40.24",40.24,Debit Card,San Francisco,CA
Home Depot,"Mobile app payment at Home Depot, Shopping, 93.66",93.66,Debit Card,Seattle,WA
Utilities Store 020,Card purchase at Utilities Store 020 for 119.76 USD (Utilities),119.76,Digital Wallet,Boston,MA
Shopping Store 143,"Shopping spend at Shopping Store 143, total 78.09",78.09,Credit Card,Denver,CO
Utilities Store 186,"Utilities spend at Utilities Store 186, total 20.49",20.49,Cash,Ann Arbor,MI
Nail Spa,"POS transaction - Nail Spa (PersonalCare), amount 60.29",60.29,Credit Card,Miami,FL
Entertainment Store 201,"POS transaction - Entertainment Store 201 (Entertainment), amount 113.28",113.28,Debit Card,Austin,TX
Utilities Store 076,"Mobile app payment at Utilities Store 076, Utilities, 120.47",120.47,Digital Wallet,Boston,MA
Entertainment Store 022,"Online payment to Entertainment Store 022 - Entertainment, 37.81",37.81,Credit Card,New York,NY
DiningOut Store 218,"Online payment to DiningOut Store 218 - DiningOut, 39.83",39.83,Cash,New York,NY
Gas Utility,"POS transaction - Gas Utility (Utilities), amount 210.95",210.95,Credit Card,San Francisco,CA
Utilities Store 030,"Mobile app payment at Utilities Store 030, Utilities, 140.12",140.12,Cash,Miami,FL
Pet Store,"POS transaction - Pet Store (Miscellaneous), amount 59.64",59.64,Digital Wallet,Denver,CO
Travel Store 008,"Travel spend at Travel Store 008, total 213.13",213.13,ACH,San Francisco,CA
Bills Store 149,"Mobile app payment at Bills Store 149, Bills, 94.64",94.64,Debit Card,Detroit,MI
Kroger,"Online payment to Kroger - Miscellaneous, 12.65",12.65,Credit Card,Boston,MA
Charity Donation,"Online payment to Charity Donation - Miscellaneous, 5.00",5.0,Cash,San Francisco,CA
Groceries Store 056,"POS transaction - Groceries Store 056 (Groceries), amount 55.92",55.92,ACH,San Francisco,CA
Transport Store 102,Card purchase at Transport Store 102 for 51.37 USD (Transport),51.37,Debit Card,Boston,MA
Booking.com,"Groceries spend at Booking.com, total 82.17",82.17,Debit Card,Austin,TX
Comcast,"POS transaction - Comcast (Utilities), amount 173.72",173.72,ACH,Detroit,MI
Miscellaneous Store 024,Card purchase at Miscellaneous Store 024 for 62.59 USD (Miscellaneous),62.59,Cash,Boston,MA
Apple Store,"POS transaction - Apple Store (Shopping), amount 157.80",157.8,ACH,Denver,CO
Miscellaneous Store 024,"Mobile app payment at Miscellaneous Store 024, Miscellaneous, 5.00",5.0,ACH,Chicago,IL
Groceries Store 036,"Groceries spend at Groceries Store 036, total 51.30",51.3,Credit Card,Denver,CO
PersonalCare Store 146,"Online payment to PersonalCare Store 146 - PersonalCare, 54.87",54.87,ACH,Austin,TX
Walgreens,"Online payment to Walgreens - Healthcare, 131.47",131.47,Digital Wallet,Seattle,WA
Panera Bread,"POS transaction - Panera Bread (DiningOut), amount 5.00",5.0,Credit Card,Denver,CO
Nike,"POS transaction - Nike (Shopping), amount 78.77",78.77,Credit Card,Boston,MA
Transport Store 189,Card purchase at Transport Store 189 for 9.34 USD (Transport),9.34,Digital Wallet,San Francisco,CA
Utilities Store 054,"POS transaction - Utilities Store 054 (Utilities), amount 51.76",51.76,Debit Card,Boston,MA
eBay,"Online payment to eBay - Miscellaneous, 41.01",41.01,Digital Wallet,Seattle,WA
DiningOut Store 001,"Online payment to DiningOut Store 001 - DiningOut, 26.62",26.62,Cash,Ann Arbor,MI
Marriott Hotels,"POS transaction - Marriott Hotels (Travel), amount 336.21",336.21,Debit Card,New York,NY
Shopping Store 152,"Shopping spend at Shopping Store 152, total 76.11",76.11,Cash,Miami,FL
Office Supply Store,"Online payment to Office Supply Store - Miscellaneous, 5.00",5.0,Debit Card,Austin,TX
Healthcare Store 158,"Mobile app payment at Healthcare Store 158, Healthcare, 78.61",78.61,Credit Card,San Francisco,CA
DiningOut Store 010,"POS transaction - DiningOut Store 010 (DiningOut), amount 5.20",5.2,Credit Card,Seattle,WA
Gas Utility,"POS transaction - Gas Utility (Utilities), amount 100.32",100.32,ACH,Denver,CO
DiningOut Store 001,"DiningOut spend at DiningOut Store 001, total 45.70",45.7,ACH,Boston,MA
Miscellaneous Store 208,Card purchase at Miscellaneous Store 208 for 5.00 USD (Miscellaneous),5.0,Digital Wallet,Boston,MA
PersonalCare Store 093,"PersonalCare spend at PersonalCare Store 093, total 91.99",91.99,ACH,Denver,CO
Utilities Store 020,Card purchase at Utilities Store 020 for 122.74 USD (Utilities),122.74,Cash,Austin,TX
Miscellaneous Store 195,"POS transaction - Miscellaneous Store 195 (Miscellaneous), amount 57.00",57.0,Debit Card,Austin,TX
Entertainment Store 068,"Entertainment spend at Entertainment Store 068, total 37.82",37.82,Cash,New York,NY
Healthcare Store 034,Card purchase at Healthcare Store 034 for 105.81 USD (Healthcare),105.81,Debit Card,Miami,FL
PlayStation Store,"Mobile app payment at PlayStation Store, PersonalCare, 39.91",39.91,Debit Card,Seattle,WA
Consumers Energy,"Online payment to Consumers Energy - Healthcare, 175.05",175.05,ACH,Ann Arbor,MI
Metro Transit,"Mobile app payment at Metro Transit, Transport, 38.29",38.29,Debit Card,Chicago,IL
Healthcare Store 158,"Online payment to Healthcare Store 158 - Miscellaneous, 24.59",24.59,Debit Card,Ann Arbor,MI
Consumers Energy,"Mobile app payment at Consumers Energy, Utilities, 90.29",90.29,Cash,New York,NY
Nike,Card purchase at Nike for 25.72 USD (DiningOut),25.72,Credit Card,Denver,CO
Healthcare Store 029,Card purchase at Healthcare Store 029 for 217.31 USD (Healthcare),217.31,Credit Card,Miami,FL
Meijer,Card purchase at Meijer for 61.57 USD (Groceries),61.57,ACH,Austin,TX
Travel Store 191,"Online payment to Travel Store 191 - Travel, 82.40",82.4,ACH,Detroit,MI
Meijer,"Mobile app payment at Meijer, Groceries, 57.48",57.48,Credit Card,Ann Arbor,MI
Trader Joes,Card purchase at Trader Joes for 58.08 USD (Groceries),58.08,Credit Card,Seattle,WA
IKEA,"Online payment to IKEA - Shopping, 156.99",156.99,Credit Card,Austin,TX
Education Store 193,"Shopping spend at Education Store 193, total 8.08",8.08,ACH,Chicago,IL
Publix,Card purchase at Publix for 125.87 USD (Groceries),125.87,Credit Card,Chicago,IL
DisneyPlus,Card purchase at DisneyPlus for 5.00 USD (DiningOut),5.0,Cash,Ann Arbor,MI
DiningOut Store 010,"DiningOut spend at DiningOut Store 010, total 63.05",63.05,Debit Card,Seattle,WA
Student Loan Servicer,Card purchase at Student Loan Servicer for 147.15 USD (Bills),147.15,ACH,Seattle,WA
PersonalCare Store 220,"Online payment to PersonalCare Store 220 - PersonalCare, 50.35",50.35,Cash,San Francisco,CA
Hair Salon,"Mobile app payment at Hair Salon, Utilities, 89.48",89.48,ACH,Austin,TX
Speedway,"Online payment to Speedway - Transport, 21.37",21.37,Debit Card,Detroit,MI
Utilities Store 165,"POS transaction - Utilities Store 165 (Utilities), amount 17.64",17.64,Debit Card,San Francisco,CA
DiningOut Store 157,"POS transaction - DiningOut Store 157 (DiningOut), amount 45.72",45.72,Debit Card,Chicago,IL
Bills Store 103,"POS transaction - Bills Store 103 (Bills), amount 99.14",99.14,Digital Wallet,New York,NY
Dental Clinic,"Online payment to Dental Clinic - Healthcare, 87.31",87.31,Credit Card,Austin,TX
Office Supply Store,"POS transaction - Office Supply Store (Miscellaneous), amount 56.85",56.85,Debit Card,Miami,FL
Rite Aid,"POS transaction - Rite Aid (Shopping), amount 220.01",220.01,ACH,San Francisco,CA
Rite Aid,"PersonalCare spend at Rite Aid, total 10.48",10.48,Credit Card,Ann Arbor,MI
Entertainment Store 044,"POS transaction - Entertainment Store 044 (Entertainment), amount 36.06",36.06,Credit Card,Denver,CO
Target,Card purchase at Target for 5.00 USD (Groceries),5.0,Credit Card,Miami,FL
Shopping Store 209,"POS transaction - Shopping Store 209 (Shopping), amount 49.41",49.41,Cash,Ann Arbor,MI
Publix,"POS transaction - Publix (Groceries), amount 63.10",63.1,Credit Card,Ann Arbor,MI
Utilities Store 076,"POS transaction - Utilities Store 076 (Utilities), amount 138.50",138.5,Cash,Seattle,WA
Shopping Store 111,"Mobile app payment at Shopping Store 111, Shopping, 59.61",59.61,ACH,Seattle,WA
GNC,"Mobile app payment at GNC, PersonalCare, 45.63",45.63,ACH,Seattle,WA
Miscellaneous Store 161,"Online payment to Miscellaneous Store 161 - Miscellaneous, 25.29",25.29,Credit Card,San Francisco,CA
Walmart.com,"POS transaction - Walmart.com (Shopping), amount 50.39",50.39,Debit Card,New York,NY
Shopping Store 136,Card purchase at Shopping Store 136 for 103.27 USD (Shopping),103.27,Credit Card,San Francisco,CA
Entertainment Store 199,"Entertainment spend at Entertainment Store 199, total 5.00",5.0,Credit Card,Chicago,IL
DiningOut Store 018,"Mobile app payment at DiningOut Store 018, DiningOut, 59.55",59.55,ACH,Seattle,WA
DiningOut Store 074,"Online payment to DiningOut Store 074 - Utilities, 45.20",45.2,Credit Card,Austin,TX
Transport Store 102,"Online payment to Transport Store 102 - Transport, 29.34",29.34,Credit Card,Detroit,MI
DiningOut Store 087,"Online payment to DiningOut Store 087 - Education, 242.46",242.46,Credit Card,San Francisco,CA
Transport Store 032,"Online payment to Transport Store 032 - Groceries, 114.48",114.48,Credit Card,Seattle,WA
Farmer Market,"Mobile app payment at Farmer Market, Miscellaneous, 5.00",5.0,Cash,Boston,MA
Miscellaneous Store 064,Card purchase at Miscellaneous Store 064 for 36.41 USD (Miscellaneous),36.41,Digital Wallet,Miami,FL
Delta Airlines,"Mobile app payment at Delta Airlines, Travel, 329.92",329.92,Credit Card,Boston,MA
Miscellaneous Store 012,Card purchase at Miscellaneous Store 012 for 40.04 USD (Miscellaneous),40.04,Digital Wallet,Seattle,WA
Speedway,"Mobile app payment at Speedway, Transport, 68.07",68.07,Debit Card,Chicago,IL
Shopping Store 216,"POS transaction - Shopping Store 216 (Shopping), amount 105.55",105.55,Cash,Denver,CO
Groceries Store 127,"Groceries spend at Groceries Store 127, total 104.16",104.16,Cash,Detroit,MI
DiningOut Store 007,Card purchase at DiningOut Store 007 for 5.00 USD (DiningOut),5.0,ACH,Boston,MA
Travel Store 075,"Online payment to Travel Store 075 - Travel, 96.25",96.25,Cash,Ann Arbor,MI
Education Store 123,"Education spend at Education Store 123, total 280.20",280.2,Cash,Chicago,IL
Whole Foods,"POS transaction - Whole Foods (Groceries), amount 47.48",47.48,ACH,New York,NY
Rite Aid,"Healthcare spend at Rite Aid, total 213.07",213.07,Digital Wallet,San Francisco,CA
Hulu,"Online payment to Hulu - Entertainment, 89.79",89.79,ACH,Ann Arbor,MI
Miscellaneous Store 145,"Online payment to Miscellaneous Store 145 - Miscellaneous, 78.91",78.91,Cash,Ann Arbor,MI
Hair Salon,"POS transaction - Hair Salon (DiningOut), amount 42.56",42.56,ACH,Miami,FL
Education Store 085,"Mobile app payment at Education Store 085, Education, 308.09",308.09,Digital Wallet,New York,NY
Utilities Store 205,Card purchase at Utilities Store 205 for 161.32 USD (Utilities),161.32,Digital Wallet,Detroit,MI
Entertainment Store 094,"POS transaction - Entertainment Store 094 (Transport), amount 46.57",46.57,Digital Wallet,Detroit,MI
Healthcare Store 115,"POS transaction - Healthcare Store 115 (Healthcare), amount 320.62",320.62,Credit Card,Boston,MA
AMC Theatres,"Entertainment spend at AMC Theatres, total 27.27",27.27,ACH,New York,NY
Entertainment Store 065,Card purchase at Entertainment Store 065 for 42.10 USD (Entertainment),42.1,Debit Card,New York,NY
Apple Store,"Mobile app payment at Apple Store, Shopping, 71.63",71.63,Debit Card,Miami,FL
Shell,"Online payment to Shell - Transport, 25.48",25.48,Cash,Denver,CO
Student Loan Servicer,"Bills spend at Student Loan Servicer, total 148.61",148.61,Credit Card,Ann Arbor,MI
DiningOut Store 178,"Mobile app payment at DiningOut Store 178, Miscellaneous, 5.00",5.0,Cash,Austin,TX
Entertainment Store 164,"POS transaction - Entertainment Store 164 (Entertainment), amount 74.78",74.78,Digital Wallet,Denver,CO
Education Store 108,Card purchase at Education Store 108 for 33.10 USD (Miscellaneous),33.1,Cash,Boston,MA
Education Store 040,"Mobile app payment at Education Store 040, Education, 101.70",101.7,ACH,Miami,FL
Safeway,"Online payment to Safeway - Groceries, 82.83",82.83,Digital Wallet,Miami,FL
Shopping Store 206,Card purchase at Shopping Store 206 for 118.87 USD (Shopping),118.87,Digital Wallet,Seattle,WA
Travel Store 013,"Travel spend at Travel Store 013, total 303.45",303.45,Credit Card,Boston,MA
Travel Store 098,"POS transaction - Travel Store 098 (Travel), amount 257.73",257.73,Credit Card,Chicago,IL
Entertainment Store 197,"POS transaction - Entertainment Store 197 (Entertainment), amount 48.81",48.81,Digital Wallet,Denver,CO
Entertainment Store 022,"Entertainment spend at Entertainment Store 022, total 53.69",53.69,Cash,Miami,FL
Bills Store 014,"Online payment to Bills Store 014 - Bills, 199.60",199.6,Debit Card,Ann Arbor,MI
Groceries Store 117,"Groceries spend at Groceries Store 117, total 74.33",74.33,ACH,San Francisco,CA
Bills Store 038,"Bills spend at Bills Store 038, total 171.40",171.4,Cash,Ann Arbor,MI
Aldi,"Groceries spend at Aldi, total 105.57",105.57,ACH,Denver,CO
GNC,"PersonalCare spend at GNC, total 49.41",49.41,Credit Card,Chicago,IL
DiningOut Store 198,Card purchase at DiningOut Store 198 for 29.74 USD (DiningOut),29.74,Digital Wallet,Detroit,MI
Entertainment Store 169,"POS transaction - Entertainment Store 169 (Entertainment), amount 25.37",25.37,Digital Wallet,Detroit,MI
Entertainment Store 144,"Mobile app payment at Entertainment Store 144, Entertainment, 49.15",49.15,ACH,Miami,FL
Utilities Store 054,"POS transaction - Utilities Store 054 (Utilities), amount 103.08",103.08,Cash,Seattle,WA
Miscellaneous Store 061,"Online payment to Miscellaneous Store 061 - Miscellaneous, 13.01",13.01,ACH,San Francisco,CA
Entertainment Store 169,"Utilities spend at Entertainment Store 169, total 18.00",18.0,Debit Card,Denver,CO
Hair Salon,"Online payment to Hair Salon - Entertainment, 68.24",68.24,Digital Wallet,Detroit,MI
Travel Store 059,"Mobile app payment at Travel Store 059, Travel, 185.04",185.04,Digital Wallet,New York,NY
Shopping Store 111,Card purchase at Shopping Store 111 for 77.39 USD (Transport),77.39,Cash,Chicago,IL
Utilities Store 140,"POS transaction - Utilities Store 140 (Travel), amount 451.26",451.26,Debit Card,Austin,TX
Shopping Store 211,Card purchase at Shopping Store 211 for 41.74 USD (Entertainment),41.74,Credit Card,Chicago,IL
Entertainment Store 063,"Online payment to Entertainment Store 063 - Entertainment, 17.91",17.91,Cash,Detroit,MI
Utilities Store 165,"Mobile app payment at Utilities Store 165, Utilities, 102.66",102.66,Credit Card,Austin,TX
Kroger,"Mobile app payment at Kroger, Groceries, 61.39",61.39,Debit Card,Boston,MA
Adidas,Card purchase at Adidas for 92.42 USD (Shopping),92.42,ACH,San Francisco,CA
Walmart,"Online payment to Walmart - Groceries, 5.00",5.0,Debit Card,Boston,MA
Walmart.com,Card purchase at Walmart.com for 63.00 USD (Shopping),63.0,Digital Wallet,Seattle,WA
DiningOut Store 033,"DiningOut spend at DiningOut Store 033, total 5.00",5.0,ACH,Austin,TX
DiningOut Store 198,"Shopping spend at DiningOut Store 198, total 5.00",5.0,ACH,Boston,MA
Metro Transit,"Transport spend at Metro Transit, total 38.36",38.36,Cash,Boston,MA
Vitamin Shoppe,"Online payment to Vitamin Shoppe - PersonalCare, 26.03",26.03,Credit Card,Denver,CO
BlueCross,Card purchase at BlueCross for 201.83 USD (Healthcare),201.83,ACH,Chicago,IL
PersonalCare Store 006,"POS transaction - PersonalCare Store 006 (Bills), amount 156.72",156.72,Digital Wallet,Detroit,MI
Chevron,Card purchase at Chevron for 20.14 USD (Transport),20.14,Debit Card,New York,NY
Entertainment Store 027,"Online payment to Entertainment Store 027 - Entertainment, 7.73",7.73,Digital Wallet,Detroit,MI
Bills Store 112,"Mobile app payment at Bills Store 112, Bills, 52.57",52.57,Digital Wallet,Austin,TX
Spectrum,"POS transaction - Spectrum (Transport), amount 58.44",58.44,Credit Card,Austin,TX
Thrift Store,"Mobile app payment at Thrift Store, Miscellaneous, 6.67",6.67,ACH,Miami,FL
Education Store 003,"POS transaction - Education Store 003 (Education), amount 220.36",220.36,Credit Card,San Francisco,CA
Groceries Store 217,"Mobile app payment at Groceries Store 217, Shopping, 54.06",54.06,ACH,Chicago,IL
Groceries Store 147,"Groceries spend at Groceries Store 147, total 140.40",140.4,ACH,Chicago,IL
Community College,"POS transaction - Community College (Education), amount 492.55",492.55,Credit Card,Boston,MA
Transport Store 102,Card purchase at Transport Store 102 for 38.20 USD (Transport),38.2,Debit Card,New York,NY
Local Gift Shop,Card purchase at Local Gift Shop for 69.78 USD (Miscellaneous),69.78,Debit Card,Chicago,IL
DiningOut Store 001,"Mobile app payment at DiningOut Store 001, DiningOut, 24.05",24.05,Credit Card,Denver,CO
Bills Store 092,"Bills spend at Bills Store 092, total 291.73",291.73,Credit Card,Chicago,IL
Pet Store,"Mobile app payment at Pet Store, Shopping, 76.84",76.84,ACH,Miami,FL
Utilities Store 186,"Utilities spend at Utilities Store 186, total 111.90",111.9,Cash,Ann Arbor,MI
DiningOut Store 120,"Online payment to DiningOut Store 120 - Shopping, 197.84",197.84,Credit Card,Austin,TX
UM-Flint,"Mobile app payment at UM-Flint, Education, 189.63",189.63,Credit Card,San Francisco,CA
DiningOut Store 157,"POS transaction - DiningOut Store 157 (DiningOut), amount 12.14",12.14,Debit Card,Ann Arbor,MI
Transport Store 119,"Mobile app payment at Transport Store 119, Transport, 74.18",74.18,Cash,Denver,CO
Uber,Card purchase at Uber for 77.46 USD (Transport),77.46,ACH,Denver,CO
Etsy,"Miscellaneous spend at Etsy, total 45.03",45.03,Digital Wallet,San Francisco,CA
PersonalCare Store 019,"Online payment to PersonalCare Store 019 - Transport, 18.80",18.8,Cash,Detroit,MI
Amtrak,Card purchase at Amtrak for 67.64 USD (Transport),67.64,Credit Card,Chicago,IL
Healthcare Store 159,Card purchase at Healthcare Store 159 for 277.99 USD (Healthcare),277.99,Digital Wallet,Denver,CO
Lyft,"Mobile app payment at Lyft, Transport, 51.73",51.73,Cash,Austin,TX
Utilities Store 109,"Mobile app payment at Utilities Store 109, Utilities, 60.34",60.34,Digital Wallet,Chicago,IL
Groceries Store 217,"POS transaction - Groceries Store 217 (Groceries), amount 62.30",62.3,Cash,Boston,MA
DiningOut Store 058,"Online payment to DiningOut Store 058 - DiningOut, 55.00",55.0,Digital Wallet,Seattle,WA
Entertainment Store 094,"POS transaction - Entertainment Store 094 (Entertainment), amount 75.89",75.89,Cash,Austin,TX
Trader Joes,"Online payment to Trader Joes - Groceries, 119.10",119.1,Cash,Miami,FL
Groceries Store 036,"Groceries spend at Groceries Store 036, total 101.15",101.15,Cash,Boston,MA
Healthcare Store 057,"Healthcare spend at Healthcare Store 057, total 72.43",72.43,Debit Card,Chicago,IL
Utilities Store 140,"Utilities spend at Utilities Store 140, total 50.89",50.89,ACH,Detroit,MI
Physical Therapy,"POS transaction - Physical Therapy (Healthcare), amount 148.15",148.15,ACH,Miami,FL
DiningOut Store 001,"Online payment to DiningOut Store 001 - DiningOut, 33.70",33.7,Credit Card,Austin,TX
Bills Store 135,"Mobile app payment at Bills Store 135, Bills, 244.07",244.07,Debit Card,Chicago,IL
Sephora,"PersonalCare spend at Sephora, total 43.00",43.0,Debit Card,Austin,TX
Bills Store 173,"Mobile app payment at Bills Store 173, DiningOut, 38.33",38.33,Digital Wallet,Ann Arbor,MI
Miscellaneous Store 024,"Mobile app payment at Miscellaneous Store 024, Miscellaneous, 18.89",18.89,Cash,New York,NY
Travel Store 110,"POS transaction - Travel Store 110 (Travel), amount 484.48",484.48,Credit Card,Detroit,MI
Utilities Store 070,Card purchase at Utilities Store 070 for 190.09 USD (Utilities),190.09,Digital Wallet,Chicago,IL
PersonalCare Store 067,"POS transaction - PersonalCare Store 067 (Bills), amount 138.45",138.45,Cash,Ann Arbor,MI
DiningOut Store 083,"Online payment to DiningOut Store 083 - DiningOut, 11.58",11.58,Debit Card,Seattle,WA
DiningOut Store 001,"Online payment to DiningOut Store 001 - DiningOut, 41.08",41.08,Cash,New York,NY
Meijer,"POS transaction - Meijer (Groceries), amount 76.37",76.37,Digital Wallet,Boston,MA
Groceries Store 045,"Groceries spend at Groceries Store 045, total 154.02",154.02,Digital Wallet,Seattle,WA
DiningOut Store 187,"Online payment to DiningOut Store 187 - DiningOut, 31.65",31.65,ACH,Boston,MA
Education Store 192,"Online payment to Education Store 192 - Education, 242.13",242.13,Credit Card,Austin,TX
AMC Theatres,"Online payment to AMC Theatres - Entertainment, 79.34",79.34,Cash,Boston,MA
DiningOut Store 018,"Online payment to DiningOut Store 018 - DiningOut, 25.50",25.5,Digital Wallet,San Francisco,CA
Education Store 162,"POS transaction - Education Store 162 (Education), amount 224.12",224.12,Digital Wallet,Detroit,MI
Utilities Store 004,"POS transaction - Utilities Store 004 (Transport), amount 78.27",78.27,Credit Card,San Francisco,CA
Xbox Live,Card purchase at Xbox Live for 113.17 USD (Entertainment),113.17,ACH,Chicago,IL
Gym Membership,"PersonalCare spend at Gym Membership, total 5.00",5.0,Digital Wallet,Chicago,IL
Utilities Store 205,"Mobile app payment at Utilities Store 205, Utilities, 175.37",175.37,Digital Wallet,Ann Arbor,MI
Groceries Store 036,"Online payment to Groceries Store 036 - Groceries, 119.22",119.22,Cash,Chicago,IL
Miscellaneous Store 046,"Mobile app payment at Miscellaneous Store 046, Miscellaneous, 42.79",42.79,Debit Card,Ann Arbor,MI
Entertainment Store 144,"Mobile app payment at Entertainment Store 144, Entertainment, 38.10",38.1,Digital Wallet,Detroit,MI
Shopping Store 136,"Shopping spend at Shopping Store 136, total 66.07",66.07,Debit Card,Seattle,WA
PersonalCare Store 179,"Online payment to PersonalCare Store 179 - PersonalCare, 60.31",60.31,Digital Wallet,Ann Arbor,MI
Miscellaneous Store 012,"Mobile app payment at Miscellaneous Store 012, Miscellaneous, 5.00",5.0,Cash,Boston,MA
Aldi,"Groceries spend at Aldi, total 86.75",86.75,ACH,Ann Arbor,MI
Utilities Store 140,"POS transaction - Utilities Store 140 (Utilities), amount 167.98",167.98,Digital Wallet,Denver,CO
Groceries Store 217,"Online payment to Groceries Store 217 - Groceries, 72.91",72.91,Digital Wallet,Miami,FL
Miscellaneous Store 145,Card purchase at Miscellaneous Store 145 for 71.69 USD (Miscellaneous),71.69,Cash,New York,NY
Utilities Store 109,"POS transaction - Utilities Store 109 (Utilities), amount 140.13",140.13,Debit Card,Denver,CO
Shopping Store 066,Card purchase at Shopping Store 066 for 162.36 USD (Shopping),162.36,ACH,Seattle,WA
Trader Joes,"Groceries spend at Trader Joes, total 106.32",106.32,Digital Wallet,Chicago,IL
Local Hospital,"Mobile app payment at Local Hospital, Healthcare, 89.02",89.02,ACH,Detroit,MI
Shopping Store 088,"Online payment to Shopping Store 088 - Shopping, 133.96",133.96,Credit Card,Austin,TX
Education Store 130,"POS transaction - Education Store 130 (Education), amount 160.30",160.3,Digital Wallet,Boston,MA
Spectrum,"Utilities spend at Spectrum, total 173.43",173.43,Digital Wallet,Austin,TX
GNC,Card purchase at GNC for 62.15 USD (PersonalCare),62.15,Digital Wallet,Seattle,WA
KFC,"Online payment to KFC - DiningOut, 54.68",54.68,Debit Card,Boston,MA
Shopping Store 152,"Shopping spend at Shopping Store 152, total 105.19",105.19,Credit Card,San Francisco,CA
Shopping Store 154,Card purchase at Shopping Store 154 for 102.34 USD (Shopping),102.34,Credit Card,Ann Arbor,MI
Healthcare Store 129,"Healthcare spend at Healthcare Store 129, total 76.17",76.17,Digital Wallet,Miami,FL
Groceries Store 045,"Groceries spend at Groceries Store 045, total 54.52",54.52,Cash,Chicago,IL
Sephora,"Mobile app payment at Sephora, PersonalCare, 45.98",45.98,Cash,Miami,FL
Walmart,"POS transaction - Walmart (Groceries), amount 112.85",112.85,ACH,Ann Arbor,MI
Home Depot,Card purchase at Home Depot for 119.30 USD (Shopping),119.3,ACH,Seattle,WA
Shopping Store 143,"Shopping spend at Shopping Store 143, total 123.67",123.67,ACH,Boston,MA
DiningOut Store 196,"DiningOut spend at DiningOut Store 196, total 64.74",64.74,Debit Card,Boston,MA
Entertainment Store 197,"Mobile app payment at Entertainment Store 197, Entertainment, 65.88",65.88,ACH,San Francisco,CA
Nike,"Online payment to Nike - Shopping, 123.60",123.6,Credit Card,Boston,MA
Pizza Hut,"Online payment to Pizza Hut - Entertainment, 46.73",46.73,Cash,Miami,FL
KFC,"DiningOut spend at KFC, total 12.44",12.44,Credit Card,San Francisco,CA
Bills Store 112,"Mobile app payment at Bills Store 112, Bills, 131.44",131.44,Debit Card,Seattle,WA
Sephora,"PersonalCare spend at Sephora, total 56.69",56.69,Cash,New York,NY
Healthcare Store 132,Card purchase at Healthcare Store 132 for 126.53 USD (Healthcare),126.53,Credit Card,Miami,FL
Verizon,"POS transaction - Verizon (Groceries), amount 105.09",105.09,ACH,Chicago,IL
PlayStation Store,"POS transaction - PlayStation Store (Entertainment), amount 100.61",100.61,Cash,Miami,FL
Shopping Store 077,"Shopping spend at Shopping Store 077, total 72.17",72.17,ACH,Seattle,WA
GNC,"Online payment to GNC - PersonalCare, 5.00",5.0,Cash,New York,NY
Amazon,"POS transaction - Amazon (Shopping), amount 60.56",60.56,Debit Card,San Francisco,CA
Shopping Store 216,"Mobile app payment at Shopping Store 216, Shopping, 181.66",181.66,ACH,Detroit,MI
Healthcare Store 011,Card purchase at Healthcare Store 011 for 91.24 USD (Healthcare),91.24,Debit Card,Seattle,WA
Shopping Store 066,"Mobile app payment at Shopping Store 066, Shopping, 83.42",83.42,Digital Wallet,Detroit,MI
PersonalCare Store 093,"Online payment to PersonalCare Store 093 - PersonalCare, 83.26",83.26,ACH,San Francisco,CA
Groceries Store 056,"POS transaction - Groceries Store 056 (Groceries), amount 53.27",53.27,Debit Card,Denver,CO
Trader Joes,"Groceries spend at Trader Joes, total 50.41",50.41,ACH,Boston,MA
Walmart.com,"POS transaction - Walmart.com (Shopping), amount 92.05",92.05,Cash,Ann Arbor,MI
Travel Store 015,Card purchase at Travel Store 015 for 52.93 USD (Miscellaneous),52.93,Debit Card,Austin,TX
DiningOut Store 100,"Online payment to DiningOut Store 100 - DiningOut, 5.00",5.0,Credit Card,Austin,TX
Groceries Store 170,"Online payment to Groceries Store 170 - Groceries, 101.23",101.23,Digital Wallet,San Francisco,CA
Best Buy,"Mobile app payment at Best Buy, Shopping, 184.19",184.19,Cash,Austin,TX
Shopping Store 209,Card purchase at Shopping Store 209 for 62.10 USD (Shopping),62.1,Cash,New York,NY
DiningOut Store 007,Card purchase at DiningOut Store 007 for 45.22 USD (DiningOut),45.22,Digital Wallet,Denver,CO
Nike,"POS transaction - Nike (Shopping), amount 93.17",93.17,ACH,Denver,CO
Online Course Platform,"Online payment to Online Course Platform - Miscellaneous, 100.75",100.75,Cash,Austin,TX
DiningOut Store 033,Card purchase at DiningOut Store 033 for 7.71 USD (DiningOut),7.71,ACH,Austin,TX
Groceries Store 117,"Groceries spend at Groceries Store 117, total 121.54",121.54,ACH,Boston,MA
Groceries Store 104,"Mobile app payment at Groceries Store 104, Groceries, 59.52",59.52,Digital Wallet,Seattle,WA
Bills Store 105,"Online payment to Bills Store 105 - Bills, 167.55",167.55,Credit Card,New York,NY
Transport Store 052,"POS transaction - Transport Store 052 (Transport), amount 58.64",58.64,Cash,Detroit,MI
Healthcare Store 011,"POS transaction - Healthcare Store 011 (Healthcare), amount 196.45",196.45,Debit Card,New York,NY
Shopping Store 190,Card purchase at Shopping Store 190 for 44.60 USD (Shopping),44.6,ACH,Denver,CO
Transport Store 052,"Online payment to Transport Store 052 - Transport, 60.96",60.96,ACH,Chicago,IL
McDonalds,"Online payment to McDonalds - DiningOut, 24.26",24.26,Credit Card,Detroit,MI
Travel Store 110,Card purchase at Travel Store 110 for 219.24 USD (Travel),219.24,Debit Card,Denver,CO
Travel Store 098,"POS transaction - Travel Store 098 (Travel), amount 348.62",348.62,Cash,Miami,FL
Travel Store 122,Card purchase at Travel Store 122 for 477.74 USD (Travel),477.74,Digital Wallet,Chicago,IL
Chevron,"Online payment to Chevron - Transport, 74.93",74.93,Cash,Detroit,MI
Bills Store 207,"Mobile app payment at Bills Store 207, Bills, 289.42",289.42,Credit Card,Denver,CO
Utilities Store 205,"Utilities spend at Utilities Store 205, total 162.08",162.08,Debit Card,Seattle,WA
Etsy,"Online payment to Etsy - Miscellaneous, 51.63",51.63,Cash,Denver,CO
Miscellaneous Store 061,"DiningOut spend at Miscellaneous Store 061, total 5.00",5.0,Credit Card,Detroit,MI
Transport Store 142,"Online payment to Transport Store 142 - DiningOut, 5.00",5.0,ACH,Denver,CO
Kroger,"Groceries spend at Kroger, total 58.95",58.95,Cash,New York,NY
Groceries Store 056,"Online payment to Groceries Store 056 - Groceries, 95.75",95.75,Debit Card,Chicago,IL
Groceries Store 147,"POS transaction - Groceries Store 147 (Groceries), amount 50.34",50.34,Cash,Seattle,WA
Entertainment Store 022,"Mobile app payment at Entertainment Store 022, Entertainment, 18.43",18.43,Digital Wallet,Detroit,MI
Utilities Store 073,"Mobile app payment at Utilities Store 073, Utilities, 181.98",181.98,Credit Card,Detroit,MI
Education Store 040,"Groceries spend at Education Store 040, total 33.50",33.5,Credit Card,Denver,CO
Costco,"POS transaction - Costco (Groceries), amount 111.91",111.91,Debit Card,Ann Arbor,MI
BP,Card purchase at BP for 10.58 USD (Transport),10.58,Digital Wallet,Austin,TX
Lyft,"Groceries spend at Lyft, total 8.89",8.89,Cash,Miami,FL
Groceries Store 036,"Groceries spend at Groceries Store 036, total 129.75",129.75,Digital Wallet,New York,NY
Bills Store 071,Card purchase at Bills Store 071 for 96.96 USD (Utilities),96.96,Debit Card,San Francisco,CA
Adidas,"Mobile app payment at Adidas, Shopping, 74.93",74.93,Digital Wallet,New York,NY
Miscellaneous Store 208,Card purchase at Miscellaneous Store 208 for 74.14 USD (Miscellaneous),74.14,Cash,Seattle,WA
DiningOut Store 198,"Mobile app payment at DiningOut Store 198, DiningOut, 25.04",25.04,Digital Wallet,Detroit,MI
Walmart,"Groceries spend at Walmart, total 23.10",23.1,Digital Wallet,San Francisco,CA
Groceries Store 104,"Online payment to Groceries Store 104 - Groceries, 36.41",36.41,Cash,Detroit,MI
Shopping Store 206,"Mobile app payment at Shopping Store 206, Shopping, 56.41",56.41,Digital Wallet,New York,NY
Entertainment Store 164,Card purchase at Entertainment Store 164 for 5.00 USD (Entertainment),5.0,ACH,San Francisco,CA
Shopping Store 211,"POS transaction - Shopping Store 211 (Shopping), amount 37.68",37.68,Debit Card,Chicago,IL
Shopping Store 211,"Online payment to Shopping Store 211 - Shopping, 139.41",139.41,Cash,Boston,MA
Shopping Store 143,Card purchase at Shopping Store 143 for 42.08 USD (Shopping),42.08,Digital Wallet,Denver,CO
Bills Store 092,"Bills spend at Bills Store 092, total 76.22",76.22,Credit Card,Denver,CO
DisneyPlus,"Mobile app payment at DisneyPlus, Entertainment, 13.97",13.97,Cash,Boston,MA
AT&T,Card purchase at AT&T for 102.77 USD (Utilities),102.77,Credit Card,Ann Arbor,MI
Entertainment Store 164,"Entertainment spend at Entertainment Store 164, total 38.58",38.58,Cash,Miami,FL
Miscellaneous Store 046,Card purchase at Miscellaneous Store 046 for 22.23 USD (Miscellaneous),22.23,Digital Wallet,Boston,MA
Groceries Store 036,"Online payment to Groceries Store 036 - Groceries, 164.32",164.32,Credit Card,San Francisco,CA
DiningOut Store 058,"Mobile app payment at DiningOut Store 058, DiningOut, 35.28",35.28,Digital Wallet,Detroit,MI
DiningOut Store 178,"DiningOut spend at DiningOut Store 178, total 37.36",37.36,Digital Wallet,Boston,MA
Entertainment Store 201,"Mobile app payment at Entertainment Store 201, Shopping, 60.01",60.01,Cash,San Francisco,CA
Barber Shop,"PersonalCare spend at Barber Shop, total 57.41",57.41,Credit Card,Ann Arbor,MI
Groceries Store 036,"Online payment to Groceries Store 036 - Shopping, 47.12",47.12,Digital Wallet,Detroit,MI
Thrift Store,"POS transaction - Thrift Store (Shopping), amount 115.33",115.33,Digital Wallet,Miami,FL
Groceries Store 138,"Mobile app payment at Groceries Store 138, Groceries, 94.26",94.26,Digital Wallet,Seattle,WA
Transport Store 168,"Online payment to Transport Store 168 - Transport, 38.46",38.46,Credit Card,Seattle,WA
Entertainment Store 188,"Online payment to Entertainment Store 188 - Entertainment, 29.77",29.77,Cash,Chicago,IL
PersonalCare Store 146,"POS transaction - PersonalCare Store 146 (PersonalCare), amount 44.04",44.04,Cash,Ann Arbor,MI
Transport Store 032,"POS transaction - Transport Store 032 (Transport), amount 61.31",61.31,Cash,San Francisco,CA
Walgreens,"POS transaction - Walgreens (Healthcare), amount 179.81",179.81,Debit Card,New York,NY
Utilities Store 005,"Miscellaneous spend at Utilities Store 005, total 48.05",48.05,Cash,Miami,FL
Bills Store 084,"Online payment to Bills Store 084 - Bills, 158.68",158.68,Credit Card,Chicago,IL
Transport Store 119,"Mobile app payment at Transport Store 119, Transport, 28.03",28.03,Credit Card,Boston,MA
DiningOut Store 120,"POS transaction - DiningOut Store 120 (DiningOut), amount 10.28",10.28,Digital Wallet,Detroit,MI
Groceries Store 045,"POS transaction - Groceries Store 045 (Groceries), amount 171.14",171.14,Digital Wallet,Ann Arbor,MI
Pet Store,"POS transaction - Pet Store (Miscellaneous), amount 39.06",39.06,ACH,Ann Arbor,MI
Bills Store 166,"Bills spend at Bills Store 166, total 5.96",5.96,Cash,San Francisco,CA
Shopping Store 066,Card purchase at Shopping Store 066 for 80.93 USD (Shopping),80.93,Digital Wallet,Detroit,MI
Yoga Studio,"Healthcare spend at Yoga Studio, total 39.35",39.35,ACH,Seattle,WA
Starbucks,"Online payment to Starbucks - DiningOut, 31.78",31.78,Cash,Seattle,WA
Costco,"POS transaction - Costco (Groceries), amount 33.75",33.75,Cash,Boston,MA
Transport Store 168,"Online payment to Transport Store 168 - Transport, 56.16",56.16,Cash,Boston,MA
Groceries Store 170,"POS transaction - Groceries Store 170 (Groceries), amount 139.33",139.33,Cash,Chicago,IL
Transport Store 097,"Mobile app payment at Transport Store 097, Transport, 31.75",31.75,Credit Card,San Francisco,CA
Best Buy,"POS transaction - Best Buy (Shopping), amount 34.23",34.23,Credit Card,San Francisco,CA
Entertainment Store 139,"Mobile app payment at Entertainment Store 139, Entertainment, 55.29",55.29,Credit Card,Boston,MA
Publix,"Online payment to Publix - Groceries, 116.49",116.49,Digital Wallet,Chicago,IL
DiningOut Store 100,"POS transaction - DiningOut Store 100 (DiningOut), amount 77.20",77.2,Cash,New York,NY
Groceries Store 170,"Online payment to Groceries Store 170 - Groceries, 108.29",108.29,Cash,Chicago,IL
Groceries Store 150,"Groceries spend at Groceries Store 150, total 74.83",74.83,Digital Wallet,New York,NY
DiningOut Store 058,"DiningOut spend at DiningOut Store 058, total 5.00",5.0,Cash,New York,NY
Groceries Store 138,"POS transaction - Groceries Store 138 (Groceries), amount 118.26",118.26,Digital Wallet,Ann Arbor,MI
Healthcare Store 134,"Shopping spend at Healthcare Store 134, total 154.26",154.26,ACH,Ann Arbor,MI
Miscellaneous Store 046,"Miscellaneous spend at Miscellaneous Store 046, total 84.07",84.07,ACH,Miami,FL
Walgreens,Card purchase at Walgreens for 194.30 USD (Healthcare),194.3,Credit Card,New York,NY
Bills Store 090,"Online payment to Bills Store 090 - Travel, 184.93",184.93,ACH,Miami,FL
Uber,"Online payment to Uber - Transport, 74.22",74.22,Debit Card,San Francisco,CA
PersonalCare Store 202,"Entertainment spend at PersonalCare Store 202, total 49.25",49.25,ACH,San Francisco,CA
Uber,Card purchase at Uber for 40.68 USD (Transport),40.68,Digital Wallet,Seattle,WA
Transport Store 119,"Online payment to Transport Store 119 - Transport, 49.12",49.12,Debit Card,Detroit,MI
Safeway,"Online payment to Safeway - Groceries, 134.83",134.83,Digital Wallet,New York,NY
Property Taxes,"Online payment to Property Taxes - Bills, 249.73",249.73,Digital Wallet,Denver,CO
Groceries Store 127,"POS transaction - Groceries Store 127 (Groceries), amount 52.65",52.65,Debit Card,Austin,TX
Dental Clinic,Card purchase at Dental Clinic for 218.47 USD (Healthcare),218.47,Digital Wallet,New York,NY
Entertainment Store 164,"POS transaction - Entertainment Store 164 (Bills), amount 21.22",21.22,ACH,Chicago,IL
Utilities Store 091,Card purchase at Utilities Store 091 for 159.47 USD (Utilities),159.47,ACH,Detroit,MI
PersonalCare Store 067,"Online payment to PersonalCare Store 067 - PersonalCare, 77.36",77.36,Cash,Boston,MA
Thrift Store,"Mobile app payment at Thrift Store, Miscellaneous, 5.00",5.0,Debit Card,Detroit,MI
Internet Bill AutoPay,"Online payment to Internet Bill AutoPay - Bills, 240.41",240.41,Debit Card,Boston,MA
Transport Store 078,"POS transaction - Transport Store 078 (Transport), amount 5.00",5.0,ACH,Detroit,MI
Shopping Store 077,"Shopping spend at Shopping Store 077, total 70.79",70.79,Debit Card,Detroit,MI
Lowes,"Online payment to Lowes - Shopping, 5.00",5.0,Digital Wallet,Ann Arbor,MI
Travel Store 049,"Mobile app payment at Travel Store 049, Travel, 142.32",142.32,Digital Wallet,Detroit,MI
Utilities Store 155,"POS transaction - Utilities Store 155 (DiningOut), amount 30.84",30.84,Cash,Detroit,MI
Verizon,"POS transaction - Verizon (Miscellaneous), amount 17.86",17.86,ACH,Chicago,IL
Bills Store 014,"Online payment to Bills Store 014 - Bills, 31.61",31.61,Credit Card,Seattle,WA
Apple Store,"Online payment to Apple Store - Shopping, 119.37",119.37,Debit Card,Seattle,WA
DiningOut Store 083,Card purchase at DiningOut Store 083 for 30.03 USD (DiningOut),30.03,Digital Wallet,Denver,CO
Utilities Store 140,Card purchase at Utilities Store 140 for 143.83 USD (Utilities),143.83,Debit Card,Chicago,IL
IKEA,Card purchase at IKEA for 125.24 USD (Shopping),125.24,ACH,San Francisco,CA
Utilities Store 155,"POS transaction - Utilities Store 155 (Utilities), amount 79.20",79.2,Credit Card,Boston,MA
PersonalCare Store 093,"Mobile app payment at PersonalCare Store 093, PersonalCare, 27.35",27.35,Credit Card,Seattle,WA
PersonalCare Store 019,Card purchase at PersonalCare Store 019 for 57.30 USD (PersonalCare),57.3,Digital Wallet,San Francisco,CA
Shopping Store 136,"POS transaction - Shopping Store 136 (Shopping), amount 143.14",143.14,Debit Card,New York,NY
Transport Store 052,"POS transaction - Transport Store 052 (Utilities), amount 178.60",178.6,Digital Wallet,Ann Arbor,MI
Chick-fil-A,Card purchase at Chick-fil-A for 43.07 USD (DiningOut),43.07,Digital Wallet,San Francisco,CA
Groceries Store 069,"Online payment to Groceries Store 069 - Groceries, 57.49",57.49,Cash,Miami,FL
Groceries Store 069,Card purchase at Groceries Store 069 for 54.94 USD (Groceries),54.94,Credit Card,Detroit,MI
Education Store 137,"Online payment to Education Store 137 - Education, 151.46",151.46,Digital Wallet,San Francisco,CA
Groceries Store 036,Card purchase at Groceries Store 036 for 76.11 USD (Groceries),76.11,ACH,Detroit,MI
PersonalCare Store 048,"Miscellaneous spend at PersonalCare Store 048, total 44.31",44.31,Cash,Detroit,MI
Apple Store,"Mobile app payment at Apple Store, Shopping, 76.56",76.56,Debit Card,San Francisco,CA
Local Gift Shop,"Online payment to Local Gift Shop - Miscellaneous, 95.97",95.97,Credit Card,Austin,TX
Education Store 040,"Mobile app payment at Education Store 040, Education, 193.85",193.85,Cash,Seattle,WA
Nike,"Shopping spend at Nike, total 103.14",103.14,Digital Wallet,Denver,CO
Target.com,"Mobile app payment at Target.com, Shopping, 137.52",137.52,ACH,Denver,CO
DiningOut Store 133,"Online payment to DiningOut Store 133 - Miscellaneous, 24.13",24.13,Digital Wallet,Austin,TX
DiningOut Store 198,"POS transaction - DiningOut Store 198 (DiningOut), amount 7.92",7.92,Credit Card,Austin,TX
Groceries Store 036,"Mobile app payment at Groceries Store 036, Groceries, 11.79",11.79,Credit Card,Chicago,IL
DiningOut Store 172,"Online payment to DiningOut Store 172 - DiningOut, 32.60",32.6,Digital Wallet,Seattle,WA
PersonalCare Store 146,"PersonalCare spend at PersonalCare Store 146, total 82.76",82.76,Debit Card,Denver,CO
Chevron,"Mobile app payment at Chevron, Transport, 60.63",60.63,Cash,Austin,TX
Education Store 085,"DiningOut spend at Education Store 085, total 12.39",12.39,Digital Wallet,Seattle,WA
Utilities Store 155,Card purchase at Utilities Store 155 for 108.92 USD (Utilities),108.92,Debit Card,Seattle,WA
Groceries Store 150,"Mobile app payment at Groceries Store 150, Groceries, 44.53",44.53,Digital Wallet,Boston,MA
Healthcare Store 021,"Healthcare spend at Healthcare Store 021, total 302.43",302.43,Digital Wallet,Detroit,MI
Shell,Card purchase at Shell for 43.74 USD (Transport),43.74,Cash,New York,NY
Healthcare Store 017,"Online payment to Healthcare Store 017 - Bills, 276.79",276.79,Cash,Denver,CO
Healthcare Store 126,"Mobile app payment at Healthcare Store 126, Healthcare, 152.15",152.15,Credit Card,Denver,CO
Uber Airport,"Travel spend at Uber Airport, total 396.81",396.81,Digital Wallet,Austin,TX
Shopping Store 190,"Shopping spend at Shopping Store 190, total 209.67",209.67,Digital Wallet,San Francisco,CA
Rite Aid,"POS transaction - Rite Aid (Healthcare), amount 259.96",259.96,Cash,Chicago,IL
Safeway,"POS transaction - Safeway (DiningOut), amount 42.73",42.73,Digital Wallet,San Francisco,CA
DiningOut Store 087,"Mobile app payment at DiningOut Store 087, DiningOut, 55.50",55.5,Debit Card,Detroit,MI
Shopping Store 066,"POS transaction - Shopping Store 066 (Shopping), amount 33.53",33.53,Debit Card,Denver,CO
Transport Store 052,"Transport spend at Transport Store 052, total 61.95",61.95,Debit Card,Boston,MA
Groceries Store 056,"POS transaction - Groceries Store 056 (Groceries), amount 48.43",48.43,Digital Wallet,Denver,CO
Utilities Store 114,"POS transaction - Utilities Store 114 (Utilities), amount 5.00",5.0,Debit Card,Chicago,IL
Groceries Store 170,"Online payment to Groceries Store 170 - Groceries, 127.53",127.53,Debit Card,Detroit,MI
Bills Store 016,"Mobile app payment at Bills Store 016, Bills, 200.64",200.64,Credit Card,Seattle,WA
Capital One Card,"POS transaction - Capital One Card (Bills), amount 147.37",147.37,Digital Wallet,Chicago,IL
Miscellaneous Store 024,Card purchase at Miscellaneous Store 024 for 68.33 USD (Miscellaneous),68.33,Credit Card,Miami,FL
Groceries Store 056,Card purchase at Groceries Store 056 for 119.17 USD (Groceries),119.17,Debit Card,San Francisco,CA
Shell,"Online payment to Shell - Transport, 34.76",34.76,Debit Card,Austin,TX
Meijer,"Online payment to Meijer - Groceries, 177.85",177.85,Debit Card,Ann Arbor,MI
Panera Bread,"Mobile app payment at Panera Bread, DiningOut, 76.39",76.39,ACH,Miami,FL
Etsy,"POS transaction - Etsy (Miscellaneous), amount 12.01",12.01,Digital Wallet,Austin,TX
Shopping Store 143,"POS transaction - Shopping Store 143 (Shopping), amount 65.23",65.23,Digital Wallet,Denver,CO
Coursera,"Mobile app payment at Coursera, Education, 95.81",95.81,Cash,Denver,CO
Groceries Store 069,"Mobile app payment at Groceries Store 069, Groceries, 77.87",77.87,Digital Wallet,Chicago,IL
Skillshare,"Mobile app payment at Skillshare, Education, 324.55",324.55,Credit Card,Detroit,MI
DiningOut Store 120,"DiningOut spend at DiningOut Store 120, total 54.53",54.53,Digital Wallet,Chicago,IL
Healthcare Store 034,"POS transaction - Healthcare Store 034 (Healthcare), amount 236.19",236.19,Digital Wallet,New York,NY
Bills Store 106,"Online payment to Bills Store 106 - Bills, 181.85",181.85,Digital Wallet,Ann Arbor,MI
Healthcare Store 126,"Online payment to Healthcare Store 126 - Healthcare, 92.10",92.1,Digital Wallet,Austin,TX
Entertainment Store 164,"Online payment to Entertainment Store 164 - Healthcare, 162.59",162.59,Credit Card,Chicago,IL
Utilities Store 020,Card purchase at Utilities Store 020 for 38.09 USD (DiningOut),38.09,Debit Card,San Francisco,CA
Transport Store 078,"Transport spend at Transport Store 078, total 48.45",48.45,ACH,New York,NY
Shopping Store 066,Card purchase at Shopping Store 066 for 156.78 USD (Shopping),156.78,Cash,Seattle,WA
Chevron,Card purchase at Chevron for 22.04 USD (Transport),22.04,Debit Card,Miami,FL
Groceries Store 056,"Mobile app payment at Groceries Store 056, Groceries, 122.11",122.11,Debit Card,Boston,MA
Groceries Store 150,"POS transaction - Groceries Store 150 (Groceries), amount 134.08",134.08,ACH,Seattle,WA
DiningOut Store 172,"DiningOut spend at DiningOut Store 172, total 13.62",13.62,Digital Wallet,Miami,FL
Office Supply Store,"Mobile app payment at Office Supply Store, Miscellaneous, 8.91",8.91,Digital Wallet,San Francisco,CA
Groceries Store 045,"Groceries spend at Groceries Store 045, total 34.25",34.25,ACH,Austin,TX
Office Supply Store,"Mobile app payment at Office Supply Store, Miscellaneous, 57.78",57.78,Credit Card,Denver,CO
Bills Store 071,"Bills spend at Bills Store 071, total 148.02",148.02,Credit Card,Chicago,IL
Healthcare Store 134,"Healthcare spend at Healthcare Store 134, total 206.56",206.56,Debit Card,Boston,MA
Uber,"Transport spend at Uber, total 26.65",26.65,Cash,Seattle,WA
Groceries Store 170,"Mobile app payment at Groceries Store 170, Groceries, 60.55",60.55,Cash,Austin,TX
DiningOut Store 172,"POS transaction - DiningOut Store 172 (DiningOut), amount 5.00",5.0,Cash,Ann Arbor,MI
Shopping Store 211,"Online payment to Shopping Store 211 - Shopping, 186.80",186.8,Debit Card,San Francisco,CA
Groceries Store 069,"Online payment to Groceries Store 069 - Groceries, 115.10",115.1,ACH,San Francisco,CA
Uber,"Online payment to Uber - Transport, 25.62",25.62,ACH,Chicago,IL
Safeway,"Online payment to Safeway - Groceries, 39.62",39.62,Digital Wallet,Miami,FL
Entertainment Store 163,"Online payment to Entertainment Store 163 - Entertainment, 42.75",42.75,Digital Wallet,Miami,FL
Shopping Store 111,"Groceries spend at Shopping Store 111, total 52.33",52.33,Debit Card,San Francisco,CA
DiningOut Store 198,"Online payment to DiningOut Store 198 - DiningOut, 50.63",50.63,Cash,New York,NY
Whole Foods,"Mobile app payment at Whole Foods, Groceries, 58.76",58.76,Cash,Detroit,MI
Groceries Store 045,"POS transaction - Groceries Store 045 (Groceries), amount 151.87",151.87,Cash,Miami,FL
Miscellaneous Store 024,"Online payment to Miscellaneous Store 024 - Miscellaneous, 51.13",51.13,ACH,Austin,TX
Coursera,Card purchase at Coursera for 335.42 USD (Education),335.42,Digital Wallet,Chicago,IL
Municipal Utilities,"Mobile app payment at Municipal Utilities, Utilities, 99.52",99.52,Credit Card,Detroit,MI
Shopping Store 088,"Shopping spend at Shopping Store 088, total 24.14",24.14,Credit Card,Detroit,MI
Transport Store 052,"Mobile app payment at Transport Store 052, Transport, 57.67",57.67,Cash,New York,NY
Lyft,Card purchase at Lyft for 46.42 USD (Transport),46.42,Cash,Boston,MA
Entertainment Store 094,"POS transaction - Entertainment Store 094 (Entertainment), amount 63.39",63.39,Credit Card,New York,NY
Internet Bill AutoPay,"Mobile app payment at Internet Bill AutoPay, Bills, 163.56",163.56,Cash,Chicago,IL
Miscellaneous Store 208,"Miscellaneous spend at Miscellaneous Store 208, total 48.90",48.9,Debit Card,New York,NY
Transport Store 009,Card purchase at Transport Store 009 for 17.27 USD (Transport),17.27,Cash,Detroit,MI
Groceries Store 056,"POS transaction - Groceries Store 056 (Groceries), amount 78.07",78.07,Cash,Chicago,IL
Healthcare Store 057,"Mobile app payment at Healthcare Store 057, Healthcare, 81.33",81.33,Digital Wallet,Austin,TX
Groceries Store 104,"Mobile app payment at Groceries Store 104, Groceries, 90.21",90.21,Debit Card,Austin,TX
Bills Store 210,"POS transaction - Bills Store 210 (Bills), amount 171.46",171.46,Debit Card,San Francisco,CA
Entertainment Store 188,"POS transaction - Entertainment Store 188 (Entertainment), amount 60.99",60.99,Cash,Chicago,IL
Entertainment Store 065,"Entertainment spend at Entertainment Store 065, total 104.06",104.06,Digital Wallet,New York,NY
Travel Store 177,"Online payment to Travel Store 177 - Transport, 71.55",71.55,Cash,New York,NY
Walmart.com,Card purchase at Walmart.com for 182.08 USD (Shopping),182.08,Digital Wallet,Boston,MA
Healthcare Store 134,Card purchase at Healthcare Store 134 for 199.93 USD (Healthcare),199.93,Digital Wallet,Detroit,MI
DiningOut Store 010,"DiningOut spend at DiningOut Store 010, total 15.90",15.9,Digital Wallet,Austin,TX
Urgent Care Clinic,Card purchase at Urgent Care Clinic for 248.05 USD (Healthcare),248.05,Debit Card,Seattle,WA
Marriott Hotels,"Online payment to Marriott Hotels - Shopping, 130.57",130.57,Digital Wallet,Seattle,WA
Best Buy,"Shopping spend at Best Buy, total 128.27",128.27,Credit Card,Miami,FL
Dental Clinic,"Healthcare spend at Dental Clinic, total 5.00",5.0,Credit Card,Detroit,MI
Groceries Store 170,Card purchase at Groceries Store 170 for 10.35 USD (Groceries),10.35,Credit Card,Ann Arbor,MI
DiningOut Store 083,"DiningOut spend at DiningOut Store 083, total 34.96",34.96,Cash,San Francisco,CA
Miscellaneous Store 081,"Miscellaneous spend at Miscellaneous Store 081, total 5.00",5.0,Cash,Miami,FL
Bills Store 042,Card purchase at Bills Store 042 for 249.04 USD (Bills),249.04,Cash,Ann Arbor,MI
Utilities Store 165,"POS transaction - Utilities Store 165 (Utilities), amount 65.74",65.74,Cash,Detroit,MI
Bills Store 071,Card purchase at Bills Store 071 for 189.08 USD (Bills),189.08,ACH,Austin,TX
Safeway,"Online payment to Safeway - Groceries, 93.60",93.6,ACH,Chicago,IL
Comcast,"Online payment to Comcast - Utilities, 116.95",116.95,Credit Card,New York,NY
Travel Store 098,"Mobile app payment at Travel Store 098, Travel, 358.01",358.01,Debit Card,Ann Arbor,MI
Groceries Store 104,"POS transaction - Groceries Store 104 (Bills), amount 108.77",108.77,Digital Wallet,Seattle,WA
Auto Loan Servicer,Card purchase at Auto Loan Servicer for 208.94 USD (Bills),208.94,Cash,Chicago,IL
Entertainment Store 063,"POS transaction - Entertainment Store 063 (Entertainment), amount 5.00",5.0,Credit Card,San Francisco,CA
Transport Store 148,"POS transaction - Transport Store 148 (Transport), amount 51.83",51.83,Debit Card,Chicago,IL
DiningOut Store 010,"Online payment to DiningOut Store 010 - DiningOut, 54.61",54.61,ACH,Ann Arbor,MI
DiningOut Store 074,Card purchase at DiningOut Store 074 for 21.15 USD (DiningOut),21.15,Cash,Boston,MA
Utilities Store 005,"POS transaction - Utilities Store 005 (Utilities), amount 88.10",88.1,Digital Wallet,Seattle,WA
BP,"Mobile app payment at BP, Transport, 70.67",70.67,Credit Card,Ann Arbor,MI
Utilities Store 214,"Online payment to Utilities Store 214 - Utilities, 129.86",129.86,Debit Card,Detroit,MI
Craft Store,"POS transaction - Craft Store (Miscellaneous), amount 5.64",5.64,Credit Card,Denver,CO
Utilities Store 109,"Mobile app payment at Utilities Store 109, Utilities, 140.72",140.72,Digital Wallet,Denver,CO
Utilities Store 121,"Online payment to Utilities Store 121 - Utilities, 163.82",163.82,Cash,New York,NY
DiningOut Store 001,Card purchase at DiningOut Store 001 for 5.00 USD (DiningOut),5.0,Debit Card,Austin,TX
Discover Card,"Online payment to Discover Card - Miscellaneous, 66.74",66.74,ACH,Boston,MA
Utilities Store 183,"Mobile app payment at Utilities Store 183, Utilities, 40.64",40.64,ACH,Denver,CO
Lowes,"POS transaction - Lowes (Transport), amount 26.29",26.29,Debit Card,Austin,TX
Groceries Store 069,"Mobile app payment at Groceries Store 069, Groceries, 13.70",13.7,Debit Card,Seattle,WA
DiningOut Store 083,"Online payment to DiningOut Store 083 - DiningOut, 35.11",35.11,Cash,Boston,MA
Vitamin Shoppe,"Mobile app payment at Vitamin Shoppe, Transport, 48.89",48.89,Credit Card,Boston,MA
Utilities Store 203,"POS transaction - Utilities Store 203 (Utilities), amount 125.17",125.17,Credit Card,Detroit,MI
Travel Store 174,"Mobile app payment at Travel Store 174, Travel, 56.20",56.2,Debit Card,San Francisco,CA
Chipotle,"Online payment to Chipotle - DiningOut, 39.93",39.93,Credit Card,San Francisco,CA
Office Supply Store,"Miscellaneous spend at Office Supply Store, total 66.10",66.1,ACH,Seattle,WA
Shopping Store 143,"POS transaction - Shopping Store 143 (Shopping), amount 161.48",161.48,Credit Card,Seattle,WA
Bills Store 112,Card purchase at Bills Store 112 for 45.85 USD (DiningOut),45.85,Digital Wallet,Chicago,IL
Bills Store 213,"Bills spend at Bills Store 213, total 142.69",142.69,Digital Wallet,New York,NY
AT&T,"POS transaction - AT&T (Utilities), amount 151.33",151.33,Digital Wallet,Boston,MA
Entertainment Store 139,"Mobile app payment at Entertainment Store 139, Entertainment, 76.45",76.45,Debit Card,Ann Arbor,MI
Whole Foods,"Groceries spend at Whole Foods, total 63.45",63.45,Credit Card,Austin,TX
Education Store 192,"Mobile app payment at Education Store 192, Education, 5.00",5.0,Credit Card,Detroit,MI
Panera Bread,Card purchase at Panera Bread for 17.42 USD (DiningOut),17.42,Digital Wallet,San Francisco,CA
Yoga Studio,"Online payment to Yoga Studio - PersonalCare, 40.58",40.58,Cash,Denver,CO
Groceries Store 056,Card purchase at Groceries Store 056 for 26.41 USD (Groceries),26.41,Cash,New York,NY
Exxon,Card purchase at Exxon for 78.72 USD (Transport),78.72,Cash,Miami,FL
Bills Store 025,"POS transaction - Bills Store 025 (Bills), amount 201.26",201.26,Credit Card,San Francisco,CA
Groceries Store 170,Card purchase at Groceries Store 170 for 34.89 USD (Groceries),34.89,Debit Card,San Francisco,CA
DTE Energy,Card purchase at DTE Energy for 311.29 USD (Bills),311.29,Credit Card,Chicago,IL
Costco,"Mobile app payment at Costco, Groceries, 107.84",107.84,Credit Card,Detroit,MI
Shopping Store 154,"Online payment to Shopping Store 154 - Shopping, 14.11",14.11,Credit Card,Miami,FL
Groceries Store 104,"Mobile app payment at Groceries Store 104, Groceries, 95.96",95.96,Credit Card,Chicago,IL
Transport Store 097,Card purchase at Transport Store 097 for 68.92 USD (Transport),68.92,Debit Card,San Francisco,CA
Healthcare Store 159,"Groceries spend at Healthcare Store 159, total 126.93",126.93,Debit Card,Chicago,IL
Barber Shop,"Online payment to Barber Shop - PersonalCare, 38.35",38.35,Credit Card,New York,NY
Hulu,Card purchase at Hulu for 22.68 USD (Entertainment),22.68,Cash,Miami,FL
Miscellaneous Store 153,"Miscellaneous spend at Miscellaneous Store 153, total 72.85",72.85,Digital Wallet,Boston,MA
Speedway,"Online payment to Speedway - Transport, 16.55",16.55,Credit Card,Miami,FL
Home Depot,"Online payment to Home Depot - Shopping, 5.00",5.0,ACH,Denver,CO
Groceries Store 069,"Mobile app payment at Groceries Store 069, Groceries, 29.07",29.07,Debit Card,Miami,FL
Shopping Store 077,"Mobile app payment at Shopping Store 077, Shopping, 73.99",73.99,Digital Wallet,Ann Arbor,MI
Shopping Store 077,"POS transaction - Shopping Store 077 (Shopping), amount 82.10",82.1,Debit Card,Austin,TX
Healthcare Store 132,"POS transaction - Healthcare Store 132 (Healthcare), amount 15.85",15.85,Credit Card,Boston,MA
Groceries Store 170,"POS transaction - Groceries Store 170 (Groceries), amount 122.42",122.42,ACH,Chicago,IL
PersonalCare Store 093,"POS transaction - PersonalCare Store 093 (PersonalCare), amount 92.62",92.62,ACH,Ann Arbor,MI
Lyft,"Online payment to Lyft - Transport, 74.91",74.91,Credit Card,Boston,MA
Adidas,"Mobile app payment at Adidas, Shopping, 30.56",30.56,ACH,Miami,FL
Bills Store 090,"POS transaction - Bills Store 090 (DiningOut), amount 32.19",32.19,Digital Wallet,Ann Arbor,MI
Airbnb,"POS transaction - Airbnb (Travel), amount 74.95",74.95,Credit Card,Seattle,WA
Speedway,Card purchase at Speedway for 24.06 USD (Transport),24.06,Cash,Seattle,WA
Entertainment Store 199,"POS transaction - Entertainment Store 199 (Entertainment), amount 88.84",88.84,Digital Wallet,Detroit,MI
Healthcare Store 011,"Mobile app payment at Healthcare Store 011, Healthcare, 190.81",190.81,Digital Wallet,Miami,FL
AMC Theatres,"Mobile app payment at AMC Theatres, Entertainment, 104.19",104.19,ACH,Ann Arbor,MI
DiningOut Store 133,"POS transaction - DiningOut Store 133 (DiningOut), amount 38.48",38.48,Cash,San Francisco,CA
Whole Foods,"Mobile app payment at Whole Foods, Groceries, 109.24",109.24,Debit Card,Denver,CO
Panera Bread,"DiningOut spend at Panera Bread, total 44.57",44.57,Credit Card,Miami,FL
Travel Store 204,Card purchase at Travel Store 204 for 467.79 USD (Travel),467.79,Digital Wallet,Boston,MA
Miscellaneous Store 064,"Mobile app payment at Miscellaneous Store 064, Miscellaneous, 5.00",5.0,Debit Card,San Francisco,CA
DiningOut Store 178,"DiningOut spend at DiningOut Store 178, total 57.16",57.16,Cash,New York,NY
Bills Store 207,"Mobile app payment at Bills Store 207, Bills, 184.22",184.22,Digital Wallet,Austin,TX
Shopping Store 096,"POS transaction - Shopping Store 096 (Shopping), amount 79.13",79.13,ACH,Detroit,MI
Bills Store 173,"Online payment to Bills Store 173 - Bills, 261.16",261.16,Debit Card,Denver,CO
Shopping Store 066,"Shopping spend at Shopping Store 066, total 5.00",5.0,Cash,Chicago,IL
Entertainment Store 199,"Entertainment spend at Entertainment Store 199, total 80.74",80.74,Digital Wallet,Seattle,WA
Groceries Store 147,"Online payment to Groceries Store 147 - Groceries, 73.79",73.79,Credit Card,New York,NY
Utilities Store 055,"Mobile app payment at Utilities Store 055, Utilities, 177.13",177.13,Digital Wallet,San Francisco,CA
Delta Airlines,Card purchase at Delta Airlines for 14.11 USD (Travel),14.11,Credit Card,Denver,CO
Travel Store 008,"Mobile app payment at Travel Store 008, Miscellaneous, 29.06",29.06,Credit Card,New York,NY
Bookstore Campus,"Transport spend at Bookstore Campus, total 16.50",16.5,Cash,Boston,MA
Entertainment Store 053,"Online payment to Entertainment Store 053 - Entertainment, 87.73",87.73,Cash,Miami,FL
Transport Store 142,"Online payment to Transport Store 142 - Transport, 37.09",37.09,Credit Card,San Francisco,CA
Transport Store 052,"Mobile app payment at Transport Store 052, Transport, 15.39",15.39,Cash,New York,NY
Miscellaneous Store 061,"Miscellaneous spend at Miscellaneous Store 061, total 12.51",12.51,ACH,Seattle,WA
DiningOut Store 118,"DiningOut spend at DiningOut Store 118, total 5.79",5.79,Debit Card,Detroit,MI
PersonalCare Store 048,"Groceries spend at PersonalCare Store 048, total 123.00",123.0,Credit Card,Chicago,IL
Utilities Store 165,"Online payment to Utilities Store 165 - Shopping, 69.02",69.02,Credit Card,Ann Arbor,MI
Groceries Store 217,"Groceries spend at Groceries Store 217, total 61.67",61.67,Cash,Boston,MA
Bills Store 149,"POS transaction - Bills Store 149 (Bills), amount 133.81",133.81,Credit Card,Austin,TX
PersonalCare Store 019,Card purchase at PersonalCare Store 019 for 32.34 USD (PersonalCare),32.34,ACH,Austin,TX
Shopping Store 136,"Online payment to Shopping Store 136 - Shopping, 137.17",137.17,Credit Card,New York,NY
Bills Store 071,"Online payment to Bills Store 071 - Bills, 119.17",119.17,Credit Card,New York,NY
Shopping Store 096,"Online payment to Shopping Store 096 - Shopping, 184.14",184.14,Cash,Chicago,IL
Local Hospital,Card purchase at Local Hospital for 136.83 USD (Healthcare),136.83,Debit Card,Miami,FL
Bills Store 084,"Online payment to Bills Store 084 - Bills, 173.37",173.37,ACH,San Francisco,CA
DiningOut Store 058,Card purchase at DiningOut Store 058 for 6.10 USD (DiningOut),6.1,Cash,Denver,CO
Miscellaneous Store 195,"Miscellaneous spend at Miscellaneous Store 195, total 5.00",5.0,Credit Card,Boston,MA
Transport Store 097,"Online payment to Transport Store 097 - Transport, 49.75",49.75,Digital Wallet,Seattle,WA
BlueCross,"Online payment to BlueCross - Healthcare, 176.75",176.75,Digital Wallet,Denver,CO
Shopping Store 206,"Online payment to Shopping Store 206 - Shopping, 114.71",114.71,Digital Wallet,San Francisco,CA
Utilities Store 219,"Utilities spend at Utilities Store 219, total 129.16",129.16,Debit Card,San Francisco,CA
Local Gift Shop,"Online payment to Local Gift Shop - Miscellaneous, 65.81",65.81,Credit Card,Austin,TX
Aldi,"Groceries spend at Aldi, total 134.14",134.14,Digital Wallet,Detroit,MI
Shopping Store 136,"POS transaction - Shopping Store 136 (Shopping), amount 69.74",69.74,Debit Card,Denver,CO
Miscellaneous Store 195,"Mobile app payment at Miscellaneous Store 195, Miscellaneous, 77.02",77.02,Cash,Seattle,WA
Home Depot,"Shopping spend at Home Depot, total 147.66",147.66,ACH,Austin,TX
IKEA,"Mobile app payment at IKEA, Shopping, 67.93",67.93,Credit Card,Ann Arbor,MI
Travel Store 184,"POS transaction - Travel Store 184 (Travel), amount 379.75",379.75,Debit Card,Austin,TX
Trader Joes,"Groceries spend at Trader Joes, total 26.97",26.97,Credit Card,Austin,TX
Transport Store 102,"Entertainment spend at Transport Store 102, total 10.49",10.49,Cash,Denver,CO
Groceries Store 104,Card purchase at Groceries Store 104 for 71.13 USD (Groceries),71.13,Digital Wallet,Chicago,IL
Transport Store 168,"Mobile app payment at Transport Store 168, Transport, 50.59",50.59,Cash,Austin,TX
Bills Store 112,"POS transaction - Bills Store 112 (Bills), amount 25.97",25.97,Digital Wallet,Boston,MA
Bills Store 014,"Mobile app payment at Bills Store 014, Bills, 5.00",5.0,Credit Card,Ann Arbor,MI
Capital One Card,"Online payment to Capital One Card - Bills, 239.02",239.02,Cash,Denver,CO
Steam,Card purchase at Steam for 65.99 USD (Entertainment),65.99,ACH,Boston,MA
Entertainment Store 201,"POS transaction - Entertainment Store 201 (Miscellaneous), amount 5.00",5.0,Credit Card,Seattle,WA
Bills Store 014,"Mobile app payment at Bills Store 014, Shopping, 96.45",96.45,ACH,Denver,CO
Safeway,Card purchase at Safeway for 79.70 USD (Groceries),79.7,Digital Wallet,Austin,TX
DiningOut Store 157,"POS transaction - DiningOut Store 157 (DiningOut), amount 5.00",5.0,ACH,Austin,TX
Healthcare Store 116,"Mobile app payment at Healthcare Store 116, Healthcare, 186.84",186.84,ACH,San Francisco,CA
Education Store 108,"Online payment to Education Store 108 - Education, 200.03",200.03,Digital Wallet,New York,NY
Dave & Busters,"POS transaction - Dave & Busters (Entertainment), amount 61.87",61.87,Debit Card,Miami,FL
Education Store 099,Card purchase at Education Store 099 for 34.09 USD (DiningOut),34.09,Credit Card,Boston,MA
Bills Store 135,"Mobile app payment at Bills Store 135, Bills, 133.32",133.32,Digital Wallet,Ann Arbor,MI
Transport Store 097,"DiningOut spend at Transport Store 097, total 12.70",12.7,Credit Card,Boston,MA
Meijer,"POS transaction - Meijer (Groceries), amount 141.80",141.8,ACH,Denver,CO
Chevron,"POS transaction - Chevron (Healthcare), amount 224.83",224.83,Credit Card,Denver,CO
DisneyPlus,"Mobile app payment at DisneyPlus, Shopping, 83.12",83.12,Digital Wallet,Miami,FL
KFC,"Online payment to KFC - DiningOut, 31.36",31.36,ACH,New York,NY
Groceries Store 127,Card purchase at Groceries Store 127 for 84.13 USD (Groceries),84.13,Digital Wallet,Miami,FL
Bills Store 106,"Bills spend at Bills Store 106, total 215.75",215.75,Digital Wallet,New York,NY
Healthcare Store 132,Card purchase at Healthcare Store 132 for 37.29 USD (Healthcare),37.29,Cash,Miami,FL
Capital One Card,"Bills spend at Capital One Card, total 180.76",180.76,Debit Card,Denver,CO
Lyft Airport,"Travel spend at Lyft Airport, total 5.00",5.0,Credit Card,Chicago,IL
Shopping Store 066,"POS transaction - Shopping Store 066 (Shopping), amount 15.84",15.84,Debit Card,Boston,MA
DiningOut Store 218,"Online payment to DiningOut Store 218 - DiningOut, 49.06",49.06,Debit Card,Boston,MA
Groceries Store 217,"Online payment to Groceries Store 217 - Groceries, 91.31",91.31,Debit Card,Denver,CO
Healthcare Store 131,Card purchase at Healthcare Store 131 for 218.31 USD (Healthcare),218.31,ACH,Chicago,IL
Craft Store,"POS transaction - Craft Store (Miscellaneous), amount 29.67",29.67,ACH,Boston,MA
Toy Store,"POS transaction - Toy Store (Miscellaneous), amount 27.84",27.84,ACH,Seattle,WA
Steam,"POS transaction - Steam (Groceries), amount 5.00",5.0,Debit Card,Seattle,WA
Healthcare Store 131,"Healthcare spend at Healthcare Store 131, total 5.00",5.0,Cash,Seattle,WA
DiningOut Store 083,"DiningOut spend at DiningOut Store 083, total 46.96",46.96,ACH,Austin,TX
Whole Foods,Card purchase at Whole Foods for 43.69 USD (Groceries),43.69,Digital Wallet,Chicago,IL
Groceries Store 170,"Mobile app payment at Groceries Store 170, Groceries, 87.06",87.06,Debit Card,Miami,FL
Udemy,"POS transaction - Udemy (Education), amount 136.83",136.83,Debit Card,Austin,TX
Metro Transit,"POS transaction - Metro Transit (Transport), amount 78.53",78.53,ACH,San Francisco,CA
Miscellaneous Store 153,"Online payment to Miscellaneous Store 153 - Miscellaneous, 17.57",17.57,Digital Wallet,Austin,TX
Transport Store 023,"Transport spend at Transport Store 023, total 43.58",43.58,ACH,Denver,CO
Airbnb,"Online payment to Airbnb - Travel, 386.11",386.11,Debit Card,Chicago,IL
Miscellaneous Store 161,"Online payment to Miscellaneous Store 161 - Entertainment, 60.83",60.83,Digital Wallet,Boston,MA
DiningOut Store 001,Card purchase at DiningOut Store 001 for 32.24 USD (DiningOut),32.24,Cash,Miami,FL
Healthcare Store 159,"Online payment to Healthcare Store 159 - Healthcare, 199.64",199.64,Cash,New York,NY
Transport Store 009,"Transport spend at Transport Store 009, total 43.60",43.6,Cash,San Francisco,CA
Shopping Store 136,"Online payment to Shopping Store 136 - Shopping, 106.99",106.99,Digital Wallet,Miami,FL
Education Store 099,"Education spend at Education Store 099, total 96.76",96.76,ACH,Ann Arbor,MI
Travel Store 013,"Mobile app payment at Travel Store 013, Travel, 295.83",295.83,Cash,Miami,FL
Shopping Store 088,"Shopping spend at Shopping Store 088, total 96.44",96.44,Credit Card,Boston,MA
Healthcare Store 126,"Online payment to Healthcare Store 126 - Healthcare, 150.36",150.36,ACH,New York,NY
DiningOut Store 018,"Online payment to DiningOut Store 018 - DiningOut, 37.77",37.77,Debit Card,Ann Arbor,MI
Aldi,"POS transaction - Aldi (Groceries), amount 135.90",135.9,Credit Card,San Francisco,CA
Uber Airport,"Mobile app payment at Uber Airport, Travel, 222.33",222.33,Credit Card,New York,NY
Groceries Store 056,"Mobile app payment at Groceries Store 056, Groceries, 163.08",163.08,Debit Card,Denver,CO
Airbnb,Card purchase at Airbnb for 168.65 USD (Travel),168.65,Cash,Ann Arbor,MI
Chevron,"POS transaction - Chevron (Transport), amount 61.24",61.24,Digital Wallet,San Francisco,CA
Groceries Store 069,"Mobile app payment at Groceries Store 069, Groceries, 96.67",96.67,Digital Wallet,Boston,MA
Xfinity,"POS transaction - Xfinity (Utilities), amount 104.78",104.78,Cash,Chicago,IL
Entertainment Store 065,"Online payment to Entertainment Store 065 - Entertainment, 50.93",50.93,Digital Wallet,Denver,CO
Shopping Store 190,Card purchase at Shopping Store 190 for 32.25 USD (Shopping),32.25,Credit Card,New York,NY
Shopping Store 167,"Online payment to Shopping Store 167 - Shopping, 52.12",52.12,Cash,Miami,FL
Shopping Store 167,"Shopping spend at Shopping Store 167, total 117.72",117.72,Digital Wallet,Austin,TX
Groceries Store 117,"Mobile app payment at Groceries Store 117, Groceries, 133.46",133.46,Digital Wallet,New York,NY
Local Hospital,"Healthcare spend at Local Hospital, total 113.10",113.1,Debit Card,San Francisco,CA
Miscellaneous Store 012,Card purchase at Miscellaneous Store 012 for 139.99 USD (Healthcare),139.99,Digital Wallet,Denver,CO
BlueCross,"Online payment to BlueCross - Healthcare, 83.26",83.26,Credit Card,San Francisco,CA
Utilities Store 183,Card purchase at Utilities Store 183 for 161.88 USD (Utilities),161.88,Debit Card,Miami,FL
Vitamin Shoppe,"POS transaction - Vitamin Shoppe (Entertainment), amount 21.10",21.1,Cash,New York,NY
Bills Store 210,Card purchase at Bills Store 210 for 83.57 USD (Bills),83.57,Credit Card,Austin,TX
Groceries Store 147,"POS transaction - Groceries Store 147 (Groceries), amount 58.18",58.18,Debit Card,Seattle,WA
Xbox Live,Card purchase at Xbox Live for 57.17 USD (Entertainment),57.17,Cash,Ann Arbor,MI
Bills Store 207,Card purchase at Bills Store 207 for 163.35 USD (Bills),163.35,Debit Card,Ann Arbor,MI
Transport Store 097,Card purchase at Transport Store 097 for 47.82 USD (Transport),47.82,Cash,Boston,MA
Metro Transit,"Transport spend at Metro Transit, total 71.76",71.76,Debit Card,Miami,FL
Groceries Store 138,"POS transaction - Groceries Store 138 (Groceries), amount 143.90",143.9,Debit Card,New York,NY
Shopping Store 136,"Mobile app payment at Shopping Store 136, Shopping, 243.23",243.23,ACH,New York,NY
Transport Store 189,"Education spend at Transport Store 189, total 67.90",67.9,Credit Card,Seattle,WA
Capital One Card,"Online payment to Capital One Card - Bills, 233.22",233.22,ACH,Austin,TX
Sephora,"Online payment to Sephora - PersonalCare, 20.27",20.27,ACH,New York,NY
Delta Airlines,Card purchase at Delta Airlines for 444.62 USD (Travel),444.62,ACH,Detroit,MI
DiningOut Store 196,"POS transaction - DiningOut Store 196 (DiningOut), amount 43.95",43.95,Cash,Austin,TX
Pizza Hut,"POS transaction - Pizza Hut (DiningOut), amount 16.37",16.37,Debit Card,Ann Arbor,MI
Panera Bread,"Online payment to Panera Bread - DiningOut, 28.21",28.21,Credit Card,Denver,CO
Shopping Store 216,"POS transaction - Shopping Store 216 (Shopping), amount 151.80",151.8,Debit Card,San Francisco,CA
Internet Bill AutoPay,"Mobile app payment at Internet Bill AutoPay, Miscellaneous, 56.52",56.52,Credit Card,Denver,CO
Bills Store 149,"Online payment to Bills Store 149 - Bills, 166.91",166.91,Digital Wallet,Miami,FL
Shopping Store 190,"POS transaction - Shopping Store 190 (Shopping), amount 160.94",160.94,Cash,Miami,FL
Shopping Store 154,"POS transaction - Shopping Store 154 (Shopping), amount 183.14",183.14,Credit Card,Seattle,WA
Home Depot,Card purchase at Home Depot for 92.63 USD (Shopping),92.63,Cash,Miami,FL
Office Supply Store,"POS transaction - Office Supply Store (Miscellaneous), amount 76.45",76.45,Credit Card,Seattle,WA
Ulta Beauty,"Online payment to Ulta Beauty - PersonalCare, 35.12",35.12,Cash,Chicago,IL
Safeway,"POS transaction - Safeway (Groceries), amount 67.75",67.75,Digital Wallet,Denver,CO
Uber Airport,"Online payment to Uber Airport - Travel, 249.21",249.21,Digital Wallet,Detroit,MI
Udemy,"Education spend at Udemy, total 320.88",320.88,Debit Card,Denver,CO
Kroger,"Groceries spend at Kroger, total 129.28",129.28,Debit Card,Seattle,WA
Transport Store 142,Card purchase at Transport Store 142 for 90.37 USD (Transport),90.37,Credit Card,Denver,CO
Shopping Store 143,"Online payment to Shopping Store 143 - Shopping, 117.67",117.67,ACH,Miami,FL
PersonalCare Store 093,"Mobile app payment at PersonalCare Store 093, PersonalCare, 21.55",21.55,Credit Card,New York,NY
Shopping Store 088,"POS transaction - Shopping Store 088 (Shopping), amount 12.50",12.5,ACH,Seattle,WA
Groceries Store 127,"Mobile app payment at Groceries Store 127, Groceries, 5.00",5.0,Cash,Seattle,WA
Bills Store 128,Card purchase at Bills Store 128 for 221.75 USD (Bills),221.75,Cash,Denver,CO
Travel Store 049,Card purchase at Travel Store 049 for 103.48 USD (Travel),103.48,Credit Card,Chicago,IL
DiningOut Store 120,Card purchase at DiningOut Store 120 for 19.73 USD (DiningOut),19.73,Credit Card,Ann Arbor,MI
Shopping Store 209,"Shopping spend at Shopping Store 209, total 48.39",48.39,Digital Wallet,Chicago,IL
Gas Utility,"Mobile app payment at Gas Utility, Utilities, 94.97",94.97,ACH,Detroit,MI
Regal Cinemas,"Entertainment spend at Regal Cinemas, total 19.45",19.45,ACH,Seattle,WA
Capital One Card,"POS transaction - Capital One Card (Shopping), amount 165.19",165.19,Digital Wallet,Seattle,WA
Transport Store 097,"POS transaction - Transport Store 097 (Transport), amount 34.22",34.22,Digital Wallet,Detroit,MI
Bills Store 050,Card purchase at Bills Store 050 for 227.26 USD (Bills),227.26,Cash,Ann Arbor,MI
Bills Store 213,"Bills spend at Bills Store 213, total 169.85",169.85,Credit Card,Ann Arbor,MI
Groceries Store 104,"Groceries spend at Groceries Store 104, total 52.60",52.6,Cash,Ann Arbor,MI
Gym Membership,"Online payment to Gym Membership - PersonalCare, 27.42",27.42,Debit Card,Austin,TX
Education Store 192,"Online payment to Education Store 192 - Education, 81.63",81.63,Digital Wallet,Chicago,IL
Shopping Store 143,"Online payment to Shopping Store 143 - Entertainment, 65.58",65.58,ACH,New York,NY
Craft Store,"Mobile app payment at Craft Store, Miscellaneous, 66.67",66.67,Credit Card,Seattle,WA
DiningOut Store 157,"DiningOut spend at DiningOut Store 157, total 57.95",57.95,ACH,San Francisco,CA
Safeway,"Groceries spend at Safeway, total 166.55",166.55,Digital Wallet,Miami,FL
Skillshare,"Online payment to Skillshare - Education, 470.55",470.55,Digital Wallet,Detroit,MI
DiningOut Store 133,"Mobile app payment at DiningOut Store 133, DiningOut, 38.00",38.0,Credit Card,Seattle,WA
Utilities Store 091,"Online payment to Utilities Store 091 - Utilities, 95.59",95.59,Digital Wallet,Chicago,IL
Rite Aid,Card purchase at Rite Aid for 52.42 USD (Healthcare),52.42,Digital Wallet,Austin,TX
Groceries Store 045,"Mobile app payment at Groceries Store 045, Groceries, 113.19",113.19,Cash,Chicago,IL
Healthcare Store 029,"Mobile app payment at Healthcare Store 029, Groceries, 112.06",112.06,ACH,Austin,TX
Amtrak,"Online payment to Amtrak - Transport, 30.89",30.89,Credit Card,Seattle,WA
Groceries Store 217,"Mobile app payment at Groceries Store 217, Groceries, 59.95",59.95,Cash,Seattle,WA
DiningOut Store 018,"Mobile app payment at DiningOut Store 018, DiningOut, 23.96",23.96,ACH,Detroit,MI
Groceries Store 170,"Online payment to Groceries Store 170 - Groceries, 105.58",105.58,Cash,Austin,TX
Costco,Card purchase at Costco for 92.13 USD (Groceries),92.13,Credit Card,Chicago,IL
Adidas,"POS transaction - Adidas (Shopping), amount 119.87",119.87,ACH,Seattle,WA
Entertainment Store 199,"Utilities spend at Entertainment Store 199, total 115.72",115.72,Credit Card,Austin,TX
Shopping Store 039,"POS transaction - Shopping Store 039 (Shopping), amount 110.41",110.41,Cash,Ann Arbor,MI
DiningOut Store 083,"DiningOut spend at DiningOut Store 083, total 64.20",64.2,Cash,Ann Arbor,MI
Bills Store 103,"POS transaction - Bills Store 103 (Bills), amount 302.94",302.94,Digital Wallet,Austin,TX
Target,"Mobile app payment at Target, Groceries, 123.91",123.91,Digital Wallet,Detroit,MI
Kroger,"Mobile app payment at Kroger, Groceries, 128.54",128.54,ACH,Detroit,MI
AMC Theatres,Card purchase at AMC Theatres for 5.00 USD (Entertainment),5.0,Cash,Denver,CO
Discover Card,Card purchase at Discover Card for 100.13 USD (Healthcare),100.13,Debit Card,Austin,TX
Groceries Store 036,Card purchase at Groceries Store 036 for 64.49 USD (Groceries),64.49,Digital Wallet,Boston,MA
Bills Store 112,Card purchase at Bills Store 112 for 121.92 USD (Bills),121.92,Cash,Chicago,IL
Shopping Store 096,"Mobile app payment at Shopping Store 096, Shopping, 70.35",70.35,ACH,Seattle,WA
Transport Store 052,"Mobile app payment at Transport Store 052, Transport, 56.88",56.88,Debit Card,San Francisco,CA
Bills Store 160,Card purchase at Bills Store 160 for 251.39 USD (Bills),251.39,ACH,Denver,CO
Groceries Store 217,"Online payment to Groceries Store 217 - Groceries, 96.13",96.13,Debit Card,Miami,FL
Groceries Store 069,"POS transaction - Groceries Store 069 (Groceries), amount 24.44",24.44,Cash,Austin,TX
Online Course Platform,"Online payment to Online Course Platform - Education, 262.45",262.45,Cash,Austin,TX
Transport Store 102,"Mobile app payment at Transport Store 102, Transport, 29.99",29.99,ACH,Ann Arbor,MI
Groceries Store 036,"POS transaction - Groceries Store 036 (Groceries), amount 76.88",76.88,Credit Card,New York,NY
DiningOut Store 178,"POS transaction - DiningOut Store 178 (DiningOut), amount 60.87",60.87,Credit Card,Chicago,IL
Travel Store 215,Card purchase at Travel Store 215 for 116.40 USD (Healthcare),116.4,Digital Wallet,Ann Arbor,MI
Groceries Store 036,"Online payment to Groceries Store 036 - Groceries, 22.64",22.64,Debit Card,New York,NY
Water Utility,"Utilities spend at Water Utility, total 113.93",113.93,Cash,Seattle,WA
Shell,Card purchase at Shell for 36.69 USD (Transport),36.69,ACH,Ann Arbor,MI
Transport Store 052,"Online payment to Transport Store 052 - Transport, 31.00",31.0,Credit Card,Detroit,MI
Whole Foods,"Mobile app payment at Whole Foods, Groceries, 67.83",67.83,Digital Wallet,Austin,TX
Transport Store 032,"Transport spend at Transport Store 032, total 41.83",41.83,Cash,Ann Arbor,MI
KFC,"POS transaction - KFC (DiningOut), amount 29.97",29.97,Credit Card,Austin,TX
Target.com,Card purchase at Target.com for 77.79 USD (Shopping),77.79,Debit Card,San Francisco,CA
PersonalCare Store 151,Card purchase at PersonalCare Store 151 for 24.72 USD (PersonalCare),24.72,Credit Card,Detroit,MI
Bills Store 213,"Online payment to Bills Store 213 - Bills, 117.37",117.37,ACH,Detroit,MI
Groceries Store 138,Card purchase at Groceries Store 138 for 15.16 USD (Groceries),15.16,Debit Card,Chicago,IL
City Parking Garage,"Transport spend at City Parking Garage, total 70.47",70.47,Credit Card,San Francisco,CA
Groceries Store 069,"POS transaction - Groceries Store 069 (Groceries), amount 98.99",98.99,Cash,San Francisco,CA
Transport Store 097,"Transport spend at Transport Store 097, total 20.13",20.13,Credit Card,Boston,MA
DTE Energy,"Online payment to DTE Energy - Utilities, 254.79",254.79,Digital Wallet,Seattle,WA
Panera Bread,"Online payment to Panera Bread - Shopping, 114.97",114.97,Debit Card,New York,NY
Target,"Mobile app payment at Target, Groceries, 103.27",103.27,Digital Wallet,Boston,MA
Entertainment Store 139,"Entertainment spend at Entertainment Store 139, total 76.50",76.5,Debit Card,San Francisco,CA
DiningOut Store 172,"DiningOut spend at DiningOut Store 172, total 25.45",25.45,Cash,Detroit,MI
Travel Store 191,"POS transaction - Travel Store 191 (Travel), amount 124.04",124.04,Cash,San Francisco,CA
Apple Store,Card purchase at Apple Store for 51.81 USD (Shopping),51.81,ACH,Austin,TX
Education Store 040,"POS transaction - Education Store 040 (Education), amount 133.38",133.38,Debit Card,Boston,MA
Municipal Utilities,"Online payment to Municipal Utilities - Utilities, 107.28",107.28,ACH,San Francisco,CA
Groceries Store 147,"POS transaction - Groceries Store 147 (Groceries), amount 127.64",127.64,Cash,New York,NY
IKEA,Card purchase at IKEA for 143.10 USD (Shopping),143.1,Cash,Ann Arbor,MI
Apple Store,Card purchase at Apple Store for 127.31 USD (Shopping),127.31,ACH,San Francisco,CA
Transport Store 032,"Transport spend at Transport Store 032, total 49.32",49.32,ACH,Denver,CO
Groceries Store 217,"Online payment to Groceries Store 217 - Groceries, 42.38",42.38,Cash,Detroit,MI
Travel Store 204,"Online payment to Travel Store 204 - Travel, 5.00",5.0,Digital Wallet,Denver,CO
Bills Store 149,"Online payment to Bills Store 149 - Bills, 125.49",125.49,Debit Card,Boston,MA
Dominos,"Mobile app payment at Dominos, DiningOut, 5.00",5.0,Cash,Miami,FL
Bills Store 213,Card purchase at Bills Store 213 for 134.22 USD (Groceries),134.22,Credit Card,Boston,MA
Best Buy,"Online payment to Best Buy - Shopping, 116.60",116.6,Debit Card,Austin,TX
Olive Garden,"POS transaction - Olive Garden (DiningOut), amount 37.43",37.43,Digital Wallet,Chicago,IL
Publix,"Mobile app payment at Publix, Groceries, 161.46",161.46,Credit Card,San Francisco,CA
PersonalCare Store 151,"Online payment to PersonalCare Store 151 - PersonalCare, 73.15",73.15,Cash,Seattle,WA
Speedway,Card purchase at Speedway for 72.34 USD (Transport),72.34,Digital Wallet,Austin,TX
Groceries Store 056,Card purchase at Groceries Store 056 for 78.08 USD (Groceries),78.08,Digital Wallet,San Francisco,CA
Utilities Store 214,"Online payment to Utilities Store 214 - Education, 263.23",263.23,ACH,Boston,MA
Massage Envy,"PersonalCare spend at Massage Envy, total 106.05",106.05,Credit Card,Miami,FL
Airbnb,"Utilities spend at Airbnb, total 102.05",102.05,ACH,Boston,MA
Utilities Store 054,"Mobile app payment at Utilities Store 054, DiningOut, 25.10",25.1,Cash,San Francisco,CA
Exxon,"Online payment to Exxon - Transport, 13.34",13.34,ACH,Chicago,IL
Utilities Store 004,"Mobile app payment at Utilities Store 004, Utilities, 127.29",127.29,Credit Card,San Francisco,CA
Transport Store 052,"Online payment to Transport Store 052 - Transport, 88.51",88.51,Cash,Boston,MA
Shopping Store 088,"Online payment to Shopping Store 088 - Shopping, 110.82",110.82,Debit Card,Seattle,WA
Publix,"Mobile app payment at Publix, Groceries, 68.50",68.5,ACH,Ann Arbor,MI
City Parking Garage,"Mobile app payment at City Parking Garage, Transport, 15.50",15.5,Digital Wallet,Chicago,IL
Groceries Store 127,"Groceries spend at Groceries Store 127, total 119.45",119.45,Digital Wallet,Detroit,MI
Steam,"Entertainment spend at Steam, total 44.73",44.73,Credit Card,Denver,CO
Transport Store 072,"POS transaction - Transport Store 072 (Transport), amount 69.40",69.4,Debit Card,Chicago,IL
DiningOut Store 001,Card purchase at DiningOut Store 001 for 40.18 USD (DiningOut),40.18,Cash,Seattle,WA
Transport Store 148,Card purchase at Transport Store 148 for 22.91 USD (Transport),22.91,ACH,Austin,TX
DiningOut Store 196,"Mobile app payment at DiningOut Store 196, DiningOut, 45.35",45.35,Digital Wallet,Seattle,WA
Transport Store 009,"Online payment to Transport Store 009 - Transport, 67.18",67.18,ACH,Chicago,IL
Bills Store 160,"Online payment to Bills Store 160 - Shopping, 80.35",80.35,Credit Card,Miami,FL
Xbox Live,"Online payment to Xbox Live - Entertainment, 55.00",55.0,Credit Card,Boston,MA
Groceries Store 127,"Online payment to Groceries Store 127 - Groceries, 97.00",97.0,Debit Card,Boston,MA
Bookstore Campus,"Online payment to Bookstore Campus - Shopping, 141.10",141.1,Credit Card,Boston,MA
Panera Bread,"Online payment to Panera Bread - DiningOut, 40.81",40.81,Credit Card,Seattle,WA
Healthcare Store 011,Card purchase at Healthcare Store 011 for 128.54 USD (Healthcare),128.54,Credit Card,Miami,FL
Shopping Store 088,"Shopping spend at Shopping Store 088, total 44.57",44.57,Digital Wallet,Seattle,WA
Miscellaneous Store 012,"Miscellaneous spend at Miscellaneous Store 012, total 26.64",26.64,ACH,Austin,TX
Bills Store 051,Card purchase at Bills Store 051 for 161.65 USD (Bills),161.65,Credit Card,Miami,FL
Groceries Store 104,"POS transaction - Groceries Store 104 (Groceries), amount 52.75",52.75,Debit Card,San Francisco,CA
Miscellaneous Store 153,"Online payment to Miscellaneous Store 153 - Miscellaneous, 19.98",19.98,Cash,Austin,TX
Transport Store 189,Card purchase at Transport Store 189 for 33.96 USD (Transport),33.96,ACH,Detroit,MI
DiningOut Store 182,"Online payment to DiningOut Store 182 - DiningOut, 5.00",5.0,Debit Card,Seattle,WA
Optometry Center,"DiningOut spend at Optometry Center, total 13.88",13.88,Credit Card,Chicago,IL
PersonalCare Store 006,"Mobile app payment at PersonalCare Store 006, PersonalCare, 60.04",60.04,Credit Card,Austin,TX
Speedway,Card purchase at Speedway for 67.68 USD (Transport),67.68,ACH,Denver,CO
Uber,"POS transaction - Uber (Transport), amount 72.46",72.46,Debit Card,Denver,CO
Shopping Store 167,"Mobile app payment at Shopping Store 167, Shopping, 65.27",65.27,ACH,Ann Arbor,MI
Verizon,"Utilities spend at Verizon, total 138.88",138.88,ACH,Ann Arbor,MI
Utilities Store 219,"POS transaction - Utilities Store 219 (Utilities), amount 59.77",59.77,Digital Wallet,Boston,MA
Utilities Store 020,"Mobile app payment at Utilities Store 020, Utilities, 50.69",50.69,ACH,Detroit,MI
Bills Store 038,"POS transaction - Bills Store 038 (Bills), amount 5.00",5.0,Digital Wallet,New York,NY
Bills Store 106,"Bills spend at Bills Store 106, total 132.18",132.18,Cash,Detroit,MI
DiningOut Store 120,"Mobile app payment at DiningOut Store 120, DiningOut, 5.00",5.0,Credit Card,Miami,FL
DiningOut Store 198,"DiningOut spend at DiningOut Store 198, total 33.57",33.57,Debit Card,San Francisco,CA
Transport Store 032,"Mobile app payment at Transport Store 032, Transport, 7.15",7.15,Digital Wallet,Chicago,IL
Kroger,Card purchase at Kroger for 106.84 USD (Groceries),106.84,Debit Card,Ann Arbor,MI
Shopping Store 167,"POS transaction - Shopping Store 167 (Shopping), amount 163.79",163.79,ACH,San Francisco,CA
Apple Store,"Online payment to Apple Store - Shopping, 176.74",176.74,ACH,Denver,CO
DiningOut Store 087,"DiningOut spend at DiningOut Store 087, total 13.67",13.67,Debit Card,Seattle,WA
DiningOut Store 187,Card purchase at DiningOut Store 187 for 41.46 USD (DiningOut),41.46,Digital Wallet,Chicago,IL
Pet Store,"Online payment to Pet Store - Miscellaneous, 24.26",24.26,ACH,New York,NY
Verizon,Card purchase at Verizon for 61.60 USD (Utilities),61.6,Cash,New York,NY
Pet Store,"Miscellaneous spend at Pet Store, total 14.71",14.71,Digital Wallet,San Francisco,CA
Yoga Studio,Card purchase at Yoga Studio for 372.87 USD (Bills),372.87,Cash,New York,NY
Utilities Store 047,"POS transaction - Utilities Store 047 (Utilities), amount 156.53",156.53,Digital Wallet,Denver,CO
Craft Store,"Online payment to Craft Store - Groceries, 41.95",41.95,Debit Card,Seattle,WA
Office Supply Store,"Online payment to Office Supply Store - Miscellaneous, 62.76",62.76,Credit Card,Denver,CO
Skillshare,Card purchase at Skillshare for 89.58 USD (Education),89.58,Digital Wallet,Ann Arbor,MI
Publix,Card purchase at Publix for 119.55 USD (Groceries),119.55,Cash,Chicago,IL
Utilities Store 155,"Entertainment spend at Utilities Store 155, total 5.00",5.0,ACH,New York,NY
CVS Pharmacy,"Mobile app payment at CVS Pharmacy, Miscellaneous, 51.62",51.62,Cash,Seattle,WA
Shopping Store 206,"Online payment to Shopping Store 206 - Shopping, 76.49",76.49,Debit Card,Chicago,IL
Entertainment Store 164,"Online payment to Entertainment Store 164 - Entertainment, 20.33",20.33,Credit Card,Seattle,WA
Transport Store 142,"POS transaction - Transport Store 142 (Transport), amount 33.56",33.56,ACH,Detroit,MI
Shopping Store 111,"POS transaction - Shopping Store 111 (Shopping), amount 95.43",95.43,ACH,Chicago,IL
Education Store 003,Card purchase at Education Store 003 for 192.51 USD (Education),192.51,Digital Wallet,Boston,MA
Entertainment Store 094,"Entertainment spend at Entertainment Store 094, total 51.33",51.33,Debit Card,Denver,CO
DiningOut Store 198,"Mobile app payment at DiningOut Store 198, DiningOut, 41.73",41.73,ACH,Denver,CO
Entertainment Store 068,"Entertainment spend at Entertainment Store 068, total 54.86",54.86,Digital Wallet,Detroit,MI
DiningOut Store 157,"Groceries spend at DiningOut Store 157, total 72.80",72.8,Cash,Ann Arbor,MI
Panera Bread,"Mobile app payment at Panera Bread, PersonalCare, 54.28",54.28,Credit Card,Austin,TX
Transport Store 142,Card purchase at Transport Store 142 for 31.43 USD (Transport),31.43,ACH,San Francisco,CA
DiningOut Store 120,"POS transaction - DiningOut Store 120 (DiningOut), amount 29.02",29.02,Cash,Chicago,IL
Education Store 108,Card purchase at Education Store 108 for 116.97 USD (Education),116.97,Cash,San Francisco,CA
Utilities Store 091,"POS transaction - Utilities Store 091 (Utilities), amount 22.97",22.97,Debit Card,New York,NY
Miscellaneous Store 046,"Online payment to Miscellaneous Store 046 - Miscellaneous, 36.75",36.75,Debit Card,Boston,MA
Home Depot,"Online payment to Home Depot - Shopping, 69.58",69.58,Credit Card,San Francisco,CA
Bills Store 002,Card purchase at Bills Store 002 for 38.19 USD (Transport),38.19,Cash,San Francisco,CA
Farmer Market,"POS transaction - Farmer Market (Miscellaneous), amount 55.38",55.38,Cash,Austin,TX
Spotify,"Entertainment spend at Spotify, total 67.61",67.61,ACH,New York,NY
Netflix,"Entertainment spend at Netflix, total 46.18",46.18,Credit Card,Detroit,MI
DiningOut Store 074,"Online payment to DiningOut Store 074 - DiningOut, 32.14",32.14,Digital Wallet,Seattle,WA
Family Doctor,Card purchase at Family Doctor for 44.58 USD (Entertainment),44.58,Credit Card,San Francisco,CA
Entertainment Store 139,"Entertainment spend at Entertainment Store 139, total 45.14",45.14,ACH,Austin,TX
Shopping Store 143,Card purchase at Shopping Store 143 for 94.45 USD (Shopping),94.45,Credit Card,Detroit,MI
Utilities Store 205,"Mobile app payment at Utilities Store 205, Utilities, 90.52",90.52,Credit Card,Ann Arbor,MI
Olive Garden,"DiningOut spend at Olive Garden, total 51.32",51.32,Cash,Detroit,MI
Nike,"Shopping spend at Nike, total 21.70",21.7,Debit Card,Miami,FL
City Taxes,Card purchase at City Taxes for 352.83 USD (Bills),352.83,Debit Card,Boston,MA
Shopping Store 209,Card purchase at Shopping Store 209 for 104.08 USD (Shopping),104.08,Debit Card,Denver,CO
Apple Store,Card purchase at Apple Store for 67.59 USD (Shopping),67.59,ACH,Chicago,IL
Publix,Card purchase at Publix for 65.32 USD (Groceries),65.32,Digital Wallet,Chicago,IL
Target,"Mobile app payment at Target, Groceries, 43.95",43.95,ACH,Denver,CO
Transport Store 009,"Online payment to Transport Store 009 - Transport, 60.95",60.95,ACH,Chicago,IL
Utilities Store 004,"Online payment to Utilities Store 004 - Utilities, 131.16",131.16,Debit Card,Austin,TX
DiningOut Store 083,"POS transaction - DiningOut Store 083 (DiningOut), amount 20.75",20.75,Debit Card,Austin,TX
Target.com,"Miscellaneous spend at Target.com, total 12.54",12.54,Debit Card,Seattle,WA
Healthcare Store 134,"Healthcare spend at Healthcare Store 134, total 183.21",183.21,ACH,Chicago,IL
Sephora,"Mobile app payment at Sephora, PersonalCare, 63.19",63.19,Digital Wallet,Chicago,IL
Publix,"Groceries spend at Publix, total 42.20",42.2,Credit Card,Miami,FL
Groceries Store 127,"Mobile app payment at Groceries Store 127, Groceries, 81.53",81.53,ACH,Austin,TX
Verizon,"Online payment to Verizon - Utilities, 88.47",88.47,Credit Card,New York,NY
City Parking Garage,Card purchase at City Parking Garage for 5.00 USD (Transport),5.0,ACH,Denver,CO
Best Buy,"Shopping spend at Best Buy, total 19.79",19.79,ACH,Miami,FL
Shopping Store 209,"POS transaction - Shopping Store 209 (Shopping), amount 42.00",42.0,ACH,Miami,FL
Miscellaneous Store 200,"POS transaction - Miscellaneous Store 200 (Miscellaneous), amount 57.71",57.71,Cash,Miami,FL
Entertainment Store 201,Card purchase at Entertainment Store 201 for 34.81 USD (Entertainment),34.81,ACH,Boston,MA
DiningOut Store 001,Card purchase at DiningOut Store 001 for 17.80 USD (DiningOut),17.8,Cash,San Francisco,CA
DiningOut Store 218,Card purchase at DiningOut Store 218 for 5.00 USD (DiningOut),5.0,Debit Card,Detroit,MI
DisneyPlus,"POS transaction - DisneyPlus (Entertainment), amount 57.71",57.71,Cash,Boston,MA
Target,Card purchase at Target for 90.06 USD (Groceries),90.06,ACH,Miami,FL
Miscellaneous Store 046,"Online payment to Miscellaneous Store 046 - Miscellaneous, 14.92",14.92,ACH,Seattle,WA
Transport Store 168,"POS transaction - Transport Store 168 (Transport), amount 53.55",53.55,Digital Wallet,Denver,CO
Utilities Store 055,"Mobile app payment at Utilities Store 055, Utilities, 103.81",103.81,Cash,Denver,CO
PersonalCare Store 035,"PersonalCare spend at PersonalCare Store 035, total 5.00",5.0,Debit Card,Miami,FL
Metro Transit,"POS transaction - Metro Transit (Transport), amount 22.51",22.51,Debit Card,Chicago,IL
Amazon,"Mobile app payment at Amazon, Bills, 103.91",103.91,Digital Wallet,Seattle,WA
BP,"Transport spend at BP, total 57.68",57.68,Debit Card,Seattle,WA
Lowes,Card purchase at Lowes for 112.65 USD (Shopping),112.65,Cash,New York,NY
Urgent Care Clinic,Card purchase at Urgent Care Clinic for 139.03 USD (Healthcare),139.03,Cash,Detroit,MI
Home Depot,"POS transaction - Home Depot (Shopping), amount 75.85",75.85,Debit Card,San Francisco,CA
DiningOut Store 018,"Mobile app payment at DiningOut Store 018, DiningOut, 18.92",18.92,Debit Card,Denver,CO
Xfinity,Card purchase at Xfinity for 110.59 USD (Utilities),110.59,Digital Wallet,San Francisco,CA
Shopping Store 111,"Mobile app payment at Shopping Store 111, Shopping, 86.01",86.01,Cash,Detroit,MI
Utilities Store 205,"Online payment to Utilities Store 205 - Utilities, 106.21",106.21,ACH,Austin,TX
DiningOut Store 157,Card purchase at DiningOut Store 157 for 5.00 USD (DiningOut),5.0,Debit Card,San Francisco,CA
DiningOut Store 133,Card purchase at DiningOut Store 133 for 21.60 USD (DiningOut),21.6,ACH,Austin,TX
Groceries Store 217,"Mobile app payment at Groceries Store 217, Groceries, 48.70",48.7,Debit Card,Detroit,MI
Entertainment Store 194,"DiningOut spend at Entertainment Store 194, total 17.99",17.99,Credit Card,Boston,MA
Spotify,"POS transaction - Spotify (Entertainment), amount 5.53",5.53,Debit Card,Chicago,IL
Travel Store 212,"POS transaction - Travel Store 212 (Travel), amount 260.41",260.41,Credit Card,New York,NY
Groceries Store 045,"Groceries spend at Groceries Store 045, total 104.59",104.59,ACH,Detroit,MI
Sephora,"Online payment to Sephora - PersonalCare, 68.99",68.99,Debit Card,Denver,CO
Community College,"Online payment to Community College - Education, 101.98",101.98,Cash,Denver,CO
Walmart,Card purchase at Walmart for 120.07 USD (Groceries),120.07,ACH,Chicago,IL
Transport Store 009,Card purchase at Transport Store 009 for 32.18 USD (Transport),32.18,Digital Wallet,Boston,MA
GNC,"POS transaction - GNC (Transport), amount 20.48",20.48,Debit Card,Ann Arbor,MI
DiningOut Store 182,"Online payment to DiningOut Store 182 - Shopping, 82.21",82.21,Debit Card,Detroit,MI
Local Hospital,"Shopping spend at Local Hospital, total 110.56",110.56,ACH,Ann Arbor,MI
DiningOut Store 010,"Online payment to DiningOut Store 010 - DiningOut, 47.89",47.89,Cash,San Francisco,CA
Lowes,"Mobile app payment at Lowes, Shopping, 5.00",5.0,Cash,Chicago,IL
Chipotle,Card purchase at Chipotle for 5.00 USD (DiningOut),5.0,Debit Card,San Francisco,CA
DiningOut Store 178,"Online payment to DiningOut Store 178 - Groceries, 68.35",68.35,Digital Wallet,Miami,FL
IKEA,Card purchase at IKEA for 47.33 USD (Shopping),47.33,Debit Card,San Francisco,CA
Spotify,"POS transaction - Spotify (Entertainment), amount 71.40",71.4,Cash,Chicago,IL
Massage Envy,"Mobile app payment at Massage Envy, PersonalCare, 57.16",57.16,Credit Card,Denver,CO
IKEA,"Mobile app payment at IKEA, Shopping, 26.40",26.4,Cash,San Francisco,CA
Chipotle,"DiningOut spend at Chipotle, total 25.00",25.0,ACH,Denver,CO
Groceries Store 170,"Groceries spend at Groceries Store 170, total 93.44",93.44,ACH,Seattle,WA
Travel Store 184,"Groceries spend at Travel Store 184, total 85.09",85.09,Credit Card,Miami,FL
KFC,"Mobile app payment at KFC, DiningOut, 12.38",12.38,ACH,Boston,MA
Bills Store 028,"Online payment to Bills Store 028 - Bills, 210.37",210.37,ACH,Boston,MA
Skillshare,"Online payment to Skillshare - Travel, 320.76",320.76,ACH,Ann Arbor,MI
Bills Store 210,"Bills spend at Bills Store 210, total 152.33",152.33,Debit Card,Boston,MA
DiningOut Store 001,"POS transaction - DiningOut Store 001 (DiningOut), amount 31.05",31.05,Cash,San Francisco,CA
Healthcare Store 113,"Healthcare spend at Healthcare Store 113, total 146.92",146.92,Credit Card,New York,NY
Netflix,"Online payment to Netflix - Entertainment, 59.27",59.27,Debit Card,Boston,MA
Bills Store 106,Card purchase at Bills Store 106 for 205.18 USD (Bills),205.18,Cash,Ann Arbor,MI
DiningOut Store 118,"Utilities spend at DiningOut Store 118, total 139.17",139.17,ACH,Austin,TX
Spotify,"Mobile app payment at Spotify, Entertainment, 57.16",57.16,ACH,Austin,TX
Travel Store 122,"POS transaction - Travel Store 122 (Travel), amount 453.70",453.7,Credit Card,Ann Arbor,MI
Language School,"Mobile app payment at Language School, Education, 263.06",263.06,Digital Wallet,Miami,FL
DiningOut Store 196,"Online payment to DiningOut Store 196 - DiningOut, 35.03",35.03,Digital Wallet,Chicago,IL
Groceries Store 138,Card purchase at Groceries Store 138 for 86.97 USD (Groceries),86.97,Debit Card,Denver,CO
Transport Store 009,Card purchase at Transport Store 009 for 57.20 USD (Transport),57.2,Debit Card,Chicago,IL
Groceries Store 147,"Mobile app payment at Groceries Store 147, Groceries, 83.09",83.09,Digital Wallet,New York,NY
Metro Transit,"POS transaction - Metro Transit (Transport), amount 18.62",18.62,Debit Card,Seattle,WA
Groceries Store 117,Card purchase at Groceries Store 117 for 5.00 USD (Groceries),5.0,Cash,San Francisco,CA
Discover Card,"Online payment to Discover Card - Bills, 416.63",416.63,Debit Card,Miami,FL
Family Doctor,Card purchase at Family Doctor for 178.23 USD (Healthcare),178.23,Digital Wallet,Denver,CO
Travel Store 008,"POS transaction - Travel Store 008 (Travel), amount 277.97",277.97,Cash,New York,NY
Healthcare Store 126,"DiningOut spend at Healthcare Store 126, total 37.34",37.34,Digital Wallet,Detroit,MI
Entertainment Store 139,"DiningOut spend at Entertainment Store 139, total 29.03",29.03,ACH,New York,NY
Travel Store 062,Card purchase at Travel Store 062 for 60.85 USD (Travel),60.85,Credit Card,Austin,TX
DiningOut Store 118,"Online payment to DiningOut Store 118 - DiningOut, 34.61",34.61,ACH,Ann Arbor,MI
Miscellaneous Store 161,"Online payment to Miscellaneous Store 161 - Miscellaneous, 32.84",32.84,Debit Card,Austin,TX
Transport Store 148,"POS transaction - Transport Store 148 (Transport), amount 78.96",78.96,Credit Card,Chicago,IL
DTE Energy,"POS transaction - DTE Energy (Healthcare), amount 179.50",179.5,Cash,Seattle,WA
Dave & Busters,"Online payment to Dave & Busters - Entertainment, 95.33",95.33,Credit Card,Seattle,WA
Transport Store 078,"Mobile app payment at Transport Store 078, Transport, 37.62",37.62,Digital Wallet,San Francisco,CA
Adidas,Card purchase at Adidas for 111.51 USD (Shopping),111.51,Digital Wallet,Seattle,WA
Miscellaneous Store 061,"Online payment to Miscellaneous Store 061 - Miscellaneous, 112.92",112.92,Debit Card,Chicago,IL
Groceries Store 104,Card purchase at Groceries Store 104 for 34.93 USD (Groceries),34.93,Digital Wallet,Miami,FL
Lyft,"Transport spend at Lyft, total 51.75",51.75,Credit Card,Boston,MA
Entertainment Store 163,"POS transaction - Entertainment Store 163 (Entertainment), amount 17.90",17.9,Debit Card,Chicago,IL
PersonalCare Store 035,"POS transaction - PersonalCare Store 035 (Groceries), amount 103.21",103.21,Cash,Chicago,IL
Steam,"Online payment to Steam - Entertainment, 47.90",47.9,Debit Card,New York,NY
Healthcare Store 180,"Healthcare spend at Healthcare Store 180, total 227.65",227.65,Debit Card,Chicago,IL
PersonalCare Store 067,Card purchase at PersonalCare Store 067 for 24.44 USD (DiningOut),24.44,Digital Wallet,Seattle,WA
Groceries Store 147,"Mobile app payment at Groceries Store 147, Groceries, 14.79",14.79,ACH,Austin,TX
DiningOut Store 007,"Online payment to DiningOut Store 007 - DiningOut, 33.85",33.85,Cash,Detroit,MI
Farmer Market,"Miscellaneous spend at Farmer Market, total 26.33",26.33,Cash,Austin,TX
DiningOut Store 172,"Online payment to DiningOut Store 172 - Education, 302.01",302.01,Digital Wallet,Austin,TX
Entertainment Store 197,"POS transaction - Entertainment Store 197 (Entertainment), amount 26.42",26.42,Debit Card,Detroit,MI
Education Store 040,"Online payment to Education Store 040 - Education, 276.94",276.94,ACH,Austin,TX
IKEA,"Shopping spend at IKEA, total 209.59",209.59,ACH,Boston,MA
Aldi,"POS transaction - Aldi (Groceries), amount 86.82",86.82,Debit Card,Ann Arbor,MI
Costco,"Online payment to Costco - Groceries, 142.28",142.28,Credit Card,New York,NY
Miscellaneous Store 046,"Mobile app payment at Miscellaneous Store 046, Groceries, 101.04",101.04,Digital Wallet,New York,NY
City Parking Garage,Card purchase at City Parking Garage for 20.13 USD (Transport),20.13,Credit Card,New York,NY
Costco,Card purchase at Costco for 50.62 USD (Groceries),50.62,ACH,Denver,CO
Utilities Store 183,Card purchase at Utilities Store 183 for 73.88 USD (Utilities),73.88,Debit Card,Detroit,MI
Target,Card purchase at Target for 148.42 USD (Groceries),148.42,Cash,Ann Arbor,MI
Uber Airport,"Online payment to Uber Airport - Travel, 175.38",175.38,Debit Card,Miami,FL
Miscellaneous Store 141,"Miscellaneous spend at Miscellaneous Store 141, total 16.40",16.4,ACH,Boston,MA
AT&T,"Online payment to AT&T - Utilities, 109.42",109.42,ACH,Miami,FL
Shopping Store 077,"Shopping spend at Shopping Store 077, total 20.19",20.19,Credit Card,Denver,CO
Groceries Store 150,"Shopping spend at Groceries Store 150, total 20.88",20.88,Debit Card,Chicago,IL
PersonalCare Store 037,"POS transaction - PersonalCare Store 037 (PersonalCare), amount 39.86",39.86,Cash,Denver,CO
Amtrak,"Transport spend at Amtrak, total 33.76",33.76,Cash,Seattle,WA
Entertainment Store 144,Card purchase at Entertainment Store 144 for 10.60 USD (Entertainment),10.6,ACH,Ann Arbor,MI
Metro Transit,"Online payment to Metro Transit - Transport, 32.92",32.92,Digital Wallet,Austin,TX
Utilities Store 203,"Utilities spend at Utilities Store 203, total 173.36",173.36,Cash,New York,NY
Transport Store 102,"POS transaction - Transport Store 102 (Transport), amount 68.18",68.18,Debit Card,New York,NY
Pet Store,"POS transaction - Pet Store (Miscellaneous), amount 31.67",31.67,Credit Card,Seattle,WA
Bills Store 135,"Online payment to Bills Store 135 - Bills, 31.64",31.64,Debit Card,Miami,FL
Hulu,"Entertainment spend at Hulu, total 19.41",19.41,ACH,Denver,CO
Uber,"Mobile app payment at Uber, Bills, 5.00",5.0,Cash,Seattle,WA
Groceries Store 147,Card purchase at Groceries Store 147 for 125.08 USD (Groceries),125.08,Credit Card,Chicago,IL
Bookstore Campus,Card purchase at Bookstore Campus for 5.00 USD (DiningOut),5.0,Cash,Austin,TX
Entertainment Store 201,"Online payment to Entertainment Store 201 - Entertainment, 94.95",94.95,Debit Card,Miami,FL
Transport Store 168,"Online payment to Transport Store 168 - Transport, 29.29",29.29,Debit Card,Miami,FL
DiningOut Store 187,Card purchase at DiningOut Store 187 for 18.44 USD (DiningOut),18.44,Credit Card,Detroit,MI
Utilities Store 082,"PersonalCare spend at Utilities Store 082, total 54.90",54.9,Cash,San Francisco,CA
Shopping Store 077,"Shopping spend at Shopping Store 077, total 31.76",31.76,ACH,Chicago,IL
Education Store 003,"Online payment to Education Store 003 - Travel, 228.07",228.07,Debit Card,San Francisco,CA
Utilities Store 091,"Online payment to Utilities Store 091 - Utilities, 140.57",140.57,Cash,Ann Arbor,MI
Adidas,"Mobile app payment at Adidas, Shopping, 94.02",94.02,ACH,Seattle,WA
Spotify,Card purchase at Spotify for 5.00 USD (Entertainment),5.0,ACH,New York,NY
Groceries Store 045,Card purchase at Groceries Store 045 for 45.53 USD (Groceries),45.53,Credit Card,Denver,CO
Hulu,"Entertainment spend at Hulu, total 80.64",80.64,Cash,Seattle,WA
Target.com,"Mobile app payment at Target.com, Shopping, 5.00",5.0,Cash,Detroit,MI
Education Store 137,"Mobile app payment at Education Store 137, Education, 229.57",229.57,Cash,New York,NY
Education Store 040,"POS transaction - Education Store 040 (Entertainment), amount 50.31",50.31,Debit Card,Miami,FL
Entertainment Store 201,"Entertainment spend at Entertainment Store 201, total 43.22",43.22,ACH,Detroit,MI
Groceries Store 150,Card purchase at Groceries Store 150 for 63.66 USD (Groceries),63.66,Cash,New York,NY
Shopping Store 206,Card purchase at Shopping Store 206 for 190.42 USD (Shopping),190.42,ACH,Seattle,WA
Bookstore Campus,"Online payment to Bookstore Campus - Education, 5.00",5.0,Credit Card,New York,NY
Panera Bread,Card purchase at Panera Bread for 5.00 USD (DiningOut),5.0,Digital Wallet,Seattle,WA
Miscellaneous Store 061,"Mobile app payment at Miscellaneous Store 061, Miscellaneous, 69.28",69.28,Credit Card,Boston,MA
Walmart.com,Card purchase at Walmart.com for 122.39 USD (Shopping),122.39,Cash,Ann Arbor,MI
Entertainment Store 139,"POS transaction - Entertainment Store 139 (Entertainment), amount 72.87",72.87,Debit Card,Detroit,MI
Utilities Store 165,"Utilities spend at Utilities Store 165, total 219.18",219.18,Cash,San Francisco,CA
Dominos,Card purchase at Dominos for 56.38 USD (DiningOut),56.38,Debit Card,Seattle,WA
eBay,"Transport spend at eBay, total 14.37",14.37,ACH,Austin,TX
City Parking Garage,"Transport spend at City Parking Garage, total 49.79",49.79,Debit Card,Austin,TX
Bills Store 051,Card purchase at Bills Store 051 for 123.91 USD (Bills),123.91,Debit Card,San Francisco,CA
Chevron,"POS transaction - Chevron (Transport), amount 51.97",51.97,ACH,Seattle,WA
DiningOut Store 087,Card purchase at DiningOut Store 087 for 27.06 USD (DiningOut),27.06,Digital Wallet,Detroit,MI
Bills Store 173,"Online payment to Bills Store 173 - Bills, 73.40",73.4,ACH,Austin,TX
Transport Store 009,"POS transaction - Transport Store 009 (Transport), amount 94.42",94.42,Credit Card,New York,NY
Entertainment Store 169,"Groceries spend at Entertainment Store 169, total 151.90",151.9,Cash,Boston,MA
Utilities Store 031,"Utilities spend at Utilities Store 031, total 154.55",154.55,Credit Card,Detroit,MI
Shopping Store 143,"Mobile app payment at Shopping Store 143, Shopping, 41.17",41.17,Debit Card,Detroit,MI
Farmer Market,"Mobile app payment at Farmer Market, Miscellaneous, 26.44",26.44,Debit Card,Denver,CO
PersonalCare Store 095,"Mobile app payment at PersonalCare Store 095, PersonalCare, 60.75",60.75,Credit Card,Boston,MA
Delta Airlines,"POS transaction - Delta Airlines (Travel), amount 149.66",149.66,Credit Card,New York,NY
BP,"POS transaction - BP (Transport), amount 62.23",62.23,Cash,Denver,CO
PersonalCare Store 035,Card purchase at PersonalCare Store 035 for 18.38 USD (PersonalCare),18.38,Digital Wallet,Detroit,MI
Xbox Live,"POS transaction - Xbox Live (Entertainment), amount 51.66",51.66,Credit Card,Miami,FL
Walmart.com,"POS transaction - Walmart.com (DiningOut), amount 15.55",15.55,Debit Card,San Francisco,CA
Metro Transit,"Online payment to Metro Transit - Transport, 38.12",38.12,Debit Card,San Francisco,CA
Entertainment Store 197,"POS transaction - Entertainment Store 197 (Entertainment), amount 28.43",28.43,Debit Card,Denver,CO
Transport Store 142,"Mobile app payment at Transport Store 142, Transport, 40.10",40.1,Debit Card,New York,NY
Auto Loan Servicer,"Mobile app payment at Auto Loan Servicer, Education, 141.34",141.34,Digital Wallet,Boston,MA
Walmart,Card purchase at Walmart for 30.76 USD (Groceries),30.76,Cash,Ann Arbor,MI
Pizza Hut,"Mobile app payment at Pizza Hut, DiningOut, 27.04",27.04,Digital Wallet,New York,NY
Healthcare Store 131,"POS transaction - Healthcare Store 131 (Healthcare), amount 198.86",198.86,Digital Wallet,Boston,MA
Groceries Store 045,"Online payment to Groceries Store 045 - Groceries, 119.84",119.84,Debit Card,Seattle,WA
Utilities Store 004,Card purchase at Utilities Store 004 for 169.46 USD (Utilities),169.46,ACH,Chicago,IL
Utilities Store 121,"POS transaction - Utilities Store 121 (Utilities), amount 189.68",189.68,Credit Card,Detroit,MI
Utilities Store 155,"POS transaction - Utilities Store 155 (Entertainment), amount 39.95",39.95,Credit Card,Chicago,IL
Groceries Store 117,Card purchase at Groceries Store 117 for 66.41 USD (Groceries),66.41,Credit Card,Miami,FL
Dominos,"Online payment to Dominos - DiningOut, 65.06",65.06,Credit Card,San Francisco,CA
Bills Store 084,"POS transaction - Bills Store 084 (Bills), amount 169.05",169.05,Digital Wallet,Seattle,WA
Office Supply Store,"POS transaction - Office Supply Store (Miscellaneous), amount 67.46",67.46,Debit Card,Denver,CO
Shopping Store 211,"POS transaction - Shopping Store 211 (Shopping), amount 89.17",89.17,Cash,Seattle,WA
Travel Store 215,"Online payment to Travel Store 215 - Travel, 268.99",268.99,Credit Card,New York,NY
Kroger,"Online payment to Kroger - Groceries, 61.15",61.15,Digital Wallet,San Francisco,CA
Shopping Store 206,"Online payment to Shopping Store 206 - Shopping, 127.61",127.61,Cash,Detroit,MI
Travel Store 204,"Online payment to Travel Store 204 - Travel, 251.71",251.71,Cash,Detroit,MI
Groceries Store 117,"Mobile app payment at Groceries Store 117, Groceries, 135.39",135.39,Digital Wallet,New York,NY
Shopping Store 154,"Online payment to Shopping Store 154 - Shopping, 73.06",73.06,Digital Wallet,San Francisco,CA
Travel Store 184,Card purchase at Travel Store 184 for 194.39 USD (Travel),194.39,ACH,Detroit,MI
Shopping Store 136,Card purchase at Shopping Store 136 for 40.30 USD (Shopping),40.3,ACH,Denver,CO
Barber Shop,"Online payment to Barber Shop - PersonalCare, 19.56",19.56,Debit Card,Seattle,WA
Lyft,"Mobile app payment at Lyft, Transport, 32.74",32.74,Digital Wallet,Austin,TX
Chick-fil-A,"Mobile app payment at Chick-fil-A, DiningOut, 27.09",27.09,Debit Card,Miami,FL
Kroger,Card purchase at Kroger for 30.04 USD (Groceries),30.04,Credit Card,Ann Arbor,MI
DiningOut Store 018,"Online payment to DiningOut Store 018 - DiningOut, 21.24",21.24,Cash,Miami,FL
Walmart.com,"Online payment to Walmart.com - Shopping, 83.86",83.86,Credit Card,Ann Arbor,MI
PersonalCare Store 095,"Mobile app payment at PersonalCare Store 095, Miscellaneous, 36.28",36.28,Debit Card,Seattle,WA
Entertainment Store 094,"Mobile app payment at Entertainment Store 094, Entertainment, 56.91",56.91,Cash,Austin,TX
Travel Store 013,"POS transaction - Travel Store 013 (Travel), amount 457.53",457.53,Cash,Austin,TX
Chipotle,"Online payment to Chipotle - DiningOut, 36.09",36.09,ACH,Boston,MA
Consumers Energy,Card purchase at Consumers Energy for 172.11 USD (Utilities),172.11,Digital Wallet,Denver,CO
Xfinity,"POS transaction - Xfinity (Utilities), amount 123.08",123.08,Debit Card,Seattle,WA
Utilities Store 124,"POS transaction - Utilities Store 124 (Utilities), amount 126.22",126.22,Credit Card,New York,NY
DiningOut Store 041,"Online payment to DiningOut Store 041 - DiningOut, 24.09",24.09,ACH,Ann Arbor,MI
Healthcare Store 011,Card purchase at Healthcare Store 011 for 5.00 USD (Healthcare),5.0,ACH,Ann Arbor,MI
Groceries Store 150,"Groceries spend at Groceries Store 150, total 50.28",50.28,Credit Card,Denver,CO
Healthcare Store 017,Card purchase at Healthcare Store 017 for 159.66 USD (Groceries),159.66,Cash,Seattle,WA
PersonalCare Store 048,"POS transaction - PersonalCare Store 048 (PersonalCare), amount 37.88",37.88,Digital Wallet,Denver,CO
DiningOut Store 178,"POS transaction - DiningOut Store 178 (DiningOut), amount 46.19",46.19,ACH,San Francisco,CA
Groceries Store 170,Card purchase at Groceries Store 170 for 53.48 USD (Groceries),53.48,Debit Card,Chicago,IL
Groceries Store 036,"Groceries spend at Groceries Store 036, total 126.17",126.17,ACH,Chicago,IL
DiningOut Store 157,Card purchase at DiningOut Store 157 for 26.08 USD (DiningOut),26.08,Digital Wallet,Miami,FL
Trader Joes,"Online payment to Trader Joes - Groceries, 40.91",40.91,Debit Card,Boston,MA
Panera Bread,"DiningOut spend at Panera Bread, total 34.65",34.65,Debit Card,Boston,MA
Utilities Store 055,"Mobile app payment at Utilities Store 055, Utilities, 95.39",95.39,Credit Card,Denver,CO
Miscellaneous Store 195,"Online payment to Miscellaneous Store 195 - Miscellaneous, 72.81",72.81,Digital Wallet,Detroit,MI
PersonalCare Store 125,"Groceries spend at PersonalCare Store 125, total 89.92",89.92,Credit Card,Ann Arbor,MI
Trader Joes,"Online payment to Trader Joes - Groceries, 98.09",98.09,Debit Card,Detroit,MI
Lowes,"Online payment to Lowes - Shopping, 81.44",81.44,ACH,San Francisco,CA
Aldi,"Mobile app payment at Aldi, Groceries, 110.12",110.12,Debit Card,Boston,MA
Bills Store 105,Card purchase at Bills Store 105 for 278.05 USD (Bills),278.05,Digital Wallet,Boston,MA
PersonalCare Store 125,"PersonalCare spend at PersonalCare Store 125, total 79.29",79.29,Credit Card,Detroit,MI
DiningOut Store 058,"Online payment to DiningOut Store 058 - DiningOut, 50.79",50.79,Cash,Detroit,MI
Groceries Store 117,"Groceries spend at Groceries Store 117, total 55.10",55.1,Credit Card,Miami,FL
Amtrak,"Transport spend at Amtrak, total 17.84",17.84,ACH,Miami,FL
Booking.com,"Online payment to Booking.com - Travel, 326.12",326.12,Digital Wallet,Seattle,WA
Utilities Store 030,"POS transaction - Utilities Store 030 (Utilities), amount 24.75",24.75,Digital Wallet,Denver,CO
Meijer,"Mobile app payment at Meijer, Groceries, 83.66",83.66,Cash,Miami,FL
BP,"POS transaction - BP (Transport), amount 32.88",32.88,Credit Card,Ann Arbor,MI
Subway,"POS transaction - Subway (DiningOut), amount 61.49",61.49,Debit Card,Chicago,IL
Healthcare Store 126,Card purchase at Healthcare Store 126 for 57.35 USD (Healthcare),57.35,ACH,Detroit,MI
Bills Store 210,"Bills spend at Bills Store 210, total 95.05",95.05,Cash,Austin,TX
Groceries Store 069,"POS transaction - Groceries Store 069 (Utilities), amount 116.31",116.31,Digital Wallet,San Francisco,CA
PersonalCare Store 146,"Online payment to PersonalCare Store 146 - PersonalCare, 35.30",35.3,Cash,Seattle,WA
DiningOut Store 120,"POS transaction - DiningOut Store 120 (DiningOut), amount 18.07",18.07,ACH,New York,NY
Apple Store,"Shopping spend at Apple Store, total 147.47",147.47,Digital Wallet,Miami,FL
Regal Cinemas,"Entertainment spend at Regal Cinemas, total 60.07",60.07,Digital Wallet,Miami,FL
Coursera,"Education spend at Coursera, total 342.27",342.27,Cash,Ann Arbor,MI
Miscellaneous Store 024,"Mobile app payment at Miscellaneous Store 024, Miscellaneous, 5.00",5.0,Debit Card,Ann Arbor,MI
Education Store 137,"POS transaction - Education Store 137 (Education), amount 206.74",206.74,Digital Wallet,Miami,FL
Shopping Store 167,Card purchase at Shopping Store 167 for 73.79 USD (Shopping),73.79,ACH,San Francisco,CA
Bills Store 160,Card purchase at Bills Store 160 for 61.78 USD (Bills),61.78,Credit Card,Detroit,MI
KFC,"DiningOut spend at KFC, total 13.68",13.68,Cash,San Francisco,CA
Costco,"POS transaction - Costco (Groceries), amount 79.83",79.83,Digital Wallet,Miami,FL
DiningOut Store 083,"Groceries spend at DiningOut Store 083, total 81.27",81.27,Credit Card,Ann Arbor,MI
Ulta Beauty,Card purchase at Ulta Beauty for 41.88 USD (PersonalCare),41.88,Credit Card,San Francisco,CA
Shopping Store 154,"POS transaction - Shopping Store 154 (Shopping), amount 149.22",149.22,Debit Card,Detroit,MI
Healthcare Store 017,Card purchase at Healthcare Store 017 for 75.47 USD (Healthcare),75.47,Credit Card,Miami,FL
Utilities Store 124,"POS transaction - Utilities Store 124 (Utilities), amount 48.00",48.0,Digital Wallet,San Francisco,CA
Groceries Store 138,"Groceries spend at Groceries Store 138, total 111.72",111.72,ACH,New York,NY
McDonalds,"POS transaction - McDonalds (DiningOut), amount 14.18",14.18,Digital Wallet,Austin,TX
Olive Garden,"POS transaction - Olive Garden (DiningOut), amount 26.15",26.15,ACH,Austin,TX
Miscellaneous Store 064,"Online payment to Miscellaneous Store 064 - Miscellaneous, 20.49",20.49,Digital Wallet,New York,NY
Pizza Hut,Card purchase at Pizza Hut for 5.00 USD (DiningOut),5.0,Credit Card,New York,NY
Uber Airport,"POS transaction - Uber Airport (Groceries), amount 34.42",34.42,Digital Wallet,Denver,CO
DiningOut Store 198,"DiningOut spend at DiningOut Store 198, total 25.18",25.18,Cash,New York,NY
Shell,Card purchase at Shell for 58.04 USD (Transport),58.04,Credit Card,San Francisco,CA
DiningOut Store 182,"POS transaction - DiningOut Store 182 (Transport), amount 5.00",5.0,Digital Wallet,San Francisco,CA
Travel Store 049,"Mobile app payment at Travel Store 049, Travel, 342.81",342.81,ACH,Denver,CO
DiningOut Store 171,"POS transaction - DiningOut Store 171 (DiningOut), amount 23.92",23.92,Cash,San Francisco,CA
AMC Theatres,"Mobile app payment at AMC Theatres, Entertainment, 76.74",76.74,Digital Wallet,Ann Arbor,MI
Transport Store 142,"Mobile app payment at Transport Store 142, Transport, 49.51",49.51,Cash,Boston,MA
Groceries Store 104,"Groceries spend at Groceries Store 104, total 139.44",139.44,Cash,Boston,MA
Bills Store 101,"Education spend at Bills Store 101, total 115.37",115.37,Credit Card,Boston,MA
DiningOut Store 100,"DiningOut spend at DiningOut Store 100, total 5.00",5.0,Digital Wallet,Ann Arbor,MI
Groceries Store 127,"POS transaction - Groceries Store 127 (Groceries), amount 112.19",112.19,ACH,Detroit,MI
Utilities Store 176,"Utilities spend at Utilities Store 176, total 57.62",57.62,ACH,Denver,CO
Utilities Store 091,"Mobile app payment at Utilities Store 091, Utilities, 137.59",137.59,Digital Wallet,Miami,FL
Costco,"Groceries spend at Costco, total 48.91",48.91,Cash,Boston,MA
DiningOut Store 182,"Online payment to DiningOut Store 182 - DiningOut, 35.40",35.4,Credit Card,New York,NY
DiningOut Store 058,"DiningOut spend at DiningOut Store 058, total 10.98",10.98,Credit Card,Boston,MA
Miscellaneous Store 081,"Mobile app payment at Miscellaneous Store 081, Miscellaneous, 46.17",46.17,Cash,Seattle,WA
Shopping Store 111,"Mobile app payment at Shopping Store 111, Shopping, 18.42",18.42,Credit Card,Boston,MA
Entertainment Store 044,"Online payment to Entertainment Store 044 - DiningOut, 25.84",25.84,ACH,Chicago,IL
Education Store 003,Card purchase at Education Store 003 for 103.20 USD (Education),103.2,Debit Card,Boston,MA
DiningOut Store 033,"Mobile app payment at DiningOut Store 033, DiningOut, 30.02",30.02,Debit Card,Miami,FL
Shopping Store 136,"Shopping spend at Shopping Store 136, total 53.85",53.85,Digital Wallet,Detroit,MI
Hair Salon,"POS transaction - Hair Salon (PersonalCare), amount 37.52",37.52,Debit Card,Denver,CO
Travel Store 122,"Online payment to Travel Store 122 - Travel, 300.60",300.6,Debit Card,Boston,MA
Nail Spa,"Mobile app payment at Nail Spa, PersonalCare, 39.36",39.36,ACH,Boston,MA
Miscellaneous Store 208,"Groceries spend at Miscellaneous Store 208, total 5.00",5.0,ACH,Seattle,WA
Groceries Store 217,"POS transaction - Groceries Store 217 (Groceries), amount 56.36",56.36,Digital Wallet,Detroit,MI
Language School,Card purchase at Language School for 262.53 USD (Education),262.53,Digital Wallet,Denver,CO
Utilities Store 203,Card purchase at Utilities Store 203 for 41.52 USD (PersonalCare),41.52,Credit Card,Seattle,WA
DiningOut Store 196,Card purchase at DiningOut Store 196 for 13.01 USD (DiningOut),13.01,Credit Card,Chicago,IL
Bills Store 112,"POS transaction - Bills Store 112 (Bills), amount 152.36",152.36,Digital Wallet,Ann Arbor,MI
Healthcare Store 116,"POS transaction - Healthcare Store 116 (Healthcare), amount 242.02",242.02,Debit Card,San Francisco,CA
Miscellaneous Store 153,"POS transaction - Miscellaneous Store 153 (Miscellaneous), amount 17.30",17.3,ACH,Denver,CO
Metro Transit,"Online payment to Metro Transit - Transport, 60.71",60.71,Debit Card,Ann Arbor,MI
Hulu,"Mobile app payment at Hulu, Miscellaneous, 13.78",13.78,Credit Card,Miami,FL
Travel Store 086,"Travel spend at Travel Store 086, total 284.30",284.3,ACH,New York,NY
DiningOut Store 058,"Online payment to DiningOut Store 058 - Education, 164.54",164.54,Debit Card,Boston,MA
Groceries Store 138,Card purchase at Groceries Store 138 for 80.43 USD (Groceries),80.43,Credit Card,New York,NY
Spotify,Card purchase at Spotify for 78.72 USD (Entertainment),78.72,Cash,Austin,TX
Shopping Store 143,Card purchase at Shopping Store 143 for 121.36 USD (Shopping),121.36,Debit Card,San Francisco,CA
Travel Store 049,"Travel spend at Travel Store 049, total 287.37",287.37,ACH,Chicago,IL
Groceries Store 036,"Mobile app payment at Groceries Store 036, Groceries, 92.42",92.42,Credit Card,Austin,TX
DiningOut Store 187,"POS transaction - DiningOut Store 187 (DiningOut), amount 29.76",29.76,ACH,Miami,FL
Utilities Store 155,"Utilities spend at Utilities Store 155, total 119.13",119.13,Debit Card,Austin,TX
Groceries Store 069,"POS transaction - Groceries Store 069 (Groceries), amount 34.25",34.25,Debit Card,Boston,MA
Water Utility,"POS transaction - Water Utility (Utilities), amount 129.15",129.15,Digital Wallet,Boston,MA
Groceries Store 170,"Groceries spend at Groceries Store 170, total 65.49",65.49,Cash,Detroit,MI
McDonalds,"Online payment to McDonalds - DiningOut, 12.46",12.46,Digital Wallet,Seattle,WA
Publix,Card purchase at Publix for 97.16 USD (Groceries),97.16,Digital Wallet,Seattle,WA
DiningOut Store 058,"Mobile app payment at DiningOut Store 058, DiningOut, 5.00",5.0,ACH,New York,NY
IKEA,"POS transaction - IKEA (Shopping), amount 44.35",44.35,Credit Card,Chicago,IL
Metro Transit,Card purchase at Metro Transit for 5.00 USD (Transport),5.0,Cash,Seattle,WA
Home Depot,"Shopping spend at Home Depot, total 8.07",8.07,Digital Wallet,Chicago,IL
Urgent Care Clinic,"Online payment to Urgent Care Clinic - Healthcare, 86.43",86.43,Debit Card,Detroit,MI
Shopping Store 209,Card purchase at Shopping Store 209 for 83.89 USD (Shopping),83.89,Digital Wallet,Ann Arbor,MI
Lyft,Card purchase at Lyft for 29.05 USD (Transport),29.05,Digital Wallet,Ann Arbor,MI
CVS Pharmacy,"Healthcare spend at CVS Pharmacy, total 44.29",44.29,Debit Card,Austin,TX
Walmart,"POS transaction - Walmart (Groceries), amount 69.71",69.71,Debit Card,Ann Arbor,MI
PersonalCare Store 019,"Mobile app payment at PersonalCare Store 019, Miscellaneous, 47.23",47.23,ACH,Seattle,WA
Education Store 137,"DiningOut spend at Education Store 137, total 36.94",36.94,ACH,New York,NY
Travel Store 080,"Mobile app payment at Travel Store 080, Travel, 48.21",48.21,Cash,Boston,MA
Netflix,"POS transaction - Netflix (Entertainment), amount 38.79",38.79,Credit Card,Boston,MA
Miscellaneous Store 181,Card purchase at Miscellaneous Store 181 for 10.29 USD (Miscellaneous),10.29,ACH,Miami,FL
Hulu,"Online payment to Hulu - Entertainment, 96.85",96.85,ACH,Chicago,IL
Utilities Store 031,"Online payment to Utilities Store 031 - Utilities, 70.65",70.65,ACH,Ann Arbor,MI
Apple Store,Card purchase at Apple Store for 17.34 USD (Shopping),17.34,Digital Wallet,Seattle,WA
Travel Store 174,"Travel spend at Travel Store 174, total 485.86",485.86,Digital Wallet,San Francisco,CA
American Airlines,"Travel spend at American Airlines, total 397.12",397.12,Cash,Miami,FL
Verizon,Card purchase at Verizon for 130.37 USD (Utilities),130.37,Debit Card,San Francisco,CA
Utilities Store 219,"POS transaction - Utilities Store 219 (Utilities), amount 68.16",68.16,Digital Wallet,Seattle,WA
Massage Envy,"Online payment to Massage Envy - PersonalCare, 20.14",20.14,ACH,San Francisco,CA
DiningOut Store 120,Card purchase at DiningOut Store 120 for 25.63 USD (DiningOut),25.63,ACH,Denver,CO
Aldi,"Groceries spend at Aldi, total 128.98",128.98,Digital Wallet,Austin,TX
Utilities Store 020,"POS transaction - Utilities Store 020 (Utilities), amount 110.48",110.48,ACH,Ann Arbor,MI
DiningOut Store 218,"DiningOut spend at DiningOut Store 218, total 16.66",16.66,Digital Wallet,Chicago,IL
Entertainment Store 053,"Mobile app payment at Entertainment Store 053, Entertainment, 57.26",57.26,Digital Wallet,Seattle,WA
McDonalds,Card purchase at McDonalds for 29.69 USD (DiningOut),29.69,ACH,Denver,CO
Miscellaneous Store 153,"POS transaction - Miscellaneous Store 153 (Miscellaneous), amount 23.69",23.69,Cash,Ann Arbor,MI
DiningOut Store 182,"POS transaction - DiningOut Store 182 (DiningOut), amount 30.41",30.41,Cash,Boston,MA
Transport Store 097,"POS transaction - Transport Store 097 (Transport), amount 49.55",49.55,ACH,Miami,FL
Travel Store 043,"Online payment to Travel Store 043 - Travel, 554.55",554.55,Digital Wallet,Ann Arbor,MI
Shopping Store 211,"POS transaction - Shopping Store 211 (Shopping), amount 172.49",172.49,Debit Card,Miami,FL
Bills Store 106,"Mobile app payment at Bills Store 106, Bills, 331.05",331.05,Debit Card,Seattle,WA
Whole Foods,"Online payment to Whole Foods - Groceries, 38.04",38.04,Debit Card,Ann Arbor,MI
Shopping Store 209,"Online payment to Shopping Store 209 - Shopping, 5.00",5.0,Debit Card,Denver,CO
Panera Bread,"Online payment to Panera Bread - DiningOut, 16.49",16.49,Digital Wallet,San Francisco,CA
Etsy,"POS transaction - Etsy (Miscellaneous), amount 25.69",25.69,Credit Card,San Francisco,CA
Groceries Store 036,Card purchase at Groceries Store 036 for 64.28 USD (Groceries),64.28,Cash,Miami,FL
Shopping Store 206,"Online payment to Shopping Store 206 - Shopping, 74.16",74.16,Credit Card,Boston,MA
Lowes,"POS transaction - Lowes (Transport), amount 54.80",54.8,Credit Card,Denver,CO
IKEA,Card purchase at IKEA for 44.15 USD (Shopping),44.15,Digital Wallet,Denver,CO
Travel Store 080,"POS transaction - Travel Store 080 (Travel), amount 473.90",473.9,Cash,Seattle,WA
DiningOut Store 171,"Mobile app payment at DiningOut Store 171, DiningOut, 38.45",38.45,Cash,Detroit,MI
Panera Bread,"Mobile app payment at Panera Bread, DiningOut, 5.00",5.0,ACH,Austin,TX
Entertainment Store 194,Card purchase at Entertainment Store 194 for 33.90 USD (Entertainment),33.9,Debit Card,Austin,TX
Bills Store 210,"Online payment to Bills Store 210 - Bills, 5.25",5.25,Credit Card,San Francisco,CA
DiningOut Store 033,Card purchase at DiningOut Store 033 for 32.83 USD (DiningOut),32.83,Debit Card,Chicago,IL
Target.com,"Online payment to Target.com - Shopping, 5.00",5.0,Credit Card,Boston,MA
Entertainment Store 144,"Online payment to Entertainment Store 144 - Entertainment, 22.90",22.9,Cash,Chicago,IL
PersonalCare Store 006,"Mobile app payment at PersonalCare Store 006, DiningOut, 5.60",5.6,Cash,Denver,CO
Healthcare Store 180,"PersonalCare spend at Healthcare Store 180, total 96.29",96.29,Credit Card,Miami,FL
Publix,"Groceries spend at Publix, total 112.02",112.02,Debit Card,Detroit,MI
Hulu,"Entertainment spend at Hulu, total 66.26",66.26,Credit Card,Chicago,IL
Publix,"Online payment to Publix - Groceries, 86.41",86.41,Cash,San Francisco,CA
Travel Store 184,"Travel spend at Travel Store 184, total 322.58",322.58,ACH,Detroit,MI
Transport Store 032,"Online payment to Transport Store 032 - Transport, 70.90",70.9,Digital Wallet,Miami,FL
DiningOut Store 198,"Online payment to DiningOut Store 198 - DiningOut, 17.58",17.58,Cash,Miami,FL
Shopping Store 211,"Online payment to Shopping Store 211 - Shopping, 49.72",49.72,ACH,Boston,MA
DiningOut Store 198,"Mobile app payment at DiningOut Store 198, DiningOut, 23.27",23.27,Debit Card,Denver,CO
Apple Store,"POS transaction - Apple Store (Shopping), amount 96.06",96.06,ACH,Denver,CO
Publix,Card purchase at Publix for 84.76 USD (Groceries),84.76,Digital Wallet,San Francisco,CA
PersonalCare Store 037,Card purchase at PersonalCare Store 037 for 15.39 USD (PersonalCare),15.39,ACH,Chicago,IL
Transport Store 142,Card purchase at Transport Store 142 for 51.33 USD (Transport),51.33,Digital Wallet,Austin,TX
Costco,"Groceries spend at Costco, total 102.39",102.39,Debit Card,Austin,TX
DiningOut Store 120,Card purchase at DiningOut Store 120 for 71.81 USD (DiningOut),71.81,ACH,Boston,MA
DiningOut Store 118,"Mobile app payment at DiningOut Store 118, DiningOut, 47.51",47.51,Digital Wallet,New York,NY
Lowes,"Mobile app payment at Lowes, Shopping, 105.83",105.83,Cash,Seattle,WA
Speedway,"PersonalCare spend at Speedway, total 53.77",53.77,Debit Card,Detroit,MI
Healthcare Store 115,"Mobile app payment at Healthcare Store 115, Healthcare, 274.77",274.77,Credit Card,Boston,MA
Booking.com,"Mobile app payment at Booking.com, Travel, 83.67",83.67,Debit Card,New York,NY
Meijer,"Online payment to Meijer - Groceries, 122.10",122.1,ACH,Chicago,IL
Education Store 192,Card purchase at Education Store 192 for 38.22 USD (Entertainment),38.22,Debit Card,San Francisco,CA
Shopping Store 136,"Mobile app payment at Shopping Store 136, Shopping, 130.72",130.72,Debit Card,Detroit,MI
Dominos,Card purchase at Dominos for 61.86 USD (DiningOut),61.86,Cash,Denver,CO
Groceries Store 147,"Mobile app payment at Groceries Store 147, Groceries, 133.64",133.64,Cash,Denver,CO
Transport Store 142,"Online payment to Transport Store 142 - Transport, 5.00",5.0,ACH,Denver,CO
Farmer Market,"Mobile app payment at Farmer Market, Miscellaneous, 49.54",49.54,Digital Wallet,San Francisco,CA
Entertainment Store 139,"POS transaction - Entertainment Store 139 (Entertainment), amount 14.45",14.45,Cash,Denver,CO
DiningOut Store 178,"DiningOut spend at DiningOut Store 178, total 5.00",5.0,ACH,Seattle,WA
DiningOut Store 100,Card purchase at DiningOut Store 100 for 57.42 USD (DiningOut),57.42,Cash,Ann Arbor,MI
DiningOut Store 033,"POS transaction - DiningOut Store 033 (PersonalCare), amount 23.81",23.81,Digital Wallet,Boston,MA
Best Buy,"Shopping spend at Best Buy, total 164.45",164.45,Debit Card,Denver,CO
PersonalCare Store 146,"Online payment to PersonalCare Store 146 - PersonalCare, 16.89",16.89,Digital Wallet,Detroit,MI
Physical Therapy,"Online payment to Physical Therapy - Healthcare, 152.13",152.13,Debit Card,San Francisco,CA
DisneyPlus,"Entertainment spend at DisneyPlus, total 18.41",18.41,Cash,Detroit,MI
Education Store 003,"Education spend at Education Store 003, total 312.29",312.29,Cash,Seattle,WA
DiningOut Store 100,Card purchase at DiningOut Store 100 for 74.54 USD (DiningOut),74.54,Cash,Seattle,WA
Groceries Store 045,"POS transaction - Groceries Store 045 (Groceries), amount 39.24",39.24,ACH,Miami,FL
Healthcare Store 126,"Online payment to Healthcare Store 126 - Shopping, 68.99",68.99,Debit Card,Seattle,WA
Groceries Store 147,"Online payment to Groceries Store 147 - Groceries, 98.26",98.26,Debit Card,Ann Arbor,MI
Travel Store 015,"Travel spend at Travel Store 015, total 259.05",259.05,Credit Card,Austin,TX
Toy Store,"POS transaction - Toy Store (Miscellaneous), amount 51.36",51.36,Digital Wallet,San Francisco,CA
Groceries Store 150,Card purchase at Groceries Store 150 for 107.64 USD (Groceries),107.64,Credit Card,Seattle,WA
Safeway,"Groceries spend at Safeway, total 46.33",46.33,ACH,Denver,CO
Dominos,"Online payment to Dominos - DiningOut, 24.93",24.93,Debit Card,Austin,TX
Shopping Store 190,"Online payment to Shopping Store 190 - Shopping, 62.52",62.52,Digital Wallet,San Francisco,CA
Travel Store 062,"POS transaction - Travel Store 062 (Travel), amount 247.47",247.47,ACH,Detroit,MI
Chevron,"Online payment to Chevron - Transport, 61.32",61.32,Digital Wallet,Denver,CO
Shopping Store 066,Card purchase at Shopping Store 066 for 5.00 USD (Shopping),5.0,Debit Card,New York,NY
Travel Store 043,"Mobile app payment at Travel Store 043, Shopping, 38.83",38.83,ACH,New York,NY
Dominos,"Online payment to Dominos - DiningOut, 34.08",34.08,Digital Wallet,Seattle,WA
Shopping Store 190,"POS transaction - Shopping Store 190 (Shopping), amount 121.41",121.41,Debit Card,Austin,TX
Skillshare,"Education spend at Skillshare, total 135.09",135.09,Digital Wallet,Seattle,WA
Hilton Hotels,"Entertainment spend at Hilton Hotels, total 66.65",66.65,Debit Card,Seattle,WA
Sephora,"Online payment to Sephora - PersonalCare, 92.19",92.19,Digital Wallet,Miami,FL
Education Store 130,"POS transaction - Education Store 130 (Miscellaneous), amount 63.82",63.82,ACH,Seattle,WA
Healthcare Store 021,"Healthcare spend at Healthcare Store 021, total 115.12",115.12,ACH,Denver,CO
Travel Store 177,"Mobile app payment at Travel Store 177, Travel, 62.32",62.32,Debit Card,Denver,CO
Utilities Store 185,"Mobile app payment at Utilities Store 185, Utilities, 124.26",124.26,Debit Card,San Francisco,CA
Groceries Store 045,"Online payment to Groceries Store 045 - Groceries, 92.12",92.12,Cash,Boston,MA
Dave & Busters,Card purchase at Dave & Busters for 46.72 USD (Entertainment),46.72,Digital Wallet,San Francisco,CA
Chick-fil-A,"Online payment to Chick-fil-A - DiningOut, 33.84",33.84,ACH,Seattle,WA
PersonalCare Store 202,"Online payment to PersonalCare Store 202 - PersonalCare, 44.47",44.47,Digital Wallet,Austin,TX
DiningOut Store 171,Card purchase at DiningOut Store 171 for 33.93 USD (DiningOut),33.93,Debit Card,Detroit,MI
Subway,"Mobile app payment at Subway, DiningOut, 47.32",47.32,Credit Card,Austin,TX
Walmart.com,"Mobile app payment at Walmart.com, Shopping, 121.66",121.66,ACH,Detroit,MI
Kroger,Card purchase at Kroger for 57.62 USD (Groceries),57.62,Credit Card,Miami,FL
DiningOut Store 100,"Online payment to DiningOut Store 100 - DiningOut, 5.00",5.0,Digital Wallet,Miami,FL
Pizza Hut,Card purchase at Pizza Hut for 59.31 USD (DiningOut),59.31,Debit Card,San Francisco,CA
Bills Store 166,"POS transaction - Bills Store 166 (Entertainment), amount 45.78",45.78,Digital Wallet,Austin,TX
Miscellaneous Store 061,Card purchase at Miscellaneous Store 061 for 23.11 USD (Miscellaneous),23.11,ACH,Austin,TX
DiningOut Store 218,"Mobile app payment at DiningOut Store 218, Utilities, 53.91",53.91,Cash,Boston,MA
Subway,"Mobile app payment at Subway, DiningOut, 20.71",20.71,Cash,Boston,MA
Travel Store 013,"Mobile app payment at Travel Store 013, Travel, 116.21",116.21,Credit Card,New York,NY
Apple Store,Card purchase at Apple Store for 14.29 USD (Shopping),14.29,ACH,Boston,MA
Travel Store 086,"Mobile app payment at Travel Store 086, Travel, 345.87",345.87,Digital Wallet,San Francisco,CA
Urgent Care Clinic,"Mobile app payment at Urgent Care Clinic, Healthcare, 62.34",62.34,Credit Card,Chicago,IL
Transport Store 119,"Mobile app payment at Transport Store 119, Transport, 20.57",20.57,Cash,New York,NY
Chick-fil-A,"POS transaction - Chick-fil-A (DiningOut), amount 23.56",23.56,Debit Card,Detroit,MI
Etsy,"POS transaction - Etsy (Miscellaneous), amount 39.24",39.24,ACH,Denver,CO
Chase Credit Card,"POS transaction - Chase Credit Card (Bills), amount 99.20",99.2,Credit Card,Miami,FL
DiningOut Store 120,"DiningOut spend at DiningOut Store 120, total 67.82",67.82,Cash,Chicago,IL
Shopping Store 206,"Shopping spend at Shopping Store 206, total 69.60",69.6,Digital Wallet,Boston,MA
Aldi,Card purchase at Aldi for 103.65 USD (Groceries),103.65,Cash,Denver,CO
Barber Shop,"POS transaction - Barber Shop (PersonalCare), amount 5.43",5.43,Debit Card,Miami,FL
Shopping Store 077,Card purchase at Shopping Store 077 for 63.98 USD (Shopping),63.98,Credit Card,Detroit,MI
Bills Store 002,Card purchase at Bills Store 002 for 5.00 USD (Bills),5.0,ACH,San Francisco,CA
eBay,"Miscellaneous spend at eBay, total 26.43",26.43,Cash,Miami,FL
Travel Store 215,Card purchase at Travel Store 215 for 553.92 USD (Travel),553.92,ACH,San Francisco,CA
Groceries Store 045,"Mobile app payment at Groceries Store 045, Groceries, 69.08",69.08,Cash,Miami,FL
Utilities Store 109,"Mobile app payment at Utilities Store 109, Utilities, 161.86",161.86,Cash,San Francisco,CA
Utilities Store 124,"Mobile app payment at Utilities Store 124, Healthcare, 98.59",98.59,Credit Card,Miami,FL
Water Utility,"Utilities spend at Water Utility, total 153.67",153.67,Debit Card,Denver,CO
Thrift Store,"Online payment to Thrift Store - Miscellaneous, 55.61",55.61,Cash,Austin,TX
Gym Membership,"Online payment to Gym Membership - Shopping, 22.37",22.37,Credit Card,Boston,MA
Starbucks,"Online payment to Starbucks - Entertainment, 45.82",45.82,Debit Card,Boston,MA
Chevron,"Mobile app payment at Chevron, PersonalCare, 11.61",11.61,Debit Card,Seattle,WA
Miscellaneous Store 141,"Online payment to Miscellaneous Store 141 - Miscellaneous, 31.25",31.25,Debit Card,New York,NY
Farmer Market,"Online payment to Farmer Market - Miscellaneous, 80.71",80.71,Digital Wallet,Denver,CO
Transport Store 097,"Transport spend at Transport Store 097, total 69.38",69.38,Credit Card,Seattle,WA
Transport Store 072,"Mobile app payment at Transport Store 072, Transport, 38.94",38.94,Digital Wallet,Denver,CO
Local Hospital,Card purchase at Local Hospital for 67.25 USD (Healthcare),67.25,Debit Card,Boston,MA
Shopping Store 190,"Mobile app payment at Shopping Store 190, Shopping, 142.37",142.37,Credit Card,Denver,CO
Netflix,"Mobile app payment at Netflix, Entertainment, 20.76",20.76,ACH,Detroit,MI
DiningOut Store 007,"POS transaction - DiningOut Store 007 (DiningOut), amount 54.29",54.29,Cash,Miami,FL
Travel Store 098,Card purchase at Travel Store 098 for 151.42 USD (Healthcare),151.42,Digital Wallet,Seattle,WA
PersonalCare Store 037,"Mobile app payment at PersonalCare Store 037, PersonalCare, 53.93",53.93,ACH,Denver,CO
Udemy,"POS transaction - Udemy (Education), amount 108.35",108.35,Debit Card,Denver,CO
Travel Store 049,"Mobile app payment at Travel Store 049, DiningOut, 59.80",59.8,Digital Wallet,New York,NY
IKEA,"Shopping spend at IKEA, total 69.42",69.42,Credit Card,San Francisco,CA
CVS Pharmacy,"Online payment to CVS Pharmacy - Healthcare, 86.03",86.03,Credit Card,San Francisco,CA
Entertainment Store 044,"Online payment to Entertainment Store 044 - Entertainment, 30.34",30.34,Digital Wallet,New York,NY
Urgent Care Clinic,"POS transaction - Urgent Care Clinic (Healthcare), amount 193.52",193.52,Digital Wallet,Seattle,WA
Groceries Store 127,"Groceries spend at Groceries Store 127, total 105.80",105.8,Digital Wallet,Ann Arbor,MI
DiningOut Store 118,"Online payment to DiningOut Store 118 - Bills, 227.29",227.29,Cash,Boston,MA
Bills Store 071,"Mobile app payment at Bills Store 071, DiningOut, 35.13",35.13,Cash,Detroit,MI
Entertainment Store 194,"Online payment to Entertainment Store 194 - Entertainment, 81.54",81.54,ACH,Detroit,MI
Shopping Store 216,"POS transaction - Shopping Store 216 (Shopping), amount 171.43",171.43,Digital Wallet,Boston,MA
Shopping Store 143,"Mobile app payment at Shopping Store 143, Shopping, 99.11",99.11,Digital Wallet,Seattle,WA
DiningOut Store 074,"Online payment to DiningOut Store 074 - DiningOut, 24.29",24.29,ACH,Ann Arbor,MI
Education Store 137,"POS transaction - Education Store 137 (Bills), amount 227.23",227.23,ACH,Miami,FL
DiningOut Store 198,"POS transaction - DiningOut Store 198 (DiningOut), amount 5.18",5.18,Cash,Ann Arbor,MI
DiningOut Store 074,"DiningOut spend at DiningOut Store 074, total 5.00",5.0,Cash,Boston,MA
Education Store 040,Card purchase at Education Store 040 for 232.68 USD (Education),232.68,Credit Card,Boston,MA
BlueCross,Card purchase at BlueCross for 84.06 USD (Healthcare),84.06,ACH,Boston,MA
Shell,"Transport spend at Shell, total 51.80",51.8,Debit Card,New York,NY
Pizza Hut,"POS transaction - Pizza Hut (DiningOut), amount 8.81",8.81,Credit Card,Seattle,WA
AT&T,Card purchase at AT&T for 130.38 USD (Utilities),130.38,Cash,Austin,TX
Costco,"Mobile app payment at Costco, Groceries, 36.31",36.31,ACH,Austin,TX
Rite Aid,"Mobile app payment at Rite Aid, Healthcare, 77.92",77.92,Credit Card,Austin,TX
Apple Store,Card purchase at Apple Store for 50.71 USD (Shopping),50.71,Debit Card,Seattle,WA
Utilities Store 155,Card purchase at Utilities Store 155 for 163.14 USD (Utilities),163.14,Digital Wallet,San Francisco,CA
Entertainment Store 063,"Online payment to Entertainment Store 063 - Entertainment, 47.34",47.34,Cash,Boston,MA
Exxon,"Transport spend at Exxon, total 24.64",24.64,Cash,Denver,CO
Shopping Store 190,"Shopping spend at Shopping Store 190, total 105.20",105.2,ACH,Chicago,IL
Utilities Store 054,Card purchase at Utilities Store 054 for 26.49 USD (Transport),26.49,ACH,New York,NY
Discover Card,"Shopping spend at Discover Card, total 164.24",164.24,Cash,Miami,FL
Entertainment Store 044,"POS transaction - Entertainment Store 044 (Entertainment), amount 60.12",60.12,Credit Card,Chicago,IL
DiningOut Store 041,"Mobile app payment at DiningOut Store 041, DiningOut, 35.66",35.66,Debit Card,Boston,MA
Groceries Store 036,"POS transaction - Groceries Store 036 (DiningOut), amount 15.49",15.49,Debit Card,Miami,FL
Metro Transit,"POS transaction - Metro Transit (Transport), amount 70.52",70.52,Debit Card,Seattle,WA
DiningOut Store 041,"DiningOut spend at DiningOut Store 041, total 22.76",22.76,Cash,Detroit,MI
Travel Store 177,"Online payment to Travel Store 177 - Travel, 359.99",359.99,Debit Card,Ann Arbor,MI
Education Store 108,"Online payment to Education Store 108 - DiningOut, 10.90",10.9,ACH,Denver,CO
Shopping Store 154,"Online payment to Shopping Store 154 - Shopping, 118.95",118.95,Cash,Miami,FL
Transport Store 097,"POS transaction - Transport Store 097 (Transport), amount 99.53",99.53,Credit Card,Boston,MA
Publix,"Online payment to Publix - Groceries, 90.27",90.27,ACH,San Francisco,CA
Walmart.com,"Shopping spend at Walmart.com, total 73.34",73.34,Credit Card,Detroit,MI
Family Doctor,"Mobile app payment at Family Doctor, Healthcare, 60.72",60.72,Debit Card,Boston,MA
Miscellaneous Store 181,"Online payment to Miscellaneous Store 181 - Miscellaneous, 35.46",35.46,ACH,Chicago,IL
Publix,"Groceries spend at Publix, total 69.77",69.77,ACH,San Francisco,CA
Groceries Store 069,"Groceries spend at Groceries Store 069, total 55.76",55.76,ACH,San Francisco,CA
Bills Store 002,"Online payment to Bills Store 002 - Bills, 357.26",357.26,Cash,New York,NY
PersonalCare Store 202,"Mobile app payment at PersonalCare Store 202, PersonalCare, 13.83",13.83,Credit Card,Chicago,IL
Education Store 130,"POS transaction - Education Store 130 (Education), amount 504.20",504.2,ACH,Miami,FL
Sephora,"Online payment to Sephora - PersonalCare, 52.71",52.71,Credit Card,Detroit,MI
Nike,Card purchase at Nike for 96.85 USD (Shopping),96.85,ACH,Miami,FL
Groceries Store 036,"Mobile app payment at Groceries Store 036, Groceries, 115.87",115.87,Debit Card,Austin,TX
McDonalds,"POS transaction - McDonalds (DiningOut), amount 5.00",5.0,Debit Card,New York,NY
Transport Store 102,"Transport spend at Transport Store 102, total 30.87",30.87,Credit Card,Miami,FL
Utilities Store 124,"Online payment to Utilities Store 124 - Utilities, 90.95",90.95,Digital Wallet,San Francisco,CA
PersonalCare Store 220,"Online payment to PersonalCare Store 220 - Shopping, 128.01",128.01,Debit Card,Denver,CO
Shopping Store 066,"Online payment to Shopping Store 066 - Shopping, 5.00",5.0,Credit Card,New York,NY
Travel Store 043,"Online payment to Travel Store 043 - Travel, 171.22",171.22,ACH,Austin,TX
Travel Store 062,"Online payment to Travel Store 062 - Travel, 5.00",5.0,Debit Card,San Francisco,CA
Target.com,"Online payment to Target.com - Shopping, 132.81",132.81,Debit Card,Detroit,MI
Groceries Store 036,"Online payment to Groceries Store 036 - Groceries, 5.00",5.0,Digital Wallet,Detroit,MI
Bills Store 038,"Online payment to Bills Store 038 - Bills, 474.39",474.39,Credit Card,Boston,MA
Entertainment Store 068,"POS transaction - Entertainment Store 068 (Entertainment), amount 80.65",80.65,Credit Card,New York,NY
Entertainment Store 144,"Online payment to Entertainment Store 144 - Entertainment, 56.59",56.59,Credit Card,San Francisco,CA
Groceries Store 036,"Mobile app payment at Groceries Store 036, Groceries, 71.92",71.92,Cash,Detroit,MI
Bills Store 101,"Mobile app payment at Bills Store 101, Bills, 64.62",64.62,Cash,Detroit,MI
Entertainment Store 163,"Entertainment spend at Entertainment Store 163, total 50.56",50.56,Digital Wallet,Boston,MA
Subway,"Online payment to Subway - Bills, 49.46",49.46,Digital Wallet,Miami,FL
PersonalCare Store 067,"Education spend at PersonalCare Store 067, total 76.01",76.01,Debit Card,Austin,TX
McDonalds,"DiningOut spend at McDonalds, total 26.64",26.64,Credit Card,Ann Arbor,MI
Urgent Care Clinic,Card purchase at Urgent Care Clinic for 121.36 USD (Healthcare),121.36,Digital Wallet,Seattle,WA
DiningOut Store 100,"POS transaction - DiningOut Store 100 (DiningOut), amount 5.00",5.0,ACH,San Francisco,CA
Chipotle,"DiningOut spend at Chipotle, total 48.83",48.83,Digital Wallet,Boston,MA
Bills Store 002,"Bills spend at Bills Store 002, total 261.68",261.68,Credit Card,Denver,CO
Education Store 193,"Education spend at Education Store 193, total 5.00",5.0,Credit Card,San Francisco,CA
Coursera,"Mobile app payment at Coursera, Education, 77.56",77.56,ACH,New York,NY
Groceries Store 117,Card purchase at Groceries Store 117 for 109.44 USD (Groceries),109.44,Credit Card,Seattle,WA
Miscellaneous Store 195,"Miscellaneous spend at Miscellaneous Store 195, total 57.75",57.75,ACH,Seattle,WA
Bills Store 103,"Mobile app payment at Bills Store 103, Bills, 44.94",44.94,ACH,New York,NY
Education Store 085,"Education spend at Education Store 085, total 283.52",283.52,Credit Card,Seattle,WA
Chick-fil-A,"DiningOut spend at Chick-fil-A, total 16.03",16.03,Debit Card,Austin,TX
Lyft,Card purchase at Lyft for 67.45 USD (Transport),67.45,Cash,Ann Arbor,MI
Speedway,"Transport spend at Speedway, total 57.62",57.62,Debit Card,New York,NY
Utilities Store 004,"Online payment to Utilities Store 004 - Utilities, 82.95",82.95,Cash,Austin,TX
PersonalCare Store 151,"Mobile app payment at PersonalCare Store 151, PersonalCare, 9.01",9.01,Cash,Ann Arbor,MI
Groceries Store 170,"Online payment to Groceries Store 170 - Groceries, 74.63",74.63,ACH,Miami,FL
Transport Store 032,"Transport spend at Transport Store 032, total 54.70",54.7,Debit Card,Seattle,WA
DiningOut Store 182,"DiningOut spend at DiningOut Store 182, total 37.00",37.0,ACH,Ann Arbor,MI
Entertainment Store 068,"Entertainment spend at Entertainment Store 068, total 30.74",30.74,Credit Card,Chicago,IL
DiningOut Store 018,"DiningOut spend at DiningOut Store 018, total 62.27",62.27,Credit Card,Boston,MA
Entertainment Store 027,"POS transaction - Entertainment Store 027 (Entertainment), amount 50.69",50.69,Cash,Boston,MA
Healthcare Store 131,"Healthcare spend at Healthcare Store 131, total 152.45",152.45,Digital Wallet,Seattle,WA
Miscellaneous Store 161,"Mobile app payment at Miscellaneous Store 161, Miscellaneous, 101.64",101.64,ACH,Ann Arbor,MI
PersonalCare Store 095,"PersonalCare spend at PersonalCare Store 095, total 71.10",71.1,Credit Card,San Francisco,CA
Bills Store 050,"Online payment to Bills Store 050 - Bills, 5.00",5.0,Cash,Austin,TX
DiningOut Store 133,"Online payment to DiningOut Store 133 - DiningOut, 51.82",51.82,Credit Card,Denver,CO
Healthcare Store 057,"POS transaction - Healthcare Store 057 (Healthcare), amount 83.60",83.6,Debit Card,Detroit,MI
AMC Theatres,"Mobile app payment at AMC Theatres, Entertainment, 41.74",41.74,Cash,Austin,TX
Shopping Store 077,Card purchase at Shopping Store 077 for 147.35 USD (Shopping),147.35,Cash,Austin,TX
DiningOut Store 001,Card purchase at DiningOut Store 001 for 34.11 USD (DiningOut),34.11,Credit Card,Seattle,WA
Mortgage Servicer,"POS transaction - Mortgage Servicer (Bills), amount 234.78",234.78,Cash,San Francisco,CA
Trader Joes,"Online payment to Trader Joes - Groceries, 5.00",5.0,Digital Wallet,Detroit,MI
Massage Envy,"Mobile app payment at Massage Envy, PersonalCare, 38.53",38.53,Debit Card,New York,NY
DiningOut Store 087,Card purchase at DiningOut Store 087 for 23.13 USD (DiningOut),23.13,Credit Card,New York,NY
Transport Store 142,"POS transaction - Transport Store 142 (Entertainment), amount 8.68",8.68,Cash,New York,NY
Travel Store 184,"Online payment to Travel Store 184 - Travel, 5.00",5.0,Digital Wallet,San Francisco,CA
Pizza Hut,"Mobile app payment at Pizza Hut, DiningOut, 15.58",15.58,Digital Wallet,New York,NY
Entertainment Store 022,"Mobile app payment at Entertainment Store 022, Entertainment, 26.01",26.01,Digital Wallet,Miami,FL
Groceries Store 150,Card purchase at Groceries Store 150 for 68.17 USD (Groceries),68.17,ACH,Seattle,WA
PlayStation Store,"POS transaction - PlayStation Store (Entertainment), amount 89.92",89.92,Digital Wallet,Miami,FL
Utilities Store 030,"Utilities spend at Utilities Store 030, total 137.10",137.1,Credit Card,Detroit,MI
City Taxes,"Bills spend at City Taxes, total 164.94",164.94,Credit Card,Chicago,IL
Shopping Store 154,"Online payment to Shopping Store 154 - Shopping, 5.00",5.0,Debit Card,Chicago,IL
Pizza Hut,Card purchase at Pizza Hut for 59.23 USD (DiningOut),59.23,Digital Wallet,Chicago,IL
Bills Store 050,"Online payment to Bills Store 050 - Bills, 133.79",133.79,Cash,New York,NY
DiningOut Store 157,Card purchase at DiningOut Store 157 for 42.66 USD (DiningOut),42.66,Cash,Ann Arbor,MI
Entertainment Store 094,"POS transaction - Entertainment Store 094 (Entertainment), amount 34.25",34.25,ACH,Seattle,WA
Transport Store 052,Card purchase at Transport Store 052 for 76.26 USD (Entertainment),76.26,Cash,Ann Arbor,MI
Shopping Store 111,"Online payment to Shopping Store 111 - Groceries, 122.11",122.11,ACH,Detroit,MI
Groceries Store 150,"Groceries spend at Groceries Store 150, total 95.05",95.05,Cash,Seattle,WA
AMC Theatres,Card purchase at AMC Theatres for 33.08 USD (Entertainment),33.08,Digital Wallet,Detroit,MI
Whole Foods,"Online payment to Whole Foods - Groceries, 149.61",149.61,Debit Card,San Francisco,CA
Steam,"Online payment to Steam - Entertainment, 84.92",84.92,Credit Card,Detroit,MI
Transport Store 009,Card purchase at Transport Store 009 for 41.17 USD (Entertainment),41.17,Cash,Denver,CO
Miscellaneous Store 208,"Miscellaneous spend at Miscellaneous Store 208, total 64.57",64.57,Debit Card,Seattle,WA
Groceries Store 127,"Mobile app payment at Groceries Store 127, Groceries, 160.83",160.83,Cash,Miami,FL
Groceries Store 147,"Mobile app payment at Groceries Store 147, Groceries, 36.62",36.62,Credit Card,San Francisco,CA
DiningOut Store 058,"Online payment to DiningOut Store 058 - DiningOut, 26.98",26.98,Digital Wallet,Detroit,MI
Shopping Store 216,"Shopping spend at Shopping Store 216, total 142.02",142.02,Digital Wallet,Ann Arbor,MI
Travel Store 098,"Online payment to Travel Store 098 - Travel, 473.60",473.6,Cash,Ann Arbor,MI
Utilities Store 070,"Utilities spend at Utilities Store 070, total 218.78",218.78,Debit Card,Denver,CO
Healthcare Store 079,"Online payment to Healthcare Store 079 - DiningOut, 5.00",5.0,Debit Card,Chicago,IL
Utilities Store 030,"Utilities spend at Utilities Store 030, total 90.82",90.82,Cash,Detroit,MI
Safeway,"Groceries spend at Safeway, total 26.57",26.57,Credit Card,Chicago,IL
Miscellaneous Store 195,"Mobile app payment at Miscellaneous Store 195, Miscellaneous, 35.32",35.32,Digital Wallet,Detroit,MI
Spectrum,"Utilities spend at Spectrum, total 128.42",128.42,Debit Card,Miami,FL
Transport Store 189,"Mobile app payment at Transport Store 189, Transport, 18.82",18.82,Cash,San Francisco,CA
Shopping Store 143,"Mobile app payment at Shopping Store 143, Shopping, 25.58",25.58,Debit Card,Austin,TX
Dominos,Card purchase at Dominos for 32.85 USD (DiningOut),32.85,Credit Card,Ann Arbor,MI
Groceries Store 170,"Online payment to Groceries Store 170 - Groceries, 129.17",129.17,Debit Card,Chicago,IL
DiningOut Store 010,"Mobile app payment at DiningOut Store 010, DiningOut, 22.23",22.23,ACH,Seattle,WA
Whole Foods,"Mobile app payment at Whole Foods, Groceries, 50.22",50.22,Cash,Denver,CO
Publix,"Mobile app payment at Publix, Groceries, 118.95",118.95,Digital Wallet,Detroit,MI
Shopping Store 167,Card purchase at Shopping Store 167 for 114.57 USD (Shopping),114.57,ACH,Detroit,MI
Xbox Live,"Online payment to Xbox Live - Travel, 33.49",33.49,Cash,Miami,FL
Travel Store 015,"Online payment to Travel Store 015 - Groceries, 102.81",102.81,Debit Card,San Francisco,CA
Healthcare Store 057,"POS transaction - Healthcare Store 057 (Healthcare), amount 209.10",209.1,Digital Wallet,Seattle,WA
DiningOut Store 018,"POS transaction - DiningOut Store 018 (DiningOut), amount 21.77",21.77,Cash,Austin,TX
BP,"Transport spend at BP, total 77.28",77.28,Digital Wallet,San Francisco,CA
Bills Store 135,Card purchase at Bills Store 135 for 174.58 USD (Bills),174.58,Cash,San Francisco,CA
City Taxes,"Online payment to City Taxes - Bills, 202.24",202.24,Credit Card,Chicago,IL
DiningOut Store 118,"Online payment to DiningOut Store 118 - DiningOut, 5.00",5.0,Cash,Detroit,MI
Yoga Studio,"POS transaction - Yoga Studio (PersonalCare), amount 84.91",84.91,Cash,Miami,FL
Chevron,"Online payment to Chevron - DiningOut, 68.61",68.61,Debit Card,Ann Arbor,MI
Exxon,"Mobile app payment at Exxon, Transport, 74.71",74.71,Cash,Boston,MA
Groceries Store 069,"Online payment to Groceries Store 069 - Groceries, 39.87",39.87,Digital Wallet,Seattle,WA
Travel Store 098,"Mobile app payment at Travel Store 098, Travel, 246.05",246.05,Debit Card,San Francisco,CA
AT&T,"Utilities spend at AT&T, total 73.13",73.13,Debit Card,Denver,CO
Groceries Store 104,"Groceries spend at Groceries Store 104, total 131.62",131.62,Debit Card,Denver,CO
Spotify,"POS transaction - Spotify (Entertainment), amount 39.85",39.85,Cash,New York,NY
Groceries Store 069,"POS transaction - Groceries Store 069 (Groceries), amount 60.95",60.95,Digital Wallet,Austin,TX
Travel Store 098,"POS transaction - Travel Store 098 (Travel), amount 409.56",409.56,Debit Card,Ann Arbor,MI
Home Depot,"Mobile app payment at Home Depot, Shopping, 155.49",155.49,Digital Wallet,Denver,CO
McDonalds,"DiningOut spend at McDonalds, total 17.80",17.8,Cash,San Francisco,CA
Groceries Store 138,"Groceries spend at Groceries Store 138, total 87.36",87.36,Cash,Denver,CO
Bills Store 101,"POS transaction - Bills Store 101 (Bills), amount 5.00",5.0,Cash,Detroit,MI
Bills Store 002,"POS transaction - Bills Store 002 (Bills), amount 175.56",175.56,Credit Card,Detroit,MI
Airbnb,"POS transaction - Airbnb (Travel), amount 194.68",194.68,Debit Card,Chicago,IL
Entertainment Store 063,Card purchase at Entertainment Store 063 for 96.57 USD (Entertainment),96.57,ACH,Chicago,IL
Healthcare Store 126,"Online payment to Healthcare Store 126 - Healthcare, 262.78",262.78,Debit Card,San Francisco,CA
PersonalCare Store 179,"Online payment to PersonalCare Store 179 - PersonalCare, 57.52",57.52,Debit Card,Boston,MA
Office Supply Store,"Online payment to Office Supply Store - Utilities, 86.80",86.8,Debit Card,Seattle,WA
Shopping Store 167,"Mobile app payment at Shopping Store 167, Shopping, 16.38",16.38,Debit Card,Chicago,IL
Shopping Store 209,"POS transaction - Shopping Store 209 (Shopping), amount 76.84",76.84,ACH,Denver,CO
Miscellaneous Store 181,"Mobile app payment at Miscellaneous Store 181, Miscellaneous, 26.61",26.61,Credit Card,New York,NY
Walgreens,Card purchase at Walgreens for 143.06 USD (Healthcare),143.06,Cash,Boston,MA
Miscellaneous Store 081,"Mobile app payment at Miscellaneous Store 081, Miscellaneous, 21.09",21.09,ACH,Denver,CO
Education Store 137,"Online payment to Education Store 137 - Education, 210.77",210.77,Credit Card,Chicago,IL
DiningOut Store 007,"POS transaction - DiningOut Store 007 (DiningOut), amount 11.54",11.54,ACH,Denver,CO
Nike,"Mobile app payment at Nike, Shopping, 30.89",30.89,ACH,Miami,FL
Utilities Store 109,"Mobile app payment at Utilities Store 109, Utilities, 66.72",66.72,Debit Card,Denver,CO
Shopping Store 209,"Shopping spend at Shopping Store 209, total 158.40",158.4,Debit Card,Austin,TX
DiningOut Store 120,"DiningOut spend at DiningOut Store 120, total 5.00",5.0,Digital Wallet,Detroit,MI
Bills Store 038,"POS transaction - Bills Store 038 (Bills), amount 74.74",74.74,Digital Wallet,Boston,MA
Miscellaneous Store 024,"Mobile app payment at Miscellaneous Store 024, Miscellaneous, 5.00",5.0,Credit Card,San Francisco,CA
Trader Joes,"POS transaction - Trader Joes (Groceries), amount 65.04",65.04,Digital Wallet,Boston,MA
Utilities Store 073,"Transport spend at Utilities Store 073, total 16.90",16.9,ACH,San Francisco,CA
DiningOut Store 133,"Online payment to DiningOut Store 133 - DiningOut, 21.42",21.42,ACH,Seattle,WA
Exxon,"Mobile app payment at Exxon, Transport, 62.13",62.13,Digital Wallet,Denver,CO
Booking.com,"POS transaction - Booking.com (Travel), amount 5.00",5.0,Credit Card,Boston,MA
DiningOut Store 218,"Mobile app payment at DiningOut Store 218, DiningOut, 5.00",5.0,Debit Card,Seattle,WA
Target,Card purchase at Target for 52.87 USD (Groceries),52.87,Debit Card,Austin,TX
Shell,"POS transaction - Shell (Transport), amount 48.67",48.67,Credit Card,Detroit,MI
Uber,Card purchase at Uber for 40.54 USD (Transport),40.54,Cash,Ann Arbor,MI
Groceries Store 117,"POS transaction - Groceries Store 117 (Groceries), amount 83.91",83.91,Digital Wallet,Chicago,IL
Healthcare Store 011,"Mobile app payment at Healthcare Store 011, Transport, 95.22",95.22,Cash,Chicago,IL
Uber,"Mobile app payment at Uber, Shopping, 45.37",45.37,Cash,Boston,MA
Walmart,"Online payment to Walmart - Groceries, 54.98",54.98,ACH,New York,NY
Urgent Care Clinic,"Healthcare spend at Urgent Care Clinic, total 93.89",93.89,Debit Card,Boston,MA
Apple Store,"Online payment to Apple Store - Shopping, 127.45",127.45,ACH,Chicago,IL
Adidas,"Online payment to Adidas - Shopping, 6.29",6.29,Credit Card,Chicago,IL
Utilities Store 055,Card purchase at Utilities Store 055 for 142.03 USD (Utilities),142.03,Debit Card,San Francisco,CA
Bills Store 092,Card purchase at Bills Store 092 for 104.98 USD (Bills),104.98,Digital Wallet,Boston,MA
Travel Store 212,Card purchase at Travel Store 212 for 303.65 USD (Travel),303.65,Debit Card,Ann Arbor,MI
Trader Joes,"Mobile app payment at Trader Joes, Shopping, 83.86",83.86,ACH,San Francisco,CA
Miscellaneous Store 145,"Mobile app payment at Miscellaneous Store 145, Miscellaneous, 5.00",5.0,Digital Wallet,Detroit,MI
PlayStation Store,"Online payment to PlayStation Store - Entertainment, 43.55",43.55,Credit Card,San Francisco,CA
eBay,"Bills spend at eBay, total 322.67",322.67,Digital Wallet,Austin,TX
Transport Store 052,"POS transaction - Transport Store 052 (Transport), amount 35.44",35.44,Digital Wallet,Boston,MA
Shopping Store 154,"Shopping spend at Shopping Store 154, total 99.17",99.17,Debit Card,Detroit,MI
Travel Store 049,"Online payment to Travel Store 049 - Miscellaneous, 5.00",5.0,Debit Card,New York,NY
Chick-fil-A,"POS transaction - Chick-fil-A (DiningOut), amount 33.76",33.76,Cash,Seattle,WA
Walgreens,"Shopping spend at Walgreens, total 5.00",5.0,Credit Card,Denver,CO
DiningOut Store 187,"DiningOut spend at DiningOut Store 187, total 30.72",30.72,Debit Card,Ann Arbor,MI
Thrift Store,"Miscellaneous spend at Thrift Store, total 13.77",13.77,Credit Card,Seattle,WA
Shopping Store 209,"Mobile app payment at Shopping Store 209, Shopping, 54.49",54.49,Cash,Ann Arbor,MI
PersonalCare Store 220,"Mobile app payment at PersonalCare Store 220, PersonalCare, 52.70",52.7,Digital Wallet,Denver,CO
Travel Store 015,"Online payment to Travel Store 015 - Miscellaneous, 6.06",6.06,Debit Card,Ann Arbor,MI
Amazon,"Shopping spend at Amazon, total 31.41",31.41,Cash,Chicago,IL
Travel Store 184,"Travel spend at Travel Store 184, total 101.85",101.85,ACH,Ann Arbor,MI
Bills Store 166,"Bills spend at Bills Store 166, total 78.19",78.19,Debit Card,Chicago,IL
Groceries Store 170,Card purchase at Groceries Store 170 for 32.86 USD (Groceries),32.86,ACH,San Francisco,CA
Healthcare Store 129,"Mobile app payment at Healthcare Store 129, Healthcare, 156.59",156.59,Cash,Miami,FL
Sephora,"POS transaction - Sephora (PersonalCare), amount 41.84",41.84,Debit Card,Austin,TX
Charity Donation,"Online payment to Charity Donation - Miscellaneous, 51.94",51.94,Digital Wallet,Chicago,IL
Entertainment Store 194,"Mobile app payment at Entertainment Store 194, Entertainment, 63.22",63.22,Debit Card,Chicago,IL
Speedway,"POS transaction - Speedway (Transport), amount 50.65",50.65,Digital Wallet,New York,NY
Utilities Store 121,"Utilities spend at Utilities Store 121, total 145.49",145.49,Debit Card,Denver,CO
Entertainment Store 022,"Mobile app payment at Entertainment Store 022, Entertainment, 70.78",70.78,Debit Card,Denver,CO
Shopping Store 039,"Online payment to Shopping Store 039 - Shopping, 5.00",5.0,Cash,Miami,FL
Shopping Store 167,"Online payment to Shopping Store 167 - Shopping, 103.17",103.17,Debit Card,Denver,CO
Shopping Store 206,"POS transaction - Shopping Store 206 (Shopping), amount 121.47",121.47,ACH,Boston,MA
DiningOut Store 118,"POS transaction - DiningOut Store 118 (DiningOut), amount 58.14",58.14,Cash,Boston,MA
Healthcare Store 029,"POS transaction - Healthcare Store 029 (Healthcare), amount 293.41",293.41,ACH,Chicago,IL
Miscellaneous Store 195,Card purchase at Miscellaneous Store 195 for 67.48 USD (Miscellaneous),67.48,Cash,Ann Arbor,MI
Groceries Store 147,Card purchase at Groceries Store 147 for 55.39 USD (Groceries),55.39,Debit Card,Miami,FL
Netflix,"Online payment to Netflix - Entertainment, 108.93",108.93,ACH,Ann Arbor,MI
PersonalCare Store 095,Card purchase at PersonalCare Store 095 for 100.67 USD (Education),100.67,Digital Wallet,Detroit,MI
Bills Store 014,"Mobile app payment at Bills Store 014, Bills, 234.36",234.36,Digital Wallet,Austin,TX
Walmart,"POS transaction - Walmart (Groceries), amount 101.12",101.12,Digital Wallet,Ann Arbor,MI
Home Depot,"POS transaction - Home Depot (Shopping), amount 115.99",115.99,Digital Wallet,Ann Arbor,MI
Utilities Store 219,"Mobile app payment at Utilities Store 219, Utilities, 99.36",99.36,Debit Card,Boston,MA
Kroger,"Groceries spend at Kroger, total 35.77",35.77,Credit Card,San Francisco,CA
Groceries Store 056,Card purchase at Groceries Store 056 for 85.06 USD (Groceries),85.06,Credit Card,San Francisco,CA
Travel Store 212,"Travel spend at Travel Store 212, total 27.92",27.92,Debit Card,Austin,TX
Transport Store 142,"Mobile app payment at Transport Store 142, Transport, 57.93",57.93,Debit Card,Seattle,WA
Rite Aid,"Mobile app payment at Rite Aid, Healthcare, 144.44",144.44,Credit Card,Seattle,WA
CVS Pharmacy,"Mobile app payment at CVS Pharmacy, Healthcare, 90.14",90.14,ACH,San Francisco,CA
Walmart,Card purchase at Walmart for 65.19 USD (Groceries),65.19,Debit Card,Denver,CO
Shopping Store 216,"POS transaction - Shopping Store 216 (Shopping), amount 11.09",11.09,Credit Card,Miami,FL
Travel Store 122,Card purchase at Travel Store 122 for 151.19 USD (Travel),151.19,Credit Card,San Francisco,CA
Shopping Store 143,"Mobile app payment at Shopping Store 143, Shopping, 84.21",84.21,Debit Card,Boston,MA
Groceries Store 036,Card purchase at Groceries Store 036 for 140.87 USD (Groceries),140.87,Digital Wallet,Miami,FL
Office Supply Store,"Mobile app payment at Office Supply Store, Miscellaneous, 5.00",5.0,Credit Card,Denver,CO
Best Buy,Card purchase at Best Buy for 137.06 USD (Shopping),137.06,ACH,Ann Arbor,MI
Chase Credit Card,Card purchase at Chase Credit Card for 27.58 USD (Bills),27.58,Credit Card,Miami,FL
Hilton Hotels,"Mobile app payment at Hilton Hotels, Groceries, 101.29",101.29,Digital Wallet,San Francisco,CA
DiningOut Store 187,"Online payment to DiningOut Store 187 - DiningOut, 44.04",44.04,Cash,Detroit,MI
Utilities Store 082,"Entertainment spend at Utilities Store 082, total 80.08",80.08,Debit Card,New York,NY
Entertainment Store 164,"Mobile app payment at Entertainment Store 164, Entertainment, 79.01",79.01,Digital Wallet,Boston,MA
Utilities Store 070,"Utilities spend at Utilities Store 070, total 89.50",89.5,ACH,Miami,FL
Transport Store 168,"POS transaction - Transport Store 168 (Groceries), amount 105.58",105.58,Debit Card,Seattle,WA
Bills Store 103,"Online payment to Bills Store 103 - Bills, 124.57",124.57,Digital Wallet,Detroit,MI
DiningOut Store 187,"Mobile app payment at DiningOut Store 187, DiningOut, 44.72",44.72,Cash,Ann Arbor,MI
Bills Store 025,Card purchase at Bills Store 025 for 102.74 USD (Bills),102.74,Digital Wallet,Seattle,WA
PersonalCare Store 179,"POS transaction - PersonalCare Store 179 (PersonalCare), amount 35.74",35.74,Credit Card,Chicago,IL
Metro Transit,"Miscellaneous spend at Metro Transit, total 64.59",64.59,Cash,New York,NY
Bills Store 101,"Bills spend at Bills Store 101, total 186.80",186.8,Cash,Ann Arbor,MI
Utilities Store 186,"Mobile app payment at Utilities Store 186, Utilities, 116.38",116.38,Digital Wallet,Denver,CO
Transport Store 189,"Online payment to Transport Store 189 - Transport, 5.17",5.17,Digital Wallet,Miami,FL
Meijer,Card purchase at Meijer for 5.00 USD (Groceries),5.0,Cash,New York,NY
AMC Theatres,Card purchase at AMC Theatres for 109.09 USD (Entertainment),109.09,Debit Card,Detroit,MI
Shopping Store 216,Card purchase at Shopping Store 216 for 153.51 USD (Shopping),153.51,ACH,Miami,FL
Transport Store 032,"Mobile app payment at Transport Store 032, Transport, 36.45",36.45,Debit Card,Miami,FL
Rite Aid,"Online payment to Rite Aid - Transport, 59.30",59.3,Cash,Miami,FL
Meijer,"POS transaction - Meijer (Groceries), amount 56.53",56.53,ACH,Ann Arbor,MI
Steam,"Online payment to Steam - Travel, 527.30",527.3,Cash,Austin,TX
Costco,Card purchase at Costco for 69.34 USD (Groceries),69.34,Debit Card,Boston,MA
Transport Store 032,"Transport spend at Transport Store 032, total 60.87",60.87,ACH,Ann Arbor,MI
Groceries Store 045,"Mobile app payment at Groceries Store 045, Groceries, 59.38",59.38,ACH,Miami,FL
Trader Joes,Card purchase at Trader Joes for 45.25 USD (Groceries),45.25,Digital Wallet,Denver,CO
AMC Theatres,"Entertainment spend at AMC Theatres, total 69.59",69.59,Credit Card,Chicago,IL
Udemy,"Online payment to Udemy - Education, 260.96",260.96,Debit Card,Chicago,IL
Bills Store 016,"Utilities spend at Bills Store 016, total 178.26",178.26,ACH,San Francisco,CA
Mortgage Servicer,"Bills spend at Mortgage Servicer, total 158.11",158.11,Credit Card,Austin,TX
McDonalds,"Mobile app payment at McDonalds, Groceries, 115.46",115.46,ACH,Detroit,MI
PersonalCare Store 037,"Mobile app payment at PersonalCare Store 037, PersonalCare, 49.43",49.43,Cash,Detroit,MI
Shopping Store 216,"Online payment to Shopping Store 216 - Shopping, 5.00",5.0,ACH,Ann Arbor,MI
Education Store 137,Card purchase at Education Store 137 for 24.17 USD (DiningOut),24.17,Credit Card,Boston,MA
Thrift Store,"POS transaction - Thrift Store (Shopping), amount 5.00",5.0,ACH,San Francisco,CA
Bills Store 089,"Mobile app payment at Bills Store 089, Bills, 160.23",160.23,Digital Wallet,Detroit,MI
Charity Donation,"POS transaction - Charity Donation (Healthcare), amount 36.37",36.37,Cash,Seattle,WA
Kroger,"Groceries spend at Kroger, total 87.97",87.97,Debit Card,Seattle,WA
Healthcare Store 180,"Online payment to Healthcare Store 180 - Healthcare, 178.85",178.85,Cash,Miami,FL
Transport Store 032,"Online payment to Transport Store 032 - Transport, 21.89",21.89,Credit Card,San Francisco,CA
Dominos,Card purchase at Dominos for 14.72 USD (DiningOut),14.72,Debit Card,Seattle,WA
Marriott Hotels,"POS transaction - Marriott Hotels (Travel), amount 525.28",525.28,Digital Wallet,Boston,MA
Rite Aid,"Healthcare spend at Rite Aid, total 219.34",219.34,Debit Card,Boston,MA
Groceries Store 045,"Online payment to Groceries Store 045 - Groceries, 67.72",67.72,Cash,Denver,CO
Bills Store 092,"Mobile app payment at Bills Store 092, Bills, 190.76",190.76,ACH,Ann Arbor,MI
Utilities Store 047,Card purchase at Utilities Store 047 for 91.44 USD (Utilities),91.44,Digital Wallet,Boston,MA
DiningOut Store 120,"POS transaction - DiningOut Store 120 (Miscellaneous), amount 27.47",27.47,ACH,Seattle,WA
Entertainment Store 053,"Entertainment spend at Entertainment Store 053, total 38.23",38.23,ACH,New York,NY
Transport Store 052,"Groceries spend at Transport Store 052, total 59.84",59.84,ACH,Seattle,WA
Walgreens,"POS transaction - Walgreens (Healthcare), amount 111.49",111.49,Digital Wallet,Austin,TX
GNC,"Online payment to GNC - PersonalCare, 60.51",60.51,ACH,Seattle,WA
Healthcare Store 017,"POS transaction - Healthcare Store 017 (Healthcare), amount 5.00",5.0,Digital Wallet,San Francisco,CA
DiningOut Store 074,"POS transaction - DiningOut Store 074 (Utilities), amount 202.73",202.73,ACH,San Francisco,CA
Publix,"Mobile app payment at Publix, Groceries, 101.72",101.72,Cash,Seattle,WA
Chipotle,"POS transaction - Chipotle (DiningOut), amount 7.73",7.73,Digital Wallet,New York,NY
Healthcare Store 116,"Online payment to Healthcare Store 116 - Miscellaneous, 8.90",8.9,Cash,Ann Arbor,MI
Olive Garden,"Online payment to Olive Garden - DiningOut, 44.21",44.21,Cash,New York,NY
Olive Garden,"Mobile app payment at Olive Garden, Travel, 5.00",5.0,Debit Card,Ann Arbor,MI
Exxon,Card purchase at Exxon for 54.92 USD (Transport),54.92,Credit Card,Miami,FL
KFC,"DiningOut spend at KFC, total 27.41",27.41,Debit Card,Boston,MA
DiningOut Store 100,"Mobile app payment at DiningOut Store 100, DiningOut, 5.00",5.0,Credit Card,Ann Arbor,MI
Bills Store 042,"Online payment to Bills Store 042 - Utilities, 50.64",50.64,Cash,Austin,TX
DiningOut Store 010,"Mobile app payment at DiningOut Store 010, DiningOut, 104.61",104.61,ACH,New York,NY
Coursera,"POS transaction - Coursera (DiningOut), amount 44.68",44.68,Credit Card,Denver,CO
DiningOut Store 007,"DiningOut spend at DiningOut Store 007, total 5.00",5.0,ACH,Miami,FL
Udemy,"POS transaction - Udemy (Education), amount 221.13",221.13,Debit Card,Denver,CO
Shell,Card purchase at Shell for 5.70 USD (Miscellaneous),5.7,Debit Card,New York,NY
PersonalCare Store 146,"PersonalCare spend at PersonalCare Store 146, total 47.09",47.09,ACH,Denver,CO
Shopping Store 216,Card purchase at Shopping Store 216 for 110.25 USD (Shopping),110.25,Debit Card,Chicago,IL
Walmart.com,Card purchase at Walmart.com for 122.17 USD (Shopping),122.17,Credit Card,Chicago,IL
Gas Utility,"Transport spend at Gas Utility, total 88.95",88.95,ACH,Seattle,WA
Healthcare Store 126,"Mobile app payment at Healthcare Store 126, Healthcare, 9.98",9.98,Debit Card,Seattle,WA
Shopping Store 136,Card purchase at Shopping Store 136 for 33.28 USD (Shopping),33.28,Debit Card,Boston,MA
Groceries Store 036,"Groceries spend at Groceries Store 036, total 12.79",12.79,ACH,Detroit,MI
Adidas,"Online payment to Adidas - Shopping, 213.81",213.81,Digital Wallet,Denver,CO
Metro Transit,Card purchase at Metro Transit for 45.66 USD (Transport),45.66,Digital Wallet,Boston,MA
Safeway,"Online payment to Safeway - Groceries, 81.85",81.85,ACH,Chicago,IL
Verizon,"Online payment to Verizon - Entertainment, 11.80",11.8,Credit Card,Ann Arbor,MI
Lowes,"Shopping spend at Lowes, total 32.66",32.66,Credit Card,Denver,CO
Bills Store 002,"Bills spend at Bills Store 002, total 157.75",157.75,ACH,Austin,TX
DiningOut Store 218,Card purchase at DiningOut Store 218 for 5.00 USD (DiningOut),5.0,Cash,New York,NY
Aldi,Card purchase at Aldi for 150.89 USD (Groceries),150.89,ACH,Austin,TX
Xfinity,Card purchase at Xfinity for 226.72 USD (Utilities),226.72,Cash,Denver,CO
DiningOut Store 041,"POS transaction - DiningOut Store 041 (DiningOut), amount 49.22",49.22,Credit Card,Seattle,WA
Healthcare Store 057,"Mobile app payment at Healthcare Store 057, Groceries, 63.77",63.77,ACH,Ann Arbor,MI
PersonalCare Store 202,"Mobile app payment at PersonalCare Store 202, PersonalCare, 63.37",63.37,ACH,Austin,TX
Lyft Airport,"POS transaction - Lyft Airport (Travel), amount 413.30",413.3,Cash,San Francisco,CA
Healthcare Store 131,"Online payment to Healthcare Store 131 - Healthcare, 174.54",174.54,Debit Card,Ann Arbor,MI
Groceries Store 138,"POS transaction - Groceries Store 138 (Groceries), amount 80.59",80.59,Cash,Miami,FL
DiningOut Store 083,Card purchase at DiningOut Store 083 for 33.59 USD (DiningOut),33.59,Digital Wallet,Ann Arbor,MI
Entertainment Store 053,"Transport spend at Entertainment Store 053, total 18.48",18.48,ACH,Detroit,MI
Bills Store 128,"Mobile app payment at Bills Store 128, Bills, 239.66",239.66,Cash,Seattle,WA
Exxon,"POS transaction - Exxon (Transport), amount 58.95",58.95,Credit Card,Austin,TX
Utilities Store 109,"Online payment to Utilities Store 109 - Utilities, 163.20",163.2,Cash,Boston,MA
DiningOut Store 182,Card purchase at DiningOut Store 182 for 27.95 USD (DiningOut),27.95,ACH,San Francisco,CA
Utilities Store 082,"Online payment to Utilities Store 082 - Transport, 98.22",98.22,Credit Card,Boston,MA
Exxon,"Online payment to Exxon - Transport, 83.80",83.8,ACH,Detroit,MI
Groceries Store 217,"Mobile app payment at Groceries Store 217, Groceries, 113.42",113.42,Credit Card,Boston,MA
DiningOut Store 007,Card purchase at DiningOut Store 007 for 19.81 USD (DiningOut),19.81,ACH,Boston,MA
DiningOut Store 018,Card purchase at DiningOut Store 018 for 39.74 USD (DiningOut),39.74,Debit Card,San Francisco,CA
DiningOut Store 171,Card purchase at DiningOut Store 171 for 28.34 USD (DiningOut),28.34,ACH,Denver,CO
Meijer,Card purchase at Meijer for 108.45 USD (Groceries),108.45,Debit Card,Austin,TX
Education Store 099,"Mobile app payment at Education Store 099, Education, 180.29",180.29,Digital Wallet,New York,NY
Shopping Store 077,"Shopping spend at Shopping Store 077, total 82.57",82.57,Credit Card,San Francisco,CA
DiningOut Store 058,"Online payment to DiningOut Store 058 - DiningOut, 9.97",9.97,ACH,San Francisco,CA
Transport Store 032,"Transport spend at Transport Store 032, total 7.24",7.24,ACH,San Francisco,CA
Groceries Store 127,"POS transaction - Groceries Store 127 (Groceries), amount 87.04",87.04,Digital Wallet,Denver,CO
Miscellaneous Store 161,"Online payment to Miscellaneous Store 161 - Miscellaneous, 18.44",18.44,Debit Card,New York,NY
Groceries Store 170,"Online payment to Groceries Store 170 - Groceries, 85.66",85.66,Cash,Austin,TX
Groceries Store 036,"POS transaction - Groceries Store 036 (Groceries), amount 5.00",5.0,Cash,Detroit,MI
Publix,"POS transaction - Publix (Groceries), amount 79.81",79.81,Cash,Boston,MA
Healthcare Store 158,Card purchase at Healthcare Store 158 for 122.35 USD (Healthcare),122.35,Debit Card,New York,NY
Travel Store 184,"Mobile app payment at Travel Store 184, Travel, 211.73",211.73,ACH,San Francisco,CA
Shopping Store 211,"POS transaction - Shopping Store 211 (Shopping), amount 127.18",127.18,Digital Wallet,San Francisco,CA
Shopping Store 190,"Shopping spend at Shopping Store 190, total 97.46",97.46,Digital Wallet,Seattle,WA
Booking.com,"Online payment to Booking.com - Travel, 260.19",260.19,Cash,New York,NY
Utilities Store 109,"Transport spend at Utilities Store 109, total 35.22",35.22,Cash,San Francisco,CA
Safeway,Card purchase at Safeway for 53.17 USD (Groceries),53.17,Cash,San Francisco,CA
Groceries Store 217,"Online payment to Groceries Store 217 - Groceries, 46.80",46.8,Digital Wallet,San Francisco,CA
Bills Store 002,Card purchase at Bills Store 002 for 223.07 USD (Bills),223.07,Credit Card,San Francisco,CA
Groceries Store 104,"POS transaction - Groceries Store 104 (Groceries), amount 72.41",72.41,Digital Wallet,Austin,TX
Transport Store 148,"POS transaction - Transport Store 148 (Shopping), amount 82.87",82.87,Debit Card,San Francisco,CA
Transport Store 072,"Mobile app payment at Transport Store 072, Transport, 56.77",56.77,Digital Wallet,Denver,CO
Travel Store 075,"POS transaction - Travel Store 075 (Travel), amount 40.96",40.96,Digital Wallet,Boston,MA
Gym Membership,Card purchase at Gym Membership for 117.94 USD (Utilities),117.94,Debit Card,Austin,TX
Walmart,"Online payment to Walmart - Utilities, 128.21",128.21,Digital Wallet,New York,NY
DiningOut Store 001,Card purchase at DiningOut Store 001 for 30.07 USD (DiningOut),30.07,Credit Card,Austin,TX
Transport Store 148,"Online payment to Transport Store 148 - Transport, 42.49",42.49,Digital Wallet,Detroit,MI
Spectrum,"Utilities spend at Spectrum, total 210.40",210.4,ACH,Denver,CO
DTE Energy,"Mobile app payment at DTE Energy, Utilities, 153.75",153.75,Digital Wallet,Miami,FL
Discover Card,"Online payment to Discover Card - Groceries, 114.61",114.61,Digital Wallet,Chicago,IL
Verizon,"Transport spend at Verizon, total 54.63",54.63,Credit Card,Austin,TX
Miscellaneous Store 153,"Miscellaneous spend at Miscellaneous Store 153, total 52.39",52.39,Digital Wallet,Denver,CO
Pizza Hut,Card purchase at Pizza Hut for 15.91 USD (DiningOut),15.91,ACH,Seattle,WA
Ulta Beauty,"Online payment to Ulta Beauty - PersonalCare, 30.59",30.59,Debit Card,Austin,TX
Office Supply Store,"Online payment to Office Supply Store - Miscellaneous, 5.00",5.0,ACH,Detroit,MI
Shopping Store 088,"POS transaction - Shopping Store 088 (Shopping), amount 78.12",78.12,Digital Wallet,New York,NY
Sephora,"Online payment to Sephora - PersonalCare, 18.67",18.67,Credit Card,Chicago,IL
Healthcare Store 079,"Online payment to Healthcare Store 079 - Groceries, 68.21",68.21,Cash,Denver,CO
Nike,"POS transaction - Nike (Shopping), amount 21.84",21.84,Digital Wallet,Miami,FL
Miscellaneous Store 200,"POS transaction - Miscellaneous Store 200 (Miscellaneous), amount 95.32",95.32,Digital Wallet,Miami,FL
Shopping Store 152,"Mobile app payment at Shopping Store 152, Shopping, 170.24",170.24,Cash,Chicago,IL
Utilities Store 185,"POS transaction - Utilities Store 185 (Groceries), amount 19.64",19.64,Cash,Miami,FL
Groceries Store 045,Card purchase at Groceries Store 045 for 76.59 USD (Groceries),76.59,Cash,Seattle,WA
Shopping Store 066,"Shopping spend at Shopping Store 066, total 47.42",47.42,Credit Card,Denver,CO
DiningOut Store 018,"Online payment to DiningOut Store 018 - DiningOut, 5.00",5.0,Digital Wallet,Denver,CO
Entertainment Store 144,"POS transaction - Entertainment Store 144 (Entertainment), amount 70.76",70.76,Digital Wallet,Boston,MA
Groceries Store 117,Card purchase at Groceries Store 117 for 74.21 USD (Groceries),74.21,Cash,Ann Arbor,MI
Healthcare Store 126,"Online payment to Healthcare Store 126 - Healthcare, 117.73",117.73,ACH,Denver,CO
Transport Store 189,"POS transaction - Transport Store 189 (Transport), amount 65.29",65.29,Digital Wallet,New York,NY
PersonalCare Store 125,"Online payment to PersonalCare Store 125 - PersonalCare, 57.80",57.8,Cash,Boston,MA
Entertainment Store 044,"Online payment to Entertainment Store 044 - Entertainment, 34.64",34.64,Digital Wallet,Chicago,IL
Target.com,Card purchase at Target.com for 170.97 USD (Shopping),170.97,Credit Card,New York,NY
Entertainment Store 068,Card purchase at Entertainment Store 068 for 20.32 USD (Entertainment),20.32,Debit Card,Boston,MA
Miscellaneous Store 208,"Mobile app payment at Miscellaneous Store 208, Miscellaneous, 12.92",12.92,ACH,Denver,CO
Transport Store 189,"Mobile app payment at Transport Store 189, DiningOut, 41.13",41.13,Cash,San Francisco,CA
Miscellaneous Store 161,Card purchase at Miscellaneous Store 161 for 88.49 USD (Miscellaneous),88.49,Digital Wallet,New York,NY
DiningOut Store 083,"DiningOut spend at DiningOut Store 083, total 12.11",12.11,ACH,Seattle,WA
Shopping Store 039,"Shopping spend at Shopping Store 039, total 235.23",235.23,Debit Card,Austin,TX
Groceries Store 138,Card purchase at Groceries Store 138 for 38.24 USD (Groceries),38.24,ACH,Miami,FL
Entertainment Store 027,Card purchase at Entertainment Store 027 for 41.67 USD (Entertainment),41.67,Debit Card,Detroit,MI
DiningOut Store 074,"DiningOut spend at DiningOut Store 074, total 15.48",15.48,ACH,Denver,CO
Transport Store 023,"Online payment to Transport Store 023 - Transport, 51.86",51.86,Digital Wallet,Ann Arbor,MI
PersonalCare Store 146,Card purchase at PersonalCare Store 146 for 78.26 USD (PersonalCare),78.26,Cash,Boston,MA
Healthcare Store 116,Card purchase at Healthcare Store 116 for 29.91 USD (Healthcare),29.91,Digital Wallet,Boston,MA
Travel Store 122,Card purchase at Travel Store 122 for 118.41 USD (Groceries),118.41,Debit Card,Detroit,MI
Utilities Store 055,"POS transaction - Utilities Store 055 (Groceries), amount 117.09",117.09,Debit Card,Boston,MA
BlueCross,"POS transaction - BlueCross (Healthcare), amount 289.08",289.08,ACH,Detroit,MI
Delta Airlines,"Mobile app payment at Delta Airlines, Travel, 246.51",246.51,ACH,Boston,MA
Transport Store 148,"POS transaction - Transport Store 148 (Transport), amount 51.55",51.55,Cash,Detroit,MI
Adidas,"Online payment to Adidas - Shopping, 112.89",112.89,Cash,Boston,MA
Miscellaneous Store 161,"Mobile app payment at Miscellaneous Store 161, Miscellaneous, 46.47",46.47,Cash,Seattle,WA
Shopping Store 216,"Shopping spend at Shopping Store 216, total 63.76",63.76,ACH,Miami,FL
Bills Store 207,Card purchase at Bills Store 207 for 186.56 USD (Bills),186.56,Cash,Ann Arbor,MI
Hair Salon,"Healthcare spend at Hair Salon, total 147.76",147.76,Credit Card,Chicago,IL
AMC Theatres,"Mobile app payment at AMC Theatres, Travel, 416.00",416.0,Cash,Detroit,MI
Dominos,Card purchase at Dominos for 26.46 USD (DiningOut),26.46,Digital Wallet,Seattle,WA
DiningOut Store 033,"POS transaction - DiningOut Store 033 (DiningOut), amount 31.83",31.83,ACH,Boston,MA
Miscellaneous Store 061,"Mobile app payment at Miscellaneous Store 061, Miscellaneous, 51.18",51.18,ACH,Ann Arbor,MI
Meijer,"Mobile app payment at Meijer, Groceries, 78.18",78.18,ACH,Denver,CO
DiningOut Store 001,"DiningOut spend at DiningOut Store 001, total 19.00",19.0,ACH,Seattle,WA
Miscellaneous Store 012,Card purchase at Miscellaneous Store 012 for 61.68 USD (Transport),61.68,Debit Card,San Francisco,CA
Miscellaneous Store 081,"POS transaction - Miscellaneous Store 081 (Transport), amount 83.37",83.37,ACH,Ann Arbor,MI
Sephora,Card purchase at Sephora for 23.08 USD (PersonalCare),23.08,Cash,New York,NY
Nike,"Online payment to Nike - Groceries, 59.06",59.06,Cash,Ann Arbor,MI
Healthcare Store 115,"Online payment to Healthcare Store 115 - Healthcare, 94.20",94.2,ACH,Denver,CO
Spectrum,Card purchase at Spectrum for 149.21 USD (Utilities),149.21,Digital Wallet,San Francisco,CA
Bills Store 016,"POS transaction - Bills Store 016 (Bills), amount 257.44",257.44,ACH,Boston,MA
Groceries Store 138,"Mobile app payment at Groceries Store 138, Groceries, 71.61",71.61,Debit Card,Denver,CO
DiningOut Store 100,"Online payment to DiningOut Store 100 - DiningOut, 49.12",49.12,Digital Wallet,San Francisco,CA
Walmart,"POS transaction - Walmart (Groceries), amount 83.83",83.83,Digital Wallet,Austin,TX
DiningOut Store 182,Card purchase at DiningOut Store 182 for 11.39 USD (DiningOut),11.39,Digital Wallet,New York,NY
DiningOut Store 172,"Online payment to DiningOut Store 172 - DiningOut, 5.00",5.0,Digital Wallet,Seattle,WA
Amtrak,"POS transaction - Amtrak (Miscellaneous), amount 20.49",20.49,Credit Card,Seattle,WA
Safeway,"Online payment to Safeway - Groceries, 54.63",54.63,ACH,Austin,TX
American Airlines,"Mobile app payment at American Airlines, Travel, 170.69",170.69,ACH,New York,NY
Regal Cinemas,"Mobile app payment at Regal Cinemas, Shopping, 55.02",55.02,Debit Card,Detroit,MI
Entertainment Store 027,"POS transaction - Entertainment Store 027 (Entertainment), amount 32.81",32.81,Cash,Denver,CO
DiningOut Store 118,"Mobile app payment at DiningOut Store 118, DiningOut, 25.00",25.0,Cash,Detroit,MI
McDonalds,"POS transaction - McDonalds (DiningOut), amount 38.19",38.19,Credit Card,Boston,MA
Groceries Store 138,Card purchase at Groceries Store 138 for 141.97 USD (Groceries),141.97,ACH,Seattle,WA
BP,"Transport spend at BP, total 57.13",57.13,Debit Card,New York,NY
Meijer,"POS transaction - Meijer (Groceries), amount 127.63",127.63,Credit Card,Ann Arbor,MI
Target,"Online payment to Target - Groceries, 54.36",54.36,Digital Wallet,Denver,CO
DiningOut Store 007,"Online payment to DiningOut Store 007 - DiningOut, 5.86",5.86,Debit Card,San Francisco,CA
Panera Bread,"Online payment to Panera Bread - DiningOut, 52.96",52.96,Debit Card,Detroit,MI
Shopping Store 211,"Mobile app payment at Shopping Store 211, Shopping, 114.02",114.02,Debit Card,Chicago,IL
Miscellaneous Store 081,"POS transaction - Miscellaneous Store 081 (Miscellaneous), amount 13.47",13.47,Debit Card,Boston,MA
Chevron,Card purchase at Chevron for 81.85 USD (Shopping),81.85,Cash,Boston,MA
Travel Store 184,"Mobile app payment at Travel Store 184, Travel, 258.80",258.8,Credit Card,New York,NY
Amtrak,Card purchase at Amtrak for 61.66 USD (Transport),61.66,ACH,Austin,TX
Miscellaneous Store 195,"Online payment to Miscellaneous Store 195 - Miscellaneous, 5.00",5.0,Cash,Denver,CO
DiningOut Store 178,Card purchase at DiningOut Store 178 for 29.05 USD (DiningOut),29.05,Debit Card,Detroit,MI
DiningOut Store 172,"DiningOut spend at DiningOut Store 172, total 38.65",38.65,Cash,Miami,FL
Lyft,"Online payment to Lyft - Transport, 46.99",46.99,Cash,Denver,CO
Utilities Store 214,"Mobile app payment at Utilities Store 214, Utilities, 167.29",167.29,Cash,Denver,CO
PersonalCare Store 067,"PersonalCare spend at PersonalCare Store 067, total 32.22",32.22,Cash,New York,NY
Property Taxes,"Bills spend at Property Taxes, total 35.64",35.64,Digital Wallet,Detroit,MI
Chipotle,Card purchase at Chipotle for 59.60 USD (DiningOut),59.6,Credit Card,Seattle,WA
Safeway,Card purchase at Safeway for 60.48 USD (Groceries),60.48,Cash,Ann Arbor,MI
Entertainment Store 144,Card purchase at Entertainment Store 144 for 41.69 USD (Entertainment),41.69,Digital Wallet,Miami,FL
Panera Bread,"DiningOut spend at Panera Bread, total 42.94",42.94,Cash,Miami,FL
PersonalCare Store 146,"Transport spend at PersonalCare Store 146, total 31.05",31.05,Cash,Detroit,MI
DiningOut Store 018,"POS transaction - DiningOut Store 018 (DiningOut), amount 52.70",52.7,Cash,Miami,FL
Kroger,"Groceries spend at Kroger, total 101.64",101.64,Cash,Austin,TX
Amazon,"POS transaction - Amazon (Shopping), amount 143.14",143.14,ACH,Seattle,WA
DisneyPlus,Card purchase at DisneyPlus for 35.41 USD (Entertainment),35.41,Cash,Chicago,IL
Local Hospital,"Online payment to Local Hospital - Healthcare, 312.90",312.9,ACH,Seattle,WA
Chick-fil-A,Card purchase at Chick-fil-A for 31.82 USD (DiningOut),31.82,Credit Card,Boston,MA
Miscellaneous Store 208,"Online payment to Miscellaneous Store 208 - Miscellaneous, 5.00",5.0,Digital Wallet,Austin,TX
PersonalCare Store 035,"DiningOut spend at PersonalCare Store 035, total 7.52",7.52,ACH,Boston,MA
DiningOut Store 041,Card purchase at DiningOut Store 041 for 61.32 USD (DiningOut),61.32,Debit Card,Denver,CO
Bills Store 101,"POS transaction - Bills Store 101 (Bills), amount 295.37",295.37,Cash,Boston,MA
Bills Store 103,"POS transaction - Bills Store 103 (DiningOut), amount 47.71",47.71,Digital Wallet,New York,NY
Entertainment Store 053,"Online payment to Entertainment Store 053 - Entertainment, 19.83",19.83,Cash,Austin,TX
Shopping Store 209,"Online payment to Shopping Store 209 - Shopping, 17.66",17.66,ACH,Detroit,MI
Bills Store 213,"POS transaction - Bills Store 213 (Bills), amount 66.29",66.29,ACH,Detroit,MI
Olive Garden,Card purchase at Olive Garden for 5.00 USD (DiningOut),5.0,Credit Card,Ann Arbor,MI
Dominos,"DiningOut spend at Dominos, total 7.88",7.88,Credit Card,Miami,FL
Shopping Store 136,"POS transaction - Shopping Store 136 (Shopping), amount 58.05",58.05,Digital Wallet,New York,NY
Utilities Store 054,"Mobile app payment at Utilities Store 054, Utilities, 86.47",86.47,Credit Card,Ann Arbor,MI
DiningOut Store 041,"Mobile app payment at DiningOut Store 041, DiningOut, 50.69",50.69,Cash,Austin,TX
Local Hospital,"POS transaction - Local Hospital (Healthcare), amount 116.89",116.89,Digital Wallet,Boston,MA
Bills Store 014,"POS transaction - Bills Store 014 (Bills), amount 315.05",315.05,Credit Card,Denver,CO
Airbnb,"Travel spend at Airbnb, total 193.05",193.05,ACH,New York,NY
Metro Transit,"POS transaction - Metro Transit (Transport), amount 54.74",54.74,Cash,Seattle,WA
Shopping Store 077,"Online payment to Shopping Store 077 - Shopping, 94.33",94.33,Credit Card,New York,NY
Sephora,"Online payment to Sephora - PersonalCare, 41.64",41.64,Credit Card,Denver,CO
DiningOut Store 058,"Mobile app payment at DiningOut Store 058, DiningOut, 12.51",12.51,Debit Card,New York,NY
Local Hospital,"Mobile app payment at Local Hospital, Healthcare, 73.14",73.14,Cash,Denver,CO
Utilities Store 186,"Utilities spend at Utilities Store 186, total 75.29",75.29,Credit Card,Austin,TX
Groceries Store 056,"Online payment to Groceries Store 056 - Groceries, 5.00",5.0,Debit Card,Miami,FL
Healthcare Store 116,"Online payment to Healthcare Store 116 - Healthcare, 108.16",108.16,Cash,Ann Arbor,MI
McDonalds,"Online payment to McDonalds - DiningOut, 5.00",5.0,Digital Wallet,Seattle,WA
Shopping Store 039,Card purchase at Shopping Store 039 for 22.98 USD (Transport),22.98,Cash,New York,NY
Urgent Care Clinic,"Healthcare spend at Urgent Care Clinic, total 227.33",227.33,ACH,Miami,FL
Publix,"POS transaction - Publix (Groceries), amount 102.84",102.84,Digital Wallet,Austin,TX
Nike,"POS transaction - Nike (PersonalCare), amount 24.60",24.6,ACH,Austin,TX
Entertainment Store 188,"Entertainment spend at Entertainment Store 188, total 42.51",42.51,Credit Card,New York,NY
Netflix,"Mobile app payment at Netflix, Entertainment, 95.95",95.95,Digital Wallet,New York,NY
DiningOut Store 018,"Mobile app payment at DiningOut Store 018, DiningOut, 48.23",48.23,ACH,Ann Arbor,MI
GNC,"POS transaction - GNC (PersonalCare), amount 20.52",20.52,Debit Card,Austin,TX
Nike,Card purchase at Nike for 157.83 USD (Shopping),157.83,Debit Card,Seattle,WA
Entertainment Store 063,"POS transaction - Entertainment Store 063 (Shopping), amount 40.52",40.52,Credit Card,Chicago,IL
Publix,"Online payment to Publix - Groceries, 86.92",86.92,Debit Card,Miami,FL
Groceries Store 104,"Groceries spend at Groceries Store 104, total 104.85",104.85,Debit Card,Seattle,WA
DiningOut Store 007,Card purchase at DiningOut Store 007 for 19.34 USD (DiningOut),19.34,ACH,Austin,TX
Miscellaneous Store 200,"Mobile app payment at Miscellaneous Store 200, Miscellaneous, 51.13",51.13,Digital Wallet,Seattle,WA
DiningOut Store 001,Card purchase at DiningOut Store 001 for 11.13 USD (DiningOut),11.13,Digital Wallet,Chicago,IL
Physical Therapy,"Mobile app payment at Physical Therapy, Healthcare, 169.66",169.66,Digital Wallet,Denver,CO
Entertainment Store 197,"POS transaction - Entertainment Store 197 (Shopping), amount 96.37",96.37,Cash,Ann Arbor,MI
Shopping Store 088,"Mobile app payment at Shopping Store 088, Shopping, 147.91",147.91,Credit Card,Ann Arbor,MI
Speedway,"Online payment to Speedway - Transport, 45.15",45.15,Credit Card,Austin,TX
Miscellaneous Store 012,"Mobile app payment at Miscellaneous Store 012, Miscellaneous, 16.61",16.61,Cash,Austin,TX
Charity Donation,"Online payment to Charity Donation - Miscellaneous, 8.96",8.96,Cash,Chicago,IL
Entertainment Store 169,"Mobile app payment at Entertainment Store 169, Entertainment, 75.82",75.82,Digital Wallet,Austin,TX
Chevron,Card purchase at Chevron for 80.89 USD (Transport),80.89,Credit Card,Chicago,IL
Miscellaneous Store 141,"Online payment to Miscellaneous Store 141 - Bills, 311.24",311.24,Credit Card,New York,NY
Groceries Store 045,"Groceries spend at Groceries Store 045, total 103.76",103.76,ACH,Detroit,MI
Transport Store 009,"POS transaction - Transport Store 009 (Transport), amount 66.92",66.92,ACH,Miami,FL
Travel Store 075,"POS transaction - Travel Store 075 (Travel), amount 367.83",367.83,Debit Card,Chicago,IL
Healthcare Store 017,"POS transaction - Healthcare Store 017 (Healthcare), amount 105.11",105.11,Cash,Chicago,IL
Shopping Store 216,"Mobile app payment at Shopping Store 216, Shopping, 55.31",55.31,Digital Wallet,Austin,TX
Trader Joes,"Mobile app payment at Trader Joes, Groceries, 77.48",77.48,ACH,San Francisco,CA
Miscellaneous Store 208,"Online payment to Miscellaneous Store 208 - Miscellaneous, 64.83",64.83,Credit Card,Seattle,WA
DiningOut Store 100,"Online payment to DiningOut Store 100 - DiningOut, 5.00",5.0,Credit Card,Seattle,WA
Groceries Store 036,"Online payment to Groceries Store 036 - Groceries, 5.00",5.0,Credit Card,Denver,CO
Thrift Store,"Mobile app payment at Thrift Store, Miscellaneous, 6.84",6.84,Debit Card,Miami,FL
Shopping Store 077,"Online payment to Shopping Store 077 - Shopping, 159.51",159.51,Digital Wallet,Chicago,IL
Meijer,"Mobile app payment at Meijer, Groceries, 20.83",20.83,Digital Wallet,Denver,CO
Groceries Store 117,Card purchase at Groceries Store 117 for 112.64 USD (Groceries),112.64,Credit Card,Detroit,MI
Utilities Store 030,"Utilities spend at Utilities Store 030, total 45.13",45.13,Debit Card,Seattle,WA
City Taxes,"Mobile app payment at City Taxes, DiningOut, 25.94",25.94,ACH,Seattle,WA
Costco,"Online payment to Costco - Groceries, 134.85",134.85,Cash,San Francisco,CA
Uber,"Mobile app payment at Uber, Transport, 79.13",79.13,Debit Card,Boston,MA
DiningOut Store 157,"Online payment to DiningOut Store 157 - DiningOut, 47.17",47.17,Credit Card,Ann Arbor,MI
DiningOut Store 100,"Mobile app payment at DiningOut Store 100, DiningOut, 13.15",13.15,Cash,Chicago,IL
Entertainment Store 053,Card purchase at Entertainment Store 053 for 74.08 USD (Shopping),74.08,Credit Card,Denver,CO
Education Store 192,Card purchase at Education Store 192 for 314.61 USD (Education),314.61,ACH,Boston,MA
Utilities Store 183,"POS transaction - Utilities Store 183 (Healthcare), amount 190.80",190.8,Debit Card,Boston,MA
Travel Store 086,"Travel spend at Travel Store 086, total 462.91",462.91,ACH,Chicago,IL
Transport Store 097,"POS transaction - Transport Store 097 (Transport), amount 48.21",48.21,Debit Card,Miami,FL
Groceries Store 217,"Groceries spend at Groceries Store 217, total 151.90",151.9,Debit Card,New York,NY
Groceries Store 104,"Groceries spend at Groceries Store 104, total 122.19",122.19,Credit Card,Seattle,WA
Groceries Store 127,"Groceries spend at Groceries Store 127, total 67.91",67.91,Cash,Detroit,MI
Publix,"Online payment to Publix - Groceries, 69.74",69.74,Debit Card,Denver,CO
Healthcare Store 113,Card purchase at Healthcare Store 113 for 240.63 USD (Healthcare),240.63,Digital Wallet,Boston,MA
Healthcare Store 057,Card purchase at Healthcare Store 057 for 64.41 USD (Healthcare),64.41,Credit Card,New York,NY
Groceries Store 147,"Online payment to Groceries Store 147 - Groceries, 5.00",5.0,Digital Wallet,Chicago,IL
Hulu,Card purchase at Hulu for 55.93 USD (Entertainment),55.93,Cash,Ann Arbor,MI
DiningOut Store 133,"DiningOut spend at DiningOut Store 133, total 41.65",41.65,ACH,Miami,FL
Education Store 156,"POS transaction - Education Store 156 (Education), amount 5.00",5.0,ACH,Ann Arbor,MI
Shopping Store 143,"Mobile app payment at Shopping Store 143, Shopping, 87.81",87.81,ACH,Denver,CO
Uber,"POS transaction - Uber (Transport), amount 33.78",33.78,Credit Card,Chicago,IL
Costco,Card purchase at Costco for 53.90 USD (Groceries),53.9,Debit Card,Ann Arbor,MI
DiningOut Store 157,"POS transaction - DiningOut Store 157 (DiningOut), amount 32.80",32.8,Digital Wallet,Denver,CO
Healthcare Store 131,Card purchase at Healthcare Store 131 for 23.24 USD (PersonalCare),23.24,Cash,Denver,CO
Groceries Store 117,Card purchase at Groceries Store 117 for 96.58 USD (Groceries),96.58,ACH,Denver,CO
DiningOut Store 133,"POS transaction - DiningOut Store 133 (DiningOut), amount 40.43",40.43,Credit Card,New York,NY
Travel Store 059,Card purchase at Travel Store 059 for 274.61 USD (Travel),274.61,ACH,Boston,MA
eBay,"POS transaction - eBay (Miscellaneous), amount 46.57",46.57,Credit Card,San Francisco,CA
Amtrak,Card purchase at Amtrak for 61.11 USD (Transport),61.11,ACH,Denver,CO
Groceries Store 217,"Mobile app payment at Groceries Store 217, Groceries, 79.53",79.53,ACH,Detroit,MI
DiningOut Store 187,"POS transaction - DiningOut Store 187 (DiningOut), amount 30.90",30.9,Credit Card,Detroit,MI
Craft Store,Card purchase at Craft Store for 42.68 USD (Miscellaneous),42.68,Cash,Ann Arbor,MI
Entertainment Store 022,"Entertainment spend at Entertainment Store 022, total 47.45",47.45,Digital Wallet,Chicago,IL
Miscellaneous Store 181,"POS transaction - Miscellaneous Store 181 (Miscellaneous), amount 45.84",45.84,Digital Wallet,Austin,TX
Travel Store 059,Card purchase at Travel Store 059 for 85.13 USD (Utilities),85.13,Cash,Austin,TX
Utilities Store 055,"POS transaction - Utilities Store 055 (Miscellaneous), amount 5.00",5.0,Credit Card,Seattle,WA
Entertainment Store 163,"Online payment to Entertainment Store 163 - Entertainment, 28.47",28.47,ACH,San Francisco,CA
Shopping Store 190,"POS transaction - Shopping Store 190 (Shopping), amount 118.18",118.18,Debit Card,Seattle,WA
Starbucks,"Online payment to Starbucks - DiningOut, 6.23",6.23,ACH,Denver,CO
DiningOut Store 100,"Online payment to DiningOut Store 100 - DiningOut, 50.91",50.91,Credit Card,Seattle,WA
Utilities Store 073,"Mobile app payment at Utilities Store 073, Utilities, 193.91",193.91,Credit Card,San Francisco,CA
DiningOut Store 074,"Mobile app payment at DiningOut Store 074, Miscellaneous, 17.80",17.8,Digital Wallet,Seattle,WA
Transport Store 119,"Transport spend at Transport Store 119, total 107.69",107.69,Digital Wallet,Miami,FL
Home Depot,Card purchase at Home Depot for 63.94 USD (Shopping),63.94,Cash,Miami,FL
Shopping Store 167,Card purchase at Shopping Store 167 for 72.82 USD (Shopping),72.82,Digital Wallet,New York,NY
Groceries Store 104,"Groceries spend at Groceries Store 104, total 19.89",19.89,ACH,San Francisco,CA
Education Store 193,"Mobile app payment at Education Store 193, DiningOut, 60.90",60.9,Cash,Detroit,MI
Bills Store 092,"Education spend at Bills Store 092, total 35.95",35.95,Credit Card,Miami,FL
Groceries Store 138,Card purchase at Groceries Store 138 for 70.75 USD (Groceries),70.75,Credit Card,New York,NY
Utilities Store 155,"Online payment to Utilities Store 155 - Miscellaneous, 40.57",40.57,Digital Wallet,Denver,CO
Hulu,"POS transaction - Hulu (Transport), amount 44.51",44.51,Cash,Detroit,MI
Transport Store 119,"POS transaction - Transport Store 119 (Transport), amount 22.53",22.53,Credit Card,Seattle,WA
Groceries Store 036,"POS transaction - Groceries Store 036 (Groceries), amount 92.52",92.52,Cash,Austin,TX
Steam,"Mobile app payment at Steam, Entertainment, 60.05",60.05,Credit Card,Austin,TX
Travel Store 212,Card purchase at Travel Store 212 for 477.59 USD (Travel),477.59,Digital Wallet,Denver,CO
Bills Store 128,"Online payment to Bills Store 128 - Bills, 146.09",146.09,Cash,Miami,FL
Shopping Store 077,"POS transaction - Shopping Store 077 (Shopping), amount 155.20",155.2,Credit Card,Detroit,MI
Safeway,Card purchase at Safeway for 15.82 USD (Groceries),15.82,Debit Card,Austin,TX
DiningOut Store 007,"Mobile app payment at DiningOut Store 007, DiningOut, 78.03",78.03,Cash,Denver,CO
DiningOut Store 171,"Online payment to DiningOut Store 171 - DiningOut, 31.12",31.12,Digital Wallet,New York,NY
Healthcare Store 129,Card purchase at Healthcare Store 129 for 82.99 USD (Healthcare),82.99,Credit Card,Miami,FL
Bills Store 089,"Online payment to Bills Store 089 - Bills, 285.31",285.31,Debit Card,Ann Arbor,MI
AT&T,"Mobile app payment at AT&T, Utilities, 136.72",136.72,Cash,Miami,FL
Education Store 123,"Mobile app payment at Education Store 123, Education, 140.08",140.08,Debit Card,Chicago,IL
Shopping Store 152,"Online payment to Shopping Store 152 - Shopping, 30.63",30.63,Digital Wallet,Detroit,MI
Healthcare Store 079,Card purchase at Healthcare Store 079 for 292.04 USD (Healthcare),292.04,ACH,Detroit,MI
Entertainment Store 188,"Mobile app payment at Entertainment Store 188, Entertainment, 35.20",35.2,Cash,Denver,CO
Travel Store 062,"POS transaction - Travel Store 062 (Travel), amount 655.30",655.3,Cash,Boston,MA
KFC,"Online payment to KFC - DiningOut, 38.04",38.04,Credit Card,Detroit,MI
DiningOut Store 087,"DiningOut spend at DiningOut Store 087, total 30.97",30.97,Credit Card,Boston,MA
DiningOut Store 118,"DiningOut spend at DiningOut Store 118, total 47.89",47.89,Digital Wallet,Seattle,WA
Utilities Store 176,"Mobile app payment at Utilities Store 176, Utilities, 16.97",16.97,ACH,Denver,CO
DiningOut Store 172,"Mobile app payment at DiningOut Store 172, DiningOut, 23.03",23.03,Digital Wallet,Miami,FL
Bills Store 213,"Online payment to Bills Store 213 - Bills, 100.25",100.25,Digital Wallet,Chicago,IL
Bills Store 173,"Mobile app payment at Bills Store 173, Healthcare, 166.55",166.55,Debit Card,Chicago,IL
Groceries Store 127,"Mobile app payment at Groceries Store 127, Groceries, 82.99",82.99,Digital Wallet,Boston,MA
Transport Store 072,"Mobile app payment at Transport Store 072, Transport, 80.34",80.34,ACH,Seattle,WA
Healthcare Store 115,"Online payment to Healthcare Store 115 - Healthcare, 194.68",194.68,ACH,Detroit,MI
Apple Store,"Mobile app payment at Apple Store, Shopping, 205.12",205.12,Digital Wallet,Austin,TX
Transport Store 142,"Mobile app payment at Transport Store 142, Transport, 37.94",37.94,Credit Card,Boston,MA
Yoga Studio,Card purchase at Yoga Studio for 49.24 USD (PersonalCare),49.24,Debit Card,Austin,TX
Chick-fil-A,"POS transaction - Chick-fil-A (DiningOut), amount 11.90",11.9,ACH,Miami,FL
Capital One Card,"Bills spend at Capital One Card, total 193.71",193.71,Credit Card,Denver,CO
Xbox Live,"Entertainment spend at Xbox Live, total 67.17",67.17,Cash,New York,NY
Entertainment Store 201,Card purchase at Entertainment Store 201 for 49.11 USD (Groceries),49.11,Cash,Boston,MA
Entertainment Store 022,"POS transaction - Entertainment Store 022 (Entertainment), amount 17.90",17.9,Debit Card,Chicago,IL
Groceries Store 117,"Mobile app payment at Groceries Store 117, Groceries, 67.76",67.76,Credit Card,San Francisco,CA
PersonalCare Store 006,"Online payment to PersonalCare Store 006 - PersonalCare, 54.39",54.39,Cash,San Francisco,CA
Meijer,Card purchase at Meijer for 76.88 USD (Groceries),76.88,Cash,New York,NY
Vitamin Shoppe,Card purchase at Vitamin Shoppe for 39.03 USD (PersonalCare),39.03,Debit Card,Denver,CO
DiningOut Store 157,"POS transaction - DiningOut Store 157 (DiningOut), amount 26.66",26.66,Cash,Chicago,IL
Airbnb,"Mobile app payment at Airbnb, Travel, 53.21",53.21,Cash,Seattle,WA
Walmart,"Online payment to Walmart - Groceries, 72.37",72.37,Cash,San Francisco,CA
DiningOut Store 074,"DiningOut spend at DiningOut Store 074, total 55.70",55.7,Cash,Boston,MA
Target.com,"Shopping spend at Target.com, total 82.00",82.0,Digital Wallet,Boston,MA
Toy Store,"Online payment to Toy Store - Groceries, 66.39",66.39,Digital Wallet,Ann Arbor,MI
Craft Store,"Online payment to Craft Store - Miscellaneous, 35.74",35.74,Cash,Chicago,IL
Transport Store 142,"POS transaction - Transport Store 142 (Transport), amount 5.00",5.0,Debit Card,Chicago,IL
Yoga Studio,"Mobile app payment at Yoga Studio, Healthcare, 26.96",26.96,Cash,Ann Arbor,MI
DiningOut Store 087,"Mobile app payment at DiningOut Store 087, DiningOut, 32.56",32.56,Credit Card,Detroit,MI
Travel Store 215,"Travel spend at Travel Store 215, total 266.00",266.0,Cash,Denver,CO
Internet Bill AutoPay,"Mobile app payment at Internet Bill AutoPay, Bills, 143.54",143.54,Digital Wallet,Austin,TX
Education Store 003,"Mobile app payment at Education Store 003, Transport, 65.22",65.22,Digital Wallet,Austin,TX
Entertainment Store 053,Card purchase at Entertainment Store 053 for 41.54 USD (DiningOut),41.54,Credit Card,Boston,MA
Bills Store 149,"Online payment to Bills Store 149 - Bills, 40.49",40.49,ACH,Detroit,MI
DiningOut Store 033,"POS transaction - DiningOut Store 033 (DiningOut), amount 5.00",5.0,Cash,Detroit,MI
Amazon,Card purchase at Amazon for 136.34 USD (Shopping),136.34,Cash,New York,NY
KFC,"POS transaction - KFC (DiningOut), amount 38.10",38.1,Digital Wallet,Ann Arbor,MI
Utilities Store 205,"POS transaction - Utilities Store 205 (Miscellaneous), amount 29.10",29.1,ACH,Ann Arbor,MI
Internet Bill AutoPay,"Online payment to Internet Bill AutoPay - Shopping, 58.28",58.28,Cash,Austin,TX
Dave & Busters,"Online payment to Dave & Busters - Entertainment, 23.78",23.78,Debit Card,Boston,MA
Entertainment Store 094,Card purchase at Entertainment Store 094 for 81.53 USD (Entertainment),81.53,Credit Card,San Francisco,CA
DiningOut Store 033,"DiningOut spend at DiningOut Store 033, total 51.65",51.65,Debit Card,Detroit,MI
Local Hospital,Card purchase at Local Hospital for 156.10 USD (Healthcare),156.1,Digital Wallet,Denver,CO
Pet Store,Card purchase at Pet Store for 26.13 USD (Miscellaneous),26.13,Credit Card,Austin,TX
Healthcare Store 158,"Online payment to Healthcare Store 158 - Healthcare, 179.39",179.39,Debit Card,Miami,FL
Shopping Store 154,Card purchase at Shopping Store 154 for 32.00 USD (Shopping),32.0,ACH,New York,NY
Entertainment Store 201,"Mobile app payment at Entertainment Store 201, Entertainment, 31.66",31.66,Credit Card,Boston,MA
Trader Joes,"Groceries spend at Trader Joes, total 161.55",161.55,Digital Wallet,Detroit,MI
Shell,"Transport spend at Shell, total 61.39",61.39,Debit Card,Chicago,IL
Education Store 193,"POS transaction - Education Store 193 (DiningOut), amount 14.83",14.83,Cash,Seattle,WA
Shopping Store 077,"Mobile app payment at Shopping Store 077, Education, 291.11",291.11,Cash,Boston,MA
Transport Store 009,"Mobile app payment at Transport Store 009, Transport, 40.50",40.5,Debit Card,Boston,MA
Xbox Live,"Entertainment spend at Xbox Live, total 55.65",55.65,Credit Card,Ann Arbor,MI
Entertainment Store 022,"Online payment to Entertainment Store 022 - Entertainment, 5.00",5.0,Debit Card,Detroit,MI
Groceries Store 045,Card purchase at Groceries Store 045 for 32.80 USD (Groceries),32.8,Digital Wallet,San Francisco,CA
Home Depot,"Mobile app payment at Home Depot, Shopping, 115.19",115.19,ACH,Seattle,WA
Bills Store 207,"POS transaction - Bills Store 207 (Bills), amount 201.38",201.38,Credit Card,Chicago,IL
Healthcare Store 113,"Online payment to Healthcare Store 113 - Healthcare, 90.32",90.32,Debit Card,Boston,MA
Entertainment Store 068,"Mobile app payment at Entertainment Store 068, Entertainment, 5.00",5.0,ACH,Ann Arbor,MI
Bills Store 028,Card purchase at Bills Store 028 for 211.35 USD (Bills),211.35,Debit Card,Detroit,MI
Steam,"Entertainment spend at Steam, total 81.98",81.98,Credit Card,Ann Arbor,MI
Bills Store 112,"POS transaction - Bills Store 112 (Bills), amount 108.47",108.47,Credit Card,Austin,TX
Groceries Store 147,"Online payment to Groceries Store 147 - Groceries, 32.13",32.13,Credit Card,Detroit,MI
Groceries Store 150,"Online payment to Groceries Store 150 - Groceries, 131.53",131.53,Cash,Ann Arbor,MI
Safeway,"POS transaction - Safeway (Groceries), amount 93.62",93.62,Cash,Boston,MA
Groceries Store 117,"Groceries spend at Groceries Store 117, total 15.91",15.91,ACH,Denver,CO
Miscellaneous Store 200,"Mobile app payment at Miscellaneous Store 200, Miscellaneous, 17.71",17.71,Digital Wallet,Chicago,IL
Safeway,"POS transaction - Safeway (Groceries), amount 5.00",5.0,Digital Wallet,Miami,FL
Walmart.com,"Shopping spend at Walmart.com, total 110.14",110.14,Debit Card,Chicago,IL
Dave & Busters,"POS transaction - Dave & Busters (DiningOut), amount 32.09",32.09,Debit Card,Chicago,IL
Healthcare Store 158,Card purchase at Healthcare Store 158 for 48.35 USD (DiningOut),48.35,ACH,San Francisco,CA
Groceries Store 147,"Mobile app payment at Groceries Store 147, Groceries, 76.12",76.12,ACH,New York,NY
Chick-fil-A,"Online payment to Chick-fil-A - DiningOut, 36.66",36.66,ACH,Miami,FL
Meijer,"Online payment to Meijer - Groceries, 10.55",10.55,Cash,Detroit,MI
Subway,"DiningOut spend at Subway, total 56.98",56.98,Digital Wallet,Ann Arbor,MI
Groceries Store 117,"Online payment to Groceries Store 117 - Groceries, 41.55",41.55,ACH,Chicago,IL
Spotify,"POS transaction - Spotify (Entertainment), amount 60.65",60.65,Cash,Austin,TX
Utilities Store 176,"Utilities spend at Utilities Store 176, total 180.41",180.41,ACH,New York,NY
Utilities Store 070,"POS transaction - Utilities Store 070 (Transport), amount 31.38",31.38,Credit Card,Seattle,WA
DiningOut Store 178,Card purchase at DiningOut Store 178 for 9.37 USD (PersonalCare),9.37,Debit Card,Denver,CO
DiningOut Store 187,"Online payment to DiningOut Store 187 - DiningOut, 5.00",5.0,Credit Card,New York,NY
Utilities Store 176,"Utilities spend at Utilities Store 176, total 226.63",226.63,Digital Wallet,Detroit,MI
Target,Card purchase at Target for 121.21 USD (Groceries),121.21,Digital Wallet,Austin,TX
Target,"POS transaction - Target (Groceries), amount 76.41",76.41,Digital Wallet,Boston,MA
Miscellaneous Store 141,"Online payment to Miscellaneous Store 141 - Miscellaneous, 82.11",82.11,Cash,Boston,MA
Gas Utility,"POS transaction - Gas Utility (Utilities), amount 140.07",140.07,Digital Wallet,Detroit,MI
DiningOut Store 058,"Mobile app payment at DiningOut Store 058, DiningOut, 31.20",31.2,Digital Wallet,New York,NY
Healthcare Store 057,Card purchase at Healthcare Store 057 for 88.63 USD (Entertainment),88.63,Digital Wallet,San Francisco,CA
Shopping Store 039,"Mobile app payment at Shopping Store 039, Shopping, 122.60",122.6,Digital Wallet,Chicago,IL
Shopping Store 077,"Online payment to Shopping Store 077 - Shopping, 111.64",111.64,Credit Card,Chicago,IL
Whole Foods,Card purchase at Whole Foods for 124.55 USD (Groceries),124.55,Credit Card,Miami,FL
Metro Transit,"Online payment to Metro Transit - Transport, 11.61",11.61,Credit Card,New York,NY
Best Buy,"Shopping spend at Best Buy, total 121.60",121.6,Debit Card,New York,NY
eBay,"POS transaction - eBay (Miscellaneous), amount 62.86",62.86,Digital Wallet,Denver,CO
Travel Store 015,"Online payment to Travel Store 015 - Travel, 333.39",333.39,Digital Wallet,Seattle,WA
Groceries Store 045,"POS transaction - Groceries Store 045 (Groceries), amount 85.96",85.96,Cash,Denver,CO
Entertainment Store 068,"Online payment to Entertainment Store 068 - Entertainment, 60.73",60.73,Digital Wallet,Seattle,WA
Groceries Store 147,"Groceries spend at Groceries Store 147, total 15.39",15.39,ACH,San Francisco,CA
Travel Store 212,"Online payment to Travel Store 212 - Travel, 460.63",460.63,Credit Card,San Francisco,CA
Utilities Store 186,"POS transaction - Utilities Store 186 (Utilities), amount 148.13",148.13,Debit Card,Boston,MA
Pizza Hut,"Mobile app payment at Pizza Hut, DiningOut, 43.31",43.31,Cash,Miami,FL
Walmart.com,Card purchase at Walmart.com for 108.25 USD (Shopping),108.25,Debit Card,Seattle,WA
Transport Store 078,"Mobile app payment at Transport Store 078, Transport, 63.64",63.64,Digital Wallet,Ann Arbor,MI
Miscellaneous Store 064,Card purchase at Miscellaneous Store 064 for 13.88 USD (Miscellaneous),13.88,Credit Card,San Francisco,CA
Entertainment Store 063,"POS transaction - Entertainment Store 063 (Entertainment), amount 41.73",41.73,Digital Wallet,Miami,FL
Transport Store 119,Card purchase at Transport Store 119 for 53.42 USD (Transport),53.42,Debit Card,Chicago,IL
Groceries Store 056,"POS transaction - Groceries Store 056 (Groceries), amount 5.00",5.0,ACH,Chicago,IL
PersonalCare Store 220,Card purchase at PersonalCare Store 220 for 70.64 USD (Transport),70.64,ACH,Denver,CO
Safeway,Card purchase at Safeway for 66.55 USD (Groceries),66.55,Debit Card,Ann Arbor,MI
Healthcare Store 017,Card purchase at Healthcare Store 017 for 98.54 USD (Healthcare),98.54,Credit Card,Boston,MA
AT&T,"Online payment to AT&T - Utilities, 145.84",145.84,Credit Card,Miami,FL
PersonalCare Store 019,Card purchase at PersonalCare Store 019 for 12.74 USD (PersonalCare),12.74,Debit Card,Miami,FL
DiningOut Store 178,"Mobile app payment at DiningOut Store 178, DiningOut, 25.56",25.56,Cash,Chicago,IL
Nail Spa,"Mobile app payment at Nail Spa, PersonalCare, 27.17",27.17,Digital Wallet,Ann Arbor,MI
Adidas,"POS transaction - Adidas (Shopping), amount 73.50",73.5,Debit Card,Detroit,MI
Groceries Store 117,"Mobile app payment at Groceries Store 117, Groceries, 110.83",110.83,ACH,Miami,FL
KFC,"POS transaction - KFC (Education), amount 300.14",300.14,Debit Card,Ann Arbor,MI
PersonalCare Store 035,"Mobile app payment at PersonalCare Store 035, PersonalCare, 75.92",75.92,Debit Card,Austin,TX
Bills Store 103,"Online payment to Bills Store 103 - Bills, 183.72",183.72,Debit Card,Chicago,IL
DiningOut Store 033,"Mobile app payment at DiningOut Store 033, DiningOut, 29.63",29.63,Digital Wallet,Seattle,WA
Water Utility,"Utilities spend at Water Utility, total 73.76",73.76,ACH,Boston,MA
PersonalCare Store 037,"POS transaction - PersonalCare Store 037 (Groceries), amount 80.08",80.08,Debit Card,Chicago,IL
Pet Store,"POS transaction - Pet Store (Miscellaneous), amount 63.49",63.49,Cash,Chicago,IL
Shopping Store 039,Card purchase at Shopping Store 039 for 5.00 USD (Shopping),5.0,Credit Card,Detroit,MI
Education Store 192,"Groceries spend at Education Store 192, total 95.24",95.24,Digital Wallet,Chicago,IL
Entertainment Store 199,"Online payment to Entertainment Store 199 - Entertainment, 72.62",72.62,Credit Card,Austin,TX
BP,Card purchase at BP for 65.14 USD (Transport),65.14,Debit Card,Seattle,WA
Skillshare,"Mobile app payment at Skillshare, Education, 56.16",56.16,Debit Card,Boston,MA
DiningOut Store 198,"Mobile app payment at DiningOut Store 198, DiningOut, 15.07",15.07,Cash,Miami,FL
Nike,"Mobile app payment at Nike, Shopping, 131.88",131.88,Credit Card,Boston,MA
Transport Store 009,"Online payment to Transport Store 009 - Transport, 5.00",5.0,Cash,Boston,MA
Groceries Store 117,"Groceries spend at Groceries Store 117, total 84.79",84.79,Debit Card,San Francisco,CA
Travel Store 204,"Travel spend at Travel Store 204, total 282.60",282.6,Credit Card,Detroit,MI
Transport Store 102,"Mobile app payment at Transport Store 102, Transport, 53.49",53.49,Cash,Detroit,MI
PersonalCare Store 019,Card purchase at PersonalCare Store 019 for 39.35 USD (PersonalCare),39.35,Cash,Denver,CO
DiningOut Store 120,"Mobile app payment at DiningOut Store 120, DiningOut, 52.95",52.95,Debit Card,Austin,TX
Southwest,"Mobile app payment at Southwest, Travel, 460.81",460.81,Cash,Austin,TX
DiningOut Store 041,"POS transaction - DiningOut Store 041 (DiningOut), amount 12.52",12.52,Digital Wallet,Miami,FL
Groceries Store 045,"POS transaction - Groceries Store 045 (Groceries), amount 70.37",70.37,Cash,Detroit,MI
Utilities Store 070,"POS transaction - Utilities Store 070 (Shopping), amount 5.00",5.0,Credit Card,Detroit,MI
Transport Store 102,"Online payment to Transport Store 102 - Transport, 22.64",22.64,Digital Wallet,Seattle,WA
Education Store 040,Card purchase at Education Store 040 for 55.55 USD (Education),55.55,Cash,Boston,MA
Amazon,"Online payment to Amazon - Shopping, 122.63",122.63,Cash,Detroit,MI
Metro Transit,"Online payment to Metro Transit - Transport, 54.01",54.01,Credit Card,Detroit,MI
Entertainment Store 144,"Online payment to Entertainment Store 144 - Entertainment, 101.03",101.03,Cash,Ann Arbor,MI
Utilities Store 165,"Online payment to Utilities Store 165 - Utilities, 50.49",50.49,Cash,Seattle,WA
Apple Store,"Online payment to Apple Store - Shopping, 145.58",145.58,Debit Card,New York,NY
Bills Store 106,"Bills spend at Bills Store 106, total 60.56",60.56,Digital Wallet,Detroit,MI
Chick-fil-A,"POS transaction - Chick-fil-A (DiningOut), amount 54.56",54.56,Debit Card,Chicago,IL
Amtrak,"Online payment to Amtrak - Transport, 63.24",63.24,Digital Wallet,New York,NY
Optometry Center,"Mobile app payment at Optometry Center, Shopping, 134.40",134.4,Digital Wallet,Miami,FL
Groceries Store 138,Card purchase at Groceries Store 138 for 93.87 USD (Groceries),93.87,Credit Card,San Francisco,CA
UM-Flint,"Mobile app payment at UM-Flint, Education, 340.68",340.68,Debit Card,Miami,FL
PersonalCare Store 048,"Mobile app payment at PersonalCare Store 048, PersonalCare, 34.12",34.12,Digital Wallet,Detroit,MI
Amazon,"POS transaction - Amazon (Shopping), amount 48.19",48.19,Digital Wallet,Chicago,IL
DiningOut Store 087,"Mobile app payment at DiningOut Store 087, DiningOut, 51.10",51.1,ACH,Ann Arbor,MI
Groceries Store 147,"Online payment to Groceries Store 147 - Groceries, 114.69",114.69,Debit Card,Detroit,MI
Bills Store 106,Card purchase at Bills Store 106 for 57.46 USD (Transport),57.46,ACH,San Francisco,CA
DiningOut Store 100,Card purchase at DiningOut Store 100 for 9.42 USD (DiningOut),9.42,Digital Wallet,Denver,CO
Urgent Care Clinic,"Healthcare spend at Urgent Care Clinic, total 73.92",73.92,ACH,Miami,FL
Shopping Store 216,Card purchase at Shopping Store 216 for 155.96 USD (Shopping),155.96,Digital Wallet,Miami,FL
Groceries Store 138,Card purchase at Groceries Store 138 for 91.17 USD (Groceries),91.17,ACH,New York,NY
Office Supply Store,"POS transaction - Office Supply Store (Miscellaneous), amount 38.84",38.84,ACH,Chicago,IL
Groceries Store 150,Card purchase at Groceries Store 150 for 92.35 USD (Groceries),92.35,Cash,Chicago,IL
Groceries Store 127,"Groceries spend at Groceries Store 127, total 99.06",99.06,Cash,Seattle,WA
Costco,Card purchase at Costco for 61.77 USD (Groceries),61.77,Digital Wallet,Boston,MA
Travel Store 122,"Travel spend at Travel Store 122, total 74.27",74.27,Debit Card,New York,NY
Utilities Store 165,Card purchase at Utilities Store 165 for 201.30 USD (Utilities),201.3,Cash,Seattle,WA
Groceries Store 127,"POS transaction - Groceries Store 127 (Groceries), amount 94.96",94.96,Cash,Denver,CO
DiningOut Store 171,"Online payment to DiningOut Store 171 - DiningOut, 17.30",17.3,Digital Wallet,Detroit,MI
DiningOut Store 198,"Mobile app payment at DiningOut Store 198, DiningOut, 5.00",5.0,Digital Wallet,Seattle,WA
Entertainment Store 063,"POS transaction - Entertainment Store 063 (Entertainment), amount 42.58",42.58,Debit Card,Ann Arbor,MI
Lyft Airport,"POS transaction - Lyft Airport (Travel), amount 485.65",485.65,ACH,Seattle,WA
DiningOut Store 100,Card purchase at DiningOut Store 100 for 49.59 USD (Miscellaneous),49.59,Credit Card,Miami,FL
Coursera,Card purchase at Coursera for 63.67 USD (Groceries),63.67,Digital Wallet,New York,NY
Transport Store 052,"Online payment to Transport Store 052 - Transport, 43.09",43.09,Digital Wallet,Detroit,MI
DiningOut Store 196,"DiningOut spend at DiningOut Store 196, total 37.04",37.04,ACH,New York,NY
DiningOut Store 182,"DiningOut spend at DiningOut Store 182, total 5.00",5.0,Credit Card,Seattle,WA
DiningOut Store 120,"DiningOut spend at DiningOut Store 120, total 83.96",83.96,Credit Card,San Francisco,CA
Transport Store 078,"POS transaction - Transport Store 078 (Transport), amount 40.59",40.59,Debit Card,Austin,TX
Entertainment Store 188,"Online payment to Entertainment Store 188 - Entertainment, 31.52",31.52,Debit Card,Seattle,WA
Walmart.com,"Shopping spend at Walmart.com, total 193.89",193.89,Credit Card,Seattle,WA
Groceries Store 138,"Mobile app payment at Groceries Store 138, Groceries, 60.41",60.41,Credit Card,Austin,TX
Utilities Store 109,"Mobile app payment at Utilities Store 109, Utilities, 50.05",50.05,ACH,San Francisco,CA
American Airlines,"Online payment to American Airlines - Travel, 293.52",293.52,Digital Wallet,Miami,FL
DiningOut Store 007,Card purchase at DiningOut Store 007 for 17.78 USD (Utilities),17.78,Digital Wallet,Miami,FL
PersonalCare Store 146,"Mobile app payment at PersonalCare Store 146, PersonalCare, 22.57",22.57,Cash,Austin,TX
Healthcare Store 158,"Healthcare spend at Healthcare Store 158, total 134.24",134.24,Digital Wallet,Denver,CO
Entertainment Store 144,"POS transaction - Entertainment Store 144 (Entertainment), amount 23.65",23.65,Credit Card,Seattle,WA
Utilities Store 183,"Utilities spend at Utilities Store 183, total 180.65",180.65,Debit Card,Miami,FL
PersonalCare Store 179,"POS transaction - PersonalCare Store 179 (PersonalCare), amount 47.54",47.54,Credit Card,San Francisco,CA
DiningOut Store 018,"POS transaction - DiningOut Store 018 (DiningOut), amount 31.09",31.09,Cash,Boston,MA
Office Supply Store,"Miscellaneous spend at Office Supply Store, total 38.74",38.74,Cash,San Francisco,CA
Pizza Hut,"Online payment to Pizza Hut - DiningOut, 23.12",23.12,Debit Card,San Francisco,CA
Groceries Store 117,"POS transaction - Groceries Store 117 (Groceries), amount 75.68",75.68,ACH,Miami,FL
IKEA,"Mobile app payment at IKEA, Shopping, 171.84",171.84,ACH,Ann Arbor,MI
Physical Therapy,"Mobile app payment at Physical Therapy, Healthcare, 5.00",5.0,Digital Wallet,Chicago,IL
Aldi,"Groceries spend at Aldi, total 144.55",144.55,ACH,Chicago,IL
DiningOut Store 187,"Online payment to DiningOut Store 187 - DiningOut, 20.68",20.68,Credit Card,Miami,FL
Groceries Store 056,"Groceries spend at Groceries Store 056, total 38.76",38.76,Digital Wallet,San Francisco,CA
Bills Store 107,Card purchase at Bills Store 107 for 119.25 USD (Groceries),119.25,ACH,San Francisco,CA
Entertainment Store 163,"POS transaction - Entertainment Store 163 (Entertainment), amount 65.18",65.18,Digital Wallet,Austin,TX
Shopping Store 211,"POS transaction - Shopping Store 211 (Utilities), amount 138.83",138.83,Debit Card,Boston,MA
Groceries Store 217,"Groceries spend at Groceries Store 217, total 164.99",164.99,ACH,Boston,MA
Utilities Store 205,"POS transaction - Utilities Store 205 (Utilities), amount 178.10",178.1,Credit Card,Ann Arbor,MI
Thrift Store,"Mobile app payment at Thrift Store, Miscellaneous, 37.60",37.6,ACH,Miami,FL
American Airlines,"Online payment to American Airlines - Travel, 123.92",123.92,Credit Card,Miami,FL
McDonalds,"POS transaction - McDonalds (DiningOut), amount 57.32",57.32,Cash,Seattle,WA
Utilities Store 203,"Mobile app payment at Utilities Store 203, Utilities, 112.32",112.32,ACH,Denver,CO
Lowes,"Mobile app payment at Lowes, Shopping, 43.39",43.39,Debit Card,Detroit,MI
Water Utility,"Bills spend at Water Utility, total 121.16",121.16,ACH,Miami,FL
Travel Store 043,"Online payment to Travel Store 043 - Travel, 5.00",5.0,Cash,Miami,FL
Dominos,"Online payment to Dominos - DiningOut, 23.90",23.9,ACH,Chicago,IL
Booking.com,Card purchase at Booking.com for 74.09 USD (Travel),74.09,Debit Card,Austin,TX
Utilities Store 073,"Online payment to Utilities Store 073 - Utilities, 107.47",107.47,ACH,Miami,FL
Utilities Store 073,"POS transaction - Utilities Store 073 (Utilities), amount 72.38",72.38,Debit Card,San Francisco,CA
Local Gift Shop,"POS transaction - Local Gift Shop (Miscellaneous), amount 23.71",23.71,Credit Card,Seattle,WA
City Parking Garage,"Online payment to City Parking Garage - Transport, 90.12",90.12,Cash,Detroit,MI
DiningOut Store 171,"POS transaction - DiningOut Store 171 (DiningOut), amount 26.83",26.83,ACH,Ann Arbor,MI
DisneyPlus,"Entertainment spend at DisneyPlus, total 68.00",68.0,Cash,Detroit,MI
Charity Donation,"POS transaction - Charity Donation (DiningOut), amount 40.85",40.85,Digital Wallet,Denver,CO
Travel Store 110,"Online payment to Travel Store 110 - Travel, 320.13",320.13,Debit Card,Austin,TX
Travel Store 013,"Travel spend at Travel Store 013, total 299.85",299.85,Debit Card,New York,NY
Groceries Store 036,Card purchase at Groceries Store 036 for 123.24 USD (Groceries),123.24,ACH,Seattle,WA
DiningOut Store 074,"Mobile app payment at DiningOut Store 074, DiningOut, 15.97",15.97,Digital Wallet,San Francisco,CA
Marriott Hotels,"Online payment to Marriott Hotels - Travel, 396.62",396.62,Credit Card,Detroit,MI
Travel Store 086,Card purchase at Travel Store 086 for 163.77 USD (Shopping),163.77,ACH,Austin,TX
DiningOut Store 178,"Mobile app payment at DiningOut Store 178, DiningOut, 5.00",5.0,Credit Card,Austin,TX
Pet Store,Card purchase at Pet Store for 15.47 USD (Miscellaneous),15.47,ACH,San Francisco,CA
Groceries Store 117,"Online payment to Groceries Store 117 - Groceries, 113.69",113.69,Credit Card,Detroit,MI
Healthcare Store 129,Card purchase at Healthcare Store 129 for 151.75 USD (Healthcare),151.75,Cash,Detroit,MI
Urgent Care Clinic,"Online payment to Urgent Care Clinic - Healthcare, 338.79",338.79,Cash,New York,NY
DiningOut Store 133,"Mobile app payment at DiningOut Store 133, DiningOut, 24.96",24.96,ACH,San Francisco,CA
DiningOut Store 171,"Mobile app payment at DiningOut Store 171, DiningOut, 17.18",17.18,Digital Wallet,New York,NY
Groceries Store 117,Card purchase at Groceries Store 117 for 12.96 USD (Groceries),12.96,Cash,Seattle,WA
Utilities Store 203,"Mobile app payment at Utilities Store 203, Bills, 21.15",21.15,Digital Wallet,Austin,TX
Groceries Store 170,"Online payment to Groceries Store 170 - Groceries, 98.23",98.23,Credit Card,Chicago,IL
Healthcare Store 129,Card purchase at Healthcare Store 129 for 87.92 USD (Healthcare),87.92,Digital Wallet,Ann Arbor,MI
Groceries Store 069,"Online payment to Groceries Store 069 - Groceries, 88.58",88.58,Debit Card,San Francisco,CA
Apple Store,"POS transaction - Apple Store (Shopping), amount 126.66",126.66,Debit Card,Miami,FL
Bills Store 051,"Online payment to Bills Store 051 - Bills, 5.00",5.0,Debit Card,Detroit,MI
Groceries Store 069,Card purchase at Groceries Store 069 for 44.92 USD (Groceries),44.92,ACH,San Francisco,CA
Shopping Store 211,"POS transaction - Shopping Store 211 (Shopping), amount 70.20",70.2,Digital Wallet,Ann Arbor,MI
Transport Store 032,Card purchase at Transport Store 032 for 61.26 USD (Transport),61.26,Debit Card,Ann Arbor,MI
Entertainment Store 188,"POS transaction - Entertainment Store 188 (Entertainment), amount 18.24",18.24,Digital Wallet,New York,NY
DiningOut Store 218,Card purchase at DiningOut Store 218 for 26.79 USD (DiningOut),26.79,Credit Card,Boston,MA
American Airlines,"Online payment to American Airlines - PersonalCare, 19.33",19.33,Digital Wallet,Denver,CO
Panera Bread,"Mobile app payment at Panera Bread, DiningOut, 51.71",51.71,Digital Wallet,Boston,MA
Aldi,"Online payment to Aldi - Groceries, 5.67",5.67,Digital Wallet,Austin,TX
Transport Store 097,Card purchase at Transport Store 097 for 11.87 USD (Transport),11.87,Digital Wallet,Boston,MA
Entertainment Store 169,"Mobile app payment at Entertainment Store 169, Entertainment, 77.25",77.25,Cash,San Francisco,CA
Spotify,Card purchase at Spotify for 31.05 USD (Entertainment),31.05,Digital Wallet,Miami,FL
Groceries Store 217,"Online payment to Groceries Store 217 - Groceries, 51.45",51.45,ACH,Ann Arbor,MI
Farmer Market,"Mobile app payment at Farmer Market, Miscellaneous, 24.44",24.44,Credit Card,Austin,TX
Transport Store 119,Card purchase at Transport Store 119 for 53.32 USD (Transport),53.32,Digital Wallet,San Francisco,CA
Chase Credit Card,"Bills spend at Chase Credit Card, total 271.99",271.99,Cash,New York,NY
DiningOut Store 018,"DiningOut spend at DiningOut Store 018, total 17.87",17.87,ACH,New York,NY
Miscellaneous Store 081,"POS transaction - Miscellaneous Store 081 (Bills), amount 295.17",295.17,Cash,Chicago,IL
Travel Store 059,"POS transaction - Travel Store 059 (Travel), amount 273.64",273.64,Digital Wallet,Detroit,MI
UM-Flint,"POS transaction - UM-Flint (Education), amount 199.61",199.61,Cash,Chicago,IL
Apple Store,Card purchase at Apple Store for 168.83 USD (Shopping),168.83,Credit Card,Chicago,IL
Miscellaneous Store 061,"POS transaction - Miscellaneous Store 061 (Entertainment), amount 116.33",116.33,Credit Card,Ann Arbor,MI
Southwest,Card purchase at Southwest for 298.37 USD (Travel),298.37,Cash,Detroit,MI
Shopping Store 190,"POS transaction - Shopping Store 190 (Shopping), amount 52.52",52.52,Debit Card,Ann Arbor,MI
Best Buy,"Online payment to Best Buy - Shopping, 261.45",261.45,Debit Card,New York,NY
Walmart.com,"Mobile app payment at Walmart.com, Shopping, 66.05",66.05,Credit Card,Chicago,IL
PersonalCare Store 202,"Mobile app payment at PersonalCare Store 202, PersonalCare, 19.89",19.89,Cash,Denver,CO
Shopping Store 216,"Shopping spend at Shopping Store 216, total 5.00",5.0,Credit Card,New York,NY
Healthcare Store 126,"DiningOut spend at Healthcare Store 126, total 90.20",90.2,ACH,San Francisco,CA
Shopping Store 190,"Mobile app payment at Shopping Store 190, Shopping, 72.12",72.12,Debit Card,Denver,CO
Target.com,"Groceries spend at Target.com, total 15.96",15.96,Cash,Boston,MA
Rite Aid,"Mobile app payment at Rite Aid, Healthcare, 69.45",69.45,Digital Wallet,Denver,CO
Subway,Card purchase at Subway for 39.81 USD (DiningOut),39.81,Cash,New York,NY
eBay,"Mobile app payment at eBay, Miscellaneous, 5.00",5.0,Credit Card,Austin,TX
Groceries Store 056,"Groceries spend at Groceries Store 056, total 79.77",79.77,Digital Wallet,New York,NY
AMC Theatres,"Mobile app payment at AMC Theatres, Entertainment, 61.53",61.53,Credit Card,Miami,FL
Entertainment Store 201,"Online payment to Entertainment Store 201 - Entertainment, 29.09",29.09,Digital Wallet,Detroit,MI
Family Doctor,Card purchase at Family Doctor for 35.14 USD (Healthcare),35.14,Cash,Denver,CO
Comcast,"Online payment to Comcast - Utilities, 159.79",159.79,Debit Card,Chicago,IL
Bills Store 101,"Online payment to Bills Store 101 - Bills, 199.96",199.96,Debit Card,Ann Arbor,MI
AMC Theatres,Card purchase at AMC Theatres for 29.71 USD (Entertainment),29.71,ACH,Denver,CO
Healthcare Store 029,"Healthcare spend at Healthcare Store 029, total 232.75",232.75,ACH,Boston,MA
Steam,Card purchase at Steam for 26.97 USD (Entertainment),26.97,ACH,Chicago,IL
DiningOut Store 196,Card purchase at DiningOut Store 196 for 130.55 USD (Shopping),130.55,Digital Wallet,Seattle,WA
AMC Theatres,"Transport spend at AMC Theatres, total 60.67",60.67,Digital Wallet,Boston,MA
Transport Store 097,"Transport spend at Transport Store 097, total 69.23",69.23,ACH,New York,NY
Utilities Store 070,"POS transaction - Utilities Store 070 (Transport), amount 68.75",68.75,Cash,Ann Arbor,MI
Groceries Store 150,"Groceries spend at Groceries Store 150, total 10.96",10.96,Digital Wallet,Detroit,MI
Amtrak,"Entertainment spend at Amtrak, total 14.83",14.83,Debit Card,Seattle,WA
Entertainment Store 201,Card purchase at Entertainment Store 201 for 82.62 USD (Entertainment),82.62,ACH,Detroit,MI
Shopping Store 154,"Online payment to Shopping Store 154 - Shopping, 154.34",154.34,ACH,Ann Arbor,MI
Bills Store 173,Card purchase at Bills Store 173 for 29.95 USD (Bills),29.95,Digital Wallet,Austin,TX
Utilities Store 176,"Online payment to Utilities Store 176 - Education, 241.17",241.17,Debit Card,Denver,CO
Groceries Store 127,Card purchase at Groceries Store 127 for 5.00 USD (Groceries),5.0,Digital Wallet,Chicago,IL
Transport Store 032,"Online payment to Transport Store 032 - Transport, 52.67",52.67,ACH,Boston,MA
Groceries Store 036,"Online payment to Groceries Store 036 - Groceries, 68.11",68.11,Credit Card,Miami,FL
DiningOut Store 010,"Online payment to DiningOut Store 010 - DiningOut, 22.41",22.41,ACH,Boston,MA
Bills Store 014,"Online payment to Bills Store 014 - Bills, 69.77",69.77,Credit Card,Boston,MA
Bills Store 149,"Bills spend at Bills Store 149, total 357.74",357.74,Debit Card,Chicago,IL
Costco,"Mobile app payment at Costco, Groceries, 111.03",111.03,Cash,Detroit,MI
Shopping Store 088,"Mobile app payment at Shopping Store 088, Shopping, 5.00",5.0,Credit Card,Chicago,IL
BP,"Transport spend at BP, total 62.48",62.48,Credit Card,Austin,TX
Aldi,"Online payment to Aldi - Groceries, 139.71",139.71,Debit Card,Boston,MA
Groceries Store 150,"POS transaction - Groceries Store 150 (Groceries), amount 92.92",92.92,ACH,Detroit,MI
Groceries Store 036,"Online payment to Groceries Store 036 - Shopping, 119.18",119.18,Digital Wallet,Austin,TX
Shopping Store 211,"POS transaction - Shopping Store 211 (Shopping), amount 250.73",250.73,Digital Wallet,Austin,TX
Office Supply Store,"POS transaction - Office Supply Store (Miscellaneous), amount 53.06",53.06,Digital Wallet,Austin,TX
Aldi,Card purchase at Aldi for 72.53 USD (Groceries),72.53,Credit Card,Detroit,MI
Kroger,"Groceries spend at Kroger, total 86.65",86.65,Digital Wallet,Chicago,IL
Travel Store 191,"Utilities spend at Travel Store 191, total 136.37",136.37,ACH,Boston,MA
Costco,"Groceries spend at Costco, total 93.55",93.55,Digital Wallet,Chicago,IL
Bills Store 103,"Online payment to Bills Store 103 - Bills, 259.22",259.22,ACH,Miami,FL
Groceries Store 036,"Online payment to Groceries Store 036 - Groceries, 57.44",57.44,Credit Card,Denver,CO
Transport Store 032,Card purchase at Transport Store 032 for 64.87 USD (Transport),64.87,Debit Card,Chicago,IL
Gas Utility,"Mobile app payment at Gas Utility, Utilities, 148.43",148.43,Cash,San Francisco,CA
Bills Store 207,"Online payment to Bills Store 207 - Bills, 220.48",220.48,ACH,Boston,MA
Airbnb,"POS transaction - Airbnb (Travel), amount 152.11",152.11,Cash,New York,NY
Whole Foods,Card purchase at Whole Foods for 157.49 USD (Groceries),157.49,ACH,Detroit,MI
Entertainment Store 163,"POS transaction - Entertainment Store 163 (Entertainment), amount 78.35",78.35,Cash,New York,NY
Aldi,"POS transaction - Aldi (Groceries), amount 94.94",94.94,Credit Card,New York,NY
Bills Store 090,"Bills spend at Bills Store 090, total 158.72",158.72,Digital Wallet,Denver,CO
Farmer Market,"Online payment to Farmer Market - Miscellaneous, 79.46",79.46,ACH,Chicago,IL
Gas Utility,"POS transaction - Gas Utility (Utilities), amount 67.36",67.36,Debit Card,Austin,TX
Groceries Store 170,"Online payment to Groceries Store 170 - Groceries, 93.93",93.93,ACH,Miami,FL
PersonalCare Store 095,"Online payment to PersonalCare Store 095 - PersonalCare, 5.00",5.0,Cash,San Francisco,CA
Marriott Hotels,"Mobile app payment at Marriott Hotels, Travel, 113.33",113.33,Debit Card,New York,NY
Groceries Store 127,Card purchase at Groceries Store 127 for 148.41 USD (Groceries),148.41,ACH,Miami,FL
Groceries Store 127,"Groceries spend at Groceries Store 127, total 55.48",55.48,Digital Wallet,New York,NY
PersonalCare Store 093,"Mobile app payment at PersonalCare Store 093, PersonalCare, 5.00",5.0,Debit Card,Chicago,IL
Utilities Store 031,"POS transaction - Utilities Store 031 (Utilities), amount 38.34",38.34,Digital Wallet,San Francisco,CA
Transport Store 052,Card purchase at Transport Store 052 for 35.74 USD (Transport),35.74,Cash,Chicago,IL
Xbox Live,Card purchase at Xbox Live for 129.01 USD (Utilities),129.01,Digital Wallet,Boston,MA
Shopping Store 190,"Mobile app payment at Shopping Store 190, Shopping, 129.94",129.94,Debit Card,Boston,MA
Groceries Store 170,"POS transaction - Groceries Store 170 (Groceries), amount 69.50",69.5,Credit Card,San Francisco,CA
Transport Store 142,Card purchase at Transport Store 142 for 57.72 USD (Transport),57.72,Digital Wallet,San Francisco,CA
DiningOut Store 218,"Mobile app payment at DiningOut Store 218, DiningOut, 14.74",14.74,Cash,Chicago,IL
Transport Store 102,"Online payment to Transport Store 102 - Transport, 50.04",50.04,Cash,Detroit,MI
IKEA,"Shopping spend at IKEA, total 35.59",35.59,Debit Card,Denver,CO
Miscellaneous Store 145,"Online payment to Miscellaneous Store 145 - Miscellaneous, 90.85",90.85,Cash,San Francisco,CA
Home Depot,"POS transaction - Home Depot (Shopping), amount 193.64",193.64,Credit Card,Seattle,WA
PersonalCare Store 179,Card purchase at PersonalCare Store 179 for 5.55 USD (PersonalCare),5.55,Cash,San Francisco,CA
Bills Store 107,Card purchase at Bills Store 107 for 143.59 USD (Bills),143.59,Credit Card,Denver,CO
Groceries Store 138,Card purchase at Groceries Store 138 for 47.17 USD (DiningOut),47.17,Credit Card,Miami,FL
Whole Foods,"Mobile app payment at Whole Foods, Groceries, 118.79",118.79,ACH,Austin,TX
Groceries Store 069,"Mobile app payment at Groceries Store 069, Groceries, 135.56",135.56,Digital Wallet,San Francisco,CA
Lowes,"Online payment to Lowes - Shopping, 178.79",178.79,Digital Wallet,Detroit,MI
Entertainment Store 065,"POS transaction - Entertainment Store 065 (DiningOut), amount 45.95",45.95,Debit Card,Seattle,WA
Shopping Store 077,"Online payment to Shopping Store 077 - Groceries, 76.86",76.86,Debit Card,Seattle,WA
Property Taxes,"Online payment to Property Taxes - Bills, 331.26",331.26,Cash,Miami,FL
Entertainment Store 022,Card purchase at Entertainment Store 022 for 35.93 USD (Entertainment),35.93,Debit Card,San Francisco,CA
DiningOut Store 218,"Online payment to DiningOut Store 218 - DiningOut, 31.70",31.7,Cash,San Francisco,CA
Regal Cinemas,"Entertainment spend at Regal Cinemas, total 43.32",43.32,Credit Card,Denver,CO
Xbox Live,"POS transaction - Xbox Live (Groceries), amount 45.11",45.11,Cash,Ann Arbor,MI
Whole Foods,"Online payment to Whole Foods - Groceries, 20.72",20.72,Credit Card,Austin,TX
DiningOut Store 033,"Online payment to DiningOut Store 033 - DiningOut, 17.41",17.41,Credit Card,Chicago,IL
DiningOut Store 083,"POS transaction - DiningOut Store 083 (DiningOut), amount 37.00",37.0,Digital Wallet,Austin,TX
DiningOut Store 083,"Online payment to DiningOut Store 083 - DiningOut, 21.97",21.97,Cash,Chicago,IL
Bills Store 016,Card purchase at Bills Store 016 for 54.27 USD (Transport),54.27,Credit Card,Chicago,IL
Utilities Store 121,"Online payment to Utilities Store 121 - Utilities, 107.36",107.36,ACH,San Francisco,CA
Transport Store 102,"POS transaction - Transport Store 102 (Transport), amount 46.05",46.05,Credit Card,Austin,TX
Uber Airport,"Groceries spend at Uber Airport, total 115.03",115.03,Digital Wallet,Austin,TX
Internet Bill AutoPay,"POS transaction - Internet Bill AutoPay (Bills), amount 147.38",147.38,Credit Card,Seattle,WA
Entertainment Store 094,Card purchase at Entertainment Store 094 for 63.29 USD (Entertainment),63.29,Cash,Boston,MA
Transport Store 148,"Transport spend at Transport Store 148, total 124.47",124.47,ACH,New York,NY
Utilities Store 055,"POS transaction - Utilities Store 055 (Utilities), amount 97.11",97.11,Debit Card,Ann Arbor,MI
DiningOut Store 198,"Shopping spend at DiningOut Store 198, total 159.50",159.5,Cash,Chicago,IL
Groceries Store 127,Card purchase at Groceries Store 127 for 23.13 USD (Groceries),23.13,ACH,San Francisco,CA
Shopping Store 154,"Shopping spend at Shopping Store 154, total 131.10",131.1,ACH,Miami,FL
Shopping Store 216,"Shopping spend at Shopping Store 216, total 6.47",6.47,ACH,Seattle,WA
Groceries Store 069,"Mobile app payment at Groceries Store 069, Groceries, 11.58",11.58,Credit Card,Seattle,WA
Healthcare Store 034,Card purchase at Healthcare Store 034 for 176.10 USD (Healthcare),176.1,Credit Card,Miami,FL
Groceries Store 056,"POS transaction - Groceries Store 056 (Groceries), amount 40.76",40.76,ACH,Detroit,MI
Miscellaneous Store 145,"Mobile app payment at Miscellaneous Store 145, Miscellaneous, 83.02",83.02,Debit Card,New York,NY
Healthcare Store 129,"Mobile app payment at Healthcare Store 129, Healthcare, 123.82",123.82,Digital Wallet,Ann Arbor,MI
AMC Theatres,"Mobile app payment at AMC Theatres, Entertainment, 72.63",72.63,Cash,New York,NY
Sephora,Card purchase at Sephora for 15.76 USD (PersonalCare),15.76,Debit Card,Denver,CO
Transport Store 009,Card purchase at Transport Store 009 for 20.19 USD (DiningOut),20.19,Digital Wallet,Chicago,IL
Travel Store 204,"Mobile app payment at Travel Store 204, Travel, 234.88",234.88,Debit Card,Chicago,IL
Healthcare Store 159,Card purchase at Healthcare Store 159 for 183.62 USD (Travel),183.62,Credit Card,Austin,TX
Municipal Utilities,"Online payment to Municipal Utilities - Utilities, 106.31",106.31,Credit Card,Chicago,IL
Discover Card,"Online payment to Discover Card - Entertainment, 61.79",61.79,Digital Wallet,Ann Arbor,MI
Groceries Store 069,Card purchase at Groceries Store 069 for 47.79 USD (Groceries),47.79,Credit Card,Seattle,WA
Groceries Store 069,"POS transaction - Groceries Store 069 (Groceries), amount 147.65",147.65,Credit Card,Miami,FL
Pet Store,"POS transaction - Pet Store (Miscellaneous), amount 74.44",74.44,ACH,Boston,MA
Utilities Store 091,"Utilities spend at Utilities Store 091, total 104.62",104.62,Cash,Seattle,WA
Transport Store 097,"Mobile app payment at Transport Store 097, Transport, 56.20",56.2,Digital Wallet,Miami,FL
Groceries Store 170,"Online payment to Groceries Store 170 - Transport, 56.63",56.63,Cash,Denver,CO
Coding Bootcamp,"Mobile app payment at Coding Bootcamp, Entertainment, 71.44",71.44,Debit Card,Denver,CO
Chevron,Card purchase at Chevron for 30.15 USD (Transport),30.15,Cash,Detroit,MI
Utilities Store 186,"POS transaction - Utilities Store 186 (Utilities), amount 132.10",132.1,Debit Card,Seattle,WA
PersonalCare Store 093,"POS transaction - PersonalCare Store 093 (Bills), amount 223.49",223.49,Digital Wallet,Denver,CO
Verizon,Card purchase at Verizon for 82.24 USD (Groceries),82.24,Cash,San Francisco,CA
Property Taxes,"Bills spend at Property Taxes, total 223.62",223.62,Cash,Seattle,WA
Bills Store 092,"Bills spend at Bills Store 092, total 254.02",254.02,ACH,Denver,CO
DisneyPlus,"POS transaction - DisneyPlus (Entertainment), amount 88.36",88.36,Credit Card,Boston,MA
eBay,"PersonalCare spend at eBay, total 14.13",14.13,ACH,Seattle,WA
Amtrak,"Online payment to Amtrak - Transport, 46.13",46.13,Cash,Denver,CO
Groceries Store 217,"Groceries spend at Groceries Store 217, total 23.54",23.54,ACH,San Francisco,CA
Trader Joes,"Mobile app payment at Trader Joes, Groceries, 73.28",73.28,ACH,Ann Arbor,MI
Groceries Store 147,"Groceries spend at Groceries Store 147, total 8.05",8.05,Cash,Chicago,IL
Healthcare Store 115,"Online payment to Healthcare Store 115 - Healthcare, 250.58",250.58,Credit Card,San Francisco,CA
Kroger,"Mobile app payment at Kroger, Groceries, 82.49",82.49,Digital Wallet,San Francisco,CA
Bills Store 101,"Bills spend at Bills Store 101, total 167.56",167.56,Credit Card,San Francisco,CA
Chipotle,"Mobile app payment at Chipotle, Utilities, 153.28",153.28,ACH,Ann Arbor,MI
Transport Store 032,Card purchase at Transport Store 032 for 58.22 USD (Transport),58.22,Digital Wallet,San Francisco,CA
Charity Donation,Card purchase at Charity Donation for 22.44 USD (Miscellaneous),22.44,ACH,Austin,TX
DiningOut Store 218,"POS transaction - DiningOut Store 218 (Education), amount 347.23",347.23,Digital Wallet,San Francisco,CA
Healthcare Store 115,"Mobile app payment at Healthcare Store 115, Healthcare, 120.66",120.66,Cash,Miami,FL
Miscellaneous Store 061,"POS transaction - Miscellaneous Store 061 (Groceries), amount 29.61",29.61,Credit Card,New York,NY
Shopping Store 111,"DiningOut spend at Shopping Store 111, total 5.00",5.0,Cash,Seattle,WA
DiningOut Store 172,Card purchase at DiningOut Store 172 for 12.40 USD (DiningOut),12.4,Credit Card,New York,NY
Groceries Store 117,"POS transaction - Groceries Store 117 (Groceries), amount 62.17",62.17,Digital Wallet,Denver,CO
Groceries Store 217,"Online payment to Groceries Store 217 - Groceries, 127.51",127.51,Debit Card,Chicago,IL
eBay,"Mobile app payment at eBay, Miscellaneous, 61.04",61.04,Digital Wallet,Miami,FL
Lyft,Card purchase at Lyft for 34.87 USD (Transport),34.87,ACH,Chicago,IL
Regal Cinemas,Card purchase at Regal Cinemas for 51.76 USD (Entertainment),51.76,Cash,Seattle,WA
Amtrak,"Online payment to Amtrak - Transport, 12.49",12.49,Cash,Chicago,IL
Groceries Store 056,"Online payment to Groceries Store 056 - Groceries, 81.35",81.35,Credit Card,New York,NY
Pizza Hut,"POS transaction - Pizza Hut (DiningOut), amount 57.34",57.34,ACH,Boston,MA
Education Store 162,Card purchase at Education Store 162 for 333.64 USD (Education),333.64,Digital Wallet,Miami,FL
Travel Store 098,"Online payment to Travel Store 098 - Shopping, 83.71",83.71,ACH,San Francisco,CA
BP,"POS transaction - BP (Transport), amount 19.49",19.49,Debit Card,Ann Arbor,MI
Xfinity,"Online payment to Xfinity - PersonalCare, 31.46",31.46,Digital Wallet,Boston,MA
Groceries Store 138,Card purchase at Groceries Store 138 for 51.72 USD (Groceries),51.72,Cash,Denver,CO
Bills Store 160,Card purchase at Bills Store 160 for 166.73 USD (Bills),166.73,Debit Card,Seattle,WA
PersonalCare Store 179,"POS transaction - PersonalCare Store 179 (PersonalCare), amount 40.84",40.84,Cash,Ann Arbor,MI
Shopping Store 077,"POS transaction - Shopping Store 077 (Shopping), amount 50.15",50.15,Credit Card,Austin,TX
Publix,"Mobile app payment at Publix, Groceries, 165.74",165.74,Cash,San Francisco,CA
DiningOut Store 196,"Mobile app payment at DiningOut Store 196, DiningOut, 55.65",55.65,ACH,Seattle,WA
Skillshare,"Online payment to Skillshare - Education, 174.25",174.25,Cash,New York,NY
Groceries Store 036,"Online payment to Groceries Store 036 - Groceries, 130.37",130.37,Credit Card,Ann Arbor,MI
Panera Bread,"Mobile app payment at Panera Bread, DiningOut, 45.59",45.59,Credit Card,Ann Arbor,MI
Community College,Card purchase at Community College for 278.90 USD (Education),278.9,Digital Wallet,Detroit,MI
Entertainment Store 201,"Mobile app payment at Entertainment Store 201, Entertainment, 72.17",72.17,ACH,Boston,MA
Education Store 123,"Online payment to Education Store 123 - Education, 195.29",195.29,Cash,Seattle,WA
Shell,"Online payment to Shell - Transport, 30.11",30.11,ACH,Detroit,MI
Groceries Store 104,Card purchase at Groceries Store 104 for 91.35 USD (Groceries),91.35,Debit Card,Miami,FL
eBay,Card purchase at eBay for 58.00 USD (Miscellaneous),58.0,ACH,Boston,MA
DiningOut Store 058,"DiningOut spend at DiningOut Store 058, total 7.83",7.83,Credit Card,Seattle,WA
DiningOut Store 074,"Online payment to DiningOut Store 074 - DiningOut, 33.97",33.97,Digital Wallet,Miami,FL
PersonalCare Store 037,Card purchase at PersonalCare Store 037 for 50.86 USD (PersonalCare),50.86,Debit Card,Chicago,IL
Utilities Store 031,Card purchase at Utilities Store 031 for 110.76 USD (Utilities),110.76,Credit Card,Austin,TX
Home Depot,"POS transaction - Home Depot (Shopping), amount 13.05",13.05,Debit Card,Denver,CO
Hilton Hotels,Card purchase at Hilton Hotels for 136.62 USD (Shopping),136.62,Credit Card,Miami,FL
Shopping Store 167,Card purchase at Shopping Store 167 for 63.63 USD (Shopping),63.63,Debit Card,Boston,MA
Bills Store 090,"Mobile app payment at Bills Store 090, Bills, 261.37",261.37,Digital Wallet,Seattle,WA
Walmart,"Online payment to Walmart - Groceries, 5.00",5.0,Debit Card,Detroit,MI
Comcast,Card purchase at Comcast for 111.58 USD (Utilities),111.58,Cash,Miami,FL
Groceries Store 138,"Mobile app payment at Groceries Store 138, Groceries, 9.81",9.81,ACH,Denver,CO
Shopping Store 190,Card purchase at Shopping Store 190 for 84.62 USD (Shopping),84.62,ACH,Chicago,IL
Utilities Store 082,Card purchase at Utilities Store 082 for 94.81 USD (Utilities),94.81,Cash,Detroit,MI
Transport Store 142,"Online payment to Transport Store 142 - Transport, 53.06",53.06,ACH,Chicago,IL
Starbucks,Card purchase at Starbucks for 32.87 USD (DiningOut),32.87,ACH,Austin,TX
Trader Joes,"POS transaction - Trader Joes (Groceries), amount 5.00",5.0,ACH,Austin,TX
Utilities Store 124,"POS transaction - Utilities Store 124 (Transport), amount 105.56",105.56,Debit Card,Seattle,WA
Adidas,"Shopping spend at Adidas, total 84.13",84.13,Debit Card,Seattle,WA
Starbucks,"DiningOut spend at Starbucks, total 46.54",46.54,ACH,Denver,CO
Entertainment Store 163,"POS transaction - Entertainment Store 163 (Entertainment), amount 17.08",17.08,Cash,Miami,FL
Utilities Store 214,"Mobile app payment at Utilities Store 214, Utilities, 106.89",106.89,Cash,Detroit,MI
Steam,"Mobile app payment at Steam, Entertainment, 34.07",34.07,Credit Card,Detroit,MI
Groceries Store 147,Card purchase at Groceries Store 147 for 66.40 USD (Groceries),66.4,Debit Card,Miami,FL
Shopping Store 206,"Mobile app payment at Shopping Store 206, PersonalCare, 21.04",21.04,ACH,New York,NY
Groceries Store 036,"Online payment to Groceries Store 036 - Groceries, 82.30",82.3,Debit Card,Detroit,MI
Property Taxes,"Online payment to Property Taxes - Transport, 89.82",89.82,Cash,Chicago,IL
Transport Store 168,"Mobile app payment at Transport Store 168, Transport, 34.95",34.95,Debit Card,New York,NY
Miscellaneous Store 024,"Mobile app payment at Miscellaneous Store 024, Miscellaneous, 116.90",116.9,Digital Wallet,New York,NY
Bills Store 173,"POS transaction - Bills Store 173 (Bills), amount 183.62",183.62,Credit Card,Seattle,WA
Transport Store 032,"Online payment to Transport Store 032 - Travel, 411.30",411.3,Debit Card,Boston,MA
Shopping Store 167,"Mobile app payment at Shopping Store 167, Shopping, 54.53",54.53,Debit Card,Miami,FL
Whole Foods,"Mobile app payment at Whole Foods, Groceries, 92.31",92.31,Credit Card,Austin,TX
Entertainment Store 163,"Online payment to Entertainment Store 163 - Entertainment, 45.42",45.42,Debit Card,Austin,TX
Travel Store 191,"Mobile app payment at Travel Store 191, Shopping, 144.59",144.59,Debit Card,Boston,MA
Utilities Store 070,"POS transaction - Utilities Store 070 (Utilities), amount 129.23",129.23,ACH,New York,NY
Utilities Store 031,"POS transaction - Utilities Store 031 (Utilities), amount 139.92",139.92,Cash,Seattle,WA
Bills Store 050,"Shopping spend at Bills Store 050, total 200.48",200.48,Debit Card,Austin,TX
Groceries Store 170,"Mobile app payment at Groceries Store 170, Groceries, 101.76",101.76,ACH,Chicago,IL
Uber,Card purchase at Uber for 15.19 USD (Transport),15.19,Cash,Chicago,IL
Transport Store 148,"Transport spend at Transport Store 148, total 71.35",71.35,Digital Wallet,Denver,CO
Target,"POS transaction - Target (Groceries), amount 63.46",63.46,ACH,Seattle,WA
Miscellaneous Store 024,Card purchase at Miscellaneous Store 024 for 113.48 USD (Utilities),113.48,Debit Card,Boston,MA
Starbucks,"POS transaction - Starbucks (Transport), amount 17.52",17.52,Cash,Boston,MA
Utilities Store 185,"POS transaction - Utilities Store 185 (Utilities), amount 86.69",86.69,Credit Card,San Francisco,CA
DiningOut Store 196,Card purchase at DiningOut Store 196 for 32.40 USD (DiningOut),32.4,Cash,Chicago,IL
Chevron,"Mobile app payment at Chevron, Transport, 5.00",5.0,Cash,Boston,MA
Utilities Store 186,"Online payment to Utilities Store 186 - Utilities, 135.25",135.25,Digital Wallet,San Francisco,CA
Transport Store 142,Card purchase at Transport Store 142 for 54.04 USD (Transport),54.04,ACH,San Francisco,CA
Walmart,"Groceries spend at Walmart, total 8.19",8.19,Debit Card,Chicago,IL
Travel Store 122,"Travel spend at Travel Store 122, total 256.35",256.35,Credit Card,Denver,CO
Shopping Store 136,Card purchase at Shopping Store 136 for 71.85 USD (Shopping),71.85,Cash,Detroit,MI
Travel Store 015,"Mobile app payment at Travel Store 015, Travel, 129.29",129.29,ACH,Miami,FL
Groceries Store 069,"Mobile app payment at Groceries Store 069, Groceries, 132.20",132.2,Cash,Boston,MA
Bills Store 207,Card purchase at Bills Store 207 for 271.16 USD (Bills),271.16,Cash,Chicago,IL
Groceries Store 150,"POS transaction - Groceries Store 150 (Groceries), amount 54.97",54.97,Debit Card,Boston,MA
DiningOut Store 120,"Mobile app payment at DiningOut Store 120, DiningOut, 25.50",25.5,Credit Card,Miami,FL
Groceries Store 170,"Groceries spend at Groceries Store 170, total 62.77",62.77,ACH,Denver,CO
Trader Joes,"Online payment to Trader Joes - Groceries, 119.82",119.82,Credit Card,Boston,MA
Entertainment Store 139,"Online payment to Entertainment Store 139 - Entertainment, 5.00",5.0,Credit Card,Boston,MA
Groceries Store 104,"Groceries spend at Groceries Store 104, total 69.13",69.13,Cash,Miami,FL
Shopping Store 152,"Mobile app payment at Shopping Store 152, Shopping, 123.06",123.06,ACH,Chicago,IL
Optometry Center,"Online payment to Optometry Center - Healthcare, 173.88",173.88,ACH,Boston,MA
Exxon,"POS transaction - Exxon (Transport), amount 28.19",28.19,ACH,Chicago,IL
DiningOut Store 178,Card purchase at DiningOut Store 178 for 43.62 USD (DiningOut),43.62,Digital Wallet,Ann Arbor,MI
Shopping Store 066,"Mobile app payment at Shopping Store 066, Shopping, 174.22",174.22,Credit Card,Miami,FL
Travel Store 212,Card purchase at Travel Store 212 for 327.40 USD (Travel),327.4,ACH,New York,NY
Verizon,"POS transaction - Verizon (Utilities), amount 74.24",74.24,Digital Wallet,Chicago,IL
Education Store 085,"Education spend at Education Store 085, total 148.61",148.61,Cash,Austin,TX
Bills Store 028,"Mobile app payment at Bills Store 028, Bills, 197.01",197.01,Debit Card,Ann Arbor,MI
Transport Store 032,"Mobile app payment at Transport Store 032, Transport, 40.61",40.61,ACH,Chicago,IL
Hair Salon,Card purchase at Hair Salon for 10.99 USD (PersonalCare),10.99,Digital Wallet,San Francisco,CA
Entertainment Store 065,"POS transaction - Entertainment Store 065 (Bills), amount 203.97",203.97,Debit Card,Detroit,MI
Bills Store 213,"Mobile app payment at Bills Store 213, PersonalCare, 49.73",49.73,Credit Card,Boston,MA
Marriott Hotels,"Mobile app payment at Marriott Hotels, Travel, 5.00",5.0,Cash,Ann Arbor,MI
Target,Card purchase at Target for 73.25 USD (Groceries),73.25,Debit Card,Ann Arbor,MI
Trader Joes,"Mobile app payment at Trader Joes, Groceries, 8.77",8.77,Debit Card,Chicago,IL
Travel Store 174,"Online payment to Travel Store 174 - Travel, 261.17",261.17,Debit Card,Detroit,MI
Transport Store 168,"POS transaction - Transport Store 168 (Transport), amount 76.76",76.76,Cash,San Francisco,CA
Publix,Card purchase at Publix for 63.47 USD (Groceries),63.47,Credit Card,Miami,FL
DTE Energy,"POS transaction - DTE Energy (Utilities), amount 91.56",91.56,ACH,San Francisco,CA
Miscellaneous Store 046,"POS transaction - Miscellaneous Store 046 (Miscellaneous), amount 26.42",26.42,Credit Card,San Francisco,CA
PersonalCare Store 006,"POS transaction - PersonalCare Store 006 (PersonalCare), amount 30.50",30.5,Cash,Denver,CO
Groceries Store 170,"Online payment to Groceries Store 170 - Groceries, 42.39",42.39,ACH,Denver,CO
Healthcare Store 021,"Healthcare spend at Healthcare Store 021, total 209.85",209.85,Digital Wallet,Miami,FL
Groceries Store 036,"POS transaction - Groceries Store 036 (Utilities), amount 145.82",145.82,ACH,Boston,MA
PersonalCare Store 035,Card purchase at PersonalCare Store 035 for 22.74 USD (PersonalCare),22.74,Debit Card,Austin,TX
Healthcare Store 126,"Mobile app payment at Healthcare Store 126, Healthcare, 109.92",109.92,Digital Wallet,San Francisco,CA
Travel Store 043,"Online payment to Travel Store 043 - Travel, 376.51",376.51,Digital Wallet,Detroit,MI
Utilities Store 004,"POS transaction - Utilities Store 004 (Education), amount 360.82",360.82,Debit Card,Austin,TX
Utilities Store 114,"Mobile app payment at Utilities Store 114, Utilities, 106.90",106.9,Credit Card,Denver,CO
City Parking Garage,"Online payment to City Parking Garage - Transport, 22.86",22.86,ACH,Boston,MA
Metro Transit,"POS transaction - Metro Transit (Transport), amount 41.75",41.75,Cash,Austin,TX
DiningOut Store 133,"DiningOut spend at DiningOut Store 133, total 64.29",64.29,Cash,San Francisco,CA
Property Taxes,Card purchase at Property Taxes for 196.92 USD (Travel),196.92,Digital Wallet,Seattle,WA
Healthcare Store 079,"Healthcare spend at Healthcare Store 079, total 208.39",208.39,ACH,Boston,MA
Shopping Store 066,"POS transaction - Shopping Store 066 (Shopping), amount 177.08",177.08,ACH,Denver,CO
Utilities Store 091,Card purchase at Utilities Store 091 for 121.24 USD (Utilities),121.24,Credit Card,San Francisco,CA
Lowes,Card purchase at Lowes for 167.21 USD (Shopping),167.21,Digital Wallet,Seattle,WA
Utilities Store 183,Card purchase at Utilities Store 183 for 156.92 USD (Utilities),156.92,Cash,Detroit,MI
PersonalCare Store 037,Card purchase at PersonalCare Store 037 for 64.04 USD (Utilities),64.04,ACH,Boston,MA
Dave & Busters,Card purchase at Dave & Busters for 42.65 USD (Transport),42.65,Digital Wallet,Ann Arbor,MI
Auto Loan Servicer,"Groceries spend at Auto Loan Servicer, total 53.49",53.49,Cash,Seattle,WA
Entertainment Store 169,Card purchase at Entertainment Store 169 for 13.73 USD (Entertainment),13.73,ACH,Chicago,IL
Family Doctor,"Mobile app payment at Family Doctor, Healthcare, 80.14",80.14,Debit Card,Denver,CO
Utilities Store 091,"Online payment to Utilities Store 091 - Utilities, 161.17",161.17,Digital Wallet,Denver,CO
Miscellaneous Store 200,"Mobile app payment at Miscellaneous Store 200, Miscellaneous, 22.79",22.79,Digital Wallet,Austin,TX
Miscellaneous Store 024,Card purchase at Miscellaneous Store 024 for 69.20 USD (Miscellaneous),69.2,Credit Card,Austin,TX
DiningOut Store 157,Card purchase at DiningOut Store 157 for 33.98 USD (DiningOut),33.98,ACH,New York,NY
DiningOut Store 218,Card purchase at DiningOut Store 218 for 230.95 USD (Travel),230.95,Credit Card,Miami,FL
Trader Joes,Card purchase at Trader Joes for 50.75 USD (Groceries),50.75,Digital Wallet,Detroit,MI
Entertainment Store 144,"Mobile app payment at Entertainment Store 144, Entertainment, 59.07",59.07,Digital Wallet,Ann Arbor,MI
Dental Clinic,"POS transaction - Dental Clinic (Healthcare), amount 201.37",201.37,Digital Wallet,Ann Arbor,MI
Farmer Market,"Online payment to Farmer Market - Entertainment, 38.03",38.03,Digital Wallet,Seattle,WA
Walmart.com,"Online payment to Walmart.com - Shopping, 76.92",76.92,Credit Card,Ann Arbor,MI
Transport Store 009,Card purchase at Transport Store 009 for 7.34 USD (Transport),7.34,Debit Card,Austin,TX
IKEA,"POS transaction - IKEA (Miscellaneous), amount 5.00",5.0,Cash,Boston,MA
Municipal Utilities,Card purchase at Municipal Utilities for 5.00 USD (Utilities),5.0,Digital Wallet,Seattle,WA
American Airlines,"Mobile app payment at American Airlines, Travel, 184.48",184.48,Credit Card,Detroit,MI
DiningOut Store 010,"POS transaction - DiningOut Store 010 (DiningOut), amount 67.25",67.25,ACH,New York,NY
Nail Spa,"Online payment to Nail Spa - Entertainment, 78.33",78.33,Cash,Denver,CO
Utilities Store 140,"Mobile app payment at Utilities Store 140, Utilities, 110.94",110.94,Credit Card,Seattle,WA
Shopping Store 143,"Shopping spend at Shopping Store 143, total 118.81",118.81,Credit Card,Detroit,MI
Shopping Store 066,"Shopping spend at Shopping Store 066, total 5.00",5.0,Digital Wallet,Chicago,IL
Exxon,"Transport spend at Exxon, total 48.77",48.77,Credit Card,Chicago,IL
DiningOut Store 001,Card purchase at DiningOut Store 001 for 23.44 USD (DiningOut),23.44,Credit Card,San Francisco,CA
Miscellaneous Store 046,Card purchase at Miscellaneous Store 046 for 58.28 USD (Miscellaneous),58.28,ACH,New York,NY
Costco,"POS transaction - Costco (Groceries), amount 34.81",34.81,Digital Wallet,San Francisco,CA
Groceries Store 150,"Mobile app payment at Groceries Store 150, Groceries, 63.89",63.89,Credit Card,Austin,TX
Travel Store 215,"POS transaction - Travel Store 215 (Travel), amount 340.80",340.8,ACH,Ann Arbor,MI
DiningOut Store 187,"POS transaction - DiningOut Store 187 (DiningOut), amount 15.72",15.72,Digital Wallet,Austin,TX
Whole Foods,"POS transaction - Whole Foods (Groceries), amount 128.14",128.14,Cash,Austin,TX
AMC Theatres,"Mobile app payment at AMC Theatres, Entertainment, 57.64",57.64,ACH,Detroit,MI
Travel Store 122,"Online payment to Travel Store 122 - Groceries, 58.74",58.74,Digital Wallet,San Francisco,CA
Lowes,"Mobile app payment at Lowes, Shopping, 5.00",5.0,Credit Card,Miami,FL
Adidas,"POS transaction - Adidas (Shopping), amount 9.00",9.0,Cash,Miami,FL
DiningOut Store 007,"DiningOut spend at DiningOut Store 007, total 45.32",45.32,Digital Wallet,Seattle,WA
Apple Store,"Mobile app payment at Apple Store, Shopping, 5.00",5.0,Debit Card,New York,NY
Travel Store 080,"Mobile app payment at Travel Store 080, Groceries, 82.24",82.24,Credit Card,Boston,MA
KFC,"DiningOut spend at KFC, total 39.39",39.39,Cash,San Francisco,CA
Healthcare Store 159,"Mobile app payment at Healthcare Store 159, Healthcare, 198.49",198.49,ACH,Boston,MA
Healthcare Store 134,"Healthcare spend at Healthcare Store 134, total 290.73",290.73,Cash,Ann Arbor,MI
DiningOut Store 133,"Online payment to DiningOut Store 133 - DiningOut, 54.20",54.2,Debit Card,Ann Arbor,MI
Community College,"Education spend at Community College, total 319.78",319.78,ACH,San Francisco,CA
DiningOut Store 198,"Mobile app payment at DiningOut Store 198, DiningOut, 20.96",20.96,ACH,Seattle,WA
DiningOut Store 100,"DiningOut spend at DiningOut Store 100, total 42.07",42.07,Digital Wallet,Chicago,IL
Internet Bill AutoPay,"Groceries spend at Internet Bill AutoPay, total 181.54",181.54,Credit Card,Seattle,WA
Walmart,"Online payment to Walmart - Groceries, 25.43",25.43,Digital Wallet,San Francisco,CA
Rite Aid,"Healthcare spend at Rite Aid, total 204.89",204.89,Digital Wallet,Denver,CO
Utilities Store 070,"Mobile app payment at Utilities Store 070, Utilities, 149.15",149.15,Cash,New York,NY
DiningOut Store 187,"Mobile app payment at DiningOut Store 187, DiningOut, 33.76",33.76,Credit Card,San Francisco,CA
Office Supply Store,"POS transaction - Office Supply Store (Miscellaneous), amount 41.26",41.26,ACH,Miami,FL
Bills Store 002,"Mobile app payment at Bills Store 002, Bills, 61.71",61.71,Digital Wallet,Austin,TX
Transport Store 097,Card purchase at Transport Store 097 for 43.49 USD (Transport),43.49,Credit Card,Seattle,WA
Xbox Live,"POS transaction - Xbox Live (Entertainment), amount 31.21",31.21,ACH,Chicago,IL
Miscellaneous Store 195,"Mobile app payment at Miscellaneous Store 195, Miscellaneous, 5.00",5.0,Debit Card,Chicago,IL
Groceries Store 045,Card purchase at Groceries Store 045 for 100.13 USD (Groceries),100.13,Digital Wallet,Seattle,WA
Bills Store 128,"Bills spend at Bills Store 128, total 369.93",369.93,Credit Card,Denver,CO
Transport Store 189,"Online payment to Transport Store 189 - Transport, 69.75",69.75,Cash,Denver,CO
Entertainment Store 063,"Mobile app payment at Entertainment Store 063, Entertainment, 80.35",80.35,Credit Card,Ann Arbor,MI
Travel Store 059,"Online payment to Travel Store 059 - Travel, 251.34",251.34,ACH,Boston,MA
Bills Store 014,Card purchase at Bills Store 014 for 117.59 USD (Bills),117.59,Cash,Detroit,MI
Groceries Store 150,"POS transaction - Groceries Store 150 (Groceries), amount 90.65",90.65,Digital Wallet,Austin,TX
Lyft,"Groceries spend at Lyft, total 76.75",76.75,Credit Card,Seattle,WA
Meijer,"POS transaction - Meijer (Groceries), amount 21.24",21.24,Debit Card,Denver,CO
PersonalCare Store 035,"POS transaction - PersonalCare Store 035 (PersonalCare), amount 13.47",13.47,ACH,Chicago,IL
DiningOut Store 198,"POS transaction - DiningOut Store 198 (DiningOut), amount 10.84",10.84,Digital Wallet,San Francisco,CA
Healthcare Store 021,"Shopping spend at Healthcare Store 021, total 140.53",140.53,ACH,Miami,FL
Trader Joes,"Mobile app payment at Trader Joes, Groceries, 86.78",86.78,Debit Card,Chicago,IL
Education Store 123,"POS transaction - Education Store 123 (Groceries), amount 139.39",139.39,Debit Card,Chicago,IL
Bills Store 128,"Mobile app payment at Bills Store 128, Bills, 106.17",106.17,Credit Card,Ann Arbor,MI
Regal Cinemas,"POS transaction - Regal Cinemas (Entertainment), amount 39.26",39.26,ACH,Chicago,IL
Entertainment Store 027,"Mobile app payment at Entertainment Store 027, Transport, 34.23",34.23,Cash,Miami,FL
Meijer,"Groceries spend at Meijer, total 52.95",52.95,Digital Wallet,Boston,MA
DiningOut Store 087,Card purchase at DiningOut Store 087 for 5.00 USD (DiningOut),5.0,ACH,Detroit,MI
Dental Clinic,"POS transaction - Dental Clinic (Healthcare), amount 186.45",186.45,Cash,Chicago,IL
Utilities Store 185,Card purchase at Utilities Store 185 for 124.08 USD (Groceries),124.08,ACH,Detroit,MI
Transport Store 142,"POS transaction - Transport Store 142 (Transport), amount 5.49",5.49,Debit Card,Austin,TX
Groceries Store 170,"Groceries spend at Groceries Store 170, total 113.52",113.52,Digital Wallet,Chicago,IL
Costco,"POS transaction - Costco (Groceries), amount 82.67",82.67,Cash,Denver,CO
Groceries Store 147,"Mobile app payment at Groceries Store 147, Groceries, 105.94",105.94,Debit Card,Denver,CO
Shopping Store 167,"POS transaction - Shopping Store 167 (Shopping), amount 55.08",55.08,Cash,Austin,TX
Shopping Store 209,Card purchase at Shopping Store 209 for 209.53 USD (Shopping),209.53,Debit Card,San Francisco,CA
Transport Store 052,"Online payment to Transport Store 052 - Transport, 73.31",73.31,Cash,Ann Arbor,MI
McDonalds,"DiningOut spend at McDonalds, total 43.36",43.36,Cash,Miami,FL
Apple Store,Card purchase at Apple Store for 5.00 USD (Miscellaneous),5.0,Debit Card,Seattle,WA
Groceries Store 150,"Groceries spend at Groceries Store 150, total 46.40",46.4,ACH,Miami,FL
Groceries Store 104,"Groceries spend at Groceries Store 104, total 39.18",39.18,Digital Wallet,Detroit,MI
Groceries Store 069,Card purchase at Groceries Store 069 for 63.14 USD (Groceries),63.14,ACH,Chicago,IL
Transport Store 119,"Online payment to Transport Store 119 - Transport, 5.00",5.0,Digital Wallet,Denver,CO
Healthcare Store 159,"Mobile app payment at Healthcare Store 159, Healthcare, 192.59",192.59,Digital Wallet,Austin,TX
Education Store 192,"Online payment to Education Store 192 - DiningOut, 34.87",34.87,Digital Wallet,Boston,MA
Hulu,"Online payment to Hulu - PersonalCare, 52.52",52.52,Debit Card,New York,NY
Groceries Store 117,"Online payment to Groceries Store 117 - Groceries, 89.79",89.79,ACH,Boston,MA
Sephora,"Mobile app payment at Sephora, PersonalCare, 83.38",83.38,ACH,New York,NY
Shopping Store 143,"POS transaction - Shopping Store 143 (Shopping), amount 5.00",5.0,Digital Wallet,New York,NY
Internet Bill AutoPay,"Mobile app payment at Internet Bill AutoPay, Bills, 478.70",478.7,Digital Wallet,Detroit,MI
Bills Store 213,"Online payment to Bills Store 213 - Bills, 323.21",323.21,Credit Card,Detroit,MI
Groceries Store 147,Card purchase at Groceries Store 147 for 47.17 USD (Groceries),47.17,Credit Card,Austin,TX
Groceries Store 127,"Online payment to Groceries Store 127 - Groceries, 120.86",120.86,Cash,Seattle,WA
Sephora,"Online payment to Sephora - PersonalCare, 19.47",19.47,Credit Card,Denver,CO
Travel Store 191,"Online payment to Travel Store 191 - Travel, 172.11",172.11,Credit Card,San Francisco,CA
Shopping Store 190,"Mobile app payment at Shopping Store 190, Shopping, 95.99",95.99,Digital Wallet,Austin,TX
Chipotle,Card purchase at Chipotle for 47.77 USD (Entertainment),47.77,ACH,Austin,TX
Amazon,"POS transaction - Amazon (Shopping), amount 195.75",195.75,Credit Card,Seattle,WA
Dominos,"Mobile app payment at Dominos, DiningOut, 14.58",14.58,Cash,Ann Arbor,MI
Education Store 123,"Mobile app payment at Education Store 123, Education, 313.33",313.33,ACH,Denver,CO
Massage Envy,"Online payment to Massage Envy - PersonalCare, 51.14",51.14,ACH,Miami,FL
Bills Store 107,"Mobile app payment at Bills Store 107, Bills, 134.68",134.68,Credit Card,Detroit,MI
Transport Store 072,Card purchase at Transport Store 072 for 8.26 USD (Transport),8.26,Credit Card,Austin,TX
Municipal Utilities,"POS transaction - Municipal Utilities (Utilities), amount 66.22",66.22,Debit Card,Chicago,IL
Publix,"POS transaction - Publix (Groceries), amount 128.07",128.07,Cash,San Francisco,CA
Chipotle,"Online payment to Chipotle - DiningOut, 5.61",5.61,Digital Wallet,Ann Arbor,MI
Groceries Store 069,"POS transaction - Groceries Store 069 (Groceries), amount 82.66",82.66,ACH,Seattle,WA
Toy Store,"POS transaction - Toy Store (Bills), amount 168.21",168.21,Digital Wallet,Boston,MA
Utilities Store 121,Card purchase at Utilities Store 121 for 197.38 USD (Utilities),197.38,Cash,Seattle,WA
Utilities Store 047,"Shopping spend at Utilities Store 047, total 114.76",114.76,ACH,Detroit,MI
BP,"Online payment to BP - Transport, 42.09",42.09,Digital Wallet,Detroit,MI
Apple Store,"POS transaction - Apple Store (Shopping), amount 157.29",157.29,ACH,Seattle,WA
Speedway,"POS transaction - Speedway (PersonalCare), amount 5.00",5.0,Digital Wallet,Seattle,WA
Starbucks,"Online payment to Starbucks - DiningOut, 28.22",28.22,Credit Card,Ann Arbor,MI
Trader Joes,"Mobile app payment at Trader Joes, Groceries, 25.80",25.8,ACH,Boston,MA
Bills Store 160,Card purchase at Bills Store 160 for 159.71 USD (Bills),159.71,Digital Wallet,Ann Arbor,MI
Urgent Care Clinic,"Mobile app payment at Urgent Care Clinic, Healthcare, 288.32",288.32,Digital Wallet,Ann Arbor,MI
PersonalCare Store 146,Card purchase at PersonalCare Store 146 for 62.58 USD (PersonalCare),62.58,Digital Wallet,New York,NY
Lowes,"Shopping spend at Lowes, total 97.02",97.02,Debit Card,Chicago,IL
Gym Membership,Card purchase at Gym Membership for 371.17 USD (Bills),371.17,Credit Card,San Francisco,CA
Verizon,"Online payment to Verizon - Utilities, 83.27",83.27,Debit Card,Austin,TX
Utilities Store 185,"POS transaction - Utilities Store 185 (Utilities), amount 5.00",5.0,Cash,Seattle,WA
Groceries Store 138,"Online payment to Groceries Store 138 - Groceries, 110.44",110.44,Digital Wallet,Austin,TX
Transport Store 078,"Mobile app payment at Transport Store 078, Transport, 81.73",81.73,Cash,Boston,MA
BP,"Online payment to BP - Transport, 31.71",31.71,Debit Card,Austin,TX
Groceries Store 045,"Groceries spend at Groceries Store 045, total 67.34",67.34,Cash,Boston,MA
Utilities Store 082,"POS transaction - Utilities Store 082 (Utilities), amount 148.81",148.81,ACH,Seattle,WA
Amazon,"Online payment to Amazon - Shopping, 138.86",138.86,ACH,Miami,FL
Subway,"Mobile app payment at Subway, DiningOut, 26.59",26.59,ACH,Denver,CO
Spectrum,"Online payment to Spectrum - Utilities, 257.73",257.73,Digital Wallet,Denver,CO
Shopping Store 066,Card purchase at Shopping Store 066 for 56.95 USD (Shopping),56.95,Debit Card,Miami,FL
Shopping Store 096,"Mobile app payment at Shopping Store 096, Shopping, 133.12",133.12,Debit Card,Boston,MA
Safeway,"Mobile app payment at Safeway, Groceries, 59.76",59.76,Debit Card,New York,NY
Travel Store 059,"Online payment to Travel Store 059 - Entertainment, 5.00",5.0,Credit Card,San Francisco,CA
Shopping Store 096,"Mobile app payment at Shopping Store 096, Shopping, 77.99",77.99,Digital Wallet,Boston,MA
Groceries Store 045,"Mobile app payment at Groceries Store 045, Groceries, 70.34",70.34,Credit Card,Miami,FL
Entertainment Store 063,Card purchase at Entertainment Store 063 for 89.88 USD (Entertainment),89.88,Credit Card,Austin,TX
McDonalds,"Mobile app payment at McDonalds, DiningOut, 29.64",29.64,ACH,Austin,TX
Phone Bill AutoPay,"POS transaction - Phone Bill AutoPay (Bills), amount 237.13",237.13,ACH,Seattle,WA
Shopping Store 209,"POS transaction - Shopping Store 209 (Shopping), amount 114.21",114.21,Credit Card,Chicago,IL
Shopping Store 096,"Shopping spend at Shopping Store 096, total 173.50",173.5,Debit Card,San Francisco,CA
BP,"Transport spend at BP, total 36.31",36.31,Credit Card,Austin,TX
Healthcare Store 011,"Mobile app payment at Healthcare Store 011, Healthcare, 161.92",161.92,ACH,Boston,MA
Travel Store 008,"POS transaction - Travel Store 008 (Travel), amount 206.28",206.28,Credit Card,Denver,CO
DiningOut Store 083,"Online payment to DiningOut Store 083 - DiningOut, 34.53",34.53,Cash,Denver,CO
Safeway,"POS transaction - Safeway (Groceries), amount 152.45",152.45,Cash,Seattle,WA
Healthcare Store 115,"Healthcare spend at Healthcare Store 115, total 232.09",232.09,Cash,Detroit,MI
Kroger,"Groceries spend at Kroger, total 119.88",119.88,Digital Wallet,New York,NY
DTE Energy,"Mobile app payment at DTE Energy, Utilities, 81.53",81.53,Digital Wallet,San Francisco,CA
Amtrak,"Online payment to Amtrak - Transport, 86.91",86.91,Credit Card,Denver,CO
BlueCross,"Healthcare spend at BlueCross, total 25.80",25.8,Debit Card,Seattle,WA
Groceries Store 147,"Groceries spend at Groceries Store 147, total 76.61",76.61,ACH,Boston,MA
Massage Envy,Card purchase at Massage Envy for 43.80 USD (PersonalCare),43.8,ACH,Boston,MA
DiningOut Store 087,"Online payment to DiningOut Store 087 - DiningOut, 70.24",70.24,Debit Card,Denver,CO
Education Store 192,"Online payment to Education Store 192 - Education, 198.34",198.34,Credit Card,Detroit,MI
Bills Store 089,"Online payment to Bills Store 089 - Groceries, 114.41",114.41,Credit Card,Chicago,IL
Shopping Store 096,"Shopping spend at Shopping Store 096, total 57.07",57.07,Cash,Seattle,WA
Utilities Store 091,"Online payment to Utilities Store 091 - Utilities, 122.16",122.16,Cash,Seattle,WA
Transport Store 102,Card purchase at Transport Store 102 for 60.32 USD (Transport),60.32,ACH,Ann Arbor,MI
DisneyPlus,"POS transaction - DisneyPlus (Entertainment), amount 60.06",60.06,Debit Card,Miami,FL
Shopping Store 167,"Shopping spend at Shopping Store 167, total 101.37",101.37,Debit Card,Boston,MA
Groceries Store 138,"Mobile app payment at Groceries Store 138, Groceries, 105.84",105.84,Cash,Chicago,IL
PersonalCare Store 220,"PersonalCare spend at PersonalCare Store 220, total 32.81",32.81,ACH,Ann Arbor,MI
PersonalCare Store 125,"Online payment to PersonalCare Store 125 - PersonalCare, 89.05",89.05,Cash,Ann Arbor,MI
Local Gift Shop,"Mobile app payment at Local Gift Shop, Miscellaneous, 33.28",33.28,Debit Card,Miami,FL
DiningOut Store 196,"POS transaction - DiningOut Store 196 (Healthcare), amount 265.63",265.63,Debit Card,San Francisco,CA
Walgreens,"Mobile app payment at Walgreens, Healthcare, 277.97",277.97,Credit Card,Boston,MA
Healthcare Store 129,"POS transaction - Healthcare Store 129 (Healthcare), amount 5.00",5.0,Cash,Denver,CO
Trader Joes,"Groceries spend at Trader Joes, total 71.74",71.74,ACH,Seattle,WA
City Taxes,Card purchase at City Taxes for 255.08 USD (Bills),255.08,Digital Wallet,Chicago,IL
Travel Store 060,"Mobile app payment at Travel Store 060, Travel, 177.85",177.85,Digital Wallet,Detroit,MI
Xbox Live,"Online payment to Xbox Live - Entertainment, 41.65",41.65,Credit Card,Chicago,IL
Travel Store 177,"Online payment to Travel Store 177 - DiningOut, 5.00",5.0,Debit Card,San Francisco,CA
Exxon,"Mobile app payment at Exxon, Transport, 28.91",28.91,Digital Wallet,Denver,CO
Shopping Store 077,"Mobile app payment at Shopping Store 077, Shopping, 50.24",50.24,Debit Card,San Francisco,CA
Transport Store 023,"Online payment to Transport Store 023 - Groceries, 106.45",106.45,Credit Card,Seattle,WA
Bills Store 051,Card purchase at Bills Store 051 for 5.00 USD (Bills),5.0,ACH,Detroit,MI
Speedway,Card purchase at Speedway for 30.15 USD (Transport),30.15,Digital Wallet,San Francisco,CA
Thrift Store,"POS transaction - Thrift Store (Miscellaneous), amount 32.12",32.12,Cash,Seattle,WA
Shopping Store 143,"Online payment to Shopping Store 143 - Shopping, 118.75",118.75,Cash,Chicago,IL
Trader Joes,Card purchase at Trader Joes for 63.85 USD (Groceries),63.85,Debit Card,Detroit,MI
Entertainment Store 139,"Mobile app payment at Entertainment Store 139, Entertainment, 56.55",56.55,Cash,Boston,MA
Miscellaneous Store 208,"Mobile app payment at Miscellaneous Store 208, Miscellaneous, 97.12",97.12,ACH,Ann Arbor,MI
Bills Store 051,Card purchase at Bills Store 051 for 346.83 USD (Bills),346.83,Credit Card,Detroit,MI
Shopping Store 152,Card purchase at Shopping Store 152 for 79.58 USD (Shopping),79.58,Digital Wallet,Austin,TX
Miscellaneous Store 153,"Online payment to Miscellaneous Store 153 - Miscellaneous, 75.75",75.75,ACH,San Francisco,CA
DiningOut Store 018,Card purchase at DiningOut Store 018 for 7.40 USD (DiningOut),7.4,Digital Wallet,Seattle,WA
Healthcare Store 113,"Mobile app payment at Healthcare Store 113, Healthcare, 5.00",5.0,Debit Card,Detroit,MI
Education Store 108,"Education spend at Education Store 108, total 144.12",144.12,Digital Wallet,Seattle,WA
Healthcare Store 021,"POS transaction - Healthcare Store 021 (Healthcare), amount 197.88",197.88,Digital Wallet,Denver,CO
Farmer Market,"Online payment to Farmer Market - Miscellaneous, 5.00",5.0,Cash,Detroit,MI
City Parking Garage,Card purchase at City Parking Garage for 39.03 USD (Transport),39.03,Debit Card,Boston,MA
Healthcare Store 057,"Mobile app payment at Healthcare Store 057, Healthcare, 89.67",89.67,Digital Wallet,New York,NY
Healthcare Store 079,Card purchase at Healthcare Store 079 for 40.96 USD (PersonalCare),40.96,ACH,Denver,CO
Local Hospital,Card purchase at Local Hospital for 144.29 USD (Utilities),144.29,ACH,Austin,TX
Kroger,"Groceries spend at Kroger, total 40.45",40.45,Debit Card,Chicago,IL
Transport Store 102,"Online payment to Transport Store 102 - Transport, 69.10",69.1,Digital Wallet,Chicago,IL
Shopping Store 111,"POS transaction - Shopping Store 111 (Shopping), amount 54.97",54.97,Credit Card,Chicago,IL
Shopping Store 209,"Online payment to Shopping Store 209 - Shopping, 41.58",41.58,Cash,Austin,TX
Miscellaneous Store 161,"Online payment to Miscellaneous Store 161 - Miscellaneous, 41.26",41.26,Digital Wallet,Austin,TX
Meijer,"Groceries spend at Meijer, total 112.50",112.5,Cash,Denver,CO
DiningOut Store 083,"DiningOut spend at DiningOut Store 083, total 38.75",38.75,Digital Wallet,Chicago,IL
Travel Store 184,Card purchase at Travel Store 184 for 451.08 USD (Travel),451.08,Credit Card,San Francisco,CA
Travel Store 215,Card purchase at Travel Store 215 for 373.55 USD (Travel),373.55,Digital Wallet,Seattle,WA
Entertainment Store 163,"Entertainment spend at Entertainment Store 163, total 65.52",65.52,ACH,Austin,TX
Travel Store 212,"POS transaction - Travel Store 212 (Travel), amount 242.51",242.51,Debit Card,Miami,FL
DiningOut Store 041,"DiningOut spend at DiningOut Store 041, total 75.47",75.47,Cash,Miami,FL
Xfinity,"Mobile app payment at Xfinity, Utilities, 82.06",82.06,Cash,Seattle,WA
Travel Store 212,Card purchase at Travel Store 212 for 163.63 USD (Utilities),163.63,Debit Card,Miami,FL
Olive Garden,"Online payment to Olive Garden - DiningOut, 5.00",5.0,Debit Card,Miami,FL
Pet Store,"Miscellaneous spend at Pet Store, total 45.98",45.98,ACH,Austin,TX
CVS Pharmacy,"POS transaction - CVS Pharmacy (Healthcare), amount 130.06",130.06,Credit Card,Miami,FL
Healthcare Store 129,Card purchase at Healthcare Store 129 for 5.00 USD (Healthcare),5.0,Debit Card,Seattle,WA
Home Depot,"Shopping spend at Home Depot, total 156.66",156.66,Cash,Miami,FL
Miscellaneous Store 200,Card purchase at Miscellaneous Store 200 for 5.91 USD (Miscellaneous),5.91,Debit Card,Seattle,WA
Walmart.com,Card purchase at Walmart.com for 31.65 USD (Shopping),31.65,Cash,Ann Arbor,MI
Healthcare Store 126,Card purchase at Healthcare Store 126 for 337.67 USD (Healthcare),337.67,Debit Card,Seattle,WA
Healthcare Store 129,Card purchase at Healthcare Store 129 for 267.31 USD (Healthcare),267.31,ACH,Seattle,WA
Utilities Store 185,"Utilities spend at Utilities Store 185, total 104.86",104.86,Cash,Denver,CO
Groceries Store 127,"Mobile app payment at Groceries Store 127, Groceries, 143.86",143.86,Digital Wallet,Denver,CO
Utilities Store 070,"Travel spend at Utilities Store 070, total 71.47",71.47,Cash,Miami,FL
Shopping Store 209,"POS transaction - Shopping Store 209 (Shopping), amount 88.16",88.16,Credit Card,Detroit,MI
Aldi,"Groceries spend at Aldi, total 119.19",119.19,Debit Card,Austin,TX
Bills Store 149,"Online payment to Bills Store 149 - Bills, 68.97",68.97,Credit Card,Denver,CO
Groceries Store 217,"Online payment to Groceries Store 217 - Groceries, 80.01",80.01,Credit Card,Denver,CO
Entertainment Store 065,"Mobile app payment at Entertainment Store 065, Utilities, 109.99",109.99,Digital Wallet,Miami,FL
Travel Store 212,"POS transaction - Travel Store 212 (Shopping), amount 152.31",152.31,Cash,Denver,CO
DiningOut Store 001,"POS transaction - DiningOut Store 001 (DiningOut), amount 13.10",13.1,Credit Card,Denver,CO
IKEA,"Shopping spend at IKEA, total 92.57",92.57,Digital Wallet,Austin,TX
City Taxes,"Entertainment spend at City Taxes, total 42.09",42.09,Digital Wallet,Austin,TX
Vitamin Shoppe,"Groceries spend at Vitamin Shoppe, total 70.78",70.78,Cash,Detroit,MI
CVS Pharmacy,Card purchase at CVS Pharmacy for 201.08 USD (Healthcare),201.08,Debit Card,Seattle,WA
Aldi,"Mobile app payment at Aldi, Groceries, 22.30",22.3,Credit Card,Ann Arbor,MI
Whole Foods,"Groceries spend at Whole Foods, total 51.73",51.73,Cash,Austin,TX
Entertainment Store 188,"Entertainment spend at Entertainment Store 188, total 26.72",26.72,Digital Wallet,Chicago,IL
Utilities Store 165,"Mobile app payment at Utilities Store 165, Entertainment, 31.31",31.31,Debit Card,San Francisco,CA
Consumers Energy,Card purchase at Consumers Energy for 126.33 USD (Utilities),126.33,Credit Card,San Francisco,CA
Entertainment Store 027,Card purchase at Entertainment Store 027 for 65.24 USD (Entertainment),65.24,Credit Card,San Francisco,CA
Student Loan Servicer,Card purchase at Student Loan Servicer for 51.86 USD (Entertainment),51.86,ACH,Seattle,WA
Rite Aid,Card purchase at Rite Aid for 60.31 USD (DiningOut),60.31,Credit Card,Detroit,MI
DiningOut Store 171,"Online payment to DiningOut Store 171 - DiningOut, 17.38",17.38,Digital Wallet,Miami,FL
Utilities Store 109,"Utilities spend at Utilities Store 109, total 5.00",5.0,Cash,Seattle,WA
Shopping Store 143,Card purchase at Shopping Store 143 for 130.29 USD (Shopping),130.29,Credit Card,Denver,CO
Groceries Store 147,"POS transaction - Groceries Store 147 (Groceries), amount 67.99",67.99,Debit Card,Boston,MA
Metro Transit,Card purchase at Metro Transit for 21.50 USD (Transport),21.5,Credit Card,San Francisco,CA
Transport Store 102,"Mobile app payment at Transport Store 102, Groceries, 116.36",116.36,Credit Card,Miami,FL
Xfinity,Card purchase at Xfinity for 122.62 USD (Utilities),122.62,Credit Card,Detroit,MI
Entertainment Store 065,"Entertainment spend at Entertainment Store 065, total 68.17",68.17,Digital Wallet,Seattle,WA
Groceries Store 138,Card purchase at Groceries Store 138 for 16.00 USD (Groceries),16.0,Cash,Ann Arbor,MI
Utilities Store 109,"POS transaction - Utilities Store 109 (DiningOut), amount 65.68",65.68,ACH,Austin,TX
DiningOut Store 100,Card purchase at DiningOut Store 100 for 68.24 USD (DiningOut),68.24,Cash,Ann Arbor,MI
Groceries Store 150,"POS transaction - Groceries Store 150 (Shopping), amount 164.19",164.19,Credit Card,Denver,CO
Hulu,"Mobile app payment at Hulu, Entertainment, 73.74",73.74,Digital Wallet,New York,NY
Local Hospital,"POS transaction - Local Hospital (Healthcare), amount 191.58",191.58,Cash,San Francisco,CA
Transport Store 189,"Mobile app payment at Transport Store 189, Transport, 16.22",16.22,Debit Card,Seattle,WA
Groceries Store 117,"Mobile app payment at Groceries Store 117, Groceries, 95.28",95.28,Debit Card,Ann Arbor,MI
Nike,Card purchase at Nike for 103.90 USD (Shopping),103.9,Digital Wallet,San Francisco,CA
Aldi,Card purchase at Aldi for 122.02 USD (Groceries),122.02,Cash,Detroit,MI
Meijer,"Online payment to Meijer - Groceries, 64.70",64.7,ACH,Denver,CO
Bills Store 173,"Mobile app payment at Bills Store 173, Bills, 54.58",54.58,ACH,Denver,CO
Shopping Store 209,Card purchase at Shopping Store 209 for 24.76 USD (Shopping),24.76,Debit Card,Detroit,MI
Yoga Studio,Card purchase at Yoga Studio for 28.96 USD (PersonalCare),28.96,Credit Card,Boston,MA
DiningOut Store 171,"Mobile app payment at DiningOut Store 171, DiningOut, 18.06",18.06,ACH,Boston,MA
Transport Store 009,Card purchase at Transport Store 009 for 28.56 USD (Transport),28.56,ACH,New York,NY
Bills Store 016,"Mobile app payment at Bills Store 016, Bills, 104.01",104.01,Credit Card,Boston,MA
Adidas,"Online payment to Adidas - Shopping, 5.00",5.0,Debit Card,Detroit,MI
Shopping Store 088,"Transport spend at Shopping Store 088, total 80.82",80.82,Cash,Seattle,WA
Walmart.com,Card purchase at Walmart.com for 33.10 USD (Shopping),33.1,Credit Card,Boston,MA
DiningOut Store 187,"Online payment to DiningOut Store 187 - Bills, 201.59",201.59,Credit Card,Boston,MA
Chick-fil-A,Card purchase at Chick-fil-A for 54.53 USD (DiningOut),54.53,ACH,San Francisco,CA
DiningOut Store 218,"Mobile app payment at DiningOut Store 218, DiningOut, 18.94",18.94,Credit Card,Detroit,MI
Property Taxes,"Bills spend at Property Taxes, total 229.19",229.19,Cash,Seattle,WA
Transport Store 142,"POS transaction - Transport Store 142 (Transport), amount 41.55",41.55,ACH,Ann Arbor,MI
GNC,"POS transaction - GNC (PersonalCare), amount 50.54",50.54,Cash,Detroit,MI
Utilities Store 047,"Mobile app payment at Utilities Store 047, Utilities, 85.71",85.71,Debit Card,Detroit,MI
DiningOut Store 182,"Online payment to DiningOut Store 182 - DiningOut, 56.41",56.41,ACH,Miami,FL
Xbox Live,"POS transaction - Xbox Live (Entertainment), amount 21.99",21.99,Credit Card,Denver,CO
Groceries Store 069,"POS transaction - Groceries Store 069 (Groceries), amount 134.87",134.87,Digital Wallet,San Francisco,CA
Dominos,"POS transaction - Dominos (DiningOut), amount 37.79",37.79,ACH,Ann Arbor,MI
Transport Store 052,Card purchase at Transport Store 052 for 23.27 USD (Transport),23.27,ACH,Miami,FL
Bills Store 002,"Mobile app payment at Bills Store 002, Bills, 136.97",136.97,Debit Card,Chicago,IL
Shopping Store 066,Card purchase at Shopping Store 066 for 29.04 USD (Shopping),29.04,Credit Card,Detroit,MI
Groceries Store 069,"Groceries spend at Groceries Store 069, total 188.80",188.8,ACH,Boston,MA
Chick-fil-A,Card purchase at Chick-fil-A for 52.62 USD (DiningOut),52.62,Digital Wallet,Boston,MA
Meijer,"POS transaction - Meijer (Groceries), amount 64.47",64.47,Cash,Detroit,MI
Shopping Store 154,"POS transaction - Shopping Store 154 (DiningOut), amount 27.98",27.98,Credit Card,Miami,FL
Bills Store 092,"Mobile app payment at Bills Store 092, Bills, 175.63",175.63,ACH,Boston,MA
Transport Store 078,"POS transaction - Transport Store 078 (Transport), amount 5.00",5.0,Credit Card,San Francisco,CA
DiningOut Store 083,Card purchase at DiningOut Store 083 for 38.77 USD (DiningOut),38.77,Digital Wallet,Miami,FL
Healthcare Store 159,"Transport spend at Healthcare Store 159, total 66.58",66.58,Debit Card,New York,NY
Meijer,Card purchase at Meijer for 71.23 USD (Groceries),71.23,Credit Card,New York,NY
Shopping Store 111,Card purchase at Shopping Store 111 for 128.80 USD (Shopping),128.8,Digital Wallet,Miami,FL
Kroger,Card purchase at Kroger for 65.14 USD (Healthcare),65.14,Cash,New York,NY
Entertainment Store 199,"Entertainment spend at Entertainment Store 199, total 65.56",65.56,ACH,Ann Arbor,MI
Utilities Store 055,"Online payment to Utilities Store 055 - Utilities, 94.02",94.02,Debit Card,Chicago,IL
Target,"Mobile app payment at Target, Groceries, 121.97",121.97,Credit Card,San Francisco,CA
Bills Store 101,"POS transaction - Bills Store 101 (Bills), amount 343.20",343.2,Credit Card,San Francisco,CA
Education Store 040,"POS transaction - Education Store 040 (Education), amount 323.11",323.11,Debit Card,Boston,MA
Travel Store 062,Card purchase at Travel Store 062 for 420.37 USD (Travel),420.37,ACH,Detroit,MI
Entertainment Store 063,"POS transaction - Entertainment Store 063 (Entertainment), amount 44.31",44.31,Digital Wallet,New York,NY
Transport Store 023,"Transport spend at Transport Store 023, total 52.56",52.56,ACH,Ann Arbor,MI
DiningOut Store 157,"Online payment to DiningOut Store 157 - DiningOut, 41.39",41.39,Credit Card,Denver,CO
DiningOut Store 041,Card purchase at DiningOut Store 041 for 15.66 USD (DiningOut),15.66,Digital Wallet,Seattle,WA
Transport Store 023,"Mobile app payment at Transport Store 023, Transport, 37.39",37.39,Credit Card,Detroit,MI
DiningOut Store 018,"Online payment to DiningOut Store 018 - DiningOut, 58.74",58.74,Debit Card,Miami,FL
Entertainment Store 169,"Mobile app payment at Entertainment Store 169, Entertainment, 61.63",61.63,Digital Wallet,San Francisco,CA
Bills Store 002,"Mobile app payment at Bills Store 002, DiningOut, 19.69",19.69,Cash,New York,NY
Utilities Store 185,"Mobile app payment at Utilities Store 185, Utilities, 95.51",95.51,Digital Wallet,Detroit,MI
Groceries Store 217,"POS transaction - Groceries Store 217 (Groceries), amount 75.26",75.26,Cash,Austin,TX
Dental Clinic,"POS transaction - Dental Clinic (Miscellaneous), amount 5.00",5.0,ACH,San Francisco,CA
Local Hospital,Card purchase at Local Hospital for 140.84 USD (Healthcare),140.84,Cash,Seattle,WA
Southwest,"Mobile app payment at Southwest, Travel, 101.40",101.4,Debit Card,Detroit,MI
Groceries Store 150,"Online payment to Groceries Store 150 - Groceries, 100.36",100.36,Credit Card,New York,NY
Utilities Store 004,"Mobile app payment at Utilities Store 004, Utilities, 152.17",152.17,Digital Wallet,Boston,MA
Meijer,"Online payment to Meijer - Groceries, 106.95",106.95,Credit Card,Miami,FL
Entertainment Store 188,"Online payment to Entertainment Store 188 - Entertainment, 100.13",100.13,ACH,Austin,TX
DiningOut Store 182,"POS transaction - DiningOut Store 182 (DiningOut), amount 23.56",23.56,Debit Card,Chicago,IL
Travel Store 184,"POS transaction - Travel Store 184 (Travel), amount 253.56",253.56,Cash,New York,NY
Shopping Store 143,"Mobile app payment at Shopping Store 143, Shopping, 185.22",185.22,Cash,Chicago,IL
Transport Store 097,"POS transaction - Transport Store 097 (Transport), amount 59.94",59.94,Digital Wallet,Denver,CO
Travel Store 191,"POS transaction - Travel Store 191 (Travel), amount 368.62",368.62,Cash,San Francisco,CA
Entertainment Store 065,"Entertainment spend at Entertainment Store 065, total 27.66",27.66,ACH,Miami,FL
Groceries Store 069,"POS transaction - Groceries Store 069 (Groceries), amount 74.18",74.18,Debit Card,Chicago,IL
Travel Store 184,"Mobile app payment at Travel Store 184, Transport, 35.99",35.99,Cash,Detroit,MI
Healthcare Store 129,"POS transaction - Healthcare Store 129 (Healthcare), amount 39.11",39.11,Debit Card,Ann Arbor,MI
Nike,"Online payment to Nike - Shopping, 65.35",65.35,Credit Card,Detroit,MI
CVS Pharmacy,"POS transaction - CVS Pharmacy (Healthcare), amount 119.63",119.63,Cash,Detroit,MI
Utilities Store 004,Card purchase at Utilities Store 004 for 19.97 USD (DiningOut),19.97,ACH,Miami,FL
Shopping Store 096,Card purchase at Shopping Store 096 for 213.59 USD (Shopping),213.59,Debit Card,Boston,MA
Transport Store 032,"Mobile app payment at Transport Store 032, Transport, 79.94",79.94,Cash,Seattle,WA
Utilities Store 186,Card purchase at Utilities Store 186 for 22.47 USD (Entertainment),22.47,ACH,Boston,MA
Transport Store 032,"Online payment to Transport Store 032 - Transport, 25.60",25.6,Cash,Seattle,WA
Shopping Store 152,"Mobile app payment at Shopping Store 152, Shopping, 164.53",164.53,Debit Card,San Francisco,CA
Chevron,"Transport spend at Chevron, total 49.66",49.66,Credit Card,Ann Arbor,MI
Groceries Store 069,"Groceries spend at Groceries Store 069, total 125.86",125.86,Cash,San Francisco,CA
Utilities Store 109,"Mobile app payment at Utilities Store 109, Utilities, 119.91",119.91,ACH,Detroit,MI
Community College,Card purchase at Community College for 5.41 USD (Shopping),5.41,Debit Card,Seattle,WA
Bills Store 173,"POS transaction - Bills Store 173 (Bills), amount 173.46",173.46,Cash,Detroit,MI
Transport Store 142,"POS transaction - Transport Store 142 (Transport), amount 39.04",39.04,Debit Card,Chicago,IL
Olive Garden,"Mobile app payment at Olive Garden, DiningOut, 43.22",43.22,Debit Card,Ann Arbor,MI
Entertainment Store 163,"POS transaction - Entertainment Store 163 (Entertainment), amount 5.00",5.0,Credit Card,Austin,TX
Travel Store 122,"Mobile app payment at Travel Store 122, Travel, 165.61",165.61,ACH,New York,NY
Shopping Store 088,"Shopping spend at Shopping Store 088, total 183.13",183.13,ACH,Boston,MA
Costco,"POS transaction - Costco (Groceries), amount 18.56",18.56,Debit Card,New York,NY
Groceries Store 170,"Healthcare spend at Groceries Store 170, total 268.98",268.98,Digital Wallet,Austin,TX
Subway,"Online payment to Subway - DiningOut, 57.21",57.21,Credit Card,Denver,CO
Groceries Store 045,"Groceries spend at Groceries Store 045, total 64.93",64.93,Debit Card,Chicago,IL
PersonalCare Store 202,Card purchase at PersonalCare Store 202 for 50.51 USD (PersonalCare),50.51,Cash,Ann Arbor,MI
Healthcare Store 113,Card purchase at Healthcare Store 113 for 73.04 USD (Healthcare),73.04,Debit Card,Boston,MA
Nike,"POS transaction - Nike (Shopping), amount 179.69",179.69,ACH,Denver,CO
DiningOut Store 218,"POS transaction - DiningOut Store 218 (Travel), amount 332.75",332.75,Debit Card,Miami,FL
Transport Store 168,"POS transaction - Transport Store 168 (Transport), amount 93.02",93.02,Credit Card,Ann Arbor,MI
Transport Store 189,"POS transaction - Transport Store 189 (Transport), amount 42.35",42.35,ACH,Detroit,MI
Groceries Store 036,"Online payment to Groceries Store 036 - Groceries, 110.79",110.79,Cash,Denver,CO
Bills Store 042,"POS transaction - Bills Store 042 (Bills), amount 344.00",344.0,ACH,Boston,MA
DiningOut Store 010,"DiningOut spend at DiningOut Store 010, total 15.25",15.25,Debit Card,Boston,MA
Groceries Store 170,"Groceries spend at Groceries Store 170, total 106.01",106.01,Debit Card,Miami,FL
Marriott Hotels,Card purchase at Marriott Hotels for 217.35 USD (Travel),217.35,Digital Wallet,Miami,FL
Amtrak,"Online payment to Amtrak - Transport, 87.04",87.04,ACH,Ann Arbor,MI
PersonalCare Store 048,Card purchase at PersonalCare Store 048 for 6.90 USD (PersonalCare),6.9,Debit Card,Seattle,WA
Delta Airlines,"Online payment to Delta Airlines - Travel, 270.26",270.26,Debit Card,Austin,TX
Travel Store 177,"Mobile app payment at Travel Store 177, Travel, 260.10",260.1,Cash,Miami,FL
Utilities Store 165,"Mobile app payment at Utilities Store 165, Utilities, 74.75",74.75,Digital Wallet,Ann Arbor,MI
Groceries Store 217,"Groceries spend at Groceries Store 217, total 96.13",96.13,Debit Card,Detroit,MI
Amazon,"POS transaction - Amazon (Shopping), amount 35.28",35.28,ACH,San Francisco,CA
Entertainment Store 022,"Online payment to Entertainment Store 022 - Entertainment, 69.14",69.14,Digital Wallet,Boston,MA
Shopping Store 209,"POS transaction - Shopping Store 209 (Shopping), amount 168.46",168.46,Digital Wallet,Chicago,IL
Xbox Live,"POS transaction - Xbox Live (Entertainment), amount 108.83",108.83,Digital Wallet,Chicago,IL
Safeway,"Online payment to Safeway - Groceries, 118.59",118.59,Credit Card,Denver,CO
Trader Joes,"Online payment to Trader Joes - Groceries, 35.21",35.21,Cash,Detroit,MI
Shopping Store 088,"Shopping spend at Shopping Store 088, total 5.00",5.0,Digital Wallet,Ann Arbor,MI
DiningOut Store 087,"POS transaction - DiningOut Store 087 (DiningOut), amount 75.77",75.77,Digital Wallet,Denver,CO
Transport Store 097,"Online payment to Transport Store 097 - Transport, 78.43",78.43,Debit Card,Boston,MA
Utilities Store 070,"DiningOut spend at Utilities Store 070, total 17.82",17.82,Cash,New York,NY
Target,"Shopping spend at Target, total 52.48",52.48,Cash,Detroit,MI
Whole Foods,"Mobile app payment at Whole Foods, Groceries, 111.01",111.01,Credit Card,Austin,TX
DiningOut Store 187,"Mobile app payment at DiningOut Store 187, Groceries, 125.61",125.61,Credit Card,Boston,MA
Groceries Store 170,"POS transaction - Groceries Store 170 (Groceries), amount 95.78",95.78,Debit Card,Chicago,IL
Safeway,Card purchase at Safeway for 10.77 USD (Groceries),10.77,Digital Wallet,San Francisco,CA
DiningOut Store 007,"POS transaction - DiningOut Store 007 (DiningOut), amount 31.73",31.73,Debit Card,New York,NY
DiningOut Store 196,Card purchase at DiningOut Store 196 for 17.99 USD (DiningOut),17.99,Digital Wallet,New York,NY
Home Depot,"Shopping spend at Home Depot, total 59.09",59.09,Digital Wallet,Ann Arbor,MI
Shopping Store 152,"Online payment to Shopping Store 152 - Shopping, 73.52",73.52,Cash,Austin,TX
Travel Store 191,"POS transaction - Travel Store 191 (Travel), amount 454.27",454.27,Digital Wallet,Detroit,MI
Barber Shop,"POS transaction - Barber Shop (PersonalCare), amount 61.23",61.23,Credit Card,Denver,CO
Transport Store 142,"Mobile app payment at Transport Store 142, Transport, 28.39",28.39,Digital Wallet,Denver,CO
Entertainment Store 199,"Online payment to Entertainment Store 199 - DiningOut, 5.00",5.0,ACH,New York,NY
Best Buy,"POS transaction - Best Buy (Shopping), amount 56.28",56.28,Credit Card,Miami,FL
Travel Store 215,Card purchase at Travel Store 215 for 246.48 USD (Travel),246.48,Cash,Chicago,IL
Travel Store 204,"Travel spend at Travel Store 204, total 106.24",106.24,Digital Wallet,Detroit,MI
Charity Donation,Card purchase at Charity Donation for 53.99 USD (Miscellaneous),53.99,Credit Card,Ann Arbor,MI
Transport Store 023,"Mobile app payment at Transport Store 023, Transport, 34.14",34.14,Debit Card,Chicago,IL
Amazon,Card purchase at Amazon for 80.85 USD (Shopping),80.85,Digital Wallet,Denver,CO
Walmart.com,"Shopping spend at Walmart.com, total 37.25",37.25,Credit Card,Ann Arbor,MI
Education Store 162,"Mobile app payment at Education Store 162, Education, 267.33",267.33,Debit Card,Austin,TX
Capital One Card,Card purchase at Capital One Card for 31.04 USD (Entertainment),31.04,Debit Card,Miami,FL
Education Store 137,"POS transaction - Education Store 137 (Miscellaneous), amount 73.72",73.72,ACH,Austin,TX
Transport Store 148,"POS transaction - Transport Store 148 (Bills), amount 209.47",209.47,Digital Wallet,Ann Arbor,MI
Bills Store 160,"POS transaction - Bills Store 160 (Bills), amount 194.54",194.54,ACH,New York,NY
Bills Store 210,"Online payment to Bills Store 210 - Bills, 279.58",279.58,Digital Wallet,New York,NY
Shopping Store 077,"POS transaction - Shopping Store 077 (Shopping), amount 158.46",158.46,ACH,Seattle,WA
Shopping Store 039,"Online payment to Shopping Store 039 - Shopping, 46.38",46.38,Debit Card,Denver,CO
Travel Store 177,"PersonalCare spend at Travel Store 177, total 82.86",82.86,Cash,Boston,MA
Bills Store 101,"Bills spend at Bills Store 101, total 191.53",191.53,Cash,Miami,FL
Shell,"Online payment to Shell - Transport, 19.94",19.94,Digital Wallet,San Francisco,CA
Healthcare Store 131,"Mobile app payment at Healthcare Store 131, Healthcare, 114.77",114.77,Digital Wallet,Boston,MA
Shopping Store 066,"Mobile app payment at Shopping Store 066, Shopping, 5.00",5.0,Debit Card,Miami,FL
Groceries Store 138,"POS transaction - Groceries Store 138 (Groceries), amount 57.43",57.43,Credit Card,Chicago,IL
Aldi,"Groceries spend at Aldi, total 82.94",82.94,Cash,Seattle,WA
Bills Store 149,"Mobile app payment at Bills Store 149, Bills, 221.78",221.78,ACH,Boston,MA
Skillshare,"Mobile app payment at Skillshare, Education, 113.23",113.23,Credit Card,New York,NY
Whole Foods,"Groceries spend at Whole Foods, total 105.69",105.69,Cash,Ann Arbor,MI
PersonalCare Store 006,"PersonalCare spend at PersonalCare Store 006, total 5.00",5.0,Debit Card,Austin,TX
Utilities Store 020,Card purchase at Utilities Store 020 for 82.84 USD (Utilities),82.84,ACH,New York,NY
PersonalCare Store 125,"Online payment to PersonalCare Store 125 - Shopping, 117.66",117.66,ACH,Chicago,IL
Healthcare Store 057,"Mobile app payment at Healthcare Store 057, Healthcare, 151.07",151.07,Cash,Miami,FL
Healthcare Store 132,"Online payment to Healthcare Store 132 - Healthcare, 206.44",206.44,Debit Card,Denver,CO
PersonalCare Store 146,"Mobile app payment at PersonalCare Store 146, PersonalCare, 54.84",54.84,Digital Wallet,Austin,TX
Travel Store 204,"Online payment to Travel Store 204 - Travel, 238.50",238.5,Cash,Miami,FL
Bills Store 092,"Bills spend at Bills Store 092, total 122.78",122.78,ACH,Miami,FL
Utilities Store 082,Card purchase at Utilities Store 082 for 53.75 USD (Utilities),53.75,Credit Card,Ann Arbor,MI
Property Taxes,"Bills spend at Property Taxes, total 268.26",268.26,Cash,Miami,FL
United Airlines,"POS transaction - United Airlines (Travel), amount 242.53",242.53,Cash,Ann Arbor,MI
Bills Store 071,"Online payment to Bills Store 071 - Bills, 43.52",43.52,Debit Card,New York,NY
Groceries Store 036,"Online payment to Groceries Store 036 - DiningOut, 31.65",31.65,Credit Card,Austin,TX
Travel Store 062,"Online payment to Travel Store 062 - Travel, 459.43",459.43,Credit Card,New York,NY
Shopping Store 136,Card purchase at Shopping Store 136 for 62.19 USD (Shopping),62.19,ACH,Seattle,WA
Transport Store 142,"POS transaction - Transport Store 142 (Transport), amount 5.00",5.0,Credit Card,Denver,CO
Transport Store 023,"Online payment to Transport Store 023 - Transport, 33.80",33.8,Digital Wallet,Chicago,IL
Shell,Card purchase at Shell for 68.00 USD (Groceries),68.0,ACH,New York,NY
Utilities Store 185,Card purchase at Utilities Store 185 for 79.79 USD (Shopping),79.79,Debit Card,Ann Arbor,MI
Shopping Store 039,"Online payment to Shopping Store 039 - Shopping, 63.35",63.35,Cash,Chicago,IL
Travel Store 080,"Online payment to Travel Store 080 - Travel, 106.81",106.81,Debit Card,Seattle,WA
Transport Store 102,"Mobile app payment at Transport Store 102, Transport, 38.71",38.71,Cash,Miami,FL
Amazon,Card purchase at Amazon for 84.16 USD (Shopping),84.16,Credit Card,San Francisco,CA
PersonalCare Store 019,"Online payment to PersonalCare Store 019 - PersonalCare, 33.28",33.28,ACH,Ann Arbor,MI
Shopping Store 088,"POS transaction - Shopping Store 088 (Shopping), amount 5.00",5.0,Credit Card,Ann Arbor,MI
PersonalCare Store 220,"POS transaction - PersonalCare Store 220 (PersonalCare), amount 67.48",67.48,ACH,Seattle,WA
Xbox Live,Card purchase at Xbox Live for 84.03 USD (Entertainment),84.03,Cash,Miami,FL
Travel Store 060,"Travel spend at Travel Store 060, total 5.00",5.0,Debit Card,Detroit,MI
Healthcare Store 158,"Mobile app payment at Healthcare Store 158, Healthcare, 154.30",154.3,Credit Card,San Francisco,CA
Education Store 156,Card purchase at Education Store 156 for 5.00 USD (Education),5.0,Debit Card,New York,NY
Mortgage Servicer,"Bills spend at Mortgage Servicer, total 284.81",284.81,Cash,Boston,MA
Travel Store 008,"Online payment to Travel Store 008 - Travel, 557.62",557.62,Digital Wallet,New York,NY
Miscellaneous Store 200,"POS transaction - Miscellaneous Store 200 (Miscellaneous), amount 14.55",14.55,ACH,Miami,FL
DiningOut Store 172,"Online payment to DiningOut Store 172 - DiningOut, 25.06",25.06,Debit Card,New York,NY
PersonalCare Store 151,"PersonalCare spend at PersonalCare Store 151, total 50.78",50.78,Cash,Chicago,IL
Entertainment Store 063,"Online payment to Entertainment Store 063 - Entertainment, 70.38",70.38,Credit Card,Boston,MA
Entertainment Store 044,"POS transaction - Entertainment Store 044 (Transport), amount 46.66",46.66,Credit Card,San Francisco,CA
Entertainment Store 199,"Mobile app payment at Entertainment Store 199, Entertainment, 68.35",68.35,Cash,Miami,FL
McDonalds,"Online payment to McDonalds - DiningOut, 51.87",51.87,Digital Wallet,Seattle,WA
Walmart,"Online payment to Walmart - Groceries, 127.72",127.72,Cash,Chicago,IL
Shopping Store 111,"Mobile app payment at Shopping Store 111, Utilities, 174.12",174.12,Credit Card,New York,NY
DiningOut Store 157,"POS transaction - DiningOut Store 157 (DiningOut), amount 5.00",5.0,Credit Card,Boston,MA
Chick-fil-A,"Online payment to Chick-fil-A - DiningOut, 5.00",5.0,ACH,New York,NY
Ulta Beauty,Card purchase at Ulta Beauty for 10.20 USD (PersonalCare),10.2,Cash,Detroit,MI
Airbnb,"Travel spend at Airbnb, total 234.25",234.25,Cash,Ann Arbor,MI
AMC Theatres,Card purchase at AMC Theatres for 25.07 USD (Entertainment),25.07,Credit Card,New York,NY
Apple Store,"POS transaction - Apple Store (Shopping), amount 87.46",87.46,ACH,San Francisco,CA
Utilities Store 070,"DiningOut spend at Utilities Store 070, total 35.55",35.55,Debit Card,Detroit,MI
Utilities Store 183,"Mobile app payment at Utilities Store 183, Utilities, 132.46",132.46,Credit Card,Austin,TX
Utilities Store 004,"Bills spend at Utilities Store 004, total 173.17",173.17,Digital Wallet,New York,NY
Healthcare Store 011,"POS transaction - Healthcare Store 011 (Healthcare), amount 91.53",91.53,Debit Card,Detroit,MI
IKEA,"Mobile app payment at IKEA, Shopping, 188.76",188.76,Digital Wallet,Boston,MA
Travel Store 059,"Mobile app payment at Travel Store 059, Travel, 107.77",107.77,Credit Card,Miami,FL
Bills Store 025,"Online payment to Bills Store 025 - Miscellaneous, 61.76",61.76,Credit Card,Austin,TX
Healthcare Store 057,"Mobile app payment at Healthcare Store 057, Healthcare, 133.57",133.57,Credit Card,Miami,FL
Healthcare Store 180,"POS transaction - Healthcare Store 180 (Miscellaneous), amount 5.00",5.0,Debit Card,Seattle,WA
Education Store 130,"Mobile app payment at Education Store 130, Education, 430.70",430.7,ACH,San Francisco,CA
Shopping Store 206,Card purchase at Shopping Store 206 for 114.40 USD (Shopping),114.4,Cash,Chicago,IL
Nail Spa,"Online payment to Nail Spa - PersonalCare, 72.58",72.58,Credit Card,New York,NY
Travel Store 062,"Online payment to Travel Store 062 - Travel, 75.90",75.9,Digital Wallet,Miami,FL
Miscellaneous Store 153,Card purchase at Miscellaneous Store 153 for 42.63 USD (Miscellaneous),42.63,ACH,San Francisco,CA
Healthcare Store 021,Card purchase at Healthcare Store 021 for 416.41 USD (Travel),416.41,Cash,Detroit,MI
Spotify,"Entertainment spend at Spotify, total 72.67",72.67,Cash,Detroit,MI
McDonalds,"POS transaction - McDonalds (DiningOut), amount 56.05",56.05,Digital Wallet,San Francisco,CA
DiningOut Store 133,"Mobile app payment at DiningOut Store 133, DiningOut, 43.59",43.59,Debit Card,Chicago,IL
Nike,"Online payment to Nike - Shopping, 100.85",100.85,Debit Card,San Francisco,CA
Miscellaneous Store 208,"POS transaction - Miscellaneous Store 208 (Miscellaneous), amount 64.02",64.02,Digital Wallet,Ann Arbor,MI
Pet Store,"Miscellaneous spend at Pet Store, total 5.06",5.06,ACH,Ann Arbor,MI
Utilities Store 082,"Utilities spend at Utilities Store 082, total 153.84",153.84,Debit Card,New York,NY
Bills Store 050,"Mobile app payment at Bills Store 050, Miscellaneous, 5.00",5.0,ACH,Boston,MA
Utilities Store 203,"Online payment to Utilities Store 203 - Utilities, 224.77",224.77,Credit Card,Miami,FL
Chipotle,Card purchase at Chipotle for 5.00 USD (DiningOut),5.0,ACH,Austin,TX
Yoga Studio,"POS transaction - Yoga Studio (PersonalCare), amount 19.10",19.1,Debit Card,Boston,MA
Education Store 193,"Mobile app payment at Education Store 193, Education, 436.65",436.65,Cash,New York,NY
DiningOut Store 118,"POS transaction - DiningOut Store 118 (DiningOut), amount 38.89",38.89,Credit Card,Chicago,IL
Utilities Store 155,Card purchase at Utilities Store 155 for 198.51 USD (Utilities),198.51,Cash,Denver,CO
Bills Store 166,Card purchase at Bills Store 166 for 100.69 USD (Entertainment),100.69,Debit Card,San Francisco,CA
Target,"Groceries spend at Target, total 109.77",109.77,ACH,Austin,TX
Entertainment Store 163,"DiningOut spend at Entertainment Store 163, total 38.99",38.99,Cash,Seattle,WA
Miscellaneous Store 153,"POS transaction - Miscellaneous Store 153 (Miscellaneous), amount 73.48",73.48,Credit Card,San Francisco,CA
Shopping Store 039,"Mobile app payment at Shopping Store 039, Shopping, 66.25",66.25,Credit Card,Austin,TX
Healthcare Store 134,Card purchase at Healthcare Store 134 for 129.65 USD (Bills),129.65,ACH,Denver,CO
Kroger,"Online payment to Kroger - Groceries, 117.43",117.43,Credit Card,Ann Arbor,MI
Entertainment Store 197,"Online payment to Entertainment Store 197 - Entertainment, 29.69",29.69,Cash,Ann Arbor,MI
Travel Store 015,Card purchase at Travel Store 015 for 183.29 USD (Healthcare),183.29,Credit Card,Miami,FL
Shopping Store 039,"POS transaction - Shopping Store 039 (Shopping), amount 62.04",62.04,ACH,Seattle,WA
Travel Store 191,"Travel spend at Travel Store 191, total 165.65",165.65,Digital Wallet,Ann Arbor,MI
Exxon,Card purchase at Exxon for 74.58 USD (Transport),74.58,Credit Card,Denver,CO
Groceries Store 217,"Mobile app payment at Groceries Store 217, Groceries, 61.22",61.22,Digital Wallet,Austin,TX
PersonalCare Store 220,Card purchase at PersonalCare Store 220 for 14.14 USD (PersonalCare),14.14,Credit Card,New York,NY
Panera Bread,"POS transaction - Panera Bread (DiningOut), amount 5.93",5.93,Credit Card,Boston,MA
Walgreens,"Online payment to Walgreens - Healthcare, 181.36",181.36,Digital Wallet,San Francisco,CA
Steam,"Mobile app payment at Steam, Entertainment, 80.54",80.54,Debit Card,Miami,FL
Education Store 085,"Education spend at Education Store 085, total 5.00",5.0,ACH,San Francisco,CA
Education Store 192,Card purchase at Education Store 192 for 5.49 USD (Miscellaneous),5.49,Digital Wallet,Chicago,IL
Entertainment Store 063,"Online payment to Entertainment Store 063 - Transport, 5.90",5.9,Cash,Austin,TX
Shopping Store 088,"POS transaction - Shopping Store 088 (DiningOut), amount 6.83",6.83,Credit Card,Seattle,WA
Shopping Store 143,"Online payment to Shopping Store 143 - Shopping, 50.12",50.12,Digital Wallet,New York,NY
Transport Store 102,"Transport spend at Transport Store 102, total 34.41",34.41,Credit Card,San Francisco,CA
Xbox Live,"POS transaction - Xbox Live (Entertainment), amount 64.65",64.65,Debit Card,Austin,TX
Healthcare Store 132,"Healthcare spend at Healthcare Store 132, total 251.40",251.4,Credit Card,Austin,TX
Travel Store 212,"Mobile app payment at Travel Store 212, Travel, 284.51",284.51,Credit Card,Miami,FL
Entertainment Store 199,"Groceries spend at Entertainment Store 199, total 59.27",59.27,Cash,San Francisco,CA
Travel Store 204,Card purchase at Travel Store 204 for 33.76 USD (Travel),33.76,Cash,Seattle,WA
DiningOut Store 001,"Online payment to DiningOut Store 001 - DiningOut, 5.00",5.0,Digital Wallet,Detroit,MI
Bills Store 101,"Online payment to Bills Store 101 - Transport, 29.40",29.4,Debit Card,Chicago,IL
Panera Bread,"Online payment to Panera Bread - DiningOut, 61.77",61.77,Cash,Boston,MA
DiningOut Store 196,"POS transaction - DiningOut Store 196 (DiningOut), amount 63.32",63.32,Digital Wallet,Denver,CO
Khan Academy,"POS transaction - Khan Academy (Education), amount 434.99",434.99,Cash,Detroit,MI
Southwest,"Travel spend at Southwest, total 239.48",239.48,ACH,Miami,FL
Transport Store 052,"Transport spend at Transport Store 052, total 49.75",49.75,Cash,Miami,FL
Shopping Store 209,"Online payment to Shopping Store 209 - Shopping, 115.57",115.57,Digital Wallet,Miami,FL
IKEA,"POS transaction - IKEA (Shopping), amount 54.37",54.37,Cash,Denver,CO
PersonalCare Store 067,Card purchase at PersonalCare Store 067 for 13.79 USD (PersonalCare),13.79,Cash,San Francisco,CA
Miscellaneous Store 161,"Miscellaneous spend at Miscellaneous Store 161, total 5.00",5.0,Credit Card,New York,NY
Travel Store 008,"Online payment to Travel Store 008 - Travel, 548.65",548.65,Credit Card,Ann Arbor,MI
Entertainment Store 068,"POS transaction - Entertainment Store 068 (Entertainment), amount 70.14",70.14,Cash,Ann Arbor,MI
Bills Store 092,"POS transaction - Bills Store 092 (Bills), amount 198.26",198.26,ACH,Miami,FL
Groceries Store 217,"Groceries spend at Groceries Store 217, total 65.07",65.07,ACH,Detroit,MI
Transport Store 119,"Mobile app payment at Transport Store 119, Transport, 46.01",46.01,Digital Wallet,San Francisco,CA
PersonalCare Store 048,Card purchase at PersonalCare Store 048 for 18.38 USD (PersonalCare),18.38,ACH,New York,NY
Shopping Store 209,"Mobile app payment at Shopping Store 209, Shopping, 148.05",148.05,ACH,Austin,TX
Bills Store 084,"Online payment to Bills Store 084 - Bills, 184.19",184.19,ACH,Denver,CO
Costco,"Groceries spend at Costco, total 134.72",134.72,Digital Wallet,Austin,TX
Lyft,Card purchase at Lyft for 92.63 USD (Transport),92.63,Digital Wallet,San Francisco,CA
Shopping Store 077,"POS transaction - Shopping Store 077 (Shopping), amount 171.79",171.79,Cash,Miami,FL
Mortgage Servicer,"POS transaction - Mortgage Servicer (Bills), amount 126.39",126.39,Debit Card,Seattle,WA
DiningOut Store 118,"POS transaction - DiningOut Store 118 (Transport), amount 17.16",17.16,Digital Wallet,Ann Arbor,MI
DiningOut Store 083,"Online payment to DiningOut Store 083 - DiningOut, 42.37",42.37,Digital Wallet,Ann Arbor,MI
DiningOut Store 218,Card purchase at DiningOut Store 218 for 41.22 USD (DiningOut),41.22,Cash,Chicago,IL
DiningOut Store 087,"Online payment to DiningOut Store 087 - DiningOut, 31.07",31.07,Debit Card,Ann Arbor,MI
Metro Transit,Card purchase at Metro Transit for 5.78 USD (Transport),5.78,Debit Card,Boston,MA
Transport Store 052,"Mobile app payment at Transport Store 052, Groceries, 8.87",8.87,ACH,Ann Arbor,MI
Miscellaneous Store 145,"Online payment to Miscellaneous Store 145 - Miscellaneous, 11.02",11.02,ACH,Seattle,WA
City Parking Garage,"Transport spend at City Parking Garage, total 33.01",33.01,ACH,Boston,MA
Udemy,"Bills spend at Udemy, total 137.42",137.42,Cash,Detroit,MI
Whole Foods,"Groceries spend at Whole Foods, total 51.43",51.43,Cash,Ann Arbor,MI
Pet Store,"Miscellaneous spend at Pet Store, total 10.60",10.6,Debit Card,Denver,CO
PersonalCare Store 095,"Online payment to PersonalCare Store 095 - PersonalCare, 48.62",48.62,Credit Card,San Francisco,CA
DiningOut Store 196,Card purchase at DiningOut Store 196 for 29.39 USD (DiningOut),29.39,Cash,Detroit,MI
Travel Store 049,"Online payment to Travel Store 049 - Travel, 475.33",475.33,Credit Card,San Francisco,CA
Groceries Store 117,"Mobile app payment at Groceries Store 117, Groceries, 107.55",107.55,Cash,Austin,TX
Travel Store 177,"Mobile app payment at Travel Store 177, Transport, 71.43",71.43,ACH,Boston,MA
Hulu,"Mobile app payment at Hulu, Entertainment, 55.34",55.34,Debit Card,New York,NY
Trader Joes,"Online payment to Trader Joes - Groceries, 142.04",142.04,Credit Card,Seattle,WA
Shopping Store 209,"Online payment to Shopping Store 209 - Shopping, 48.11",48.11,Digital Wallet,San Francisco,CA
Walmart,"Groceries spend at Walmart, total 5.00",5.0,Credit Card,Ann Arbor,MI
Nike,"Online payment to Nike - Shopping, 80.43",80.43,Credit Card,Detroit,MI
DisneyPlus,"Mobile app payment at DisneyPlus, Entertainment, 86.73",86.73,Digital Wallet,Austin,TX
Transport Store 023,"Transport spend at Transport Store 023, total 44.49",44.49,Credit Card,San Francisco,CA
Transport Store 032,"POS transaction - Transport Store 032 (Transport), amount 51.30",51.3,ACH,New York,NY
Comcast,"Online payment to Comcast - Shopping, 22.66",22.66,Credit Card,Ann Arbor,MI
City Parking Garage,"POS transaction - City Parking Garage (Transport), amount 82.92",82.92,Cash,Chicago,IL
Bills Store 103,"Miscellaneous spend at Bills Store 103, total 61.92",61.92,ACH,Miami,FL
Shopping Store 088,"Online payment to Shopping Store 088 - Shopping, 84.17",84.17,Digital Wallet,San Francisco,CA
Entertainment Store 027,"Shopping spend at Entertainment Store 027, total 52.18",52.18,Credit Card,Seattle,WA
Groceries Store 217,"Online payment to Groceries Store 217 - Groceries, 83.21",83.21,Digital Wallet,Chicago,IL
Travel Store 049,"POS transaction - Travel Store 049 (Travel), amount 373.84",373.84,Debit Card,Denver,CO
Optometry Center,"POS transaction - Optometry Center (Healthcare), amount 36.13",36.13,Debit Card,Boston,MA
Dominos,"POS transaction - Dominos (DiningOut), amount 24.17",24.17,Digital Wallet,Detroit,MI
Shopping Store 211,"Online payment to Shopping Store 211 - Shopping, 102.95",102.95,Digital Wallet,Miami,FL
Best Buy,"Mobile app payment at Best Buy, Shopping, 56.01",56.01,Cash,Detroit,MI
Adidas,Card purchase at Adidas for 97.69 USD (Shopping),97.69,Digital Wallet,Detroit,MI
Bills Store 149,Card purchase at Bills Store 149 for 16.55 USD (DiningOut),16.55,Debit Card,Chicago,IL
Walmart.com,"POS transaction - Walmart.com (Shopping), amount 62.50",62.5,Debit Card,Boston,MA
Xbox Live,"Mobile app payment at Xbox Live, PersonalCare, 10.82",10.82,Digital Wallet,Ann Arbor,MI
Entertainment Store 188,"Online payment to Entertainment Store 188 - DiningOut, 56.20",56.2,ACH,Detroit,MI
Utilities Store 073,"Online payment to Utilities Store 073 - Utilities, 76.72",76.72,Cash,San Francisco,CA
Nail Spa,"Online payment to Nail Spa - PersonalCare, 45.44",45.44,Digital Wallet,Boston,MA
Chick-fil-A,"Online payment to Chick-fil-A - DiningOut, 28.63",28.63,Credit Card,Miami,FL
Farmer Market,"Mobile app payment at Farmer Market, Miscellaneous, 70.88",70.88,Digital Wallet,Austin,TX
Booking.com,"Online payment to Booking.com - Travel, 58.23",58.23,Credit Card,Ann Arbor,MI
Bills Store 112,Card purchase at Bills Store 112 for 270.01 USD (Bills),270.01,Cash,Chicago,IL
Uber,Card purchase at Uber for 61.76 USD (Transport),61.76,Cash,Seattle,WA
Entertainment Store 053,"Mobile app payment at Entertainment Store 053, Entertainment, 45.98",45.98,Debit Card,Seattle,WA
CVS Pharmacy,Card purchase at CVS Pharmacy for 42.95 USD (Healthcare),42.95,Cash,Austin,TX
Shopping Store 154,"Online payment to Shopping Store 154 - Shopping, 156.39",156.39,Credit Card,Detroit,MI
DiningOut Store 187,"Online payment to DiningOut Store 187 - DiningOut, 49.22",49.22,ACH,Seattle,WA
Groceries Store 217,Card purchase at Groceries Store 217 for 64.44 USD (Groceries),64.44,Digital Wallet,New York,NY
Bookstore Campus,"Mobile app payment at Bookstore Campus, Education, 147.99",147.99,Credit Card,Miami,FL
Transport Store 119,"Mobile app payment at Transport Store 119, Healthcare, 159.97",159.97,Credit Card,New York,NY
Local Gift Shop,Card purchase at Local Gift Shop for 54.75 USD (Miscellaneous),54.75,Digital Wallet,Austin,TX
Groceries Store 036,"Online payment to Groceries Store 036 - Groceries, 88.35",88.35,Debit Card,Ann Arbor,MI
Pet Store,Card purchase at Pet Store for 74.67 USD (Miscellaneous),74.67,Debit Card,Seattle,WA
Travel Store 175,"POS transaction - Travel Store 175 (Healthcare), amount 148.14",148.14,ACH,Detroit,MI
DiningOut Store 157,"POS transaction - DiningOut Store 157 (DiningOut), amount 20.31",20.31,ACH,Detroit,MI
Chipotle,"DiningOut spend at Chipotle, total 11.00",11.0,Debit Card,New York,NY
Miscellaneous Store 195,Card purchase at Miscellaneous Store 195 for 39.67 USD (DiningOut),39.67,Digital Wallet,Seattle,WA
Chipotle,"DiningOut spend at Chipotle, total 65.03",65.03,Debit Card,Seattle,WA
Utilities Store 030,"Online payment to Utilities Store 030 - Utilities, 86.97",86.97,Debit Card,Chicago,IL
DiningOut Store 007,"POS transaction - DiningOut Store 007 (DiningOut), amount 26.45",26.45,Digital Wallet,Ann Arbor,MI
BP,"Mobile app payment at BP, Transport, 58.29",58.29,Credit Card,Detroit,MI
Transport Store 168,"POS transaction - Transport Store 168 (Transport), amount 27.71",27.71,ACH,Denver,CO
Hulu,"Travel spend at Hulu, total 160.41",160.41,Debit Card,Chicago,IL
Groceries Store 127,"Mobile app payment at Groceries Store 127, Groceries, 27.10",27.1,Credit Card,Detroit,MI
Education Store 003,"Education spend at Education Store 003, total 118.10",118.1,Debit Card,Miami,FL
PersonalCare Store 019,"Mobile app payment at PersonalCare Store 019, PersonalCare, 55.56",55.56,Debit Card,Detroit,MI
Healthcare Store 159,"Travel spend at Healthcare Store 159, total 16.62",16.62,Cash,Ann Arbor,MI
Groceries Store 056,"Mobile app payment at Groceries Store 056, Groceries, 32.54",32.54,ACH,Detroit,MI
Capital One Card,"Mobile app payment at Capital One Card, Bills, 278.02",278.02,ACH,Austin,TX
DiningOut Store 041,"DiningOut spend at DiningOut Store 041, total 20.05",20.05,Debit Card,New York,NY
Bills Store 101,"Mobile app payment at Bills Store 101, Groceries, 45.41",45.41,ACH,New York,NY
Ulta Beauty,"PersonalCare spend at Ulta Beauty, total 31.52",31.52,Credit Card,Miami,FL
Travel Store 174,"Travel spend at Travel Store 174, total 238.25",238.25,Debit Card,Boston,MA
Kroger,"Groceries spend at Kroger, total 81.20",81.2,ACH,Seattle,WA
Trader Joes,"Online payment to Trader Joes - Groceries, 46.56",46.56,Credit Card,Detroit,MI
Bills Store 050,Card purchase at Bills Store 050 for 276.83 USD (Bills),276.83,ACH,Chicago,IL
Xbox Live,"Mobile app payment at Xbox Live, Entertainment, 56.91",56.91,Cash,San Francisco,CA
Entertainment Store 194,"POS transaction - Entertainment Store 194 (Entertainment), amount 76.83",76.83,Debit Card,Miami,FL
Miscellaneous Store 024,"Online payment to Miscellaneous Store 024 - DiningOut, 44.04",44.04,Credit Card,Denver,CO
Bills Store 016,"PersonalCare spend at Bills Store 016, total 32.09",32.09,Cash,Ann Arbor,MI
Chase Credit Card,Card purchase at Chase Credit Card for 18.93 USD (DiningOut),18.93,Debit Card,Austin,TX
Hilton Hotels,"Travel spend at Hilton Hotels, total 344.19",344.19,Digital Wallet,Seattle,WA
Uber,"POS transaction - Uber (Transport), amount 39.99",39.99,Cash,New York,NY
Municipal Utilities,"POS transaction - Municipal Utilities (Miscellaneous), amount 6.71",6.71,Debit Card,Denver,CO
Groceries Store 138,"POS transaction - Groceries Store 138 (Groceries), amount 50.84",50.84,Credit Card,San Francisco,CA
Shopping Store 190,"Mobile app payment at Shopping Store 190, Shopping, 88.20",88.2,Credit Card,New York,NY
DiningOut Store 058,"DiningOut spend at DiningOut Store 058, total 55.63",55.63,Credit Card,San Francisco,CA
Entertainment Store 188,"POS transaction - Entertainment Store 188 (Entertainment), amount 20.42",20.42,Cash,Seattle,WA
Dental Clinic,"Healthcare spend at Dental Clinic, total 11.73",11.73,Credit Card,Austin,TX
Adidas,"Mobile app payment at Adidas, Shopping, 33.72",33.72,ACH,Boston,MA
Shopping Store 111,"Mobile app payment at Shopping Store 111, Shopping, 67.52",67.52,ACH,New York,NY
Miscellaneous Store 141,"Online payment to Miscellaneous Store 141 - Miscellaneous, 17.82",17.82,ACH,Austin,TX
Utilities Store 082,"Online payment to Utilities Store 082 - Utilities, 141.74",141.74,Cash,Boston,MA
PersonalCare Store 006,"Mobile app payment at PersonalCare Store 006, PersonalCare, 27.02",27.02,Debit Card,San Francisco,CA
Entertainment Store 199,"POS transaction - Entertainment Store 199 (Entertainment), amount 21.30",21.3,ACH,Detroit,MI
Uber,"Mobile app payment at Uber, Transport, 57.55",57.55,Digital Wallet,New York,NY
Travel Store 080,"POS transaction - Travel Store 080 (Travel), amount 150.84",150.84,Digital Wallet,New York,NY
Apple Store,"Shopping spend at Apple Store, total 155.88",155.88,Cash,Boston,MA
Utilities Store 073,"Utilities spend at Utilities Store 073, total 241.05",241.05,Debit Card,New York,NY
DiningOut Store 120,"POS transaction - DiningOut Store 120 (DiningOut), amount 46.44",46.44,Debit Card,New York,NY
Shell,"Mobile app payment at Shell, Transport, 11.08",11.08,Credit Card,Miami,FL
Transport Store 097,"POS transaction - Transport Store 097 (Transport), amount 29.14",29.14,Digital Wallet,Chicago,IL
Exxon,Card purchase at Exxon for 97.14 USD (Transport),97.14,ACH,New York,NY
Bills Store 042,"Mobile app payment at Bills Store 042, Bills, 161.31",161.31,Cash,Austin,TX
Verizon,"Utilities spend at Verizon, total 155.44",155.44,Cash,Chicago,IL
DiningOut Store 083,"Mobile app payment at DiningOut Store 083, DiningOut, 19.84",19.84,Debit Card,Chicago,IL
Aldi,"POS transaction - Aldi (Groceries), amount 26.82",26.82,ACH,Ann Arbor,MI
Craft Store,Card purchase at Craft Store for 33.84 USD (Transport),33.84,Cash,Denver,CO
Miscellaneous Store 012,"Online payment to Miscellaneous Store 012 - Miscellaneous, 45.33",45.33,ACH,Detroit,MI
Lyft Airport,"Online payment to Lyft Airport - Travel, 462.64",462.64,Debit Card,Austin,TX
Delta Airlines,"POS transaction - Delta Airlines (Travel), amount 158.76",158.76,ACH,Detroit,MI
Nail Spa,"POS transaction - Nail Spa (PersonalCare), amount 33.53",33.53,Credit Card,Denver,CO
DiningOut Store 157,"Mobile app payment at DiningOut Store 157, DiningOut, 34.76",34.76,Digital Wallet,Denver,CO
Bills Store 050,Card purchase at Bills Store 050 for 35.48 USD (DiningOut),35.48,Debit Card,Miami,FL
Safeway,"Online payment to Safeway - PersonalCare, 48.20",48.2,Digital Wallet,Austin,TX
Shopping Store 167,"Online payment to Shopping Store 167 - Shopping, 138.69",138.69,Debit Card,Boston,MA
DiningOut Store 041,"POS transaction - DiningOut Store 041 (DiningOut), amount 38.42",38.42,Credit Card,San Francisco,CA
Safeway,Card purchase at Safeway for 76.48 USD (Groceries),76.48,ACH,San Francisco,CA
Entertainment Store 194,"Online payment to Entertainment Store 194 - Entertainment, 30.55",30.55,Debit Card,Austin,TX
Entertainment Store 194,Card purchase at Entertainment Store 194 for 65.50 USD (Entertainment),65.5,Digital Wallet,Austin,TX
PersonalCare Store 095,"Education spend at PersonalCare Store 095, total 222.16",222.16,Credit Card,Boston,MA
Lyft,"Online payment to Lyft - Transport, 28.28",28.28,Credit Card,Chicago,IL
Shopping Store 143,"Mobile app payment at Shopping Store 143, Shopping, 186.85",186.85,Cash,Austin,TX
DiningOut Store 118,"Online payment to DiningOut Store 118 - DiningOut, 5.00",5.0,Debit Card,Seattle,WA
PersonalCare Store 093,"PersonalCare spend at PersonalCare Store 093, total 67.66",67.66,Cash,Detroit,MI
Education Store 137,"PersonalCare spend at Education Store 137, total 61.48",61.48,Credit Card,Miami,FL
Transport Store 052,"POS transaction - Transport Store 052 (Transport), amount 48.37",48.37,Cash,New York,NY
Education Store 156,"POS transaction - Education Store 156 (Education), amount 341.30",341.3,Credit Card,Detroit,MI
Dominos,"DiningOut spend at Dominos, total 45.85",45.85,Cash,Seattle,WA
DiningOut Store 033,"POS transaction - DiningOut Store 033 (DiningOut), amount 40.48",40.48,Debit Card,Seattle,WA
Utilities Store 165,Card purchase at Utilities Store 165 for 136.23 USD (Utilities),136.23,Cash,Seattle,WA
United Airlines,"Mobile app payment at United Airlines, Travel, 117.13",117.13,Cash,Chicago,IL
Aldi,"POS transaction - Aldi (Groceries), amount 103.16",103.16,ACH,Detroit,MI
Etsy,"Miscellaneous spend at Etsy, total 43.26",43.26,Credit Card,Miami,FL
Walmart,"POS transaction - Walmart (Groceries), amount 60.81",60.81,ACH,Seattle,WA
Walmart,"Groceries spend at Walmart, total 14.44",14.44,Credit Card,New York,NY
Utilities Store 185,"Online payment to Utilities Store 185 - Utilities, 88.57",88.57,Cash,Denver,CO
Farmer Market,"Miscellaneous spend at Farmer Market, total 50.79",50.79,ACH,Detroit,MI
DiningOut Store 001,"POS transaction - DiningOut Store 001 (DiningOut), amount 44.14",44.14,Debit Card,Chicago,IL
DiningOut Store 172,"Online payment to DiningOut Store 172 - DiningOut, 21.16",21.16,Cash,Austin,TX
Entertainment Store 188,"Entertainment spend at Entertainment Store 188, total 56.77",56.77,ACH,Austin,TX
Farmer Market,"Mobile app payment at Farmer Market, Miscellaneous, 23.59",23.59,ACH,Denver,CO
Bills Store 038,"Bills spend at Bills Store 038, total 167.94",167.94,Digital Wallet,Seattle,WA
Shopping Store 206,"Travel spend at Shopping Store 206, total 459.58",459.58,Digital Wallet,Seattle,WA
Entertainment Store 194,Card purchase at Entertainment Store 194 for 28.88 USD (DiningOut),28.88,Cash,Miami,FL
Bills Store 050,"POS transaction - Bills Store 050 (Transport), amount 24.03",24.03,Digital Wallet,Boston,MA
DiningOut Store 058,Card purchase at DiningOut Store 058 for 48.75 USD (DiningOut),48.75,Digital Wallet,Seattle,WA
Consumers Energy,"Utilities spend at Consumers Energy, total 131.72",131.72,Digital Wallet,Miami,FL
DTE Energy,"Online payment to DTE Energy - Utilities, 71.08",71.08,Digital Wallet,San Francisco,CA
Shopping Store 167,Card purchase at Shopping Store 167 for 165.59 USD (Shopping),165.59,ACH,Detroit,MI
Chipotle,Card purchase at Chipotle for 6.01 USD (DiningOut),6.01,Digital Wallet,Boston,MA
Healthcare Store 017,"Mobile app payment at Healthcare Store 017, Healthcare, 231.98",231.98,Digital Wallet,Chicago,IL
Miscellaneous Store 081,"Miscellaneous spend at Miscellaneous Store 081, total 29.40",29.4,Debit Card,Detroit,MI
DiningOut Store 171,"POS transaction - DiningOut Store 171 (Utilities), amount 171.89",171.89,Credit Card,New York,NY
Regal Cinemas,Card purchase at Regal Cinemas for 65.15 USD (DiningOut),65.15,Debit Card,Austin,TX
Utilities Store 124,"POS transaction - Utilities Store 124 (Utilities), amount 111.42",111.42,Digital Wallet,Denver,CO
Groceries Store 127,Card purchase at Groceries Store 127 for 75.10 USD (Groceries),75.1,ACH,Detroit,MI
Office Supply Store,Card purchase at Office Supply Store for 173.70 USD (Shopping),173.7,Cash,Detroit,MI
Dave & Busters,"Entertainment spend at Dave & Busters, total 30.94",30.94,ACH,Miami,FL
Utilities Store 020,"Online payment to Utilities Store 020 - Utilities, 46.59",46.59,Cash,Denver,CO
Miscellaneous Store 012,Card purchase at Miscellaneous Store 012 for 32.61 USD (Miscellaneous),32.61,Credit Card,New York,NY
DiningOut Store 198,Card purchase at DiningOut Store 198 for 21.46 USD (DiningOut),21.46,Debit Card,New York,NY
Entertainment Store 144,Card purchase at Entertainment Store 144 for 88.01 USD (Entertainment),88.01,Digital Wallet,Seattle,WA
PersonalCare Store 019,"Online payment to PersonalCare Store 019 - PersonalCare, 45.33",45.33,Credit Card,Seattle,WA
DiningOut Store 120,"Online payment to DiningOut Store 120 - DiningOut, 14.10",14.1,Debit Card,San Francisco,CA
Coding Bootcamp,Card purchase at Coding Bootcamp for 75.20 USD (Education),75.2,ACH,New York,NY
Transport Store 102,"Transport spend at Transport Store 102, total 5.00",5.0,Credit Card,Denver,CO
Travel Store 122,"Mobile app payment at Travel Store 122, Groceries, 113.81",113.81,ACH,Seattle,WA
Capital One Card,Card purchase at Capital One Card for 150.02 USD (Bills),150.02,Credit Card,Ann Arbor,MI
DiningOut Store 157,"Mobile app payment at DiningOut Store 157, DiningOut, 69.89",69.89,Digital Wallet,San Francisco,CA
PersonalCare Store 125,"POS transaction - PersonalCare Store 125 (PersonalCare), amount 61.26",61.26,Credit Card,Boston,MA
Utilities Store 004,"Utilities spend at Utilities Store 004, total 137.97",137.97,Cash,San Francisco,CA
Shopping Store 206,"Shopping spend at Shopping Store 206, total 81.80",81.8,Debit Card,Detroit,MI
UM-Flint,"POS transaction - UM-Flint (Shopping), amount 18.84",18.84,ACH,Chicago,IL
DiningOut Store 118,"Mobile app payment at DiningOut Store 118, DiningOut, 17.57",17.57,Credit Card,Chicago,IL
Entertainment Store 197,"POS transaction - Entertainment Store 197 (Entertainment), amount 43.87",43.87,ACH,Seattle,WA
UM-Flint,"Mobile app payment at UM-Flint, Education, 184.20",184.2,Credit Card,New York,NY
PersonalCare Store 095,"Online payment to PersonalCare Store 095 - PersonalCare, 26.45",26.45,Cash,Ann Arbor,MI
Groceries Store 117,Card purchase at Groceries Store 117 for 92.31 USD (Groceries),92.31,Credit Card,Austin,TX
Groceries Store 217,"Mobile app payment at Groceries Store 217, Groceries, 49.91",49.91,Debit Card,New York,NY
PersonalCare Store 095,"PersonalCare spend at PersonalCare Store 095, total 27.29",27.29,Cash,Seattle,WA
City Parking Garage,Card purchase at City Parking Garage for 17.96 USD (Transport),17.96,Digital Wallet,Boston,MA
Groceries Store 138,"Groceries spend at Groceries Store 138, total 107.44",107.44,Debit Card,Ann Arbor,MI
Coding Bootcamp,"Online payment to Coding Bootcamp - Education, 236.41",236.41,Digital Wallet,Austin,TX
Entertainment Store 065,"Entertainment spend at Entertainment Store 065, total 17.66",17.66,ACH,New York,NY
Bills Store 016,"Mobile app payment at Bills Store 016, Bills, 226.42",226.42,Digital Wallet,Miami,FL
Publix,"Online payment to Publix - Groceries, 5.00",5.0,Cash,Denver,CO
Bills Store 149,"POS transaction - Bills Store 149 (Bills), amount 230.94",230.94,Cash,New York,NY
Groceries Store 170,"Groceries spend at Groceries Store 170, total 5.00",5.0,Debit Card,Austin,TX
Entertainment Store 068,"Mobile app payment at Entertainment Store 068, Entertainment, 5.00",5.0,Digital Wallet,Denver,CO
DiningOut Store 198,"DiningOut spend at DiningOut Store 198, total 5.00",5.0,Credit Card,Boston,MA
Bills Store 050,"Online payment to Bills Store 050 - Bills, 199.58",199.58,ACH,Seattle,WA
Capital One Card,"Mobile app payment at Capital One Card, Miscellaneous, 61.30",61.3,Credit Card,Ann Arbor,MI
Utilities Store 214,"POS transaction - Utilities Store 214 (Utilities), amount 127.47",127.47,Credit Card,Austin,TX
Entertainment Store 199,"Online payment to Entertainment Store 199 - Entertainment, 26.82",26.82,Cash,Austin,TX
Groceries Store 117,"POS transaction - Groceries Store 117 (Groceries), amount 64.02",64.02,Debit Card,Detroit,MI
Utilities Store 004,"Online payment to Utilities Store 004 - Utilities, 122.11",122.11,ACH,Chicago,IL
CVS Pharmacy,"Mobile app payment at CVS Pharmacy, Healthcare, 97.58",97.58,ACH,Detroit,MI
Shopping Store 211,"Online payment to Shopping Store 211 - Shopping, 79.71",79.71,ACH,Ann Arbor,MI
Groceries Store 036,"POS transaction - Groceries Store 036 (Groceries), amount 94.94",94.94,Digital Wallet,Seattle,WA
Best Buy,"Shopping spend at Best Buy, total 95.70",95.7,ACH,Seattle,WA
Vitamin Shoppe,"PersonalCare spend at Vitamin Shoppe, total 5.00",5.0,Credit Card,Detroit,MI
Shopping Store 136,Card purchase at Shopping Store 136 for 135.07 USD (Shopping),135.07,ACH,New York,NY
Shopping Store 039,"POS transaction - Shopping Store 039 (Shopping), amount 109.10",109.1,ACH,Boston,MA
Nike,"Mobile app payment at Nike, Shopping, 188.70",188.7,Credit Card,Denver,CO
Consumers Energy,"Mobile app payment at Consumers Energy, Utilities, 82.41",82.41,ACH,Denver,CO
DiningOut Store 187,"Online payment to DiningOut Store 187 - DiningOut, 23.71",23.71,ACH,New York,NY
Groceries Store 150,"POS transaction - Groceries Store 150 (Groceries), amount 99.16",99.16,Credit Card,San Francisco,CA
Groceries Store 104,Card purchase at Groceries Store 104 for 150.13 USD (Groceries),150.13,Debit Card,Boston,MA
Consumers Energy,"Utilities spend at Consumers Energy, total 54.14",54.14,ACH,Ann Arbor,MI
Walmart,"Online payment to Walmart - Groceries, 61.96",61.96,ACH,Detroit,MI
Shopping Store 190,"Online payment to Shopping Store 190 - Shopping, 158.34",158.34,Digital Wallet,San Francisco,CA
DiningOut Store 196,"Mobile app payment at DiningOut Store 196, DiningOut, 21.41",21.41,Debit Card,Miami,FL
Best Buy,"Shopping spend at Best Buy, total 129.78",129.78,Digital Wallet,Austin,TX
Groceries Store 045,"Mobile app payment at Groceries Store 045, Groceries, 59.07",59.07,ACH,San Francisco,CA
Transport Store 189,Card purchase at Transport Store 189 for 5.00 USD (Transport),5.0,Cash,Chicago,IL
Healthcare Store 129,"Mobile app payment at Healthcare Store 129, Healthcare, 272.50",272.5,ACH,Ann Arbor,MI
Shopping Store 136,Card purchase at Shopping Store 136 for 63.62 USD (Shopping),63.62,ACH,Denver,CO
Utilities Store 186,"POS transaction - Utilities Store 186 (Utilities), amount 120.03",120.03,Credit Card,Austin,TX
Groceries Store 170,"POS transaction - Groceries Store 170 (Groceries), amount 80.46",80.46,Debit Card,New York,NY
PersonalCare Store 202,Card purchase at PersonalCare Store 202 for 45.88 USD (PersonalCare),45.88,ACH,San Francisco,CA
Entertainment Store 164,"Entertainment spend at Entertainment Store 164, total 9.78",9.78,Credit Card,New York,NY
City Parking Garage,"POS transaction - City Parking Garage (Transport), amount 64.10",64.1,Debit Card,New York,NY
Groceries Store 170,Card purchase at Groceries Store 170 for 51.48 USD (Groceries),51.48,Cash,Ann Arbor,MI
Shopping Store 111,Card purchase at Shopping Store 111 for 133.51 USD (Shopping),133.51,Credit Card,Ann Arbor,MI
Shopping Store 216,Card purchase at Shopping Store 216 for 127.42 USD (Shopping),127.42,Credit Card,Chicago,IL
Lyft,"Mobile app payment at Lyft, Transport, 27.98",27.98,Cash,Denver,CO
Bills Store 092,"Mobile app payment at Bills Store 092, Shopping, 84.57",84.57,ACH,Detroit,MI
Airbnb,"POS transaction - Airbnb (Travel), amount 297.81",297.81,Debit Card,New York,NY
Capital One Card,Card purchase at Capital One Card for 216.95 USD (Bills),216.95,Credit Card,Seattle,WA
Healthcare Store 115,"POS transaction - Healthcare Store 115 (Healthcare), amount 239.07",239.07,ACH,Detroit,MI
Amtrak,Card purchase at Amtrak for 30.38 USD (Transport),30.38,Digital Wallet,Denver,CO
Shopping Store 039,"Shopping spend at Shopping Store 039, total 5.00",5.0,ACH,New York,NY
Bills Store 112,"Mobile app payment at Bills Store 112, Bills, 229.39",229.39,Debit Card,Detroit,MI
DiningOut Store 118,"Mobile app payment at DiningOut Store 118, DiningOut, 22.19",22.19,Digital Wallet,Chicago,IL
Massage Envy,"Mobile app payment at Massage Envy, PersonalCare, 23.44",23.44,ACH,Miami,FL
DiningOut Store 058,"Mobile app payment at DiningOut Store 058, DiningOut, 33.61",33.61,Digital Wallet,Austin,TX
DiningOut Store 118,Card purchase at DiningOut Store 118 for 5.00 USD (DiningOut),5.0,Credit Card,Seattle,WA
Property Taxes,"POS transaction - Property Taxes (Bills), amount 300.67",300.67,Debit Card,Denver,CO
Spotify,"POS transaction - Spotify (Entertainment), amount 62.08",62.08,Debit Card,San Francisco,CA
Healthcare Store 159,"POS transaction - Healthcare Store 159 (DiningOut), amount 5.00",5.0,ACH,Denver,CO
Shopping Store 077,Card purchase at Shopping Store 077 for 155.84 USD (Shopping),155.84,Debit Card,Austin,TX
Travel Store 184,"Mobile app payment at Travel Store 184, DiningOut, 53.03",53.03,Cash,Boston,MA
Meijer,"Mobile app payment at Meijer, Healthcare, 255.24",255.24,Debit Card,Seattle,WA
Amtrak,"Groceries spend at Amtrak, total 52.49",52.49,ACH,Denver,CO
Transport Store 189,Card purchase at Transport Store 189 for 5.00 USD (Transport),5.0,Debit Card,San Francisco,CA
DiningOut Store 001,"DiningOut spend at DiningOut Store 001, total 40.54",40.54,Cash,San Francisco,CA
Amtrak,"POS transaction - Amtrak (Transport), amount 65.49",65.49,ACH,Austin,TX
DiningOut Store 171,"Online payment to DiningOut Store 171 - DiningOut, 59.92",59.92,Debit Card,Ann Arbor,MI
Bills Store 105,"Online payment to Bills Store 105 - Bills, 244.20",244.2,Debit Card,San Francisco,CA
Lowes,Card purchase at Lowes for 68.26 USD (Shopping),68.26,ACH,Detroit,MI
Groceries Store 127,"Groceries spend at Groceries Store 127, total 82.23",82.23,Cash,Denver,CO
Groceries Store 069,"Groceries spend at Groceries Store 069, total 74.31",74.31,Digital Wallet,Austin,TX
Speedway,"Transport spend at Speedway, total 65.13",65.13,Debit Card,Seattle,WA
UM-Flint,"Mobile app payment at UM-Flint, Groceries, 134.34",134.34,ACH,Detroit,MI
Optometry Center,"Mobile app payment at Optometry Center, Entertainment, 28.23",28.23,ACH,San Francisco,CA
Bills Store 084,"Online payment to Bills Store 084 - Bills, 113.22",113.22,Credit Card,Detroit,MI
Whole Foods,"Online payment to Whole Foods - Groceries, 119.12",119.12,Digital Wallet,San Francisco,CA
Entertainment Store 194,"Mobile app payment at Entertainment Store 194, Entertainment, 5.00",5.0,Cash,Chicago,IL
Travel Store 015,"POS transaction - Travel Store 015 (Travel), amount 219.26",219.26,Digital Wallet,Miami,FL
Bills Store 028,Card purchase at Bills Store 028 for 186.55 USD (Bills),186.55,ACH,Miami,FL
PersonalCare Store 146,"Online payment to PersonalCare Store 146 - Groceries, 97.74",97.74,Debit Card,Ann Arbor,MI
Utilities Store 183,Card purchase at Utilities Store 183 for 177.60 USD (Utilities),177.6,Credit Card,Seattle,WA
Bills Store 090,"Mobile app payment at Bills Store 090, Miscellaneous, 5.00",5.0,ACH,Seattle,WA
Meijer,"POS transaction - Meijer (DiningOut), amount 37.64",37.64,Debit Card,Denver,CO
Miscellaneous Store 064,"Miscellaneous spend at Miscellaneous Store 064, total 43.71",43.71,Debit Card,San Francisco,CA
Transport Store 119,"Mobile app payment at Transport Store 119, Transport, 87.72",87.72,ACH,Miami,FL
Utilities Store 165,Card purchase at Utilities Store 165 for 130.62 USD (Utilities),130.62,ACH,Seattle,WA
Barber Shop,"Mobile app payment at Barber Shop, Miscellaneous, 50.94",50.94,ACH,Chicago,IL
Transport Store 142,"Transport spend at Transport Store 142, total 43.25",43.25,Credit Card,Detroit,MI
Shopping Store 154,"Mobile app payment at Shopping Store 154, Shopping, 134.06",134.06,Cash,Austin,TX
Exxon,"Online payment to Exxon - Transport, 22.21",22.21,Cash,Ann Arbor,MI
Healthcare Store 116,Card purchase at Healthcare Store 116 for 72.33 USD (Healthcare),72.33,Digital Wallet,Boston,MA
Utilities Store 219,"POS transaction - Utilities Store 219 (Utilities), amount 94.74",94.74,Debit Card,Denver,CO
PersonalCare Store 179,"POS transaction - PersonalCare Store 179 (PersonalCare), amount 60.77",60.77,Credit Card,San Francisco,CA
Utilities Store 185,"POS transaction - Utilities Store 185 (Transport), amount 31.41",31.41,ACH,Detroit,MI
Lyft Airport,"Online payment to Lyft Airport - Travel, 102.37",102.37,Debit Card,San Francisco,CA
Costco,"POS transaction - Costco (Groceries), amount 58.95",58.95,Cash,Austin,TX
Chevron,"POS transaction - Chevron (Transport), amount 28.62",28.62,Digital Wallet,Boston,MA
eBay,"Miscellaneous spend at eBay, total 83.94",83.94,Digital Wallet,Boston,MA
Walmart.com,"Mobile app payment at Walmart.com, Shopping, 5.00",5.0,Digital Wallet,Denver,CO
Phone Bill AutoPay,"POS transaction - Phone Bill AutoPay (Utilities), amount 124.71",124.71,ACH,Seattle,WA
Booking.com,"Mobile app payment at Booking.com, Travel, 307.45",307.45,Cash,Boston,MA
Subway,"Online payment to Subway - DiningOut, 39.23",39.23,Debit Card,Miami,FL
Barber Shop,"POS transaction - Barber Shop (PersonalCare), amount 64.59",64.59,Debit Card,Miami,FL
Family Doctor,"Healthcare spend at Family Doctor, total 91.38",91.38,Credit Card,Denver,CO
Bills Store 107,"Mobile app payment at Bills Store 107, Bills, 205.31",205.31,Debit Card,Ann Arbor,MI
Entertainment Store 139,"Entertainment spend at Entertainment Store 139, total 48.69",48.69,Credit Card,Austin,TX
Walmart,Card purchase at Walmart for 15.88 USD (Groceries),15.88,ACH,Miami,FL
Miscellaneous Store 145,Card purchase at Miscellaneous Store 145 for 57.62 USD (Miscellaneous),57.62,Digital Wallet,Denver,CO
Water Utility,"Travel spend at Water Utility, total 89.19",89.19,Digital Wallet,Detroit,MI
Kroger,"Mobile app payment at Kroger, Groceries, 56.72",56.72,Cash,Boston,MA
Shopping Store 136,Card purchase at Shopping Store 136 for 89.26 USD (Shopping),89.26,Cash,New York,NY
Xbox Live,Card purchase at Xbox Live for 35.15 USD (Entertainment),35.15,ACH,Boston,MA
Entertainment Store 065,"POS transaction - Entertainment Store 065 (Entertainment), amount 63.23",63.23,Debit Card,Detroit,MI
IKEA,"POS transaction - IKEA (Entertainment), amount 81.87",81.87,Debit Card,New York,NY
Utilities Store 114,"Mobile app payment at Utilities Store 114, Utilities, 152.31",152.31,Debit Card,San Francisco,CA
Pizza Hut,Card purchase at Pizza Hut for 54.36 USD (DiningOut),54.36,ACH,Chicago,IL
Steam,Card purchase at Steam for 53.77 USD (Entertainment),53.77,Cash,Chicago,IL
Utilities Store 140,"Online payment to Utilities Store 140 - Utilities, 244.23",244.23,ACH,Ann Arbor,MI
Travel Store 175,"Online payment to Travel Store 175 - Utilities, 124.16",124.16,Digital Wallet,San Francisco,CA
Airbnb,"Travel spend at Airbnb, total 5.00",5.0,Digital Wallet,New York,NY
Walmart.com,"POS transaction - Walmart.com (Shopping), amount 98.15",98.15,Digital Wallet,Detroit,MI
Best Buy,"POS transaction - Best Buy (Shopping), amount 144.06",144.06,ACH,New York,NY
DiningOut Store 178,"POS transaction - DiningOut Store 178 (DiningOut), amount 50.32",50.32,Digital Wallet,Seattle,WA
PersonalCare Store 093,"POS transaction - PersonalCare Store 093 (PersonalCare), amount 51.43",51.43,Debit Card,Miami,FL
Travel Store 184,"Online payment to Travel Store 184 - Travel, 133.72",133.72,ACH,Miami,FL
Travel Store 049,"Online payment to Travel Store 049 - Travel, 449.55",449.55,Debit Card,New York,NY
BP,"POS transaction - BP (Transport), amount 40.54",40.54,Credit Card,Boston,MA
DiningOut Store 157,Card purchase at DiningOut Store 157 for 105.64 USD (Shopping),105.64,Digital Wallet,Miami,FL
Uber,"Transport spend at Uber, total 53.68",53.68,Cash,Detroit,MI
Miscellaneous Store 061,"Online payment to Miscellaneous Store 061 - Miscellaneous, 106.67",106.67,Debit Card,Seattle,WA
Healthcare Store 034,"Mobile app payment at Healthcare Store 034, Healthcare, 321.55",321.55,Credit Card,Miami,FL
PersonalCare Store 048,"POS transaction - PersonalCare Store 048 (PersonalCare), amount 90.32",90.32,Digital Wallet,Austin,TX
Barber Shop,"POS transaction - Barber Shop (PersonalCare), amount 47.57",47.57,Cash,Austin,TX
Language School,"Education spend at Language School, total 53.46",53.46,Digital Wallet,Austin,TX
Municipal Utilities,"Utilities spend at Municipal Utilities, total 122.60",122.6,Digital Wallet,New York,NY
Miscellaneous Store 195,Card purchase at Miscellaneous Store 195 for 7.78 USD (Miscellaneous),7.78,ACH,Ann Arbor,MI
Shopping Store 190,"POS transaction - Shopping Store 190 (Shopping), amount 57.11",57.11,Debit Card,Ann Arbor,MI
Healthcare Store 021,"POS transaction - Healthcare Store 021 (Healthcare), amount 258.20",258.2,Digital Wallet,Ann Arbor,MI
Best Buy,"Online payment to Best Buy - Shopping, 110.30",110.3,Debit Card,Miami,FL
Mortgage Servicer,"Bills spend at Mortgage Servicer, total 233.46",233.46,Cash,Seattle,WA
Bills Store 103,"POS transaction - Bills Store 103 (Bills), amount 253.12",253.12,Credit Card,Denver,CO
Bills Store 050,"POS transaction - Bills Store 050 (Bills), amount 216.68",216.68,Credit Card,San Francisco,CA
DiningOut Store 074,"POS transaction - DiningOut Store 074 (DiningOut), amount 50.86",50.86,ACH,New York,NY
Transport Store 078,"Transport spend at Transport Store 078, total 52.13",52.13,Digital Wallet,Detroit,MI
Entertainment Store 068,"Entertainment spend at Entertainment Store 068, total 8.05",8.05,ACH,Detroit,MI
Travel Store 059,"Utilities spend at Travel Store 059, total 162.86",162.86,Debit Card,Detroit,MI
Entertainment Store 139,Card purchase at Entertainment Store 139 for 46.91 USD (Entertainment),46.91,Debit Card,Denver,CO
Groceries Store 138,"Mobile app payment at Groceries Store 138, Groceries, 66.97",66.97,Debit Card,Denver,CO
DiningOut Store 033,"POS transaction - DiningOut Store 033 (DiningOut), amount 33.11",33.11,ACH,New York,NY
Groceries Store 117,Card purchase at Groceries Store 117 for 117.46 USD (Groceries),117.46,ACH,Seattle,WA
Entertainment Store 201,"POS transaction - Entertainment Store 201 (Groceries), amount 75.27",75.27,Digital Wallet,Boston,MA
Travel Store 062,"POS transaction - Travel Store 062 (Travel), amount 5.00",5.0,Cash,Seattle,WA
Miscellaneous Store 208,"Mobile app payment at Miscellaneous Store 208, Miscellaneous, 5.00",5.0,Credit Card,Boston,MA
Shopping Store 039,"Shopping spend at Shopping Store 039, total 108.78",108.78,Debit Card,Detroit,MI
Shopping Store 152,Card purchase at Shopping Store 152 for 25.85 USD (DiningOut),25.85,Digital Wallet,Miami,FL
Local Hospital,"Online payment to Local Hospital - Healthcare, 39.92",39.92,Debit Card,Denver,CO
DiningOut Store 001,"POS transaction - DiningOut Store 001 (Transport), amount 31.09",31.09,Credit Card,San Francisco,CA
Transport Store 142,"Online payment to Transport Store 142 - Transport, 19.29",19.29,Cash,San Francisco,CA
Mortgage Servicer,"Transport spend at Mortgage Servicer, total 38.91",38.91,Credit Card,Detroit,MI
Bills Store 107,Card purchase at Bills Store 107 for 175.98 USD (Bills),175.98,ACH,Boston,MA
Pizza Hut,"Online payment to Pizza Hut - DiningOut, 57.03",57.03,Digital Wallet,Denver,CO
Miscellaneous Store 161,"POS transaction - Miscellaneous Store 161 (Miscellaneous), amount 22.86",22.86,Debit Card,Denver,CO
Education Store 162,Card purchase at Education Store 162 for 159.50 USD (Education),159.5,Credit Card,Seattle,WA
Walmart,Card purchase at Walmart for 5.00 USD (Groceries),5.0,Debit Card,Boston,MA
PersonalCare Store 125,"PersonalCare spend at PersonalCare Store 125, total 29.79",29.79,Debit Card,Denver,CO
Safeway,"POS transaction - Safeway (Groceries), amount 135.10",135.1,Digital Wallet,Austin,TX
DiningOut Store 074,Card purchase at DiningOut Store 074 for 28.86 USD (DiningOut),28.86,Debit Card,Seattle,WA
DiningOut Store 007,"DiningOut spend at DiningOut Store 007, total 38.77",38.77,Debit Card,Miami,FL
Travel Store 080,"Online payment to Travel Store 080 - Travel, 598.34",598.34,ACH,Boston,MA
Travel Store 043,"Online payment to Travel Store 043 - Travel, 284.91",284.91,ACH,Denver,CO
Nail Spa,"Online payment to Nail Spa - Shopping, 117.80",117.8,Cash,Denver,CO
Education Store 162,Card purchase at Education Store 162 for 225.24 USD (Education),225.24,Cash,Miami,FL
Shopping Store 152,"Mobile app payment at Shopping Store 152, Shopping, 140.22",140.22,Debit Card,Boston,MA
Utilities Store 005,Card purchase at Utilities Store 005 for 48.99 USD (Bills),48.99,Credit Card,Denver,CO
Chipotle,"Online payment to Chipotle - DiningOut, 29.31",29.31,Credit Card,Austin,TX
BP,"Mobile app payment at BP, Transport, 49.52",49.52,ACH,San Francisco,CA
Transport Store 023,"Entertainment spend at Transport Store 023, total 63.81",63.81,Digital Wallet,Austin,TX
DiningOut Store 058,"Mobile app payment at DiningOut Store 058, DiningOut, 44.09",44.09,ACH,San Francisco,CA
United Airlines,"Bills spend at United Airlines, total 231.48",231.48,Credit Card,Seattle,WA
Entertainment Store 163,"Online payment to Entertainment Store 163 - DiningOut, 20.91",20.91,Debit Card,Denver,CO
Pet Store,"Online payment to Pet Store - Groceries, 131.91",131.91,Debit Card,Boston,MA
Whole Foods,"Groceries spend at Whole Foods, total 46.95",46.95,Cash,Austin,TX
Phone Bill AutoPay,"Mobile app payment at Phone Bill AutoPay, Bills, 226.72",226.72,Digital Wallet,Ann Arbor,MI
Target.com,Card purchase at Target.com for 133.00 USD (Shopping),133.0,Credit Card,Miami,FL
DiningOut Store 074,"POS transaction - DiningOut Store 074 (DiningOut), amount 33.58",33.58,Credit Card,Boston,MA
PersonalCare Store 067,"PersonalCare spend at PersonalCare Store 067, total 48.62",48.62,Credit Card,New York,NY
Adidas,"Shopping spend at Adidas, total 123.31",123.31,Credit Card,Ann Arbor,MI
Transport Store 119,"POS transaction - Transport Store 119 (DiningOut), amount 30.34",30.34,Debit Card,Seattle,WA
Shopping Store 088,Card purchase at Shopping Store 088 for 123.92 USD (Shopping),123.92,ACH,Denver,CO
Groceries Store 217,"Groceries spend at Groceries Store 217, total 85.20",85.2,Credit Card,Denver,CO
DiningOut Store 007,"Online payment to DiningOut Store 007 - Miscellaneous, 36.27",36.27,Debit Card,Chicago,IL
Utilities Store 055,Card purchase at Utilities Store 055 for 107.39 USD (Utilities),107.39,Credit Card,Detroit,MI
Transport Store 142,"POS transaction - Transport Store 142 (Transport), amount 37.75",37.75,Debit Card,Detroit,MI
DiningOut Store 001,"Online payment to DiningOut Store 001 - DiningOut, 39.26",39.26,Credit Card,Seattle,WA
Healthcare Store 158,"Online payment to Healthcare Store 158 - Healthcare, 26.29",26.29,Debit Card,New York,NY
Utilities Store 109,"Online payment to Utilities Store 109 - Utilities, 127.81",127.81,Credit Card,Detroit,MI
DiningOut Store 010,Card purchase at DiningOut Store 010 for 53.66 USD (DiningOut),53.66,Debit Card,Austin,TX
Travel Store 212,"Online payment to Travel Store 212 - Travel, 108.47",108.47,Debit Card,Miami,FL
Travel Store 191,"Travel spend at Travel Store 191, total 642.35",642.35,Digital Wallet,Chicago,IL
Utilities Store 082,"Mobile app payment at Utilities Store 082, Utilities, 101.88",101.88,Debit Card,San Francisco,CA
Auto Loan Servicer,"POS transaction - Auto Loan Servicer (Bills), amount 150.50",150.5,Digital Wallet,Ann Arbor,MI
Miscellaneous Store 046,"Mobile app payment at Miscellaneous Store 046, Miscellaneous, 5.00",5.0,Credit Card,Ann Arbor,MI
Bills Store 016,"Mobile app payment at Bills Store 016, Bills, 331.18",331.18,Debit Card,Ann Arbor,MI
Entertainment Store 194,Card purchase at Entertainment Store 194 for 101.86 USD (Entertainment),101.86,Cash,Austin,TX
Healthcare Store 113,"POS transaction - Healthcare Store 113 (Healthcare), amount 246.71",246.71,Digital Wallet,Chicago,IL
Shell,"Mobile app payment at Shell, Transport, 55.83",55.83,Digital Wallet,Boston,MA
Bills Store 106,"Bills spend at Bills Store 106, total 153.58",153.58,Digital Wallet,Miami,FL
DiningOut Store 218,"Online payment to DiningOut Store 218 - DiningOut, 33.54",33.54,Digital Wallet,Seattle,WA
Trader Joes,Card purchase at Trader Joes for 33.60 USD (Groceries),33.6,ACH,Seattle,WA
Uber,"POS transaction - Uber (Transport), amount 28.45",28.45,ACH,Austin,TX
Bills Store 213,"POS transaction - Bills Store 213 (Bills), amount 178.02",178.02,Digital Wallet,Austin,TX
Apple Store,"Online payment to Apple Store - Shopping, 108.52",108.52,Cash,Denver,CO
Entertainment Store 027,"Mobile app payment at Entertainment Store 027, Entertainment, 53.02",53.02,Cash,Miami,FL
KFC,"Online payment to KFC - DiningOut, 12.08",12.08,ACH,Boston,MA
Utilities Store 185,"POS transaction - Utilities Store 185 (Utilities), amount 89.94",89.94,ACH,Detroit,MI
DiningOut Store 182,Card purchase at DiningOut Store 182 for 5.00 USD (DiningOut),5.0,Debit Card,Boston,MA
DiningOut Store 157,"Online payment to DiningOut Store 157 - DiningOut, 17.15",17.15,Digital Wallet,San Francisco,CA
Utilities Store 054,"Mobile app payment at Utilities Store 054, Utilities, 98.33",98.33,ACH,Detroit,MI
Southwest,"POS transaction - Southwest (Travel), amount 212.69",212.69,Debit Card,Austin,TX
DiningOut Store 172,"Online payment to DiningOut Store 172 - Shopping, 5.00",5.0,Cash,San Francisco,CA
Meijer,"Mobile app payment at Meijer, Groceries, 70.60",70.6,Digital Wallet,Boston,MA
PersonalCare Store 019,Card purchase at PersonalCare Store 019 for 39.25 USD (Groceries),39.25,Cash,Ann Arbor,MI
DiningOut Store 120,Card purchase at DiningOut Store 120 for 37.04 USD (DiningOut),37.04,Debit Card,Miami,FL
Utilities Store 030,Card purchase at Utilities Store 030 for 88.63 USD (Utilities),88.63,ACH,New York,NY
Walmart,"Mobile app payment at Walmart, Groceries, 160.59",160.59,Debit Card,Ann Arbor,MI
DiningOut Store 171,Card purchase at DiningOut Store 171 for 23.12 USD (DiningOut),23.12,Credit Card,Ann Arbor,MI
Lyft Airport,"Online payment to Lyft Airport - Travel, 248.06",248.06,Credit Card,Boston,MA
Target.com,"Online payment to Target.com - Shopping, 78.21",78.21,ACH,Miami,FL
Craft Store,Card purchase at Craft Store for 168.08 USD (Healthcare),168.08,ACH,Austin,TX
Bills Store 002,"Online payment to Bills Store 002 - Bills, 193.68",193.68,Cash,Chicago,IL
Shopping Store 066,"POS transaction - Shopping Store 066 (Shopping), amount 124.60",124.6,Cash,Denver,CO
Travel Store 098,"Travel spend at Travel Store 098, total 643.97",643.97,Debit Card,Austin,TX
Uber,"POS transaction - Uber (Transport), amount 59.23",59.23,Cash,Austin,TX
Utilities Store 109,"POS transaction - Utilities Store 109 (Utilities), amount 230.93",230.93,Credit Card,Austin,TX
IKEA,"POS transaction - IKEA (Shopping), amount 90.83",90.83,Credit Card,Austin,TX
Entertainment Store 063,"Online payment to Entertainment Store 063 - Shopping, 121.08",121.08,ACH,Detroit,MI
Education Store 026,"Education spend at Education Store 026, total 71.74",71.74,Cash,San Francisco,CA
AMC Theatres,"POS transaction - AMC Theatres (Entertainment), amount 22.96",22.96,ACH,San Francisco,CA
Trader Joes,"Online payment to Trader Joes - Groceries, 67.64",67.64,Cash,San Francisco,CA
Bills Store 103,"Mobile app payment at Bills Store 103, Bills, 202.97",202.97,Debit Card,Ann Arbor,MI
Metro Transit,Card purchase at Metro Transit for 469.61 USD (Travel),469.61,ACH,New York,NY
Shopping Store 216,Card purchase at Shopping Store 216 for 167.80 USD (Shopping),167.8,Credit Card,Chicago,IL
Shopping Store 088,"DiningOut spend at Shopping Store 088, total 48.64",48.64,Credit Card,Ann Arbor,MI
Miscellaneous Store 046,"Mobile app payment at Miscellaneous Store 046, Healthcare, 5.00",5.0,Debit Card,San Francisco,CA
Transport Store 078,"POS transaction - Transport Store 078 (Transport), amount 49.32",49.32,Cash,Miami,FL
Shopping Store 211,"Online payment to Shopping Store 211 - Shopping, 5.00",5.0,Cash,San Francisco,CA
Internet Bill AutoPay,"Online payment to Internet Bill AutoPay - Bills, 194.05",194.05,Credit Card,Ann Arbor,MI
Utilities Store 020,"Online payment to Utilities Store 020 - Utilities, 75.83",75.83,Cash,Ann Arbor,MI
Travel Store 062,"Mobile app payment at Travel Store 062, Travel, 176.16",176.16,Credit Card,Boston,MA
Nike,"Online payment to Nike - Shopping, 154.27",154.27,Cash,Miami,FL
Utilities Store 073,"Utilities spend at Utilities Store 073, total 145.25",145.25,Cash,San Francisco,CA
Home Depot,"POS transaction - Home Depot (Shopping), amount 185.99",185.99,Digital Wallet,Miami,FL
Healthcare Store 129,"Mobile app payment at Healthcare Store 129, Healthcare, 119.42",119.42,Cash,Chicago,IL
Metro Transit,"POS transaction - Metro Transit (Transport), amount 5.00",5.0,ACH,Detroit,MI
Utilities Store 186,Card purchase at Utilities Store 186 for 137.89 USD (Utilities),137.89,Cash,Seattle,WA
Publix,Card purchase at Publix for 57.09 USD (Groceries),57.09,Cash,Detroit,MI
Bills Store 210,"POS transaction - Bills Store 210 (Transport), amount 60.29",60.29,Debit Card,Miami,FL
Panera Bread,"POS transaction - Panera Bread (DiningOut), amount 34.70",34.7,Digital Wallet,San Francisco,CA
Groceries Store 117,"Mobile app payment at Groceries Store 117, Transport, 90.97",90.97,ACH,San Francisco,CA
BP,"Online payment to BP - Transport, 34.80",34.8,Credit Card,San Francisco,CA
DiningOut Store 196,Card purchase at DiningOut Store 196 for 13.74 USD (DiningOut),13.74,Debit Card,Denver,CO
Subway,Card purchase at Subway for 43.66 USD (DiningOut),43.66,Digital Wallet,Detroit,MI
Utilities Store 054,"Transport spend at Utilities Store 054, total 46.87",46.87,Digital Wallet,Boston,MA
Shopping Store 111,"POS transaction - Shopping Store 111 (Shopping), amount 46.20",46.2,ACH,Denver,CO
Groceries Store 150,"POS transaction - Groceries Store 150 (Groceries), amount 74.18",74.18,ACH,New York,NY
Groceries Store 036,"Mobile app payment at Groceries Store 036, Groceries, 94.06",94.06,Digital Wallet,Austin,TX
Utilities Store 020,"Utilities spend at Utilities Store 020, total 132.65",132.65,Debit Card,Austin,TX
Education Store 085,"POS transaction - Education Store 085 (Education), amount 223.99",223.99,ACH,Boston,MA
Groceries Store 150,"Online payment to Groceries Store 150 - Groceries, 19.71",19.71,Credit Card,Miami,FL
Nike,Card purchase at Nike for 61.50 USD (Shopping),61.5,Debit Card,Boston,MA
Miscellaneous Store 153,Card purchase at Miscellaneous Store 153 for 44.43 USD (Miscellaneous),44.43,ACH,Detroit,MI
Shopping Store 216,"POS transaction - Shopping Store 216 (Shopping), amount 81.64",81.64,Digital Wallet,Denver,CO
Local Hospital,"Healthcare spend at Local Hospital, total 133.80",133.8,ACH,Chicago,IL
Adidas,"Mobile app payment at Adidas, Shopping, 164.32",164.32,Digital Wallet,Austin,TX
Local Gift Shop,"Miscellaneous spend at Local Gift Shop, total 23.18",23.18,Digital Wallet,San Francisco,CA
Best Buy,"Shopping spend at Best Buy, total 97.79",97.79,Debit Card,Miami,FL
Property Taxes,"DiningOut spend at Property Taxes, total 13.34",13.34,Debit Card,Austin,TX
Miscellaneous Store 046,"POS transaction - Miscellaneous Store 046 (Miscellaneous), amount 10.72",10.72,ACH,Miami,FL
Miscellaneous Store 024,"Mobile app payment at Miscellaneous Store 024, Miscellaneous, 40.51",40.51,Digital Wallet,San Francisco,CA
Farmer Market,"Mobile app payment at Farmer Market, Miscellaneous, 35.52",35.52,Cash,Boston,MA
Speedway,Card purchase at Speedway for 77.36 USD (Transport),77.36,ACH,Denver,CO
Speedway,"Transport spend at Speedway, total 9.75",9.75,Cash,Miami,FL
Shopping Store 111,"Shopping spend at Shopping Store 111, total 174.75",174.75,Digital Wallet,Austin,TX
DiningOut Store 172,"Mobile app payment at DiningOut Store 172, DiningOut, 34.07",34.07,Debit Card,Miami,FL
Groceries Store 150,"Mobile app payment at Groceries Store 150, Groceries, 92.20",92.2,Credit Card,Austin,TX
Regal Cinemas,"Online payment to Regal Cinemas - Entertainment, 59.00",59.0,Credit Card,Boston,MA
DiningOut Store 218,"Online payment to DiningOut Store 218 - DiningOut, 15.79",15.79,ACH,Denver,CO
Miscellaneous Store 161,"POS transaction - Miscellaneous Store 161 (Miscellaneous), amount 80.84",80.84,Debit Card,Ann Arbor,MI
Panera Bread,Card purchase at Panera Bread for 41.99 USD (DiningOut),41.99,Cash,Boston,MA
DiningOut Store 120,"DiningOut spend at DiningOut Store 120, total 40.05",40.05,Digital Wallet,Miami,FL
Amtrak,"POS transaction - Amtrak (Transport), amount 42.55",42.55,ACH,Ann Arbor,MI
Uber Airport,"Travel spend at Uber Airport, total 345.84",345.84,Cash,Ann Arbor,MI
Starbucks,"DiningOut spend at Starbucks, total 13.29",13.29,Credit Card,Detroit,MI
Kroger,Card purchase at Kroger for 154.72 USD (Groceries),154.72,Digital Wallet,Ann Arbor,MI
PersonalCare Store 048,Card purchase at PersonalCare Store 048 for 58.26 USD (PersonalCare),58.26,Digital Wallet,Chicago,IL
Miscellaneous Store 046,"POS transaction - Miscellaneous Store 046 (Miscellaneous), amount 14.71",14.71,Credit Card,Chicago,IL
Education Store 099,Card purchase at Education Store 099 for 134.91 USD (Education),134.91,ACH,New York,NY
Shopping Store 211,"Online payment to Shopping Store 211 - Shopping, 200.19",200.19,Cash,San Francisco,CA
Utilities Store 005,"Utilities spend at Utilities Store 005, total 35.07",35.07,Credit Card,Miami,FL
Nike,"Shopping spend at Nike, total 94.29",94.29,Debit Card,Miami,FL
Meijer,"Mobile app payment at Meijer, Groceries, 102.44",102.44,ACH,Denver,CO
Utilities Store 047,Card purchase at Utilities Store 047 for 142.26 USD (Utilities),142.26,ACH,Austin,TX
Healthcare Store 034,"Mobile app payment at Healthcare Store 034, Healthcare, 127.44",127.44,Digital Wallet,Seattle,WA
Healthcare Store 158,"POS transaction - Healthcare Store 158 (Healthcare), amount 244.94",244.94,Digital Wallet,Denver,CO
DiningOut Store 087,"POS transaction - DiningOut Store 087 (DiningOut), amount 26.17",26.17,Debit Card,New York,NY
Healthcare Store 011,"Mobile app payment at Healthcare Store 011, Healthcare, 118.69",118.69,Cash,San Francisco,CA
Utilities Store 073,"POS transaction - Utilities Store 073 (Transport), amount 78.80",78.8,Debit Card,Miami,FL
Groceries Store 117,"POS transaction - Groceries Store 117 (Groceries), amount 97.35",97.35,Debit Card,Denver,CO
DiningOut Store 041,"Mobile app payment at DiningOut Store 041, DiningOut, 28.27",28.27,Credit Card,Austin,TX
DiningOut Store 058,Card purchase at DiningOut Store 058 for 35.30 USD (DiningOut),35.3,Debit Card,Seattle,WA
Starbucks,"Online payment to Starbucks - DiningOut, 10.30",10.3,Credit Card,Austin,TX
Groceries Store 138,Card purchase at Groceries Store 138 for 187.56 USD (Groceries),187.56,Debit Card,Austin,TX
Shopping Store 152,"Shopping spend at Shopping Store 152, total 199.80",199.8,Credit Card,New York,NY
Utilities Store 176,"POS transaction - Utilities Store 176 (Groceries), amount 65.14",65.14,Cash,San Francisco,CA
Panera Bread,"DiningOut spend at Panera Bread, total 5.00",5.0,Debit Card,Denver,CO
Charity Donation,"POS transaction - Charity Donation (Miscellaneous), amount 5.00",5.0,Cash,New York,NY
DiningOut Store 087,"Mobile app payment at DiningOut Store 087, DiningOut, 41.82",41.82,Digital Wallet,San Francisco,CA
Shopping Store 216,"Mobile app payment at Shopping Store 216, Shopping, 32.33",32.33,Debit Card,Ann Arbor,MI
Miscellaneous Store 064,"Online payment to Miscellaneous Store 064 - Miscellaneous, 14.00",14.0,Digital Wallet,Ann Arbor,MI
City Parking Garage,Card purchase at City Parking Garage for 100.58 USD (Transport),100.58,Cash,Chicago,IL
PersonalCare Store 035,"Online payment to PersonalCare Store 035 - PersonalCare, 64.00",64.0,Debit Card,Ann Arbor,MI
PersonalCare Store 006,"PersonalCare spend at PersonalCare Store 006, total 65.62",65.62,ACH,San Francisco,CA
Walmart.com,"Shopping spend at Walmart.com, total 88.01",88.01,Debit Card,Boston,MA
Transport Store 052,"POS transaction - Transport Store 052 (Transport), amount 36.31",36.31,Digital Wallet,Austin,TX
Mortgage Servicer,Card purchase at Mortgage Servicer for 108.14 USD (Bills),108.14,Digital Wallet,Ann Arbor,MI
Bills Store 128,"Online payment to Bills Store 128 - Education, 70.63",70.63,Digital Wallet,Miami,FL
Education Store 026,"Online payment to Education Store 026 - Education, 329.48",329.48,Digital Wallet,Ann Arbor,MI
Entertainment Store 194,"POS transaction - Entertainment Store 194 (Entertainment), amount 120.73",120.73,Debit Card,Ann Arbor,MI
Shopping Store 216,"Online payment to Shopping Store 216 - Shopping, 158.77",158.77,Digital Wallet,Boston,MA
Kroger,"Mobile app payment at Kroger, Groceries, 163.43",163.43,ACH,Denver,CO
Travel Store 212,"Online payment to Travel Store 212 - Travel, 250.46",250.46,Digital Wallet,Detroit,MI
DiningOut Store 182,"POS transaction - DiningOut Store 182 (DiningOut), amount 5.00",5.0,Cash,Miami,FL
Bills Store 071,Card purchase at Bills Store 071 for 295.93 USD (Bills),295.93,Credit Card,New York,NY
DiningOut Store 001,"Mobile app payment at DiningOut Store 001, DiningOut, 15.92",15.92,Cash,Detroit,MI
Miscellaneous Store 064,"Miscellaneous spend at Miscellaneous Store 064, total 12.79",12.79,Digital Wallet,Miami,FL
DiningOut Store 196,Card purchase at DiningOut Store 196 for 23.89 USD (DiningOut),23.89,Debit Card,Ann Arbor,MI
Groceries Store 117,Card purchase at Groceries Store 117 for 63.63 USD (Groceries),63.63,Debit Card,Boston,MA
Groceries Store 127,"Online payment to Groceries Store 127 - Groceries, 131.54",131.54,ACH,San Francisco,CA
BlueCross,"Healthcare spend at BlueCross, total 141.26",141.26,Digital Wallet,San Francisco,CA
Shopping Store 209,"Mobile app payment at Shopping Store 209, Shopping, 160.49",160.49,Cash,San Francisco,CA
Utilities Store 121,"Online payment to Utilities Store 121 - Groceries, 17.83",17.83,Credit Card,New York,NY
Uber,Card purchase at Uber for 48.41 USD (Transport),48.41,Debit Card,New York,NY
Healthcare Store 017,"Online payment to Healthcare Store 017 - DiningOut, 54.61",54.61,Cash,Detroit,MI
Panera Bread,"Mobile app payment at Panera Bread, DiningOut, 16.93",16.93,Credit Card,Ann Arbor,MI
Shopping Store 167,"POS transaction - Shopping Store 167 (Travel), amount 359.98",359.98,Debit Card,Ann Arbor,MI
DiningOut Store 041,Card purchase at DiningOut Store 041 for 5.00 USD (DiningOut),5.0,Cash,Seattle,WA
Entertainment Store 094,"POS transaction - Entertainment Store 094 (Shopping), amount 97.80",97.8,Credit Card,Chicago,IL
Dental Clinic,"Healthcare spend at Dental Clinic, total 126.07",126.07,Cash,Boston,MA
Miscellaneous Store 046,"Online payment to Miscellaneous Store 046 - Bills, 213.53",213.53,Digital Wallet,New York,NY
Healthcare Store 011,"POS transaction - Healthcare Store 011 (Healthcare), amount 118.43",118.43,Credit Card,San Francisco,CA
Bills Store 107,"Bills spend at Bills Store 107, total 304.19",304.19,Credit Card,Austin,TX
Amtrak,"Online payment to Amtrak - Transport, 43.64",43.64,Digital Wallet,New York,NY
DiningOut Store 198,"Online payment to DiningOut Store 198 - DiningOut, 12.71",12.71,Debit Card,Ann Arbor,MI
Bills Store 089,"POS transaction - Bills Store 089 (Bills), amount 158.36",158.36,Credit Card,Boston,MA
Hair Salon,"Online payment to Hair Salon - PersonalCare, 5.00",5.0,ACH,Austin,TX
Groceries Store 069,"Mobile app payment at Groceries Store 069, Groceries, 81.33",81.33,Digital Wallet,Miami,FL
Shopping Store 211,Card purchase at Shopping Store 211 for 26.74 USD (Shopping),26.74,Digital Wallet,Chicago,IL
Entertainment Store 094,"Online payment to Entertainment Store 094 - Entertainment, 39.91",39.91,Cash,New York,NY
DiningOut Store 218,"Online payment to DiningOut Store 218 - DiningOut, 27.35",27.35,Debit Card,Seattle,WA
Healthcare Store 017,"POS transaction - Healthcare Store 017 (Healthcare), amount 152.98",152.98,Cash,Seattle,WA
Safeway,"Online payment to Safeway - Groceries, 93.05",93.05,Cash,Denver,CO
PersonalCare Store 125,"Shopping spend at PersonalCare Store 125, total 90.49",90.49,Cash,Ann Arbor,MI
Groceries Store 069,"Online payment to Groceries Store 069 - Groceries, 61.96",61.96,Debit Card,Miami,FL
Capital One Card,"Bills spend at Capital One Card, total 163.41",163.41,Digital Wallet,Austin,TX
Whole Foods,"Online payment to Whole Foods - Groceries, 73.76",73.76,Credit Card,Detroit,MI
Utilities Store 109,"Mobile app payment at Utilities Store 109, Utilities, 78.33",78.33,ACH,Denver,CO
Aldi,"Mobile app payment at Aldi, Groceries, 147.38",147.38,Credit Card,Seattle,WA
Chevron,"POS transaction - Chevron (Transport), amount 37.14",37.14,Cash,Miami,FL
Bills Store 105,"Mobile app payment at Bills Store 105, Travel, 104.62",104.62,Digital Wallet,Detroit,MI
Speedway,"Groceries spend at Speedway, total 112.62",112.62,Cash,Ann Arbor,MI
Shopping Store 077,"POS transaction - Shopping Store 077 (Shopping), amount 142.35",142.35,Cash,New York,NY
Comcast,"Utilities spend at Comcast, total 89.44",89.44,Digital Wallet,Austin,TX
Utilities Store 124,"Online payment to Utilities Store 124 - Groceries, 32.54",32.54,Credit Card,Denver,CO
Healthcare Store 057,"Online payment to Healthcare Store 057 - Healthcare, 170.39",170.39,Credit Card,Miami,FL
Utilities Store 004,"Online payment to Utilities Store 004 - Utilities, 88.30",88.3,Debit Card,Denver,CO
Property Taxes,"Mobile app payment at Property Taxes, Bills, 156.91",156.91,Cash,New York,NY
Metro Transit,"POS transaction - Metro Transit (Transport), amount 65.37",65.37,Debit Card,Austin,TX
Travel Store 013,Card purchase at Travel Store 013 for 345.94 USD (Travel),345.94,Credit Card,Chicago,IL
DiningOut Store 171,Card purchase at DiningOut Store 171 for 38.29 USD (DiningOut),38.29,ACH,Miami,FL
Target,"Online payment to Target - Groceries, 121.00",121.0,Digital Wallet,Seattle,WA
Speedway,Card purchase at Speedway for 42.38 USD (Transport),42.38,ACH,Miami,FL
Miscellaneous Store 061,"POS transaction - Miscellaneous Store 061 (Miscellaneous), amount 55.37",55.37,Credit Card,Ann Arbor,MI
DisneyPlus,"POS transaction - DisneyPlus (Entertainment), amount 36.32",36.32,Credit Card,New York,NY
Chipotle,Card purchase at Chipotle for 48.64 USD (DiningOut),48.64,Cash,Denver,CO
Hulu,"Online payment to Hulu - Entertainment, 34.79",34.79,Cash,Austin,TX
Entertainment Store 068,"Mobile app payment at Entertainment Store 068, Entertainment, 68.40",68.4,Digital Wallet,Miami,FL
Groceries Store 045,"Online payment to Groceries Store 045 - Groceries, 89.29",89.29,ACH,Boston,MA
Utilities Store 030,"Mobile app payment at Utilities Store 030, Utilities, 75.01",75.01,Debit Card,Denver,CO
Walmart,"POS transaction - Walmart (Groceries), amount 118.44",118.44,Credit Card,Chicago,IL
Udemy,"Mobile app payment at Udemy, Education, 188.44",188.44,Cash,Miami,FL
Hulu,"POS transaction - Hulu (Entertainment), amount 77.76",77.76,Cash,San Francisco,CA
Physical Therapy,"Mobile app payment at Physical Therapy, Healthcare, 102.97",102.97,Cash,Seattle,WA
Craft Store,"Miscellaneous spend at Craft Store, total 6.74",6.74,Debit Card,Seattle,WA
Nike,"POS transaction - Nike (Shopping), amount 167.15",167.15,Credit Card,Boston,MA
Vitamin Shoppe,"PersonalCare spend at Vitamin Shoppe, total 18.35",18.35,Debit Card,Miami,FL
DiningOut Store 198,"POS transaction - DiningOut Store 198 (DiningOut), amount 71.87",71.87,Digital Wallet,San Francisco,CA
Transport Store 168,"Transport spend at Transport Store 168, total 28.25",28.25,ACH,Chicago,IL
Lowes,"Online payment to Lowes - Shopping, 97.98",97.98,Digital Wallet,Denver,CO
eBay,Card purchase at eBay for 45.39 USD (Miscellaneous),45.39,Digital Wallet,Austin,TX
Shell,"Transport spend at Shell, total 32.26",32.26,Cash,Austin,TX
Booking.com,"Groceries spend at Booking.com, total 66.67",66.67,Debit Card,Seattle,WA
DiningOut Store 087,"Online payment to DiningOut Store 087 - DiningOut, 9.77",9.77,Credit Card,New York,NY
Education Store 040,"POS transaction - Education Store 040 (Education), amount 310.45",310.45,Digital Wallet,Boston,MA
Walgreens,"POS transaction - Walgreens (Shopping), amount 5.00",5.0,Cash,Miami,FL
Groceries Store 056,"Online payment to Groceries Store 056 - Groceries, 55.79",55.79,Credit Card,San Francisco,CA
Travel Store 098,"Online payment to Travel Store 098 - Travel, 5.00",5.0,Debit Card,Seattle,WA
Olive Garden,"DiningOut spend at Olive Garden, total 29.37",29.37,Digital Wallet,Chicago,IL
Groceries Store 217,"Online payment to Groceries Store 217 - Groceries, 41.29",41.29,Digital Wallet,Boston,MA
Entertainment Store 163,"Mobile app payment at Entertainment Store 163, Entertainment, 29.13",29.13,ACH,Denver,CO
Xbox Live,Card purchase at Xbox Live for 72.06 USD (Entertainment),72.06,Debit Card,San Francisco,CA
Bills Store 210,"Online payment to Bills Store 210 - Healthcare, 196.45",196.45,Cash,Denver,CO
Walmart.com,"Mobile app payment at Walmart.com, Groceries, 98.23",98.23,ACH,Miami,FL
Costco,"Mobile app payment at Costco, Groceries, 56.15",56.15,ACH,Seattle,WA
DiningOut Store 087,"DiningOut spend at DiningOut Store 087, total 57.87",57.87,Debit Card,Austin,TX
Groceries Store 045,"POS transaction - Groceries Store 045 (Groceries), amount 112.23",112.23,Debit Card,Seattle,WA
Transport Store 148,"Transport spend at Transport Store 148, total 54.12",54.12,ACH,Austin,TX
Travel Store 062,"POS transaction - Travel Store 062 (Travel), amount 114.07",114.07,Cash,Ann Arbor,MI
Groceries Store 045,"Mobile app payment at Groceries Store 045, Groceries, 85.71",85.71,Cash,San Francisco,CA
IKEA,Card purchase at IKEA for 79.51 USD (Shopping),79.51,Credit Card,New York,NY
Shopping Store 190,"Shopping spend at Shopping Store 190, total 37.22",37.22,Debit Card,Denver,CO
Walmart.com,"Shopping spend at Walmart.com, total 80.50",80.5,Debit Card,Austin,TX
Groceries Store 147,"Mobile app payment at Groceries Store 147, Groceries, 71.65",71.65,ACH,Miami,FL
Healthcare Store 131,Card purchase at Healthcare Store 131 for 166.73 USD (Healthcare),166.73,Debit Card,Denver,CO
Shell,"POS transaction - Shell (Transport), amount 85.65",85.65,Cash,Boston,MA
Udemy,Card purchase at Udemy for 185.89 USD (Education),185.89,Debit Card,Chicago,IL
Groceries Store 069,Card purchase at Groceries Store 069 for 118.42 USD (Groceries),118.42,Cash,Austin,TX
Nail Spa,"Mobile app payment at Nail Spa, PersonalCare, 65.19",65.19,Debit Card,San Francisco,CA
Airbnb,Card purchase at Airbnb for 264.52 USD (Travel),264.52,Credit Card,Ann Arbor,MI
PlayStation Store,"Entertainment spend at PlayStation Store, total 5.00",5.0,ACH,Miami,FL
Hilton Hotels,"POS transaction - Hilton Hotels (Travel), amount 394.60",394.6,Credit Card,New York,NY
Hair Salon,"Online payment to Hair Salon - PersonalCare, 29.38",29.38,ACH,Miami,FL
Hulu,"Mobile app payment at Hulu, Entertainment, 6.76",6.76,ACH,New York,NY
Miscellaneous Store 064,"Online payment to Miscellaneous Store 064 - Miscellaneous, 5.36",5.36,Cash,Austin,TX
Trader Joes,Card purchase at Trader Joes for 101.26 USD (Groceries),101.26,Cash,Ann Arbor,MI
Transport Store 148,"Transport spend at Transport Store 148, total 69.97",69.97,Credit Card,Ann Arbor,MI
Miscellaneous Store 024,"POS transaction - Miscellaneous Store 024 (Miscellaneous), amount 5.00",5.0,ACH,Miami,FL
Utilities Store 186,"Online payment to Utilities Store 186 - Utilities, 187.47",187.47,Digital Wallet,Boston,MA
Groceries Store 150,"Mobile app payment at Groceries Store 150, Groceries, 29.77",29.77,Cash,Boston,MA
Aldi,Card purchase at Aldi for 102.22 USD (Groceries),102.22,Debit Card,San Francisco,CA
Miscellaneous Store 046,"Online payment to Miscellaneous Store 046 - Miscellaneous, 54.42",54.42,Cash,New York,NY
Costco,"POS transaction - Costco (Groceries), amount 87.87",87.87,Debit Card,Detroit,MI
Whole Foods,"Groceries spend at Whole Foods, total 79.82",79.82,Digital Wallet,Seattle,WA
Healthcare Store 079,"POS transaction - Healthcare Store 079 (Healthcare), amount 128.18",128.18,Digital Wallet,Austin,TX
PlayStation Store,Card purchase at PlayStation Store for 49.73 USD (Entertainment),49.73,Debit Card,Ann Arbor,MI
Groceries Store 104,"Online payment to Groceries Store 104 - Groceries, 18.12",18.12,Digital Wallet,Detroit,MI
Home Depot,"POS transaction - Home Depot (Shopping), amount 58.11",58.11,Debit Card,Boston,MA
Miscellaneous Store 145,"POS transaction - Miscellaneous Store 145 (Miscellaneous), amount 22.80",22.8,Digital Wallet,Ann Arbor,MI
Healthcare Store 021,"Healthcare spend at Healthcare Store 021, total 15.68",15.68,Debit Card,Seattle,WA
Shopping Store 111,"Shopping spend at Shopping Store 111, total 121.76",121.76,Debit Card,Chicago,IL
Metro Transit,"Mobile app payment at Metro Transit, Transport, 24.48",24.48,Cash,San Francisco,CA
Transport Store 072,"Transport spend at Transport Store 072, total 49.68",49.68,Debit Card,Detroit,MI
Shopping Store 167,"Shopping spend at Shopping Store 167, total 111.89",111.89,Digital Wallet,Boston,MA
Amazon,"POS transaction - Amazon (Shopping), amount 5.00",5.0,Digital Wallet,Detroit,MI
DiningOut Store 100,"Mobile app payment at DiningOut Store 100, DiningOut, 55.84",55.84,Digital Wallet,Detroit,MI
Home Depot,"Mobile app payment at Home Depot, Shopping, 150.76",150.76,Credit Card,New York,NY
Utilities Store 031,"POS transaction - Utilities Store 031 (DiningOut), amount 26.42",26.42,Digital Wallet,Miami,FL
Uber,"Online payment to Uber - Transport, 21.54",21.54,Cash,Chicago,IL
DiningOut Store 083,"Mobile app payment at DiningOut Store 083, DiningOut, 42.31",42.31,Debit Card,Miami,FL
Healthcare Store 132,"Healthcare spend at Healthcare Store 132, total 264.65",264.65,Cash,Austin,TX
Miscellaneous Store 195,"POS transaction - Miscellaneous Store 195 (Miscellaneous), amount 30.52",30.52,Digital Wallet,Miami,FL
Municipal Utilities,"Mobile app payment at Municipal Utilities, Shopping, 154.43",154.43,Debit Card,New York,NY
DisneyPlus,"Entertainment spend at DisneyPlus, total 61.28",61.28,Credit Card,Austin,TX
Marriott Hotels,"Online payment to Marriott Hotels - Transport, 73.92",73.92,Cash,Denver,CO
Chick-fil-A,"Online payment to Chick-fil-A - Groceries, 33.68",33.68,Credit Card,Austin,TX
Exxon,"Entertainment spend at Exxon, total 50.52",50.52,Cash,Chicago,IL
Trader Joes,"Online payment to Trader Joes - Travel, 177.54",177.54,ACH,Miami,FL
DiningOut Store 041,"DiningOut spend at DiningOut Store 041, total 25.10",25.1,Digital Wallet,Chicago,IL
Healthcare Store 180,"Healthcare spend at Healthcare Store 180, total 303.07",303.07,Credit Card,Ann Arbor,MI
UM-Flint,"POS transaction - UM-Flint (Education), amount 5.00",5.0,Cash,Boston,MA
DiningOut Store 218,"POS transaction - DiningOut Store 218 (DiningOut), amount 42.28",42.28,Cash,New York,NY
Shopping Store 096,"Online payment to Shopping Store 096 - Shopping, 7.65",7.65,ACH,New York,NY
DiningOut Store 172,Card purchase at DiningOut Store 172 for 11.81 USD (DiningOut),11.81,Cash,Seattle,WA
Publix,"Groceries spend at Publix, total 56.53",56.53,Digital Wallet,Boston,MA
Transport Store 189,"Mobile app payment at Transport Store 189, Transport, 70.17",70.17,Cash,Miami,FL
Entertainment Store 068,"PersonalCare spend at Entertainment Store 068, total 51.46",51.46,Credit Card,San Francisco,CA
Lyft,Card purchase at Lyft for 68.39 USD (Transport),68.39,Debit Card,Denver,CO
Nike,"Mobile app payment at Nike, Shopping, 126.29",126.29,Digital Wallet,Boston,MA
Subway,"Online payment to Subway - DiningOut, 5.00",5.0,Credit Card,Chicago,IL
Transport Store 078,"POS transaction - Transport Store 078 (Transport), amount 17.07",17.07,Debit Card,Austin,TX
BlueCross,"Mobile app payment at BlueCross, Entertainment, 83.52",83.52,Digital Wallet,New York,NY
Subway,"Mobile app payment at Subway, Bills, 150.83",150.83,Digital Wallet,San Francisco,CA
DiningOut Store 010,Card purchase at DiningOut Store 010 for 5.00 USD (DiningOut),5.0,Cash,Boston,MA
Miscellaneous Store 046,"Miscellaneous spend at Miscellaneous Store 046, total 42.67",42.67,Credit Card,New York,NY
Office Supply Store,"POS transaction - Office Supply Store (Miscellaneous), amount 22.82",22.82,Cash,Austin,TX
Groceries Store 104,"Online payment to Groceries Store 104 - Groceries, 76.49",76.49,Cash,New York,NY
Gym Membership,"POS transaction - Gym Membership (PersonalCare), amount 38.86",38.86,ACH,Ann Arbor,MI
DTE Energy,"Online payment to DTE Energy - Utilities, 205.08",205.08,Cash,Miami,FL
DiningOut Store 157,"Online payment to DiningOut Store 157 - DiningOut, 62.65",62.65,Credit Card,Ann Arbor,MI
Airbnb,"Online payment to Airbnb - Travel, 325.07",325.07,Cash,Chicago,IL
Groceries Store 217,"Groceries spend at Groceries Store 217, total 91.24",91.24,Credit Card,Miami,FL
Shopping Store 152,Card purchase at Shopping Store 152 for 147.12 USD (Shopping),147.12,Cash,Chicago,IL
PersonalCare Store 035,"Mobile app payment at PersonalCare Store 035, Groceries, 68.88",68.88,Digital Wallet,Chicago,IL
Miscellaneous Store 081,"POS transaction - Miscellaneous Store 081 (Miscellaneous), amount 43.80",43.8,Digital Wallet,San Francisco,CA
Bills Store 014,Card purchase at Bills Store 014 for 369.60 USD (Bills),369.6,Credit Card,New York,NY
Healthcare Store 011,"Healthcare spend at Healthcare Store 011, total 235.92",235.92,Digital Wallet,Ann Arbor,MI
Groceries Store 170,"Mobile app payment at Groceries Store 170, Groceries, 29.98",29.98,Cash,New York,NY
Groceries Store 036,"Groceries spend at Groceries Store 036, total 34.86",34.86,ACH,Boston,MA
Healthcare Store 180,Card purchase at Healthcare Store 180 for 62.80 USD (Miscellaneous),62.8,Credit Card,Boston,MA
Costco,Card purchase at Costco for 62.87 USD (Groceries),62.87,Digital Wallet,Denver,CO
Miscellaneous Store 024,"POS transaction - Miscellaneous Store 024 (Miscellaneous), amount 5.66",5.66,Digital Wallet,Seattle,WA
Safeway,Card purchase at Safeway for 58.56 USD (Groceries),58.56,Debit Card,Miami,FL
Walmart,"Online payment to Walmart - Groceries, 68.93",68.93,ACH,Boston,MA
Healthcare Store 134,Card purchase at Healthcare Store 134 for 209.72 USD (Healthcare),209.72,Credit Card,Ann Arbor,MI
Utilities Store 109,"Mobile app payment at Utilities Store 109, Utilities, 200.18",200.18,Digital Wallet,Denver,CO
Dominos,"Mobile app payment at Dominos, DiningOut, 27.77",27.77,Credit Card,New York,NY
Miscellaneous Store 046,"Online payment to Miscellaneous Store 046 - Miscellaneous, 32.91",32.91,ACH,Ann Arbor,MI
DiningOut Store 083,"Online payment to DiningOut Store 083 - DiningOut, 52.33",52.33,Cash,San Francisco,CA
Groceries Store 045,"POS transaction - Groceries Store 045 (Groceries), amount 60.11",60.11,Debit Card,New York,NY
Transport Store 072,"Online payment to Transport Store 072 - Transport, 5.00",5.0,ACH,Miami,FL
Shopping Store 077,"Shopping spend at Shopping Store 077, total 48.84",48.84,Digital Wallet,San Francisco,CA
Healthcare Store 129,"Mobile app payment at Healthcare Store 129, Healthcare, 105.63",105.63,Credit Card,New York,NY
Groceries Store 045,"Mobile app payment at Groceries Store 045, Groceries, 5.00",5.0,Debit Card,New York,NY
Groceries Store 150,"POS transaction - Groceries Store 150 (Groceries), amount 90.28",90.28,Cash,Boston,MA
Education Store 040,"Online payment to Education Store 040 - PersonalCare, 47.34",47.34,Debit Card,Detroit,MI
Education Store 130,"Online payment to Education Store 130 - Education, 272.11",272.11,Debit Card,Chicago,IL
Groceries Store 217,"Online payment to Groceries Store 217 - Groceries, 65.97",65.97,Digital Wallet,Detroit,MI
Groceries Store 150,Card purchase at Groceries Store 150 for 85.67 USD (Groceries),85.67,ACH,Austin,TX
Shopping Store 152,"POS transaction - Shopping Store 152 (Shopping), amount 157.16",157.16,Digital Wallet,Boston,MA
Bills Store 173,"POS transaction - Bills Store 173 (Bills), amount 59.66",59.66,ACH,Austin,TX
DiningOut Store 118,"POS transaction - DiningOut Store 118 (DiningOut), amount 5.00",5.0,Cash,Austin,TX
Utilities Store 165,"Online payment to Utilities Store 165 - Utilities, 82.31",82.31,Debit Card,San Francisco,CA
Trader Joes,"POS transaction - Trader Joes (Groceries), amount 42.89",42.89,Cash,New York,NY
Charity Donation,"Online payment to Charity Donation - Miscellaneous, 28.14",28.14,Cash,New York,NY
Shopping Store 077,Card purchase at Shopping Store 077 for 121.41 USD (Shopping),121.41,Digital Wallet,Denver,CO
Trader Joes,"Online payment to Trader Joes - Groceries, 36.13",36.13,ACH,Detroit,MI
Amtrak,"Online payment to Amtrak - Transport, 35.76",35.76,Credit Card,Austin,TX
Netflix,"Online payment to Netflix - Entertainment, 15.43",15.43,Credit Card,Ann Arbor,MI
Entertainment Store 164,"Online payment to Entertainment Store 164 - Entertainment, 17.90",17.9,Credit Card,Austin,TX
Groceries Store 138,"Groceries spend at Groceries Store 138, total 101.92",101.92,Credit Card,Miami,FL
Toy Store,"POS transaction - Toy Store (Miscellaneous), amount 74.98",74.98,Credit Card,Denver,CO
PersonalCare Store 067,Card purchase at PersonalCare Store 067 for 14.39 USD (PersonalCare),14.39,Cash,San Francisco,CA
Internet Bill AutoPay,"Online payment to Internet Bill AutoPay - Shopping, 163.36",163.36,Credit Card,Austin,TX
DiningOut Store 018,"DiningOut spend at DiningOut Store 018, total 5.00",5.0,Debit Card,Chicago,IL
Costco,"POS transaction - Costco (Groceries), amount 133.82",133.82,Cash,Austin,TX
United Airlines,"Online payment to United Airlines - Groceries, 29.56",29.56,Credit Card,San Francisco,CA
DiningOut Store 172,"Mobile app payment at DiningOut Store 172, DiningOut, 41.38",41.38,Digital Wallet,San Francisco,CA
DTE Energy,"Mobile app payment at DTE Energy, Utilities, 175.53",175.53,Digital Wallet,San Francisco,CA
Travel Store 215,"Travel spend at Travel Store 215, total 228.57",228.57,Digital Wallet,Detroit,MI
PersonalCare Store 125,Card purchase at PersonalCare Store 125 for 26.93 USD (PersonalCare),26.93,Digital Wallet,Detroit,MI
DiningOut Store 157,"Online payment to DiningOut Store 157 - Shopping, 80.84",80.84,Digital Wallet,Detroit,MI
Utilities Store 155,"POS transaction - Utilities Store 155 (Utilities), amount 145.24",145.24,Debit Card,Miami,FL
Groceries Store 117,"Mobile app payment at Groceries Store 117, Groceries, 107.29",107.29,Cash,Austin,TX
Groceries Store 036,"Online payment to Groceries Store 036 - Groceries, 28.29",28.29,Digital Wallet,Denver,CO
Utilities Store 214,"Online payment to Utilities Store 214 - Utilities, 65.01",65.01,Digital Wallet,Boston,MA
Trader Joes,Card purchase at Trader Joes for 94.97 USD (Groceries),94.97,Digital Wallet,Austin,TX
DiningOut Store 074,Card purchase at DiningOut Store 074 for 30.47 USD (DiningOut),30.47,Debit Card,Chicago,IL
Miscellaneous Store 145,"Miscellaneous spend at Miscellaneous Store 145, total 5.00",5.0,Digital Wallet,Chicago,IL
DiningOut Store 171,"Mobile app payment at DiningOut Store 171, DiningOut, 60.99",60.99,Digital Wallet,Denver,CO
Costco,"POS transaction - Costco (Groceries), amount 93.56",93.56,ACH,Detroit,MI
Aldi,"Online payment to Aldi - Groceries, 115.19",115.19,Cash,Miami,FL
Entertainment Store 199,"POS transaction - Entertainment Store 199 (Entertainment), amount 48.93",48.93,ACH,Boston,MA
Miscellaneous Store 208,"Miscellaneous spend at Miscellaneous Store 208, total 57.78",57.78,Digital Wallet,Miami,FL
BlueCross,"POS transaction - BlueCross (Healthcare), amount 96.80",96.8,Debit Card,Detroit,MI
Entertainment Store 201,"Online payment to Entertainment Store 201 - Entertainment, 59.25",59.25,Digital Wallet,Chicago,IL
Gym Membership,"Mobile app payment at Gym Membership, PersonalCare, 10.67",10.67,Credit Card,Chicago,IL
DiningOut Store 058,"POS transaction - DiningOut Store 058 (DiningOut), amount 36.47",36.47,Credit Card,Chicago,IL
DiningOut Store 083,"POS transaction - DiningOut Store 083 (DiningOut), amount 31.86",31.86,Credit Card,New York,NY
Shell,Card purchase at Shell for 79.29 USD (Transport),79.29,ACH,Ann Arbor,MI
Transport Store 078,"Transport spend at Transport Store 078, total 29.38",29.38,Digital Wallet,Detroit,MI
Groceries Store 150,"POS transaction - Groceries Store 150 (Groceries), amount 142.32",142.32,ACH,Detroit,MI
Pizza Hut,"POS transaction - Pizza Hut (DiningOut), amount 58.67",58.67,Debit Card,Chicago,IL
Bills Store 149,"POS transaction - Bills Store 149 (DiningOut), amount 36.25",36.25,Debit Card,Ann Arbor,MI
Aldi,"Groceries spend at Aldi, total 126.63",126.63,Cash,Chicago,IL
Utilities Store 124,"Mobile app payment at Utilities Store 124, Groceries, 96.33",96.33,Debit Card,Miami,FL
PersonalCare Store 048,"POS transaction - PersonalCare Store 048 (PersonalCare), amount 47.23",47.23,ACH,Ann Arbor,MI
Miscellaneous Store 153,"Online payment to Miscellaneous Store 153 - Miscellaneous, 31.12",31.12,ACH,Boston,MA
Transport Store 078,"Transport spend at Transport Store 078, total 18.76",18.76,ACH,Austin,TX
Education Store 130,"Education spend at Education Store 130, total 267.02",267.02,Credit Card,Miami,FL
Bills Store 112,"Online payment to Bills Store 112 - Bills, 159.97",159.97,Credit Card,Chicago,IL
Utilities Store 076,"POS transaction - Utilities Store 076 (Utilities), amount 115.68",115.68,Debit Card,New York,NY
Travel Store 110,Card purchase at Travel Store 110 for 26.88 USD (Travel),26.88,Debit Card,Austin,TX
Shopping Store 154,"Mobile app payment at Shopping Store 154, Shopping, 5.00",5.0,Credit Card,Chicago,IL
Metro Transit,"POS transaction - Metro Transit (Transport), amount 56.68",56.68,ACH,Chicago,IL
Kroger,"Mobile app payment at Kroger, Groceries, 115.01",115.01,Digital Wallet,Seattle,WA
Healthcare Store 079,Card purchase at Healthcare Store 079 for 194.12 USD (Healthcare),194.12,Digital Wallet,Detroit,MI
DiningOut Store 100,"POS transaction - DiningOut Store 100 (DiningOut), amount 63.86",63.86,ACH,Chicago,IL
Panera Bread,"Online payment to Panera Bread - DiningOut, 39.22",39.22,Digital Wallet,Seattle,WA
Transport Store 142,"Transport spend at Transport Store 142, total 60.45",60.45,ACH,Boston,MA
CVS Pharmacy,Card purchase at CVS Pharmacy for 125.74 USD (Healthcare),125.74,Cash,Austin,TX
PersonalCare Store 146,"Online payment to PersonalCare Store 146 - PersonalCare, 38.13",38.13,Cash,Austin,TX
Transport Store 032,Card purchase at Transport Store 032 for 32.06 USD (Transport),32.06,Credit Card,Denver,CO
Groceries Store 138,"Mobile app payment at Groceries Store 138, Groceries, 65.13",65.13,ACH,Ann Arbor,MI
DiningOut Store 182,"Mobile app payment at DiningOut Store 182, DiningOut, 31.58",31.58,Cash,Ann Arbor,MI
Bills Store 135,"Mobile app payment at Bills Store 135, Bills, 123.21",123.21,Cash,Austin,TX
DiningOut Store 058,"Online payment to DiningOut Store 058 - DiningOut, 30.88",30.88,Cash,Ann Arbor,MI
Walmart,"Online payment to Walmart - Groceries, 106.53",106.53,Credit Card,Denver,CO
Miscellaneous Store 161,Card purchase at Miscellaneous Store 161 for 5.00 USD (Miscellaneous),5.0,Cash,Seattle,WA
Coursera,"POS transaction - Coursera (Education), amount 5.00",5.0,Digital Wallet,Seattle,WA
Utilities Store 165,"Utilities spend at Utilities Store 165, total 95.60",95.6,ACH,New York,NY
DiningOut Store 187,Card purchase at DiningOut Store 187 for 36.47 USD (DiningOut),36.47,Digital Wallet,San Francisco,CA
Travel Store 177,"POS transaction - Travel Store 177 (Travel), amount 267.65",267.65,Credit Card,Detroit,MI
Utilities Store 155,"Online payment to Utilities Store 155 - Utilities, 38.87",38.87,Cash,Austin,TX
Utilities Store 114,Card purchase at Utilities Store 114 for 181.31 USD (Utilities),181.31,Cash,Austin,TX
Bills Store 107,"Online payment to Bills Store 107 - Miscellaneous, 76.37",76.37,Credit Card,Boston,MA
Safeway,Card purchase at Safeway for 91.82 USD (Groceries),91.82,Debit Card,Austin,TX
Groceries Store 170,"Groceries spend at Groceries Store 170, total 54.65",54.65,Debit Card,Chicago,IL
IKEA,"Mobile app payment at IKEA, Shopping, 204.04",204.04,Cash,Ann Arbor,MI
Miscellaneous Store 024,"Miscellaneous spend at Miscellaneous Store 024, total 50.68",50.68,Debit Card,Chicago,IL
Bookstore Campus,"Online payment to Bookstore Campus - Education, 330.00",330.0,ACH,Ann Arbor,MI
DiningOut Store 157,"POS transaction - DiningOut Store 157 (DiningOut), amount 25.18",25.18,Cash,Miami,FL
Costco,"Mobile app payment at Costco, Groceries, 123.17",123.17,Credit Card,Seattle,WA
IKEA,Card purchase at IKEA for 56.92 USD (Shopping),56.92,Cash,Miami,FL
Travel Store 013,"Mobile app payment at Travel Store 013, DiningOut, 32.49",32.49,Credit Card,New York,NY
Dominos,Card purchase at Dominos for 54.73 USD (DiningOut),54.73,Credit Card,Boston,MA
Publix,"Groceries spend at Publix, total 107.59",107.59,ACH,Denver,CO
Healthcare Store 180,Card purchase at Healthcare Store 180 for 92.69 USD (Healthcare),92.69,Credit Card,Denver,CO
PlayStation Store,"Entertainment spend at PlayStation Store, total 41.41",41.41,Debit Card,Boston,MA
McDonalds,Card purchase at McDonalds for 52.49 USD (DiningOut),52.49,Digital Wallet,Ann Arbor,MI
Amazon,"DiningOut spend at Amazon, total 58.47",58.47,Credit Card,Chicago,IL
Entertainment Store 044,"Online payment to Entertainment Store 044 - Entertainment, 64.17",64.17,Credit Card,Austin,TX
Southwest,"Travel spend at Southwest, total 247.54",247.54,Credit Card,Austin,TX
Bills Store 105,"Bills spend at Bills Store 105, total 344.83",344.83,Debit Card,Detroit,MI
Panera Bread,Card purchase at Panera Bread for 39.53 USD (DiningOut),39.53,Digital Wallet,Ann Arbor,MI
Shopping Store 066,"Online payment to Shopping Store 066 - Shopping, 107.57",107.57,Digital Wallet,Denver,CO
Costco,"Online payment to Costco - Groceries, 108.92",108.92,Debit Card,Detroit,MI
Publix,"Mobile app payment at Publix, Groceries, 68.88",68.88,Debit Card,Seattle,WA
Shopping Store 136,Card purchase at Shopping Store 136 for 69.76 USD (Shopping),69.76,Digital Wallet,Denver,CO
Education Store 137,Card purchase at Education Store 137 for 180.05 USD (Education),180.05,Digital Wallet,Detroit,MI
Steam,Card purchase at Steam for 121.67 USD (Shopping),121.67,Debit Card,Ann Arbor,MI
Travel Store 043,"Mobile app payment at Travel Store 043, Travel, 173.37",173.37,ACH,Seattle,WA
Apple Store,"Shopping spend at Apple Store, total 30.56",30.56,Debit Card,Ann Arbor,MI
Xfinity,Card purchase at Xfinity for 97.22 USD (Utilities),97.22,Credit Card,Boston,MA
DiningOut Store 058,"Mobile app payment at DiningOut Store 058, DiningOut, 10.00",10.0,ACH,Austin,TX
DiningOut Store 100,"Mobile app payment at DiningOut Store 100, PersonalCare, 23.83",23.83,Digital Wallet,New York,NY
AT&T,"Utilities spend at AT&T, total 131.42",131.42,ACH,Ann Arbor,MI
Healthcare Store 159,"Education spend at Healthcare Store 159, total 353.92",353.92,ACH,Chicago,IL
Meijer,"Groceries spend at Meijer, total 107.02",107.02,ACH,Boston,MA
Transport Store 168,Card purchase at Transport Store 168 for 5.37 USD (Transport),5.37,Cash,Boston,MA
Shopping Store 216,"POS transaction - Shopping Store 216 (Shopping), amount 107.17",107.17,Debit Card,Miami,FL
Lyft,Card purchase at Lyft for 71.61 USD (Groceries),71.61,Cash,New York,NY
DiningOut Store 074,"DiningOut spend at DiningOut Store 074, total 35.42",35.42,Debit Card,Boston,MA
Travel Store 086,Card purchase at Travel Store 086 for 227.94 USD (Travel),227.94,Credit Card,Chicago,IL
Booking.com,"Online payment to Booking.com - Travel, 107.12",107.12,Digital Wallet,Boston,MA
PlayStation Store,"Entertainment spend at PlayStation Store, total 48.89",48.89,Credit Card,Chicago,IL
Etsy,"POS transaction - Etsy (Miscellaneous), amount 21.94",21.94,Debit Card,Seattle,WA
Bills Store 050,Card purchase at Bills Store 050 for 5.00 USD (Travel),5.0,Debit Card,San Francisco,CA
Entertainment Store 094,"POS transaction - Entertainment Store 094 (Entertainment), amount 62.64",62.64,Digital Wallet,San Francisco,CA
Chipotle,"POS transaction - Chipotle (DiningOut), amount 50.26",50.26,Digital Wallet,Detroit,MI
Groceries Store 147,"Groceries spend at Groceries Store 147, total 119.83",119.83,Credit Card,Ann Arbor,MI
Healthcare Store 159,"Mobile app payment at Healthcare Store 159, Healthcare, 184.19",184.19,Digital Wallet,Austin,TX
Bills Store 135,"POS transaction - Bills Store 135 (Bills), amount 220.15",220.15,Debit Card,New York,NY
Utilities Store 219,Card purchase at Utilities Store 219 for 52.72 USD (Transport),52.72,Credit Card,Denver,CO
Local Gift Shop,Card purchase at Local Gift Shop for 358.26 USD (Travel),358.26,Digital Wallet,Austin,TX
Walmart,Card purchase at Walmart for 101.65 USD (Groceries),101.65,Credit Card,Miami,FL
Trader Joes,"Online payment to Trader Joes - Groceries, 75.30",75.3,Cash,Miami,FL
Entertainment Store 163,"Entertainment spend at Entertainment Store 163, total 55.71",55.71,Credit Card,Boston,MA
DiningOut Store 058,Card purchase at DiningOut Store 058 for 41.80 USD (DiningOut),41.8,Digital Wallet,Seattle,WA
Transport Store 148,"Online payment to Transport Store 148 - Transport, 71.78",71.78,Cash,Denver,CO
KFC,"Mobile app payment at KFC, DiningOut, 36.93",36.93,Debit Card,Denver,CO
Shopping Store 077,"Shopping spend at Shopping Store 077, total 90.38",90.38,Credit Card,Miami,FL
BlueCross,"Healthcare spend at BlueCross, total 221.27",221.27,Cash,Boston,MA
Optometry Center,"POS transaction - Optometry Center (Healthcare), amount 252.68",252.68,Cash,Austin,TX
Miscellaneous Store 141,"Miscellaneous spend at Miscellaneous Store 141, total 93.42",93.42,Cash,Seattle,WA
Amazon,"Shopping spend at Amazon, total 92.39",92.39,Cash,Chicago,IL
Entertainment Store 199,"Mobile app payment at Entertainment Store 199, Entertainment, 77.60",77.6,Cash,Detroit,MI
Miscellaneous Store 046,"Miscellaneous spend at Miscellaneous Store 046, total 36.42",36.42,Debit Card,San Francisco,CA
Community College,"Mobile app payment at Community College, Education, 118.93",118.93,Credit Card,Chicago,IL
Apple Store,"POS transaction - Apple Store (Shopping), amount 152.26",152.26,Digital Wallet,Chicago,IL
Toy Store,"Education spend at Toy Store, total 222.16",222.16,Debit Card,Seattle,WA
Transport Store 052,"Online payment to Transport Store 052 - Transport, 64.92",64.92,Credit Card,Boston,MA
Utilities Store 155,Card purchase at Utilities Store 155 for 193.02 USD (Utilities),193.02,Debit Card,New York,NY
Chipotle,"POS transaction - Chipotle (DiningOut), amount 21.59",21.59,Debit Card,Seattle,WA
Transport Store 072,Card purchase at Transport Store 072 for 36.89 USD (Transport),36.89,Debit Card,Ann Arbor,MI
DiningOut Store 118,"DiningOut spend at DiningOut Store 118, total 55.86",55.86,Credit Card,Seattle,WA
Shopping Store 039,"Shopping spend at Shopping Store 039, total 47.68",47.68,Credit Card,Boston,MA
Miscellaneous Store 061,Card purchase at Miscellaneous Store 061 for 5.00 USD (Miscellaneous),5.0,Digital Wallet,Denver,CO
Transport Store 119,"Transport spend at Transport Store 119, total 58.88",58.88,Debit Card,Boston,MA
Transport Store 023,"Mobile app payment at Transport Store 023, Transport, 63.13",63.13,ACH,Austin,TX
Travel Store 110,Card purchase at Travel Store 110 for 195.69 USD (Travel),195.69,Credit Card,Detroit,MI
Groceries Store 127,Card purchase at Groceries Store 127 for 77.01 USD (Groceries),77.01,Digital Wallet,Seattle,WA
Toy Store,"Mobile app payment at Toy Store, Miscellaneous, 44.02",44.02,Credit Card,Chicago,IL
Utilities Store 203,"POS transaction - Utilities Store 203 (Utilities), amount 118.82",118.82,ACH,Austin,TX
Education Store 026,Card purchase at Education Store 026 for 134.90 USD (Education),134.9,Debit Card,Austin,TX
Costco,"Groceries spend at Costco, total 120.72",120.72,Debit Card,Boston,MA
DiningOut Store 087,"DiningOut spend at DiningOut Store 087, total 5.00",5.0,Credit Card,San Francisco,CA
Thrift Store,"Online payment to Thrift Store - Miscellaneous, 28.24",28.24,Credit Card,New York,NY
Bills Store 103,"Education spend at Bills Store 103, total 243.47",243.47,Debit Card,San Francisco,CA
Utilities Store 155,"POS transaction - Utilities Store 155 (Utilities), amount 104.41",104.41,ACH,Austin,TX
Entertainment Store 144,"PersonalCare spend at Entertainment Store 144, total 27.84",27.84,ACH,Austin,TX
Craft Store,"Mobile app payment at Craft Store, Miscellaneous, 5.00",5.0,Debit Card,Detroit,MI
Sephora,"PersonalCare spend at Sephora, total 47.96",47.96,Cash,Miami,FL
Travel Store 043,"POS transaction - Travel Store 043 (Travel), amount 242.05",242.05,Credit Card,Ann Arbor,MI
Transport Store 142,"POS transaction - Transport Store 142 (Transport), amount 44.17",44.17,ACH,Detroit,MI
Groceries Store 104,"Mobile app payment at Groceries Store 104, Groceries, 76.69",76.69,ACH,Ann Arbor,MI
Publix,"Online payment to Publix - Groceries, 47.94",47.94,Cash,Denver,CO
Farmer Market,"Online payment to Farmer Market - Miscellaneous, 46.77",46.77,ACH,Denver,CO
Farmer Market,Card purchase at Farmer Market for 33.92 USD (Miscellaneous),33.92,Debit Card,San Francisco,CA
Groceries Store 056,"Online payment to Groceries Store 056 - Groceries, 102.79",102.79,ACH,New York,NY
Dental Clinic,Card purchase at Dental Clinic for 212.89 USD (Healthcare),212.89,Debit Card,Denver,CO
Groceries Store 138,Card purchase at Groceries Store 138 for 114.38 USD (Groceries),114.38,Cash,San Francisco,CA
Steam,Card purchase at Steam for 22.20 USD (Entertainment),22.2,Debit Card,Boston,MA
Urgent Care Clinic,Card purchase at Urgent Care Clinic for 153.55 USD (Healthcare),153.55,Cash,Seattle,WA
Utilities Store 109,"Online payment to Utilities Store 109 - Utilities, 177.40",177.4,Digital Wallet,Denver,CO
Uber,Card purchase at Uber for 55.26 USD (Transport),55.26,Digital Wallet,New York,NY
Healthcare Store 115,"Mobile app payment at Healthcare Store 115, Entertainment, 43.16",43.16,Debit Card,New York,NY
Transport Store 032,"Online payment to Transport Store 032 - Transport, 66.84",66.84,Digital Wallet,San Francisco,CA
Groceries Store 104,"Groceries spend at Groceries Store 104, total 70.13",70.13,Credit Card,Austin,TX
Transport Store 032,"POS transaction - Transport Store 032 (Transport), amount 17.46",17.46,Credit Card,Denver,CO
Groceries Store 170,"Groceries spend at Groceries Store 170, total 99.87",99.87,Digital Wallet,Denver,CO
Shopping Store 154,"Shopping spend at Shopping Store 154, total 14.35",14.35,Debit Card,Austin,TX
Travel Store 049,"Travel spend at Travel Store 049, total 423.78",423.78,ACH,Denver,CO
Apple Store,"Mobile app payment at Apple Store, Shopping, 145.35",145.35,Digital Wallet,Miami,FL
Local Gift Shop,"Miscellaneous spend at Local Gift Shop, total 5.82",5.82,Digital Wallet,San Francisco,CA
Kroger,"Mobile app payment at Kroger, Groceries, 92.00",92.0,Credit Card,Denver,CO
Nail Spa,"Mobile app payment at Nail Spa, PersonalCare, 51.31",51.31,Cash,Ann Arbor,MI
Entertainment Store 169,Card purchase at Entertainment Store 169 for 8.83 USD (Entertainment),8.83,Digital Wallet,Chicago,IL
Groceries Store 069,Card purchase at Groceries Store 069 for 42.26 USD (Groceries),42.26,ACH,Seattle,WA
DiningOut Store 198,"Mobile app payment at DiningOut Store 198, DiningOut, 29.95",29.95,Credit Card,San Francisco,CA
DiningOut Store 198,"Mobile app payment at DiningOut Store 198, DiningOut, 42.31",42.31,Debit Card,Chicago,IL
UM-Flint,"Mobile app payment at UM-Flint, Education, 349.36",349.36,Digital Wallet,New York,NY
PersonalCare Store 067,"PersonalCare spend at PersonalCare Store 067, total 44.01",44.01,Debit Card,Seattle,WA
Groceries Store 117,"POS transaction - Groceries Store 117 (Groceries), amount 63.50",63.5,Credit Card,Austin,TX
Costco,"Online payment to Costco - Groceries, 65.17",65.17,Credit Card,Boston,MA
Entertainment Store 022,"Entertainment spend at Entertainment Store 022, total 60.90",60.9,Cash,Detroit,MI
Transport Store 102,"Transport spend at Transport Store 102, total 17.35",17.35,Cash,New York,NY
City Parking Garage,"Mobile app payment at City Parking Garage, Transport, 73.17",73.17,Credit Card,Ann Arbor,MI
United Airlines,"Travel spend at United Airlines, total 243.61",243.61,Digital Wallet,Boston,MA
PersonalCare Store 146,Card purchase at PersonalCare Store 146 for 16.00 USD (PersonalCare),16.0,ACH,Ann Arbor,MI
Regal Cinemas,Card purchase at Regal Cinemas for 106.23 USD (Entertainment),106.23,ACH,Miami,FL
DiningOut Store 171,Card purchase at DiningOut Store 171 for 33.97 USD (DiningOut),33.97,Debit Card,Miami,FL
PersonalCare Store 146,"Mobile app payment at PersonalCare Store 146, PersonalCare, 67.23",67.23,Debit Card,San Francisco,CA
Shopping Store 167,"Mobile app payment at Shopping Store 167, Shopping, 140.36",140.36,Debit Card,Seattle,WA
Speedway,"POS transaction - Speedway (Transport), amount 65.73",65.73,Credit Card,Chicago,IL
Bookstore Campus,"Mobile app payment at Bookstore Campus, DiningOut, 12.25",12.25,Digital Wallet,Seattle,WA
Travel Store 122,"Mobile app payment at Travel Store 122, Groceries, 115.03",115.03,Debit Card,Chicago,IL
Miscellaneous Store 061,Card purchase at Miscellaneous Store 061 for 103.60 USD (Utilities),103.6,Cash,Miami,FL
Utilities Store 140,"Online payment to Utilities Store 140 - Utilities, 140.96",140.96,Debit Card,Boston,MA
Home Depot,"Online payment to Home Depot - Shopping, 60.73",60.73,Credit Card,Detroit,MI
Aldi,"POS transaction - Aldi (Groceries), amount 77.19",77.19,Cash,Boston,MA
Amtrak,"Transport spend at Amtrak, total 20.16",20.16,Debit Card,Ann Arbor,MI
Adidas,"POS transaction - Adidas (Shopping), amount 137.27",137.27,Credit Card,Denver,CO
Healthcare Store 057,"Groceries spend at Healthcare Store 057, total 36.43",36.43,Credit Card,Detroit,MI
Panera Bread,"POS transaction - Panera Bread (DiningOut), amount 29.96",29.96,Debit Card,Denver,CO
Entertainment Store 063,"Online payment to Entertainment Store 063 - Entertainment, 30.70",30.7,Debit Card,Seattle,WA
Transport Store 102,"POS transaction - Transport Store 102 (Groceries), amount 101.20",101.2,Debit Card,San Francisco,CA
Trader Joes,"Online payment to Trader Joes - Groceries, 57.16",57.16,ACH,Denver,CO
DiningOut Store 018,"DiningOut spend at DiningOut Store 018, total 10.02",10.02,Cash,New York,NY
Groceries Store 127,"Travel spend at Groceries Store 127, total 379.13",379.13,Debit Card,Austin,TX
DiningOut Store 218,"DiningOut spend at DiningOut Store 218, total 14.97",14.97,Debit Card,Detroit,MI
Groceries Store 217,"Online payment to Groceries Store 217 - Groceries, 69.30",69.3,ACH,Austin,TX
Netflix,"Online payment to Netflix - Entertainment, 26.00",26.0,Credit Card,Detroit,MI
Target.com,"POS transaction - Target.com (Shopping), amount 12.10",12.1,Cash,Boston,MA
DiningOut Store 058,"Mobile app payment at DiningOut Store 058, DiningOut, 29.37",29.37,Credit Card,Detroit,MI
Regal Cinemas,Card purchase at Regal Cinemas for 17.51 USD (Entertainment),17.51,Cash,San Francisco,CA
DiningOut Store 118,"Mobile app payment at DiningOut Store 118, DiningOut, 15.32",15.32,Debit Card,Chicago,IL
Transport Store 189,"Mobile app payment at Transport Store 189, Transport, 37.26",37.26,Credit Card,Chicago,IL
Travel Store 060,"Travel spend at Travel Store 060, total 467.20",467.2,Cash,Seattle,WA
Transport Store 078,"Transport spend at Transport Store 078, total 5.00",5.0,Credit Card,Miami,FL
Kroger,"Mobile app payment at Kroger, Groceries, 46.35",46.35,Digital Wallet,Detroit,MI
DisneyPlus,"Online payment to DisneyPlus - Entertainment, 26.52",26.52,Debit Card,Chicago,IL
DiningOut Store 018,"Mobile app payment at DiningOut Store 018, Groceries, 88.08",88.08,Credit Card,Austin,TX
Groceries Store 045,"Groceries spend at Groceries Store 045, total 91.90",91.9,Digital Wallet,Detroit,MI
Travel Store 184,"POS transaction - Travel Store 184 (Shopping), amount 73.67",73.67,Credit Card,Chicago,IL
DiningOut Store 100,"DiningOut spend at DiningOut Store 100, total 29.94",29.94,Debit Card,Austin,TX
Utilities Store 004,Card purchase at Utilities Store 004 for 51.12 USD (Utilities),51.12,Debit Card,Chicago,IL
Travel Store 075,"Travel spend at Travel Store 075, total 462.79",462.79,Debit Card,New York,NY
Spectrum,"POS transaction - Spectrum (Utilities), amount 142.13",142.13,ACH,Austin,TX
Walmart,"Online payment to Walmart - Groceries, 34.09",34.09,Cash,Austin,TX
Pet Store,"Miscellaneous spend at Pet Store, total 63.89",63.89,Digital Wallet,Ann Arbor,MI
DiningOut Store 187,"Mobile app payment at DiningOut Store 187, DiningOut, 50.88",50.88,Debit Card,Seattle,WA
McDonalds,"Mobile app payment at McDonalds, DiningOut, 45.86",45.86,Cash,New York,NY
Bills Store 016,Card purchase at Bills Store 016 for 240.99 USD (Bills),240.99,Debit Card,New York,NY
Transport Store 142,"POS transaction - Transport Store 142 (Transport), amount 67.23",67.23,Debit Card,Denver,CO
Xfinity,"Online payment to Xfinity - Utilities, 198.54",198.54,Cash,Ann Arbor,MI
Groceries Store 147,"Mobile app payment at Groceries Store 147, Groceries, 128.38",128.38,Digital Wallet,Detroit,MI
Groceries Store 138,"Online payment to Groceries Store 138 - Groceries, 135.87",135.87,Credit Card,Chicago,IL
DiningOut Store 007,Card purchase at DiningOut Store 007 for 31.87 USD (DiningOut),31.87,Credit Card,Denver,CO
Yoga Studio,Card purchase at Yoga Studio for 5.00 USD (PersonalCare),5.0,Cash,Miami,FL
Transport Store 142,"Mobile app payment at Transport Store 142, Transport, 30.25",30.25,Credit Card,Miami,FL
DiningOut Store 083,"Online payment to DiningOut Store 083 - DiningOut, 40.83",40.83,Credit Card,Denver,CO
Groceries Store 056,Card purchase at Groceries Store 056 for 122.12 USD (Groceries),122.12,Credit Card,Miami,FL
Healthcare Store 132,Card purchase at Healthcare Store 132 for 16.38 USD (DiningOut),16.38,Debit Card,Chicago,IL
Hair Salon,"Mobile app payment at Hair Salon, Groceries, 73.55",73.55,Credit Card,Detroit,MI
PersonalCare Store 151,"Mobile app payment at PersonalCare Store 151, PersonalCare, 43.01",43.01,Credit Card,Detroit,MI
Hair Salon,"Shopping spend at Hair Salon, total 14.48",14.48,Digital Wallet,Austin,TX
Chevron,"Online payment to Chevron - Transport, 62.07",62.07,Digital Wallet,Austin,TX
DiningOut Store 087,"Mobile app payment at DiningOut Store 087, DiningOut, 56.80",56.8,Digital Wallet,Ann Arbor,MI
DiningOut Store 010,"DiningOut spend at DiningOut Store 010, total 23.35",23.35,Digital Wallet,Seattle,WA
Walmart,"Groceries spend at Walmart, total 86.53",86.53,Digital Wallet,San Francisco,CA
DiningOut Store 010,"DiningOut spend at DiningOut Store 010, total 57.12",57.12,Debit Card,New York,NY
Shell,"Mobile app payment at Shell, Transport, 68.43",68.43,ACH,Detroit,MI
Subway,Card purchase at Subway for 5.00 USD (DiningOut),5.0,Debit Card,Miami,FL
Xfinity,Card purchase at Xfinity for 53.88 USD (Miscellaneous),53.88,ACH,Chicago,IL
Entertainment Store 163,"POS transaction - Entertainment Store 163 (Transport), amount 36.13",36.13,ACH,Chicago,IL
Groceries Store 150,"POS transaction - Groceries Store 150 (Groceries), amount 73.63",73.63,Credit Card,Chicago,IL
PersonalCare Store 093,"Transport spend at PersonalCare Store 093, total 30.63",30.63,ACH,San Francisco,CA
DiningOut Store 178,"DiningOut spend at DiningOut Store 178, total 11.43",11.43,Digital Wallet,Denver,CO
Miscellaneous Store 145,"Mobile app payment at Miscellaneous Store 145, Miscellaneous, 5.00",5.0,ACH,Denver,CO
Entertainment Store 022,"POS transaction - Entertainment Store 022 (Entertainment), amount 41.28",41.28,Debit Card,Denver,CO
Whole Foods,Card purchase at Whole Foods for 109.68 USD (Groceries),109.68,Credit Card,Austin,TX
Miscellaneous Store 208,Card purchase at Miscellaneous Store 208 for 51.66 USD (Miscellaneous),51.66,Digital Wallet,Austin,TX
Transport Store 078,"Mobile app payment at Transport Store 078, Transport, 33.76",33.76,ACH,New York,NY
DiningOut Store 218,"DiningOut spend at DiningOut Store 218, total 31.98",31.98,ACH,New York,NY
Groceries Store 150,Card purchase at Groceries Store 150 for 89.62 USD (Groceries),89.62,ACH,Austin,TX
Entertainment Store 199,"Online payment to Entertainment Store 199 - Entertainment, 8.78",8.78,ACH,Seattle,WA
Toy Store,"Miscellaneous spend at Toy Store, total 63.06",63.06,Credit Card,Chicago,IL
Healthcare Store 079,Card purchase at Healthcare Store 079 for 112.27 USD (Healthcare),112.27,Credit Card,Boston,MA
DiningOut Store 196,Card purchase at DiningOut Store 196 for 15.11 USD (DiningOut),15.11,Digital Wallet,Seattle,WA
Shopping Store 066,"Online payment to Shopping Store 066 - Shopping, 62.47",62.47,Digital Wallet,Boston,MA
Thrift Store,"Online payment to Thrift Store - Miscellaneous, 18.00",18.0,Credit Card,Denver,CO
Costco,"POS transaction - Costco (Groceries), amount 154.21",154.21,Cash,Miami,FL
PersonalCare Store 048,Card purchase at PersonalCare Store 048 for 46.70 USD (PersonalCare),46.7,Digital Wallet,Boston,MA
DiningOut Store 187,Card purchase at DiningOut Store 187 for 5.00 USD (DiningOut),5.0,Digital Wallet,Boston,MA
PersonalCare Store 006,"Utilities spend at PersonalCare Store 006, total 138.07",138.07,Digital Wallet,Ann Arbor,MI
Kroger,"Online payment to Kroger - Groceries, 52.76",52.76,Credit Card,San Francisco,CA
Education Store 130,"POS transaction - Education Store 130 (Education), amount 221.83",221.83,ACH,New York,NY
Miscellaneous Store 012,"Mobile app payment at Miscellaneous Store 012, Miscellaneous, 5.00",5.0,ACH,New York,NY
Transport Store 023,"Mobile app payment at Transport Store 023, Transport, 37.90",37.9,Debit Card,Denver,CO
Shell,"Mobile app payment at Shell, Groceries, 107.57",107.57,Debit Card,Miami,FL
Groceries Store 056,"Shopping spend at Groceries Store 056, total 131.27",131.27,Digital Wallet,Denver,CO
Utilities Store 109,"Groceries spend at Utilities Store 109, total 35.84",35.84,Cash,San Francisco,CA
Groceries Store 150,Card purchase at Groceries Store 150 for 72.39 USD (Groceries),72.39,ACH,Ann Arbor,MI
Transport Store 102,"Mobile app payment at Transport Store 102, Transport, 43.96",43.96,Digital Wallet,Denver,CO
Shopping Store 088,"Shopping spend at Shopping Store 088, total 97.48",97.48,ACH,Detroit,MI
Utilities Store 186,"Online payment to Utilities Store 186 - Utilities, 56.61",56.61,Cash,New York,NY
Entertainment Store 201,"Online payment to Entertainment Store 201 - Entertainment, 44.77",44.77,Credit Card,Ann Arbor,MI
Aldi,"Groceries spend at Aldi, total 34.75",34.75,Debit Card,Seattle,WA
DiningOut Store 087,"Online payment to DiningOut Store 087 - DiningOut, 54.76",54.76,Debit Card,Boston,MA
Miscellaneous Store 046,"Miscellaneous spend at Miscellaneous Store 046, total 32.28",32.28,Cash,Denver,CO
DiningOut Store 196,"Mobile app payment at DiningOut Store 196, DiningOut, 43.54",43.54,Digital Wallet,Miami,FL
Apple Store,"Shopping spend at Apple Store, total 21.65",21.65,Cash,Denver,CO
Shopping Store 167,"POS transaction - Shopping Store 167 (Shopping), amount 79.00",79.0,Digital Wallet,Denver,CO
Miscellaneous Store 200,"Online payment to Miscellaneous Store 200 - Miscellaneous, 32.11",32.11,Debit Card,San Francisco,CA
Uber Airport,Card purchase at Uber Airport for 412.10 USD (Travel),412.1,Cash,Chicago,IL
Verizon,"Online payment to Verizon - Entertainment, 88.90",88.9,ACH,Boston,MA
Groceries Store 117,Card purchase at Groceries Store 117 for 94.92 USD (Groceries),94.92,Debit Card,Detroit,MI
Entertainment Store 044,"POS transaction - Entertainment Store 044 (Entertainment), amount 15.83",15.83,Debit Card,Denver,CO
Municipal Utilities,Card purchase at Municipal Utilities for 58.75 USD (Utilities),58.75,Credit Card,San Francisco,CA
Groceries Store 104,Card purchase at Groceries Store 104 for 59.68 USD (Groceries),59.68,Credit Card,Chicago,IL
Transport Store 023,"POS transaction - Transport Store 023 (Transport), amount 92.82",92.82,ACH,Miami,FL
Bills Store 213,"Bills spend at Bills Store 213, total 288.67",288.67,Credit Card,Denver,CO
Groceries Store 170,"Groceries spend at Groceries Store 170, total 60.81",60.81,ACH,Detroit,MI
DiningOut Store 187,"POS transaction - DiningOut Store 187 (DiningOut), amount 18.51",18.51,ACH,New York,NY
United Airlines,"Online payment to United Airlines - Travel, 397.28",397.28,Cash,Chicago,IL
Subway,"DiningOut spend at Subway, total 32.68",32.68,Digital Wallet,New York,NY
PersonalCare Store 037,"PersonalCare spend at PersonalCare Store 037, total 5.00",5.0,Debit Card,Ann Arbor,MI
Pizza Hut,"DiningOut spend at Pizza Hut, total 52.33",52.33,Debit Card,Miami,FL
Starbucks,"Mobile app payment at Starbucks, DiningOut, 43.25",43.25,Cash,Miami,FL
Utilities Store 185,"POS transaction - Utilities Store 185 (Utilities), amount 116.56",116.56,Cash,Boston,MA
Lyft,"POS transaction - Lyft (Transport), amount 31.34",31.34,ACH,Miami,FL
Exxon,"Online payment to Exxon - Transport, 36.77",36.77,ACH,Chicago,IL
Amtrak,"Transport spend at Amtrak, total 41.85",41.85,ACH,Chicago,IL
Chipotle,"Online payment to Chipotle - DiningOut, 20.00",20.0,Debit Card,Seattle,WA
DiningOut Store 100,"DiningOut spend at DiningOut Store 100, total 26.81",26.81,Cash,San Francisco,CA
Online Course Platform,"POS transaction - Online Course Platform (Education), amount 278.14",278.14,Debit Card,New York,NY
Shell,"POS transaction - Shell (Healthcare), amount 169.02",169.02,Cash,Detroit,MI
CVS Pharmacy,"Online payment to CVS Pharmacy - Healthcare, 195.43",195.43,Debit Card,Miami,FL
Costco,Card purchase at Costco for 91.13 USD (Groceries),91.13,Debit Card,Denver,CO
DiningOut Store 196,"POS transaction - DiningOut Store 196 (DiningOut), amount 18.66",18.66,ACH,Denver,CO
Shopping Store 096,"Shopping spend at Shopping Store 096, total 167.26",167.26,Credit Card,Miami,FL
Transport Store 009,"Travel spend at Transport Store 009, total 555.46",555.46,Digital Wallet,Miami,FL
Local Hospital,"Online payment to Local Hospital - Healthcare, 150.95",150.95,ACH,Miami,FL
Whole Foods,"Groceries spend at Whole Foods, total 159.15",159.15,Credit Card,Chicago,IL
Costco,Card purchase at Costco for 70.05 USD (Groceries),70.05,ACH,Seattle,WA
Groceries Store 104,"Online payment to Groceries Store 104 - Groceries, 23.47",23.47,Cash,Detroit,MI
Bills Store 016,Card purchase at Bills Store 016 for 165.83 USD (Bills),165.83,Digital Wallet,Ann Arbor,MI
Miscellaneous Store 145,"Mobile app payment at Miscellaneous Store 145, Miscellaneous, 24.59",24.59,ACH,Chicago,IL
PersonalCare Store 093,"Mobile app payment at PersonalCare Store 093, PersonalCare, 56.92",56.92,ACH,Miami,FL
Toy Store,"POS transaction - Toy Store (Miscellaneous), amount 60.73",60.73,ACH,Austin,TX
Thrift Store,"Miscellaneous spend at Thrift Store, total 5.00",5.0,ACH,Boston,MA
Publix,"Online payment to Publix - Groceries, 93.27",93.27,ACH,Austin,TX
Property Taxes,"PersonalCare spend at Property Taxes, total 50.73",50.73,Debit Card,Boston,MA
DiningOut Store 058,"Mobile app payment at DiningOut Store 058, DiningOut, 40.92",40.92,Debit Card,Denver,CO
Adidas,"Shopping spend at Adidas, total 5.00",5.0,Debit Card,New York,NY
Entertainment Store 199,"POS transaction - Entertainment Store 199 (Entertainment), amount 9.81",9.81,ACH,Boston,MA
Education Store 040,"POS transaction - Education Store 040 (Education), amount 375.30",375.3,Digital Wallet,Ann Arbor,MI
Transport Store 052,"Online payment to Transport Store 052 - Transport, 42.97",42.97,ACH,Miami,FL
Aldi,Card purchase at Aldi for 117.89 USD (Groceries),117.89,Debit Card,Ann Arbor,MI
DiningOut Store 041,"Mobile app payment at DiningOut Store 041, DiningOut, 67.46",67.46,Cash,New York,NY
Education Store 003,Card purchase at Education Store 003 for 5.00 USD (Education),5.0,ACH,Miami,FL
Community College,"POS transaction - Community College (Miscellaneous), amount 79.84",79.84,Digital Wallet,Boston,MA
Community College,"Mobile app payment at Community College, Education, 428.61",428.61,Cash,Boston,MA
Entertainment Store 065,"Online payment to Entertainment Store 065 - Entertainment, 14.41",14.41,ACH,Ann Arbor,MI
Utilities Store 020,"Mobile app payment at Utilities Store 020, Utilities, 147.89",147.89,ACH,New York,NY
IKEA,Card purchase at IKEA for 134.49 USD (Shopping),134.49,Credit Card,Seattle,WA
Craft Store,"POS transaction - Craft Store (Miscellaneous), amount 52.77",52.77,ACH,San Francisco,CA
Bills Store 016,"POS transaction - Bills Store 016 (Bills), amount 241.72",241.72,Debit Card,Chicago,IL
Transport Store 097,"POS transaction - Transport Store 097 (Transport), amount 42.64",42.64,Digital Wallet,Seattle,WA
Entertainment Store 201,Card purchase at Entertainment Store 201 for 35.07 USD (Entertainment),35.07,Cash,New York,NY
Miscellaneous Store 208,"Miscellaneous spend at Miscellaneous Store 208, total 5.00",5.0,Digital Wallet,Seattle,WA
Rite Aid,"Online payment to Rite Aid - Healthcare, 76.37",76.37,Credit Card,Denver,CO
Travel Store 013,Card purchase at Travel Store 013 for 31.79 USD (Miscellaneous),31.79,Debit Card,Ann Arbor,MI
Miscellaneous Store 064,"Miscellaneous spend at Miscellaneous Store 064, total 56.07",56.07,Digital Wallet,Denver,CO
Shopping Store 136,"Online payment to Shopping Store 136 - Shopping, 138.98",138.98,Digital Wallet,New York,NY
Publix,Card purchase at Publix for 74.68 USD (Groceries),74.68,Cash,Chicago,IL
Speedway,"Mobile app payment at Speedway, Shopping, 87.53",87.53,ACH,San Francisco,CA
Target.com,"Shopping spend at Target.com, total 11.01",11.01,ACH,Boston,MA
Transport Store 097,"Mobile app payment at Transport Store 097, Transport, 14.76",14.76,Credit Card,Austin,TX
Groceries Store 069,"Groceries spend at Groceries Store 069, total 97.27",97.27,Cash,Denver,CO
Bills Store 028,"Mobile app payment at Bills Store 028, Miscellaneous, 82.37",82.37,Digital Wallet,Chicago,IL
Lowes,"Shopping spend at Lowes, total 42.06",42.06,ACH,Denver,CO
Metro Transit,"Online payment to Metro Transit - Miscellaneous, 6.99",6.99,Cash,Ann Arbor,MI
PersonalCare Store 048,"PersonalCare spend at PersonalCare Store 048, total 58.90",58.9,Digital Wallet,Boston,MA
Shopping Store 167,"POS transaction - Shopping Store 167 (Shopping), amount 116.81",116.81,Cash,Austin,TX
Shopping Store 167,"Mobile app payment at Shopping Store 167, Shopping, 138.54",138.54,Credit Card,San Francisco,CA
Travel Store 175,Card purchase at Travel Store 175 for 547.75 USD (Travel),547.75,ACH,Ann Arbor,MI
Healthcare Store 159,"POS transaction - Healthcare Store 159 (Healthcare), amount 12.74",12.74,Digital Wallet,Ann Arbor,MI
Miscellaneous Store 161,"Entertainment spend at Miscellaneous Store 161, total 61.65",61.65,Cash,Seattle,WA
DiningOut Store 178,"Mobile app payment at DiningOut Store 178, DiningOut, 9.78",9.78,Cash,Chicago,IL
Healthcare Store 029,"Mobile app payment at Healthcare Store 029, Healthcare, 5.00",5.0,Debit Card,Boston,MA
Adidas,"Online payment to Adidas - Shopping, 135.52",135.52,Digital Wallet,New York,NY
PersonalCare Store 035,Card purchase at PersonalCare Store 035 for 79.00 USD (Entertainment),79.0,Credit Card,New York,NY
Travel Store 060,"Travel spend at Travel Store 060, total 154.36",154.36,Debit Card,Detroit,MI
Healthcare Store 021,"PersonalCare spend at Healthcare Store 021, total 9.91",9.91,Digital Wallet,Denver,CO
Aldi,"Mobile app payment at Aldi, Groceries, 48.96",48.96,Digital Wallet,Boston,MA
Thrift Store,"Online payment to Thrift Store - Miscellaneous, 5.00",5.0,Digital Wallet,Boston,MA
Healthcare Store 126,"Online payment to Healthcare Store 126 - Healthcare, 181.75",181.75,Digital Wallet,Seattle,WA
BP,"POS transaction - BP (Transport), amount 15.15",15.15,Debit Card,Denver,CO
Shopping Store 167,"Online payment to Shopping Store 167 - Shopping, 66.43",66.43,Digital Wallet,Chicago,IL
Shell,"Online payment to Shell - Transport, 47.84",47.84,Cash,Austin,TX
Transport Store 032,"Transport spend at Transport Store 032, total 66.34",66.34,Debit Card,New York,NY
Bills Store 016,"Shopping spend at Bills Store 016, total 5.00",5.0,Credit Card,San Francisco,CA
Transport Store 078,"Online payment to Transport Store 078 - Transport, 25.53",25.53,Cash,San Francisco,CA
DiningOut Store 033,"Mobile app payment at DiningOut Store 033, DiningOut, 23.77",23.77,Digital Wallet,Denver,CO
Groceries Store 147,"POS transaction - Groceries Store 147 (Groceries), amount 56.32",56.32,Credit Card,New York,NY
Miscellaneous Store 024,"Mobile app payment at Miscellaneous Store 024, Miscellaneous, 71.32",71.32,Credit Card,Boston,MA
Utilities Store 185,"Mobile app payment at Utilities Store 185, Utilities, 87.45",87.45,ACH,San Francisco,CA
Home Depot,"Mobile app payment at Home Depot, Shopping, 68.35",68.35,Debit Card,New York,NY
Groceries Store 127,"Mobile app payment at Groceries Store 127, Groceries, 78.85",78.85,Credit Card,Ann Arbor,MI
Shopping Store 154,"Miscellaneous spend at Shopping Store 154, total 87.94",87.94,ACH,Denver,CO
DiningOut Store 172,"POS transaction - DiningOut Store 172 (DiningOut), amount 19.56",19.56,ACH,New York,NY
DiningOut Store 120,Card purchase at DiningOut Store 120 for 9.89 USD (DiningOut),9.89,Debit Card,Detroit,MI
PersonalCare Store 179,"POS transaction - PersonalCare Store 179 (PersonalCare), amount 12.22",12.22,Debit Card,Seattle,WA
DiningOut Store 033,"Groceries spend at DiningOut Store 033, total 67.74",67.74,ACH,Denver,CO
Bills Store 107,Card purchase at Bills Store 107 for 26.67 USD (Bills),26.67,Cash,San Francisco,CA
Marriott Hotels,"POS transaction - Marriott Hotels (Travel), amount 239.57",239.57,Digital Wallet,Ann Arbor,MI
Shopping Store 039,"Shopping spend at Shopping Store 039, total 126.60",126.6,Cash,Denver,CO
Education Store 162,"POS transaction - Education Store 162 (PersonalCare), amount 60.62",60.62,Cash,New York,NY
Whole Foods,"Mobile app payment at Whole Foods, Groceries, 124.56",124.56,Cash,Boston,MA
DiningOut Store 083,"Online payment to DiningOut Store 083 - DiningOut, 68.16",68.16,ACH,Austin,TX
Bills Store 089,"Bills spend at Bills Store 089, total 173.17",173.17,Cash,New York,NY
Healthcare Store 057,"POS transaction - Healthcare Store 057 (Healthcare), amount 92.05",92.05,Credit Card,San Francisco,CA
DiningOut Store 157,"Mobile app payment at DiningOut Store 157, DiningOut, 15.53",15.53,Cash,Detroit,MI
IKEA,"Mobile app payment at IKEA, Shopping, 54.75",54.75,ACH,Detroit,MI
Travel Store 075,"POS transaction - Travel Store 075 (Travel), amount 207.78",207.78,Cash,Miami,FL
Chase Credit Card,"POS transaction - Chase Credit Card (Transport), amount 50.60",50.6,Digital Wallet,Detroit,MI
Utilities Store 047,"POS transaction - Utilities Store 047 (Utilities), amount 118.99",118.99,Credit Card,Boston,MA
Travel Store 059,"Utilities spend at Travel Store 059, total 118.21",118.21,Credit Card,Denver,CO
Target,"POS transaction - Target (Groceries), amount 109.53",109.53,Digital Wallet,Detroit,MI
Metro Transit,"Online payment to Metro Transit - Transport, 37.87",37.87,Digital Wallet,Boston,MA
Shopping Store 216,"POS transaction - Shopping Store 216 (Shopping), amount 107.94",107.94,Debit Card,Denver,CO
UM-Flint,"Mobile app payment at UM-Flint, Education, 238.74",238.74,ACH,Austin,TX
Thrift Store,"Online payment to Thrift Store - Miscellaneous, 93.94",93.94,Credit Card,Austin,TX
Transport Store 189,"Transport spend at Transport Store 189, total 5.00",5.0,Debit Card,Detroit,MI
PersonalCare Store 125,"Online payment to PersonalCare Store 125 - PersonalCare, 51.36",51.36,Credit Card,Boston,MA
DiningOut Store 187,"Mobile app payment at DiningOut Store 187, DiningOut, 27.90",27.9,Digital Wallet,Austin,TX
Miscellaneous Store 141,"POS transaction - Miscellaneous Store 141 (Transport), amount 48.31",48.31,ACH,San Francisco,CA
Costco,"Mobile app payment at Costco, Groceries, 56.15",56.15,Credit Card,Boston,MA
Entertainment Store 027,"POS transaction - Entertainment Store 027 (Entertainment), amount 27.88",27.88,Digital Wallet,Seattle,WA
Pet Store,"Miscellaneous spend at Pet Store, total 64.05",64.05,Cash,Austin,TX
AT&T,"POS transaction - AT&T (Utilities), amount 91.45",91.45,Credit Card,Miami,FL
PersonalCare Store 035,"PersonalCare spend at PersonalCare Store 035, total 53.18",53.18,ACH,Chicago,IL
Aldi,"Groceries spend at Aldi, total 105.22",105.22,Credit Card,Austin,TX
Yoga Studio,Card purchase at Yoga Studio for 44.97 USD (PersonalCare),44.97,ACH,Austin,TX
Entertainment Store 094,"POS transaction - Entertainment Store 094 (Entertainment), amount 70.19",70.19,Cash,Austin,TX
Entertainment Store 027,"Mobile app payment at Entertainment Store 027, Entertainment, 32.98",32.98,Cash,Austin,TX
Dental Clinic,"Online payment to Dental Clinic - Healthcare, 186.35",186.35,Debit Card,Denver,CO
Utilities Store 047,"Utilities spend at Utilities Store 047, total 80.98",80.98,Digital Wallet,Austin,TX
DiningOut Store 074,"POS transaction - DiningOut Store 074 (DiningOut), amount 23.25",23.25,Debit Card,Boston,MA
DiningOut Store 118,"Online payment to DiningOut Store 118 - DiningOut, 5.00",5.0,Cash,Ann Arbor,MI
AT&T,Card purchase at AT&T for 160.66 USD (Utilities),160.66,Credit Card,New York,NY
Kroger,"Groceries spend at Kroger, total 41.32",41.32,Debit Card,Detroit,MI
Amtrak,"Mobile app payment at Amtrak, Transport, 39.89",39.89,Digital Wallet,San Francisco,CA
Apple Store,"Shopping spend at Apple Store, total 79.36",79.36,Cash,San Francisco,CA
Entertainment Store 063,"Entertainment spend at Entertainment Store 063, total 55.66",55.66,Cash,Austin,TX
Entertainment Store 065,"Mobile app payment at Entertainment Store 065, Entertainment, 5.00",5.0,Cash,Detroit,MI
Travel Store 098,"Travel spend at Travel Store 098, total 170.55",170.55,Digital Wallet,Chicago,IL
Travel Store 059,Card purchase at Travel Store 059 for 435.98 USD (Travel),435.98,Cash,San Francisco,CA
Utilities Store 186,"Online payment to Utilities Store 186 - Utilities, 100.04",100.04,Debit Card,Chicago,IL
eBay,"Mobile app payment at eBay, Miscellaneous, 41.17",41.17,Credit Card,San Francisco,CA
Bills Store 071,"Bills spend at Bills Store 071, total 132.96",132.96,Digital Wallet,Detroit,MI
Family Doctor,"POS transaction - Family Doctor (Healthcare), amount 177.18",177.18,Credit Card,Chicago,IL
Shopping Store 154,"POS transaction - Shopping Store 154 (Shopping), amount 142.16",142.16,Digital Wallet,Austin,TX
Shopping Store 143,Card purchase at Shopping Store 143 for 185.55 USD (Shopping),185.55,Credit Card,Seattle,WA
AMC Theatres,"POS transaction - AMC Theatres (Entertainment), amount 16.19",16.19,Digital Wallet,San Francisco,CA
PersonalCare Store 095,"POS transaction - PersonalCare Store 095 (PersonalCare), amount 36.11",36.11,Digital Wallet,New York,NY
Delta Airlines,"Travel spend at Delta Airlines, total 56.44",56.44,Credit Card,Detroit,MI
Language School,"Online payment to Language School - Education, 279.88",279.88,ACH,Boston,MA
Barber Shop,"POS transaction - Barber Shop (DiningOut), amount 47.34",47.34,Debit Card,Chicago,IL
Gym Membership,"POS transaction - Gym Membership (PersonalCare), amount 75.78",75.78,Digital Wallet,Miami,FL
Entertainment Store 027,"POS transaction - Entertainment Store 027 (Entertainment), amount 61.47",61.47,Debit Card,Detroit,MI
Bills Store 210,"POS transaction - Bills Store 210 (Bills), amount 8.15",8.15,Cash,Boston,MA
Travel Store 098,"Travel spend at Travel Store 098, total 168.72",168.72,Cash,Ann Arbor,MI
Dominos,"DiningOut spend at Dominos, total 46.76",46.76,Digital Wallet,Austin,TX
Bills Store 002,"Bills spend at Bills Store 002, total 175.44",175.44,ACH,Boston,MA
Metro Transit,"Mobile app payment at Metro Transit, Travel, 307.48",307.48,Debit Card,Denver,CO
Thrift Store,"POS transaction - Thrift Store (Miscellaneous), amount 67.59",67.59,Cash,Detroit,MI
Target.com,"Online payment to Target.com - Shopping, 29.57",29.57,Credit Card,Austin,TX
Subway,Card purchase at Subway for 10.24 USD (DiningOut),10.24,Cash,Ann Arbor,MI
Chipotle,"Online payment to Chipotle - DiningOut, 49.72",49.72,Digital Wallet,Denver,CO
Groceries Store 056,Card purchase at Groceries Store 056 for 96.94 USD (Groceries),96.94,Cash,Denver,CO
Shopping Store 209,"Online payment to Shopping Store 209 - Shopping, 57.88",57.88,Credit Card,Ann Arbor,MI
Shopping Store 167,"Shopping spend at Shopping Store 167, total 165.10",165.1,Digital Wallet,Chicago,IL
Sephora,"Mobile app payment at Sephora, PersonalCare, 15.60",15.6,Credit Card,Boston,MA
Costco,"Groceries spend at Costco, total 37.21",37.21,Cash,Seattle,WA
Entertainment Store 022,Card purchase at Entertainment Store 022 for 95.02 USD (Shopping),95.02,Credit Card,Miami,FL
PersonalCare Store 095,"POS transaction - PersonalCare Store 095 (PersonalCare), amount 5.00",5.0,Debit Card,Chicago,IL
Sephora,"PersonalCare spend at Sephora, total 59.11",59.11,Digital Wallet,New York,NY
Miscellaneous Store 012,Card purchase at Miscellaneous Store 012 for 42.48 USD (Miscellaneous),42.48,Credit Card,Chicago,IL
Transport Store 168,"Transport spend at Transport Store 168, total 48.36",48.36,Debit Card,Boston,MA
Olive Garden,"Online payment to Olive Garden - DiningOut, 18.51",18.51,Credit Card,Austin,TX
Bills Store 089,"Mobile app payment at Bills Store 089, Shopping, 34.91",34.91,Credit Card,Miami,FL
Speedway,"Online payment to Speedway - Transport, 56.92",56.92,Cash,San Francisco,CA
Shopping Store 066,"DiningOut spend at Shopping Store 066, total 18.17",18.17,ACH,Chicago,IL
DiningOut Store 074,Card purchase at DiningOut Store 074 for 5.00 USD (Transport),5.0,Cash,Boston,MA
Adidas,Card purchase at Adidas for 203.63 USD (Shopping),203.63,Cash,Chicago,IL
Bills Store 210,"Shopping spend at Bills Store 210, total 140.41",140.41,Debit Card,Boston,MA
Entertainment Store 022,"DiningOut spend at Entertainment Store 022, total 26.37",26.37,ACH,Chicago,IL
Entertainment Store 139,"Mobile app payment at Entertainment Store 139, Entertainment, 34.74",34.74,Digital Wallet,Denver,CO
Vitamin Shoppe,"PersonalCare spend at Vitamin Shoppe, total 34.72",34.72,Debit Card,Chicago,IL
Kroger,"Mobile app payment at Kroger, Groceries, 86.78",86.78,Cash,Chicago,IL
Apple Store,"Mobile app payment at Apple Store, Shopping, 5.00",5.0,Credit Card,Chicago,IL
PersonalCare Store 220,"POS transaction - PersonalCare Store 220 (PersonalCare), amount 34.31",34.31,Cash,Chicago,IL
Miscellaneous Store 181,Card purchase at Miscellaneous Store 181 for 51.02 USD (Miscellaneous),51.02,Digital Wallet,Miami,FL
Groceries Store 127,"POS transaction - Groceries Store 127 (Groceries), amount 22.27",22.27,Digital Wallet,Miami,FL
Bills Store 207,"POS transaction - Bills Store 207 (Bills), amount 130.74",130.74,Credit Card,Seattle,WA
PersonalCare Store 067,"Mobile app payment at PersonalCare Store 067, PersonalCare, 76.56",76.56,Cash,Boston,MA
Water Utility,"Online payment to Water Utility - Groceries, 63.23",63.23,Debit Card,Seattle,WA
Bills Store 084,"Online payment to Bills Store 084 - Bills, 250.47",250.47,ACH,Detroit,MI
Shopping Store 088,"Shopping spend at Shopping Store 088, total 151.83",151.83,Digital Wallet,Ann Arbor,MI
Costco,"POS transaction - Costco (Groceries), amount 42.21",42.21,Debit Card,Ann Arbor,MI
Transport Store 189,Card purchase at Transport Store 189 for 81.01 USD (Transport),81.01,ACH,Denver,CO
Miscellaneous Store 061,"POS transaction - Miscellaneous Store 061 (Miscellaneous), amount 42.05",42.05,Cash,Ann Arbor,MI
Healthcare Store 079,"Mobile app payment at Healthcare Store 079, Healthcare, 71.62",71.62,Digital Wallet,Ann Arbor,MI
UM-Flint,"Education spend at UM-Flint, total 194.87",194.87,Credit Card,Detroit,MI
Auto Loan Servicer,Card purchase at Auto Loan Servicer for 141.28 USD (Bills),141.28,ACH,Denver,CO
Shopping Store 088,"Mobile app payment at Shopping Store 088, Shopping, 156.05",156.05,Cash,Austin,TX
PersonalCare Store 125,Card purchase at PersonalCare Store 125 for 20.52 USD (PersonalCare),20.52,Cash,New York,NY
Metro Transit,"POS transaction - Metro Transit (Transport), amount 28.79",28.79,Cash,Chicago,IL
Entertainment Store 144,"Entertainment spend at Entertainment Store 144, total 10.51",10.51,ACH,Ann Arbor,MI
Travel Store 013,"Online payment to Travel Store 013 - Travel, 5.00",5.0,Cash,Detroit,MI
Xfinity,"POS transaction - Xfinity (Utilities), amount 171.21",171.21,ACH,New York,NY
Transport Store 102,"Transport spend at Transport Store 102, total 56.42",56.42,Cash,Chicago,IL
Apple Store,"DiningOut spend at Apple Store, total 55.11",55.11,Debit Card,San Francisco,CA
Education Store 040,"Shopping spend at Education Store 040, total 93.07",93.07,Digital Wallet,San Francisco,CA
Speedway,"Mobile app payment at Speedway, Transport, 41.17",41.17,Digital Wallet,San Francisco,CA
DiningOut Store 133,"POS transaction - DiningOut Store 133 (DiningOut), amount 32.68",32.68,Cash,Denver,CO
PersonalCare Store 095,"PersonalCare spend at PersonalCare Store 095, total 29.27",29.27,Debit Card,Ann Arbor,MI
Whole Foods,Card purchase at Whole Foods for 87.98 USD (Groceries),87.98,Digital Wallet,Miami,FL
Miscellaneous Store 061,"Travel spend at Miscellaneous Store 061, total 236.36",236.36,Credit Card,Boston,MA
Bills Store 128,"Mobile app payment at Bills Store 128, Bills, 181.92",181.92,Cash,Denver,CO
Groceries Store 150,"Mobile app payment at Groceries Store 150, Groceries, 85.62",85.62,ACH,New York,NY
Target.com,"POS transaction - Target.com (Shopping), amount 47.73",47.73,Digital Wallet,Boston,MA
PlayStation Store,"Entertainment spend at PlayStation Store, total 5.00",5.0,ACH,Miami,FL
Miscellaneous Store 181,"POS transaction - Miscellaneous Store 181 (Miscellaneous), amount 5.00",5.0,Debit Card,Austin,TX
DiningOut Store 218,Card purchase at DiningOut Store 218 for 19.55 USD (DiningOut),19.55,Digital Wallet,Miami,FL
Amtrak,"POS transaction - Amtrak (Transport), amount 46.70",46.7,Digital Wallet,Boston,MA
Utilities Store 186,Card purchase at Utilities Store 186 for 151.74 USD (Utilities),151.74,Credit Card,Chicago,IL
Steam,"Online payment to Steam - Entertainment, 19.74",19.74,ACH,Ann Arbor,MI
Education Store 130,"Mobile app payment at Education Store 130, Education, 360.83",360.83,Digital Wallet,Boston,MA
Walgreens,"Mobile app payment at Walgreens, Shopping, 273.51",273.51,ACH,New York,NY
Nike,Card purchase at Nike for 61.01 USD (Shopping),61.01,Cash,Seattle,WA
Shopping Store 077,Card purchase at Shopping Store 077 for 68.02 USD (Shopping),68.02,Digital Wallet,Ann Arbor,MI
Bills Store 135,"Online payment to Bills Store 135 - Bills, 337.87",337.87,ACH,San Francisco,CA
Groceries Store 104,"Mobile app payment at Groceries Store 104, Groceries, 10.91",10.91,Cash,Austin,TX
Costco,"Mobile app payment at Costco, Groceries, 67.38",67.38,Cash,San Francisco,CA
Travel Store 013,"POS transaction - Travel Store 013 (Entertainment), amount 43.14",43.14,Cash,San Francisco,CA
Transport Store 009,"Mobile app payment at Transport Store 009, Transport, 46.14",46.14,Debit Card,Miami,FL
Utilities Store 076,"Online payment to Utilities Store 076 - Utilities, 72.63",72.63,ACH,Miami,FL
Walmart,"POS transaction - Walmart (Groceries), amount 75.95",75.95,Debit Card,Ann Arbor,MI
Transport Store 097,"Online payment to Transport Store 097 - Transport, 24.74",24.74,Digital Wallet,San Francisco,CA
Groceries Store 104,"Online payment to Groceries Store 104 - Groceries, 124.80",124.8,ACH,Ann Arbor,MI
Miscellaneous Store 200,"Mobile app payment at Miscellaneous Store 200, Miscellaneous, 22.78",22.78,Debit Card,San Francisco,CA
Healthcare Store 132,Card purchase at Healthcare Store 132 for 36.29 USD (Healthcare),36.29,Cash,Detroit,MI
