5.000000 1.791759 25.000000 3.000000 3.000000 178.000000 55.000000 6.000000 6.000000 25.000000
84.900000 4.453184 7208.010000 3.000000 5.000000 335.000000 54.000000 4.000000 9.000000 20.000000
140.270000 4.950673 19675.672900 1.000000 8.000000 143.000000 66.000000 4.000000 3.000000 1.000000
20.460000 3.066191 418.611600 4.000000 3.000000 141.000000 57.000000 4.000000 10.000000 18.000000
183.010000 5.214990 33492.660100 2.000000 7.000000 121.000000 64.000000 0.000000 8.000000 5.000000
138.620000 4.938924 19215.504400 0.000000 6.000000 154.000000 65.000000 4.000000 11.000000 3.000000
208.080000 5.342717 43297.286400 3.000000 3.000000 153.000000 59.000000 6.000000 11.000000 24.000000
5.000000 1.791759 25.000000 4.000000 5.000000 260.000000 50.000000 2.000000 7.000000 24.000000
37.740000 3.656873 1424.307600 2.000000 1.000000 172.000000 36.000000 6.000000 2.000000 11.000000
101.140000 4.626344 10229.299600 3.000000 8.000000 276.000000 61.000000 3.000000 4.000000 13.000000
166.140000 5.118832 27602.499600 3.000000 0.000000 222.000000 54.000000 3.000000 11.000000 21.000000
133.480000 4.901415 17816.910400 2.000000 2.000000 38.000000 56.000000 2.000000 9.000000 4.000000
16.290000 2.850128 265.364100 0.000000 8.000000 90.000000 39.000000 5.000000 7.000000 8.000000
149.610000 5.014694 22383.152100 1.000000 0.000000 13.000000 49.000000 6.000000 12.000000 17.000000
163.570000 5.103336 26755.144900 4.000000 7.000000 48.000000 58.000000 4.000000 3.000000 8.000000
196.740000 5.286953 38706.627600 1.000000 5.000000 302.000000 60.000000 6.000000 9.000000 10.000000
38.420000 3.674273 1476.096400 4.000000 3.000000 69.000000 62.000000 1.000000 1.000000 30.000000
25.900000 3.292126 670.810000 2.000000 5.000000 271.000000 51.000000 6.000000 1.000000 7.000000
5.000000 1.791759 25.000000 4.000000 5.000000 137.000000 61.000000 0.000000 5.000000 1.000000
45.800000 3.845883 2097.640000 1.000000 5.000000 189.000000 70.000000 0.000000 9.000000 4.000000
20.480000 3.067122 419.430400 2.000000 1.000000 106.000000 67.000000 4.000000 12.000000 27.000000
437.670000 6.083747 191555.028900 2.000000 5.000000 284.000000 54.000000 0.000000 9.000000 9.000000
310.800000 5.742362 96596.640000 3.000000 2.000000 40.000000 55.000000 5.000000 2.000000 25.000000
166.810000 5.122832 27825.576100 1.000000 7.000000 247.000000 52.000000 0.000000 8.000000 19.000000
211.260000 5.357812 44630.787600 4.000000 3.000000 218.000000 52.000000 5.000000 7.000000 27.000000
208.140000 5.343004 43322.259600 1.000000 3.000000 285.000000 46.000000 1.000000 12.000000 3.000000
17.630000 2.924773 310.816900 3.000000 6.000000 122.000000 48.000000 3.000000 1.000000 12.000000
81.890000 4.417514 6705.972100 4.000000 8.000000 332.000000 51.000000 4.000000 10.000000 20.000000
32.280000 3.504957 1041.998400 0.000000 4.000000 85.000000 56.000000 3.000000 12.000000 19.000000
318.720000 5.767446 101582.438400 0.000000 5.000000 42.000000 51.000000 3.000000 7.000000 27.000000
199.590000 5.301263 39836.168100 2.000000 5.000000 32.000000 44.000000 1.000000 4.000000 4.000000
52.410000 3.977998 2746.808100 3.000000 0.000000 104.000000 67.000000 0.000000 3.000000 11.000000
167.770000 5.128537 28146.772900 0.000000 2.000000 54.000000 49.000000 3.000000 10.000000 3.000000
24.860000 3.252697 618.019600 1.000000 8.000000 330.000000 57.000000 5.000000 12.000000 2.000000
192.430000 5.264916 37029.304900 2.000000 4.000000 225.000000 47.000000 0.000000 11.000000 20.000000
58.740000 4.090002 3450.387600 3.000000 5.000000 259.000000 59.000000 2.000000 1.000000 18.000000
48.120000 3.894266 2315.534400 0.000000 1.000000 310.000000 51.000000 0.000000 3.000000 13.000000
33.450000 3.539509 1118.902500 0.000000 3.000000 229.000000 54.000000 0.000000 6.000000 5.000000
50.520000 3.941970 2552.270400 0.000000 1.000000 253.000000 49.000000 4.000000 3.000000 29.000000
103.750000 4.651577 10764.062500 1.000000 7.000000 134.000000 64.000000 4.000000 1.000000 12.000000
57.310000 4.065774 3284.436100 3.000000 7.000000 61.000000 53.000000 4.000000 6.000000 30.000000
108.050000 4.691806 11674.802500 1.000000 7.000000 130.000000 52.000000 5.000000 3.000000 18.000000
163.210000 5.101146 26637.504100 2.000000 5.000000 281.000000 46.000000 6.000000 1.000000 22.000000
193.110000 5.268425 37291.472100 4.000000 0.000000 45.000000 54.000000 5.000000 8.000000 10.000000
49.460000 3.921181 2446.291600 4.000000 0.000000 49.000000 47.000000 6.000000 7.000000 28.000000
393.290000 5.977087 154677.024100 4.000000 4.000000 96.000000 63.000000 1.000000 10.000000 8.000000
5.000000 1.791759 25.000000 4.000000 3.000000 101.000000 58.000000 0.000000 12.000000 2.000000
37.700000 3.655840 1421.290000 3.000000 5.000000 69.000000 51.000000 0.000000 3.000000 25.000000
128.160000 4.861052 16424.985600 3.000000 3.000000 29.000000 44.000000 4.000000 6.000000 23.000000
95.320000 4.567676 9085.902400 4.000000 5.000000 131.000000 51.000000 2.000000 1.000000 17.000000
11.530000 2.528126 132.940900 2.000000 7.000000 75.000000 51.000000 6.000000 4.000000 21.000000
71.240000 4.279994 5075.137600 4.000000 7.000000 238.000000 57.000000 2.000000 5.000000 10.000000
64.750000 4.185860 4192.562500 0.000000 6.000000 269.000000 51.000000 4.000000 6.000000 16.000000
28.930000 3.398861 836.944900 1.000000 4.000000 218.000000 46.000000 0.000000 7.000000 17.000000
60.360000 4.116758 3643.329600 4.000000 2.000000 203.000000 62.000000 3.000000 9.000000 21.000000
93.450000 4.548071 8732.902500 1.000000 7.000000 45.000000 57.000000 5.000000 9.000000 21.000000
5.000000 1.791759 25.000000 2.000000 7.000000 180.000000 66.000000 4.000000 9.000000 20.000000
60.940000 4.126166 3713.683600 4.000000 8.000000 115.000000 67.000000 0.000000 3.000000 6.000000
113.540000 4.740924 12891.331600 4.000000 3.000000 254.000000 43.000000 3.000000 11.000000 28.000000
53.930000 4.006060 2908.444900 1.000000 5.000000 189.000000 64.000000 1.000000 2.000000 13.000000
123.340000 4.823020 15212.755600 1.000000 8.000000 256.000000 52.000000 1.000000 5.000000 30.000000
36.700000 3.629660 1346.890000 1.000000 3.000000 258.000000 48.000000 0.000000 8.000000 26.000000
197.980000 5.293204 39196.080400 4.000000 1.000000 164.000000 61.000000 1.000000 8.000000 8.000000
7.420000 2.130610 55.056400 4.000000 8.000000 185.000000 66.000000 4.000000 5.000000 24.000000
45.000000 3.828641 2025.000000 1.000000 8.000000 80.000000 59.000000 0.000000 4.000000 22.000000
17.680000 2.927453 312.582400 3.000000 2.000000 217.000000 53.000000 5.000000 9.000000 16.000000
34.800000 3.577948 1211.040000 2.000000 5.000000 248.000000 40.000000 4.000000 12.000000 13.000000
54.630000 4.018723 2984.436900 3.000000 0.000000 261.000000 56.000000 3.000000 4.000000 13.000000
11.190000 2.500616 125.216100 2.000000 3.000000 187.000000 64.000000 4.000000 1.000000 26.000000
106.790000 4.680185 11404.104100 3.000000 1.000000 145.000000 65.000000 5.000000 6.000000 8.000000
5.000000 1.791759 25.000000 2.000000 4.000000 237.000000 48.000000 1.000000 7.000000 2.000000
121.350000 4.806886 14725.822500 2.000000 1.000000 321.000000 52.000000 2.000000 6.000000 5.000000
20.310000 3.059176 412.496100 0.000000 4.000000 5.000000 45.000000 4.000000 6.000000 23.000000
121.720000 4.809905 14815.758400 4.000000 7.000000 169.000000 63.000000 1.000000 11.000000 7.000000
34.730000 3.575991 1206.172900 2.000000 5.000000 77.000000 62.000000 3.000000 6.000000 29.000000
318.360000 5.766319 101353.089600 4.000000 7.000000 146.000000 65.000000 1.000000 8.000000 13.000000
161.320000 5.089570 26024.142400 0.000000 5.000000 164.000000 58.000000 1.000000 6.000000 6.000000
54.150000 4.010057 2932.222500 1.000000 5.000000 215.000000 65.000000 0.000000 12.000000 9.000000
26.190000 3.302849 685.916100 4.000000 5.000000 336.000000 53.000000 0.000000 11.000000 6.000000
59.830000 4.108083 3579.628900 1.000000 3.000000 307.000000 60.000000 1.000000 9.000000 5.000000
25.970000 3.294725 674.440900 0.000000 5.000000 180.000000 67.000000 1.000000 11.000000 28.000000
61.370000 4.133084 3766.276900 2.000000 5.000000 267.000000 62.000000 5.000000 8.000000 24.000000
17.250000 2.904165 297.562500 0.000000 5.000000 270.000000 51.000000 4.000000 9.000000 27.000000
308.380000 5.734570 95098.224400 1.000000 4.000000 109.000000 52.000000 3.000000 9.000000 26.000000
65.100000 4.191169 4238.010000 0.000000 4.000000 7.000000 38.000000 5.000000 11.000000 18.000000
148.940000 5.010235 22183.123600 2.000000 0.000000 39.000000 52.000000 4.000000 12.000000 20.000000
113.870000 4.743801 12966.376900 0.000000 3.000000 235.000000 61.000000 3.000000 5.000000 4.000000
30.990000 3.465423 960.380100 1.000000 2.000000 81.000000 51.000000 0.000000 12.000000 25.000000
100.660000 4.621634 10132.435600 1.000000 3.000000 232.000000 50.000000 1.000000 11.000000 12.000000
263.720000 5.578673 69548.238400 3.000000 5.000000 100.000000 57.000000 1.000000 6.000000 20.000000
95.280000 4.567261 9078.278400 3.000000 5.000000 297.000000 45.000000 0.000000 1.000000 16.000000
44.210000 3.811318 1954.524100 3.000000 4.000000 60.000000 47.000000 3.000000 7.000000 6.000000
132.940000 4.897392 17673.043600 1.000000 7.000000 258.000000 56.000000 2.000000 1.000000 17.000000
86.560000 4.472324 7492.633600 0.000000 1.000000 4.000000 41.000000 3.000000 2.000000 9.000000
102.630000 4.640827 10532.916900 2.000000 8.000000 234.000000 58.000000 2.000000 6.000000 7.000000
5.000000 1.791759 25.000000 1.000000 4.000000 169.000000 56.000000 0.000000 12.000000 30.000000
103.220000 4.646504 10654.368400 2.000000 3.000000 12.000000 45.000000 6.000000 1.000000 14.000000
147.120000 4.998023 21644.294400 3.000000 2.000000 243.000000 58.000000 0.000000 12.000000 2.000000
105.710000 4.670115 11174.604100 0.000000 0.000000 8.000000 51.000000 4.000000 5.000000 12.000000
203.760000 5.321839 41518.137600 3.000000 7.000000 24.000000 44.000000 3.000000 5.000000 18.000000
25.520000 3.277899 651.270400 1.000000 5.000000 220.000000 46.000000 3.000000 12.000000 21.000000
7.860000 2.181547 61.779600 0.000000 8.000000 67.000000 58.000000 0.000000 11.000000 20.000000
5.000000 1.791759 25.000000 0.000000 4.000000 169.000000 61.000000 6.000000 2.000000 19.000000
46.840000 3.867862 2193.985600 1.000000 6.000000 260.000000 62.000000 4.000000 7.000000 21.000000
22.850000 3.171784 522.122500 3.000000 2.000000 219.000000 53.000000 2.000000 4.000000 3.000000
39.660000 3.705245 1572.915600 1.000000 1.000000 332.000000 39.000000 1.000000 12.000000 5.000000
100.970000 4.624679 10194.940900 3.000000 1.000000 135.000000 60.000000 3.000000 7.000000 18.000000
87.460000 4.482550 7649.251600 4.000000 4.000000 242.000000 49.000000 4.000000 2.000000 3.000000
5.000000 1.791759 25.000000 1.000000 2.000000 81.000000 58.000000 4.000000 2.000000 23.000000
5.000000 1.791759 25.000000 1.000000 3.000000 110.000000 70.000000 4.000000 10.000000 4.000000
276.880000 5.627189 76662.534400 2.000000 6.000000 151.000000 59.000000 4.000000 12.000000 6.000000
44.370000 3.814851 1968.696900 1.000000 5.000000 99.000000 63.000000 1.000000 9.000000 12.000000
27.140000 3.337192 736.579600 0.000000 8.000000 198.000000 55.000000 0.000000 10.000000 23.000000
89.060000 4.500476 7931.683600 1.000000 5.000000 203.000000 54.000000 3.000000 7.000000 6.000000
14.430000 2.736314 208.224900 0.000000 5.000000 266.000000 63.000000 4.000000 7.000000 14.000000
71.870000 4.288677 5165.296900 0.000000 4.000000 230.000000 61.000000 4.000000 6.000000 23.000000
107.790000 4.689419 11618.684100 0.000000 2.000000 8.000000 54.000000 2.000000 5.000000 24.000000
34.660000 3.574030 1201.315600 2.000000 8.000000 220.000000 41.000000 5.000000 1.000000 27.000000
281.740000 5.644528 79377.427600 3.000000 0.000000 25.000000 55.000000 3.000000 2.000000 15.000000
28.540000 3.385745 814.531600 0.000000 7.000000 221.000000 58.000000 1.000000 11.000000 12.000000
30.820000 3.460095 949.872400 2.000000 7.000000 74.000000 59.000000 6.000000 7.000000 30.000000
158.250000 5.070475 25043.062500 2.000000 4.000000 225.000000 53.000000 2.000000 2.000000 1.000000
104.880000 4.662306 10999.814400 3.000000 5.000000 322.000000 52.000000 6.000000 3.000000 26.000000
102.190000 4.636572 10442.796100 2.000000 2.000000 247.000000 53.000000 6.000000 9.000000 17.000000
40.800000 3.732896 1664.640000 3.000000 5.000000 213.000000 53.000000 6.000000 10.000000 15.000000
5.000000 1.791759 25.000000 1.000000 8.000000 257.000000 44.000000 3.000000 5.000000 11.000000
160.610000 5.085186 25795.572100 0.000000 1.000000 235.000000 58.000000 4.000000 2.000000 16.000000
43.180000 3.788272 1864.512400 4.000000 6.000000 179.000000 67.000000 1.000000 12.000000 3.000000
34.130000 3.559055 1164.856900 2.000000 2.000000 80.000000 62.000000 4.000000 7.000000 5.000000
5.830000 1.921325 33.988900 2.000000 8.000000 237.000000 59.000000 1.000000 8.000000 1.000000
192.880000 5.267239 37202.694400 4.000000 3.000000 153.000000 58.000000 3.000000 11.000000 14.000000
57.260000 4.064916 3278.707600 0.000000 1.000000 307.000000 51.000000 5.000000 11.000000 25.000000
275.830000 5.623404 76082.188900 1.000000 5.000000 200.000000 67.000000 6.000000 4.000000 23.000000
51.780000 3.966132 2681.168400 4.000000 2.000000 134.000000 62.000000 2.000000 10.000000 9.000000
25.030000 3.259250 626.500900 3.000000 6.000000 65.000000 59.000000 3.000000 10.000000 24.000000
300.180000 5.707708 90108.032400 3.000000 2.000000 245.000000 54.000000 5.000000 9.000000 21.000000
303.870000 5.719885 92336.976900 3.000000 4.000000 311.000000 58.000000 4.000000 1.000000 5.000000
111.160000 4.719926 12356.545600 4.000000 7.000000 171.000000 37.000000 3.000000 1.000000 19.000000
122.470000 4.815998 14998.900900 3.000000 6.000000 33.000000 56.000000 2.000000 3.000000 8.000000
61.880000 4.141228 3829.134400 3.000000 7.000000 251.000000 49.000000 5.000000 9.000000 21.000000
50.970000 3.950667 2597.940900 4.000000 7.000000 251.000000 52.000000 5.000000 12.000000 7.000000
129.470000 4.871143 16762.480900 3.000000 2.000000 315.000000 57.000000 5.000000 11.000000 9.000000
130.350000 4.877866 16991.122500 1.000000 1.000000 311.000000 57.000000 2.000000 11.000000 20.000000
89.620000 4.506675 8031.744400 1.000000 3.000000 239.000000 57.000000 4.000000 3.000000 15.000000
68.770000 4.245204 4729.312900 4.000000 0.000000 257.000000 50.000000 2.000000 11.000000 27.000000
5.000000 1.791759 25.000000 4.000000 3.000000 177.000000 49.000000 6.000000 1.000000 28.000000
29.630000 3.421980 877.936900 0.000000 4.000000 119.000000 64.000000 1.000000 12.000000 5.000000
140.760000 4.954135 19813.377600 1.000000 6.000000 148.000000 54.000000 0.000000 9.000000 23.000000
286.140000 5.659970 81876.099600 1.000000 8.000000 288.000000 51.000000 0.000000 8.000000 7.000000
39.160000 3.692871 1533.505600 1.000000 0.000000 242.000000 60.000000 3.000000 9.000000 28.000000
5.000000 1.791759 25.000000 1.000000 4.000000 176.000000 52.000000 4.000000 12.000000 6.000000
116.850000 4.769413 13653.922500 2.000000 1.000000 304.000000 60.000000 4.000000 9.000000 27.000000
49.950000 3.930845 2495.002500 0.000000 8.000000 243.000000 54.000000 2.000000 8.000000 9.000000
20.830000 3.083285 433.888900 4.000000 4.000000 186.000000 59.000000 2.000000 6.000000 12.000000
86.920000 4.476427 7555.086400 2.000000 4.000000 107.000000 70.000000 2.000000 1.000000 4.000000
14.000000 2.708050 196.000000 2.000000 0.000000 5.000000 48.000000 3.000000 4.000000 6.000000
103.840000 4.652435 10782.745600 3.000000 0.000000 49.000000 48.000000 4.000000 10.000000 20.000000
116.780000 4.768818 13637.568400 3.000000 1.000000 161.000000 43.000000 6.000000 5.000000 28.000000
5.000000 1.791759 25.000000 1.000000 1.000000 231.000000 59.000000 3.000000 7.000000 20.000000
12.170000 2.577942 148.108900 3.000000 8.000000 220.000000 41.000000 1.000000 6.000000 25.000000
5.000000 1.791759 25.000000 4.000000 4.000000 134.000000 62.000000 1.000000 7.000000 18.000000
154.910000 5.049279 23997.108100 2.000000 8.000000 163.000000 44.000000 2.000000 11.000000 13.000000
5.000000 1.791759 25.000000 0.000000 3.000000 50.000000 50.000000 0.000000 10.000000 30.000000
131.640000 4.887639 17329.089600 1.000000 5.000000 248.000000 42.000000 0.000000 5.000000 27.000000
129.500000 4.871373 16770.250000 4.000000 7.000000 237.000000 58.000000 2.000000 9.000000 4.000000
8.520000 2.253395 72.590400 2.000000 8.000000 203.000000 68.000000 1.000000 12.000000 5.000000
140.790000 4.954347 19821.824100 2.000000 3.000000 21.000000 56.000000 0.000000 8.000000 28.000000
18.990000 2.995232 360.620100 4.000000 7.000000 260.000000 62.000000 5.000000 6.000000 10.000000
49.070000 3.913422 2407.864900 2.000000 1.000000 162.000000 52.000000 3.000000 4.000000 6.000000
44.140000 3.809769 1948.339600 4.000000 3.000000 69.000000 62.000000 6.000000 6.000000 18.000000
62.400000 4.149464 3893.760000 1.000000 5.000000 30.000000 54.000000 2.000000 11.000000 15.000000
123.040000 4.820604 15138.841600 0.000000 4.000000 311.000000 52.000000 3.000000 2.000000 1.000000
442.270000 6.094179 195602.752900 0.000000 4.000000 291.000000 57.000000 6.000000 1.000000 15.000000
214.010000 5.370685 45800.280100 1.000000 5.000000 78.000000 58.000000 6.000000 7.000000 28.000000
54.040000 4.008060 2920.321600 1.000000 8.000000 172.000000 41.000000 3.000000 2.000000 1.000000
63.510000 4.166820 4033.520100 4.000000 3.000000 49.000000 44.000000 2.000000 5.000000 1.000000
119.930000 4.795212 14383.204900 3.000000 5.000000 61.000000 51.000000 4.000000 12.000000 13.000000
129.630000 4.872369 16803.936900 3.000000 5.000000 137.000000 64.000000 1.000000 8.000000 27.000000
5.580000 1.884035 31.136400 4.000000 6.000000 112.000000 65.000000 5.000000 10.000000 26.000000
5.000000 1.791759 25.000000 3.000000 5.000000 274.000000 55.000000 2.000000 7.000000 17.000000
34.970000 3.582685 1222.900900 2.000000 6.000000 269.000000 59.000000 3.000000 7.000000 27.000000
25.910000 3.292498 671.328100 4.000000 1.000000 333.000000 54.000000 4.000000 7.000000 28.000000
151.690000 5.028410 23009.856100 2.000000 7.000000 143.000000 65.000000 0.000000 3.000000 20.000000
75.490000 4.337160 5698.740100 3.000000 4.000000 271.000000 63.000000 5.000000 6.000000 8.000000
21.840000 3.128513 476.985600 1.000000 5.000000 141.000000 56.000000 1.000000 4.000000 30.000000
109.070000 4.701117 11896.264900 3.000000 6.000000 323.000000 52.000000 1.000000 2.000000 7.000000
164.710000 5.110239 27129.384100 4.000000 3.000000 37.000000 52.000000 3.000000 6.000000 6.000000
110.190000 4.711240 12141.836100 4.000000 1.000000 333.000000 51.000000 0.000000 2.000000 20.000000
46.160000 3.853546 2130.745600 3.000000 8.000000 235.000000 61.000000 4.000000 3.000000 10.000000
86.540000 4.472096 7489.171600 0.000000 8.000000 201.000000 54.000000 0.000000 1.000000 8.000000
10.240000 2.419479 104.857600 2.000000 5.000000 244.000000 54.000000 3.000000 5.000000 11.000000
37.460000 3.649619 1403.251600 2.000000 1.000000 235.000000 61.000000 4.000000 5.000000 10.000000
58.580000 4.087320 3431.616400 0.000000 1.000000 188.000000 71.000000 2.000000 3.000000 15.000000
116.850000 4.769413 13653.922500 4.000000 8.000000 321.000000 57.000000 6.000000 2.000000 18.000000
74.840000 4.328626 5601.025600 2.000000 0.000000 264.000000 59.000000 1.000000 7.000000 18.000000
66.840000 4.217152 4467.585600 1.000000 5.000000 104.000000 63.000000 2.000000 5.000000 22.000000
66.370000 4.210200 4404.976900 2.000000 4.000000 271.000000 63.000000 5.000000 10.000000 14.000000
5.000000 1.791759 25.000000 3.000000 0.000000 200.000000 53.000000 6.000000 7.000000 9.000000
551.080000 6.313693 303689.166400 3.000000 8.000000 173.000000 47.000000 3.000000 12.000000 19.000000
60.230000 4.114637 3627.652900 0.000000 0.000000 172.000000 47.000000 2.000000 11.000000 6.000000
161.260000 5.089200 26004.787600 4.000000 5.000000 41.000000 44.000000 5.000000 2.000000 17.000000
184.140000 5.221112 33907.539600 2.000000 1.000000 233.000000 55.000000 2.000000 11.000000 1.000000
5.000000 1.791759 25.000000 4.000000 4.000000 270.000000 50.000000 0.000000 1.000000 30.000000
118.890000 4.786575 14134.832100 3.000000 1.000000 136.000000 60.000000 2.000000 2.000000 1.000000
83.030000 4.431174 6893.980900 3.000000 8.000000 47.000000 63.000000 5.000000 8.000000 12.000000
37.650000 3.654547 1417.522500 4.000000 6.000000 205.000000 69.000000 2.000000 5.000000 31.000000
77.400000 4.361824 5990.760000 4.000000 3.000000 221.000000 61.000000 1.000000 4.000000 25.000000
69.390000 4.254051 4814.972100 4.000000 1.000000 136.000000 62.000000 5.000000 5.000000 20.000000
25.680000 3.283914 659.462400 2.000000 2.000000 259.000000 63.000000 1.000000 9.000000 24.000000
67.510000 4.226980 4557.600100 3.000000 6.000000 271.000000 63.000000 6.000000 5.000000 5.000000
39.820000 3.709172 1585.632400 2.000000 0.000000 47.000000 52.000000 4.000000 8.000000 2.000000
51.070000 3.952589 2608.144900 4.000000 6.000000 258.000000 54.000000 5.000000 10.000000 5.000000
159.480000 5.078169 25433.870400 4.000000 4.000000 1.000000 41.000000 0.000000 3.000000 20.000000
47.410000 3.879706 2247.708100 3.000000 5.000000 178.000000 45.000000 5.000000 5.000000 18.000000
66.880000 4.217741 4472.934400 1.000000 2.000000 178.000000 53.000000 2.000000 3.000000 27.000000
29.350000 3.412797 861.422500 0.000000 5.000000 95.000000 51.000000 3.000000 6.000000 13.000000
108.090000 4.692173 11683.448100 2.000000 5.000000 19.000000 56.000000 2.000000 7.000000 5.000000
110.800000 4.716712 12276.640000 3.000000 1.000000 106.000000 65.000000 1.000000 7.000000 16.000000
36.730000 3.630456 1349.092900 3.000000 1.000000 80.000000 51.000000 1.000000 3.000000 14.000000
132.560000 4.894551 17572.153600 1.000000 7.000000 325.000000 60.000000 6.000000 9.000000 10.000000
91.800000 4.530447 8427.240000 4.000000 5.000000 223.000000 38.000000 3.000000 11.000000 16.000000
60.390000 4.117247 3646.952100 4.000000 3.000000 217.000000 56.000000 3.000000 8.000000 1.000000
82.730000 4.427597 6844.252900 0.000000 3.000000 234.000000 49.000000 1.000000 10.000000 29.000000
39.280000 3.695855 1542.918400 4.000000 1.000000 237.000000 61.000000 3.000000 11.000000 30.000000
50.550000 3.942552 2555.302500 3.000000 0.000000 176.000000 41.000000 1.000000 2.000000 28.000000
48.320000 3.898330 2334.822400 3.000000 4.000000 270.000000 59.000000 5.000000 1.000000 13.000000
5.000000 1.791759 25.000000 4.000000 6.000000 271.000000 50.000000 2.000000 9.000000 18.000000
155.060000 5.050241 24043.603600 2.000000 3.000000 135.000000 60.000000 5.000000 6.000000 1.000000
145.330000 4.985864 21120.808900 2.000000 4.000000 326.000000 57.000000 4.000000 10.000000 20.000000
5.000000 1.791759 25.000000 2.000000 5.000000 179.000000 69.000000 2.000000 12.000000 13.000000
286.300000 5.660527 81967.690000 0.000000 4.000000 272.000000 46.000000 0.000000 7.000000 17.000000
21.040000 3.092859 442.681600 4.000000 3.000000 72.000000 62.000000 5.000000 5.000000 18.000000
31.120000 3.469479 968.454400 0.000000 2.000000 167.000000 49.000000 6.000000 2.000000 19.000000
54.760000 4.021057 2998.657600 4.000000 5.000000 266.000000 65.000000 0.000000 7.000000 10.000000
23.440000 3.196221 549.433600 2.000000 1.000000 49.000000 47.000000 4.000000 7.000000 12.000000
46.990000 3.870993 2208.060100 1.000000 3.000000 338.000000 57.000000 2.000000 7.000000 31.000000
76.530000 4.350665 5856.840900 2.000000 3.000000 240.000000 54.000000 2.000000 10.000000 16.000000
46.760000 3.866188 2186.497600 0.000000 6.000000 327.000000 56.000000 4.000000 3.000000 24.000000
78.730000 4.378646 6198.412900 4.000000 8.000000 313.000000 63.000000 5.000000 2.000000 18.000000
177.620000 5.185261 31548.864400 1.000000 4.000000 23.000000 44.000000 3.000000 10.000000 26.000000
109.660000 4.706462 12025.315600 0.000000 8.000000 249.000000 51.000000 3.000000 1.000000 5.000000
93.560000 4.549235 8753.473600 0.000000 8.000000 317.000000 56.000000 4.000000 4.000000 12.000000
113.310000 4.738914 12839.156100 1.000000 5.000000 236.000000 50.000000 1.000000 12.000000 3.000000
37.760000 3.657389 1425.817600 2.000000 8.000000 309.000000 56.000000 6.000000 2.000000 11.000000
50.510000 3.941776 2551.260100 1.000000 5.000000 183.000000 71.000000 5.000000 4.000000 22.000000
20.430000 3.064792 417.384900 1.000000 1.000000 212.000000 65.000000 3.000000 11.000000 14.000000
228.800000 5.437209 52349.440000 0.000000 7.000000 13.000000 56.000000 3.000000 6.000000 29.000000
24.450000 3.236716 597.802500 3.000000 8.000000 187.000000 67.000000 5.000000 1.000000 20.000000
151.670000 5.028279 23003.788900 1.000000 5.000000 153.000000 66.000000 1.000000 9.000000 24.000000
289.730000 5.672395 83943.472900 1.000000 8.000000 290.000000 54.000000 2.000000 7.000000 17.000000
23.760000 3.209229 564.537600 3.000000 5.000000 139.000000 59.000000 3.000000 12.000000 19.000000
44.630000 3.820565 1991.836900 2.000000 4.000000 139.000000 60.000000 1.000000 2.000000 28.000000
125.530000 4.840479 15757.780900 4.000000 1.000000 247.000000 52.000000 1.000000 10.000000 1.000000
5.000000 1.791759 25.000000 0.000000 0.000000 214.000000 68.000000 3.000000 2.000000 8.000000
156.040000 5.056501 24348.481600 2.000000 3.000000 139.000000 57.000000 2.000000 9.000000 6.000000
32.600000 3.514526 1062.760000 0.000000 3.000000 335.000000 55.000000 1.000000 1.000000 9.000000
177.630000 5.185317 31552.416900 4.000000 8.000000 329.000000 45.000000 6.000000 1.000000 29.000000
15.340000 2.793616 235.315600 1.000000 6.000000 139.000000 62.000000 6.000000 6.000000 23.000000
18.070000 2.948116 326.524900 1.000000 3.000000 256.000000 59.000000 1.000000 8.000000 15.000000
33.200000 3.532226 1102.240000 1.000000 4.000000 169.000000 63.000000 0.000000 5.000000 20.000000
95.220000 4.566637 9066.848400 3.000000 7.000000 197.000000 46.000000 5.000000 12.000000 14.000000
33.820000 3.550192 1143.792400 2.000000 8.000000 265.000000 56.000000 5.000000 7.000000 6.000000
20.010000 3.044999 400.400100 1.000000 5.000000 225.000000 49.000000 1.000000 3.000000 12.000000
72.800000 4.301359 5299.840000 2.000000 3.000000 139.000000 59.000000 1.000000 8.000000 13.000000
214.070000 5.370964 45825.964900 2.000000 5.000000 30.000000 44.000000 2.000000 4.000000 10.000000
39.340000 3.697344 1547.635600 4.000000 2.000000 262.000000 51.000000 6.000000 1.000000 1.000000
91.260000 4.524611 8328.387600 3.000000 4.000000 2.000000 37.000000 1.000000 6.000000 18.000000
77.480000 4.362844 6003.150400 2.000000 7.000000 138.000000 56.000000 0.000000 1.000000 9.000000
93.910000 4.552929 8819.088100 0.000000 8.000000 332.000000 44.000000 6.000000 2.000000 4.000000
61.910000 4.141705 3832.848100 1.000000 8.000000 235.000000 54.000000 2.000000 8.000000 9.000000
53.530000 3.998751 2865.460900 3.000000 5.000000 305.000000 62.000000 6.000000 6.000000 9.000000
90.610000 4.517540 8210.172100 3.000000 8.000000 57.000000 53.000000 2.000000 11.000000 13.000000
51.870000 3.967836 2690.496900 4.000000 5.000000 332.000000 39.000000 5.000000 10.000000 14.000000
55.400000 4.032469 3069.160000 4.000000 2.000000 209.000000 57.000000 0.000000 5.000000 27.000000
61.620000 4.137085 3797.024400 2.000000 5.000000 105.000000 64.000000 0.000000 8.000000 26.000000
165.240000 5.113433 27304.257600 1.000000 6.000000 241.000000 62.000000 0.000000 8.000000 7.000000
25.010000 3.258481 625.500100 4.000000 6.000000 186.000000 70.000000 1.000000 6.000000 11.000000
41.200000 3.742420 1697.440000 4.000000 8.000000 190.000000 70.000000 2.000000 8.000000 7.000000
55.000000 4.025352 3025.000000 2.000000 7.000000 139.000000 62.000000 4.000000 6.000000 7.000000
40.990000 3.737431 1680.180100 4.000000 6.000000 175.000000 47.000000 4.000000 9.000000 13.000000
107.990000 4.691256 11661.840100 3.000000 8.000000 203.000000 64.000000 6.000000 8.000000 4.000000
462.830000 6.139518 214211.608900 0.000000 2.000000 289.000000 46.000000 4.000000 5.000000 31.000000
313.510000 5.751016 98288.520100 1.000000 4.000000 35.000000 52.000000 6.000000 1.000000 29.000000
184.960000 5.225532 34210.201600 4.000000 5.000000 316.000000 52.000000 3.000000 1.000000 11.000000
43.440000 3.794140 1887.033600 3.000000 7.000000 295.000000 36.000000 4.000000 9.000000 20.000000
93.450000 4.548071 8732.902500 3.000000 2.000000 47.000000 63.000000 1.000000 11.000000 12.000000
224.620000 5.418852 50454.144400 3.000000 5.000000 100.000000 60.000000 2.000000 9.000000 18.000000
133.970000 4.905053 17947.960900 2.000000 5.000000 130.000000 60.000000 0.000000 5.000000 1.000000
57.490000 4.068856 3305.100100 0.000000 2.000000 255.000000 57.000000 2.000000 5.000000 8.000000
5.000000 1.791759 25.000000 4.000000 8.000000 77.000000 62.000000 4.000000 11.000000 22.000000
213.260000 5.367190 45479.827600 3.000000 7.000000 222.000000 51.000000 4.000000 11.000000 3.000000
242.450000 5.494912 58782.002500 1.000000 1.000000 294.000000 52.000000 3.000000 8.000000 10.000000
72.180000 4.292922 5209.952400 2.000000 4.000000 332.000000 44.000000 1.000000 8.000000 6.000000
16.400000 2.856470 268.960000 1.000000 4.000000 83.000000 62.000000 6.000000 12.000000 22.000000
5.000000 1.791759 25.000000 2.000000 3.000000 74.000000 55.000000 5.000000 5.000000 13.000000
37.760000 3.657389 1425.817600 1.000000 2.000000 209.000000 62.000000 0.000000 10.000000 7.000000
20.150000 3.051640 406.022500 3.000000 0.000000 85.000000 62.000000 2.000000 6.000000 5.000000
26.530000 3.315276 703.840900 3.000000 8.000000 179.000000 70.000000 4.000000 8.000000 11.000000
37.580000 3.652734 1412.256400 1.000000 1.000000 76.000000 63.000000 5.000000 2.000000 17.000000
58.550000 4.086816 3428.102500 1.000000 3.000000 10.000000 45.000000 4.000000 1.000000 26.000000
41.070000 3.739335 1686.744900 4.000000 6.000000 104.000000 71.000000 6.000000 10.000000 27.000000
39.300000 3.696351 1544.490000 2.000000 5.000000 52.000000 59.000000 1.000000 4.000000 18.000000
75.510000 4.337421 5701.760100 4.000000 5.000000 130.000000 63.000000 0.000000 1.000000 9.000000
54.480000 4.016023 2968.070400 4.000000 2.000000 60.000000 58.000000 4.000000 10.000000 4.000000
58.500000 4.085976 3422.250000 1.000000 5.000000 181.000000 67.000000 1.000000 11.000000 19.000000
35.140000 3.587400 1234.819600 2.000000 1.000000 249.000000 43.000000 0.000000 7.000000 1.000000
5.000000 1.791759 25.000000 2.000000 0.000000 138.000000 61.000000 6.000000 1.000000 15.000000
105.650000 4.669552 11161.922500 1.000000 3.000000 302.000000 57.000000 4.000000 9.000000 15.000000
134.340000 4.907790 18047.235600 2.000000 4.000000 8.000000 55.000000 0.000000 8.000000 19.000000
135.440000 4.915885 18343.993600 1.000000 0.000000 133.000000 52.000000 1.000000 2.000000 13.000000
76.900000 4.355426 5913.610000 3.000000 2.000000 161.000000 49.000000 4.000000 3.000000 29.000000
51.610000 3.962906 2663.592100 3.000000 5.000000 138.000000 51.000000 1.000000 10.000000 29.000000
39.600000 3.703768 1568.160000 2.000000 1.000000 263.000000 56.000000 5.000000 1.000000 27.000000
33.640000 3.545009 1131.649600 0.000000 1.000000 179.000000 60.000000 0.000000 4.000000 17.000000
206.620000 5.335709 42691.824400 2.000000 1.000000 308.000000 63.000000 4.000000 6.000000 21.000000
56.570000 4.053002 3200.164900 2.000000 5.000000 233.000000 57.000000 0.000000 8.000000 21.000000
76.020000 4.344065 5779.040400 4.000000 6.000000 132.000000 59.000000 4.000000 7.000000 14.000000
49.630000 3.924544 2463.136900 0.000000 7.000000 135.000000 59.000000 2.000000 8.000000 14.000000
42.170000 3.765146 1778.308900 3.000000 8.000000 109.000000 70.000000 2.000000 12.000000 13.000000
11.040000 2.488234 121.881600 1.000000 2.000000 178.000000 53.000000 6.000000 5.000000 26.000000
100.950000 4.624482 10190.902500 2.000000 7.000000 134.000000 63.000000 1.000000 4.000000 25.000000
81.320000 4.410614 6612.942400 4.000000 0.000000 241.000000 60.000000 4.000000 5.000000 17.000000
100.430000 4.619369 10086.184900 0.000000 5.000000 139.000000 60.000000 1.000000 8.000000 22.000000
54.970000 4.024816 3021.700900 0.000000 8.000000 162.000000 40.000000 4.000000 1.000000 6.000000
62.680000 4.153871 3928.782400 3.000000 6.000000 138.000000 56.000000 4.000000 6.000000 23.000000
113.750000 4.742756 12939.062500 1.000000 5.000000 137.000000 64.000000 2.000000 5.000000 10.000000
117.560000 4.775419 13820.353600 1.000000 7.000000 304.000000 64.000000 5.000000 11.000000 11.000000
254.800000 5.544396 64923.040000 2.000000 1.000000 53.000000 44.000000 0.000000 1.000000 16.000000
71.880000 4.288814 5166.734400 3.000000 5.000000 317.000000 62.000000 4.000000 11.000000 17.000000
37.470000 3.649879 1404.000900 1.000000 5.000000 126.000000 46.000000 5.000000 4.000000 1.000000
60.010000 4.111038 3601.200100 2.000000 1.000000 83.000000 62.000000 2.000000 9.000000 13.000000
5.000000 1.791759 25.000000 3.000000 3.000000 260.000000 55.000000 3.000000 8.000000 10.000000
50.180000 3.935349 2518.032400 0.000000 5.000000 128.000000 51.000000 3.000000 10.000000 5.000000
112.130000 4.728538 12573.136900 2.000000 1.000000 4.000000 49.000000 2.000000 4.000000 12.000000
20.130000 3.050694 405.216900 4.000000 0.000000 215.000000 68.000000 4.000000 8.000000 2.000000
206.170000 5.333540 42506.068900 0.000000 4.000000 287.000000 51.000000 6.000000 4.000000 9.000000
5.000000 1.791759 25.000000 0.000000 1.000000 84.000000 62.000000 0.000000 9.000000 16.000000
26.160000 3.301745 684.345600 1.000000 4.000000 87.000000 59.000000 2.000000 2.000000 15.000000
49.360000 3.919197 2436.409600 0.000000 1.000000 211.000000 68.000000 5.000000 8.000000 12.000000
95.170000 4.566117 9057.328900 3.000000 6.000000 131.000000 56.000000 0.000000 8.000000 28.000000
420.790000 6.044508 177064.224100 0.000000 7.000000 301.000000 63.000000 5.000000 11.000000 23.000000
223.150000 5.412315 49795.922500 2.000000 4.000000 26.000000 52.000000 6.000000 10.000000 1.000000
27.470000 3.348851 754.600900 2.000000 5.000000 134.000000 59.000000 1.000000 2.000000 13.000000
116.060000 4.762687 13469.923600 4.000000 0.000000 127.000000 55.000000 3.000000 11.000000 28.000000
363.720000 5.899130 132292.238400 1.000000 3.000000 291.000000 51.000000 1.000000 7.000000 30.000000
44.180000 3.810655 1951.872400 1.000000 0.000000 130.000000 51.000000 5.000000 5.000000 11.000000
20.210000 3.054473 408.444100 0.000000 4.000000 264.000000 56.000000 5.000000 11.000000 30.000000
61.980000 4.142817 3841.520400 2.000000 4.000000 224.000000 57.000000 3.000000 11.000000 30.000000
44.210000 3.811318 1954.524100 0.000000 1.000000 68.000000 59.000000 3.000000 4.000000 4.000000
5.000000 1.791759 25.000000 2.000000 1.000000 339.000000 47.000000 2.000000 7.000000 24.000000
79.380000 4.386765 6301.184400 3.000000 5.000000 133.000000 59.000000 4.000000 8.000000 2.000000
150.970000 5.023683 22791.940900 3.000000 2.000000 171.000000 42.000000 3.000000 6.000000 13.000000
130.050000 4.875579 16913.002500 1.000000 5.000000 145.000000 58.000000 1.000000 1.000000 9.000000
90.460000 4.515902 8183.011600 1.000000 5.000000 295.000000 48.000000 1.000000 5.000000 23.000000
70.850000 4.274581 5019.722500 1.000000 4.000000 138.000000 56.000000 4.000000 6.000000 21.000000
155.720000 5.054461 24248.718400 4.000000 1.000000 311.000000 63.000000 1.000000 3.000000 26.000000
96.880000 4.583742 9385.734400 1.000000 2.000000 304.000000 51.000000 2.000000 10.000000 2.000000
69.190000 4.251206 4787.256100 1.000000 6.000000 156.000000 64.000000 0.000000 8.000000 19.000000
23.350000 3.192532 545.222500 3.000000 4.000000 109.000000 59.000000 3.000000 12.000000 12.000000
85.890000 4.464643 7377.092100 1.000000 0.000000 252.000000 49.000000 6.000000 3.000000 31.000000
66.480000 4.211831 4419.590400 1.000000 2.000000 170.000000 47.000000 4.000000 10.000000 11.000000
172.260000 5.154793 29673.507600 4.000000 8.000000 258.000000 49.000000 5.000000 2.000000 18.000000
19.080000 2.999724 364.046400 4.000000 0.000000 265.000000 59.000000 4.000000 3.000000 3.000000
5.000000 1.791759 25.000000 0.000000 6.000000 262.000000 61.000000 2.000000 6.000000 12.000000
82.830000 4.428791 6860.808900 1.000000 6.000000 45.000000 50.000000 0.000000 3.000000 6.000000
255.970000 5.548959 65520.640900 2.000000 0.000000 246.000000 39.000000 3.000000 1.000000 26.000000
26.490000 3.313822 701.720100 2.000000 6.000000 75.000000 63.000000 6.000000 8.000000 25.000000
104.830000 4.661834 10989.328900 3.000000 2.000000 223.000000 47.000000 3.000000 8.000000 1.000000
39.470000 3.700561 1557.880900 1.000000 5.000000 100.000000 63.000000 5.000000 6.000000 1.000000
99.030000 4.605470 9806.940900 1.000000 5.000000 121.000000 70.000000 6.000000 9.000000 3.000000
23.010000 3.178470 529.460100 0.000000 1.000000 69.000000 62.000000 0.000000 12.000000 25.000000
33.240000 3.533395 1104.897600 0.000000 1.000000 54.000000 58.000000 5.000000 11.000000 11.000000
55.320000 4.031050 3060.302400 4.000000 3.000000 253.000000 49.000000 4.000000 7.000000 21.000000
77.900000 4.368181 6068.410000 3.000000 7.000000 129.000000 63.000000 4.000000 8.000000 11.000000
11.840000 2.552565 140.185600 0.000000 8.000000 130.000000 63.000000 6.000000 8.000000 11.000000
53.220000 3.993050 2832.368400 3.000000 8.000000 138.000000 51.000000 3.000000 5.000000 25.000000
18.110000 2.950212 327.972100 1.000000 7.000000 50.000000 55.000000 0.000000 2.000000 26.000000
200.730000 5.306930 40292.532900 4.000000 4.000000 37.000000 52.000000 3.000000 5.000000 4.000000
139.920000 4.948192 19577.606400 3.000000 3.000000 254.000000 39.000000 5.000000 7.000000 15.000000
68.000000 4.234107 4624.000000 4.000000 0.000000 264.000000 63.000000 3.000000 1.000000 19.000000
112.200000 4.729156 12588.840000 0.000000 7.000000 332.000000 52.000000 3.000000 1.000000 12.000000
408.500000 6.014937 166872.250000 1.000000 2.000000 296.000000 53.000000 6.000000 6.000000 23.000000
28.280000 3.376905 799.758400 0.000000 1.000000 332.000000 50.000000 1.000000 5.000000 2.000000
116.200000 4.763882 13502.440000 3.000000 7.000000 327.000000 57.000000 4.000000 5.000000 26.000000
27.760000 3.358986 770.617600 0.000000 4.000000 58.000000 43.000000 2.000000 4.000000 19.000000
132.130000 4.891326 17458.336900 0.000000 8.000000 128.000000 63.000000 0.000000 5.000000 1.000000
106.350000 4.676095 11310.322500 2.000000 5.000000 254.000000 47.000000 6.000000 9.000000 8.000000
78.700000 4.378270 6193.690000 0.000000 8.000000 191.000000 67.000000 5.000000 11.000000 2.000000
17.700000 2.928524 313.290000 2.000000 7.000000 165.000000 40.000000 6.000000 10.000000 27.000000
37.730000 3.656614 1423.552900 3.000000 2.000000 259.000000 56.000000 3.000000 9.000000 12.000000
265.070000 5.583759 70262.104900 1.000000 3.000000 279.000000 46.000000 4.000000 6.000000 7.000000
87.570000 4.483793 7668.504900 3.000000 7.000000 95.000000 51.000000 2.000000 10.000000 2.000000
130.590000 4.879691 17053.748100 3.000000 8.000000 322.000000 52.000000 6.000000 5.000000 19.000000
145.540000 4.987298 21181.891600 1.000000 6.000000 232.000000 61.000000 2.000000 11.000000 20.000000
49.350000 3.918999 2435.422500 2.000000 8.000000 251.000000 46.000000 3.000000 11.000000 14.000000
37.230000 3.643621 1386.072900 3.000000 5.000000 265.000000 56.000000 4.000000 12.000000 1.000000
8.600000 2.261763 73.960000 0.000000 3.000000 235.000000 60.000000 1.000000 9.000000 5.000000
16.260000 2.848392 264.387600 1.000000 3.000000 177.000000 50.000000 6.000000 11.000000 5.000000
31.420000 3.478776 987.216400 3.000000 1.000000 259.000000 56.000000 2.000000 7.000000 3.000000
5.000000 1.791759 25.000000 4.000000 7.000000 293.000000 47.000000 2.000000 5.000000 3.000000
5.000000 1.791759 25.000000 0.000000 6.000000 284.000000 56.000000 6.000000 7.000000 30.000000
52.910000 3.987316 2799.468100 4.000000 5.000000 37.000000 56.000000 3.000000 10.000000 19.000000
299.790000 5.706412 89874.044100 2.000000 0.000000 263.000000 56.000000 6.000000 12.000000 29.000000
74.500000 4.324133 5550.250000 0.000000 0.000000 331.000000 42.000000 3.000000 9.000000 14.000000
43.720000 3.800421 1911.438400 2.000000 5.000000 52.000000 63.000000 0.000000 5.000000 15.000000
8.050000 2.202765 64.802500 2.000000 1.000000 92.000000 62.000000 6.000000 12.000000 24.000000
78.560000 4.376511 6171.673600 1.000000 6.000000 265.000000 63.000000 5.000000 9.000000 28.000000
106.070000 4.673483 11250.844900 2.000000 4.000000 8.000000 55.000000 5.000000 9.000000 9.000000
165.510000 5.115055 27393.560100 4.000000 0.000000 317.000000 52.000000 3.000000 1.000000 18.000000
8.500000 2.251292 72.250000 3.000000 5.000000 199.000000 55.000000 0.000000 5.000000 20.000000
26.310000 3.307253 692.216100 0.000000 2.000000 187.000000 71.000000 4.000000 1.000000 6.000000
228.700000 5.436774 52303.690000 0.000000 5.000000 139.000000 64.000000 5.000000 11.000000 2.000000
36.140000 3.614695 1306.099600 0.000000 6.000000 232.000000 55.000000 2.000000 5.000000 31.000000
18.290000 2.959587 334.524100 4.000000 8.000000 335.000000 55.000000 6.000000 8.000000 6.000000
28.550000 3.386084 815.102500 2.000000 0.000000 335.000000 51.000000 2.000000 10.000000 4.000000
44.840000 3.825157 2010.625600 3.000000 5.000000 138.000000 56.000000 0.000000 4.000000 17.000000
88.380000 4.492897 7811.024400 3.000000 6.000000 131.000000 59.000000 0.000000 1.000000 30.000000
102.410000 4.638702 10487.808100 1.000000 0.000000 322.000000 64.000000 3.000000 12.000000 5.000000
38.170000 3.667911 1456.948900 1.000000 4.000000 123.000000 42.000000 0.000000 10.000000 14.000000
353.980000 5.872061 125301.840400 3.000000 0.000000 149.000000 64.000000 0.000000 2.000000 19.000000
23.310000 3.190888 543.356100 3.000000 8.000000 230.000000 57.000000 6.000000 1.000000 8.000000
137.940000 4.934042 19027.443600 2.000000 6.000000 314.000000 57.000000 6.000000 3.000000 17.000000
5.000000 1.791759 25.000000 4.000000 5.000000 335.000000 47.000000 0.000000 5.000000 6.000000
40.690000 3.730261 1655.676100 2.000000 6.000000 243.000000 60.000000 0.000000 9.000000 2.000000
62.600000 4.152613 3918.760000 0.000000 7.000000 315.000000 56.000000 2.000000 4.000000 19.000000
6.470000 2.010895 41.860900 2.000000 5.000000 177.000000 45.000000 6.000000 8.000000 6.000000
198.580000 5.296215 39434.016400 2.000000 3.000000 142.000000 65.000000 0.000000 9.000000 16.000000
338.780000 5.828298 114771.888400 4.000000 5.000000 285.000000 57.000000 2.000000 8.000000 2.000000
79.120000 4.383526 6259.974400 4.000000 8.000000 184.000000 67.000000 2.000000 9.000000 18.000000
38.240000 3.669697 1462.297600 2.000000 0.000000 172.000000 48.000000 0.000000 12.000000 4.000000
56.840000 4.057681 3230.785600 0.000000 3.000000 79.000000 59.000000 1.000000 12.000000 5.000000
81.340000 4.410857 6616.195600 1.000000 3.000000 219.000000 56.000000 4.000000 6.000000 23.000000
136.260000 4.921877 18566.787600 2.000000 7.000000 138.000000 52.000000 5.000000 2.000000 25.000000
102.620000 4.640730 10530.864400 4.000000 5.000000 230.000000 50.000000 3.000000 10.000000 10.000000
32.310000 3.505858 1043.936100 2.000000 5.000000 67.000000 62.000000 4.000000 3.000000 1.000000
64.480000 4.181745 4157.670400 4.000000 8.000000 58.000000 49.000000 6.000000 2.000000 26.000000
29.220000 3.408504 853.808400 3.000000 3.000000 257.000000 45.000000 1.000000 4.000000 9.000000
52.980000 3.988614 2806.880400 4.000000 3.000000 1.000000 47.000000 5.000000 6.000000 17.000000
30.230000 3.441379 913.852900 3.000000 5.000000 79.000000 59.000000 1.000000 12.000000 26.000000
314.950000 5.755584 99193.502500 1.000000 3.000000 36.000000 56.000000 6.000000 8.000000 20.000000
84.000000 4.442651 7056.000000 1.000000 4.000000 167.000000 50.000000 6.000000 6.000000 18.000000
166.170000 5.119011 27612.468900 3.000000 7.000000 16.000000 53.000000 5.000000 8.000000 12.000000
70.390000 4.268158 4954.752100 2.000000 4.000000 237.000000 49.000000 0.000000 12.000000 9.000000
22.800000 3.169686 519.840000 1.000000 2.000000 213.000000 68.000000 4.000000 10.000000 25.000000
337.880000 5.825646 114162.894400 3.000000 1.000000 25.000000 52.000000 3.000000 12.000000 5.000000
27.770000 3.359333 771.172900 1.000000 2.000000 220.000000 46.000000 3.000000 8.000000 29.000000
249.710000 5.524297 62355.084100 1.000000 5.000000 122.000000 42.000000 6.000000 4.000000 23.000000
51.720000 3.964995 2674.958400 3.000000 2.000000 220.000000 41.000000 1.000000 11.000000 14.000000
5.000000 1.791759 25.000000 0.000000 4.000000 283.000000 44.000000 4.000000 9.000000 13.000000
130.910000 4.882120 17137.428100 3.000000 5.000000 29.000000 44.000000 4.000000 3.000000 31.000000
151.500000 5.027165 22952.250000 4.000000 4.000000 231.000000 61.000000 4.000000 10.000000 11.000000
72.480000 4.297013 5253.350400 3.000000 4.000000 271.000000 62.000000 4.000000 11.000000 29.000000
150.570000 5.021048 22671.324900 3.000000 6.000000 322.000000 57.000000 5.000000 9.000000 21.000000
80.460000 4.400112 6473.811600 2.000000 5.000000 288.000000 53.000000 2.000000 11.000000 1.000000
74.980000 4.330470 5622.000400 1.000000 8.000000 227.000000 42.000000 5.000000 5.000000 25.000000
92.400000 4.536891 8537.760000 0.000000 5.000000 88.000000 46.000000 5.000000 7.000000 22.000000
234.190000 5.460394 54844.956100 4.000000 3.000000 293.000000 51.000000 3.000000 7.000000 11.000000
5.740000 1.908060 32.947600 3.000000 3.000000 184.000000 69.000000 6.000000 10.000000 27.000000
194.800000 5.277094 37947.040000 1.000000 5.000000 235.000000 50.000000 0.000000 5.000000 6.000000
279.280000 5.635789 77997.318400 2.000000 7.000000 155.000000 59.000000 5.000000 4.000000 15.000000
47.090000 3.873074 2217.468100 4.000000 5.000000 189.000000 59.000000 6.000000 3.000000 17.000000
292.790000 5.682865 85725.984100 4.000000 5.000000 287.000000 54.000000 3.000000 12.000000 14.000000
114.940000 4.753073 13211.203600 3.000000 2.000000 4.000000 49.000000 5.000000 12.000000 28.000000
19.500000 3.020425 380.250000 0.000000 5.000000 126.000000 43.000000 0.000000 6.000000 17.000000
189.400000 5.249127 35872.360000 3.000000 7.000000 225.000000 50.000000 4.000000 1.000000 6.000000
48.730000 3.906608 2374.612900 3.000000 5.000000 109.000000 70.000000 3.000000 12.000000 5.000000
162.040000 5.093996 26256.961600 4.000000 1.000000 333.000000 54.000000 5.000000 3.000000 23.000000
198.090000 5.293757 39239.648100 4.000000 2.000000 300.000000 57.000000 1.000000 5.000000 23.000000
5.000000 1.791759 25.000000 3.000000 3.000000 84.000000 58.000000 6.000000 4.000000 23.000000
221.660000 5.405646 49133.155600 3.000000 8.000000 236.000000 62.000000 0.000000 4.000000 22.000000
20.560000 3.070840 422.713600 0.000000 0.000000 220.000000 49.000000 5.000000 11.000000 9.000000
116.930000 4.770091 13672.624900 1.000000 7.000000 114.000000 65.000000 5.000000 10.000000 28.000000
76.080000 4.344844 5788.166400 3.000000 6.000000 131.000000 51.000000 0.000000 7.000000 31.000000
49.150000 3.915019 2415.722500 2.000000 1.000000 172.000000 36.000000 2.000000 3.000000 1.000000
96.520000 4.580057 9316.110400 3.000000 0.000000 263.000000 56.000000 3.000000 10.000000 10.000000
176.340000 5.178069 31095.795600 3.000000 5.000000 232.000000 60.000000 6.000000 11.000000 5.000000
67.550000 4.227563 4563.002500 3.000000 5.000000 231.000000 57.000000 3.000000 10.000000 3.000000
82.050000 4.419443 6732.202500 4.000000 7.000000 62.000000 58.000000 4.000000 7.000000 7.000000
30.980000 3.465111 959.760400 0.000000 5.000000 79.000000 56.000000 0.000000 6.000000 24.000000
94.610000 4.560277 8951.052100 0.000000 5.000000 241.000000 57.000000 4.000000 11.000000 22.000000
5.000000 1.791759 25.000000 0.000000 3.000000 70.000000 58.000000 0.000000 10.000000 2.000000
21.270000 3.103240 452.412900 1.000000 5.000000 96.000000 60.000000 4.000000 5.000000 26.000000
56.240000 4.047253 3162.937600 4.000000 8.000000 206.000000 65.000000 2.000000 3.000000 13.000000
59.350000 4.100161 3522.422500 0.000000 8.000000 265.000000 51.000000 4.000000 11.000000 8.000000
67.920000 4.232946 4613.126400 4.000000 4.000000 141.000000 53.000000 3.000000 7.000000 20.000000
90.390000 4.515136 8170.352100 4.000000 4.000000 133.000000 56.000000 4.000000 6.000000 9.000000
69.920000 4.261552 4888.806400 1.000000 6.000000 289.000000 56.000000 1.000000 1.000000 31.000000
63.180000 4.161692 3991.712400 0.000000 1.000000 298.000000 46.000000 5.000000 5.000000 20.000000
206.610000 5.335661 42687.692100 0.000000 5.000000 255.000000 50.000000 3.000000 6.000000 1.000000
68.660000 4.243626 4714.195600 0.000000 5.000000 137.000000 56.000000 1.000000 3.000000 19.000000
33.620000 3.544432 1130.304400 0.000000 2.000000 248.000000 45.000000 0.000000 10.000000 21.000000
45.180000 3.832547 2041.232400 4.000000 3.000000 268.000000 51.000000 3.000000 4.000000 25.000000
370.930000 5.918706 137589.064900 1.000000 3.000000 160.000000 55.000000 4.000000 1.000000 12.000000
115.370000 4.756775 13310.236900 2.000000 8.000000 177.000000 51.000000 2.000000 3.000000 27.000000
45.790000 3.845670 2096.724100 1.000000 5.000000 67.000000 63.000000 0.000000 5.000000 8.000000
58.980000 4.094011 3478.640400 1.000000 1.000000 265.000000 62.000000 1.000000 5.000000 30.000000
26.260000 3.305420 689.587600 1.000000 3.000000 172.000000 47.000000 6.000000 7.000000 2.000000
27.020000 3.332919 730.080400 1.000000 4.000000 189.000000 64.000000 4.000000 9.000000 29.000000
43.710000 3.800197 1910.564100 2.000000 8.000000 185.000000 64.000000 2.000000 8.000000 21.000000
5.000000 1.791759 25.000000 0.000000 5.000000 125.000000 48.000000 6.000000 4.000000 14.000000
72.640000 4.299188 5276.569600 1.000000 0.000000 197.000000 40.000000 2.000000 2.000000 1.000000
236.020000 5.468145 55705.440400 0.000000 1.000000 17.000000 55.000000 6.000000 1.000000 15.000000
46.250000 3.855453 2139.062500 1.000000 5.000000 228.000000 49.000000 0.000000 7.000000 29.000000
57.730000 4.072951 3332.752900 3.000000 2.000000 7.000000 49.000000 4.000000 1.000000 5.000000
49.250000 3.917011 2425.562500 3.000000 8.000000 226.000000 44.000000 3.000000 5.000000 23.000000
164.750000 5.110481 27142.562500 3.000000 3.000000 248.000000 45.000000 3.000000 1.000000 4.000000
44.270000 3.812645 1959.832900 0.000000 8.000000 177.000000 43.000000 2.000000 8.000000 14.000000
148.780000 5.009168 22135.488400 3.000000 5.000000 12.000000 48.000000 5.000000 12.000000 2.000000
73.680000 4.313212 5428.742400 3.000000 1.000000 304.000000 51.000000 0.000000 6.000000 26.000000
203.710000 5.321594 41497.764100 4.000000 5.000000 193.000000 58.000000 5.000000 7.000000 8.000000
44.990000 3.828424 2024.100100 1.000000 3.000000 199.000000 49.000000 1.000000 3.000000 12.000000
30.620000 3.453790 937.584400 2.000000 8.000000 199.000000 52.000000 6.000000 2.000000 4.000000
200.890000 5.307723 40356.792100 2.000000 8.000000 281.000000 57.000000 2.000000 7.000000 10.000000
130.230000 4.876952 16959.852900 0.000000 5.000000 173.000000 50.000000 0.000000 4.000000 29.000000
193.050000 5.268116 37268.302500 2.000000 1.000000 127.000000 44.000000 1.000000 7.000000 25.000000
14.580000 2.745988 212.576400 0.000000 4.000000 52.000000 51.000000 3.000000 5.000000 25.000000
96.040000 4.575123 9223.681600 3.000000 4.000000 129.000000 63.000000 3.000000 4.000000 6.000000
98.960000 4.604770 9793.081600 3.000000 3.000000 335.000000 48.000000 3.000000 6.000000 20.000000
24.830000 3.251537 616.528900 3.000000 0.000000 84.000000 59.000000 0.000000 5.000000 20.000000
78.810000 4.379649 6211.016100 3.000000 0.000000 258.000000 55.000000 0.000000 7.000000 15.000000
366.520000 5.906778 134336.910400 0.000000 8.000000 217.000000 50.000000 2.000000 12.000000 11.000000
51.180000 3.954699 2619.392400 2.000000 0.000000 7.000000 46.000000 3.000000 11.000000 21.000000
296.200000 5.694405 87734.440000 3.000000 8.000000 41.000000 49.000000 0.000000 5.000000 1.000000
155.480000 5.052928 24174.030400 4.000000 8.000000 323.000000 63.000000 3.000000 2.000000 9.000000
21.360000 3.107274 456.249600 2.000000 5.000000 262.000000 62.000000 5.000000 2.000000 10.000000
33.960000 3.554205 1153.281600 4.000000 6.000000 249.000000 48.000000 2.000000 6.000000 19.000000
65.820000 4.202002 4332.272400 1.000000 8.000000 131.000000 59.000000 0.000000 9.000000 30.000000
75.100000 4.332048 5640.010000 1.000000 1.000000 171.000000 48.000000 5.000000 1.000000 28.000000
111.820000 4.725794 12503.712400 2.000000 6.000000 254.000000 47.000000 1.000000 9.000000 12.000000
5.000000 1.791759 25.000000 1.000000 7.000000 179.000000 58.000000 5.000000 5.000000 4.000000
169.300000 5.137562 28662.490000 1.000000 0.000000 136.000000 57.000000 1.000000 10.000000 15.000000
32.530000 3.512441 1058.200900 0.000000 1.000000 72.000000 62.000000 6.000000 8.000000 4.000000
45.830000 3.846524 2100.388900 4.000000 5.000000 174.000000 55.000000 5.000000 8.000000 24.000000
123.020000 4.820443 15133.920400 4.000000 3.000000 232.000000 50.000000 2.000000 11.000000 29.000000
5.000000 1.791759 25.000000 2.000000 3.000000 295.000000 46.000000 1.000000 4.000000 11.000000
161.950000 5.093443 26227.802500 0.000000 6.000000 200.000000 66.000000 4.000000 12.000000 13.000000
73.700000 4.313480 5431.690000 0.000000 7.000000 106.000000 64.000000 0.000000 8.000000 28.000000
97.120000 4.586191 9432.294400 1.000000 2.000000 132.000000 62.000000 3.000000 3.000000 23.000000
19.840000 3.036874 393.625600 2.000000 7.000000 182.000000 64.000000 2.000000 5.000000 29.000000
5.000000 1.791759 25.000000 2.000000 1.000000 238.000000 48.000000 6.000000 7.000000 9.000000
47.960000 3.891004 2300.161600 1.000000 6.000000 137.000000 56.000000 4.000000 7.000000 7.000000
78.770000 4.379147 6204.712900 2.000000 3.000000 317.000000 59.000000 2.000000 10.000000 16.000000
130.820000 4.881437 17113.872400 3.000000 8.000000 11.000000 56.000000 4.000000 6.000000 30.000000
44.390000 3.815292 1970.472100 1.000000 1.000000 45.000000 47.000000 5.000000 7.000000 22.000000
22.340000 3.150169 499.075600 2.000000 5.000000 284.000000 60.000000 5.000000 2.000000 17.000000
5.000000 1.791759 25.000000 1.000000 2.000000 139.000000 55.000000 6.000000 3.000000 3.000000
5.000000 1.791759 25.000000 1.000000 4.000000 256.000000 52.000000 0.000000 11.000000 27.000000
101.030000 4.625267 10207.060900 2.000000 4.000000 130.000000 57.000000 3.000000 6.000000 27.000000
79.940000 4.393708 6390.403600 0.000000 6.000000 133.000000 59.000000 4.000000 3.000000 22.000000
31.170000 3.471034 971.568900 1.000000 7.000000 84.000000 59.000000 2.000000 6.000000 26.000000
16.920000 2.885917 286.286400 1.000000 4.000000 87.000000 62.000000 3.000000 2.000000 8.000000
5.000000 1.791759 25.000000 4.000000 6.000000 74.000000 50.000000 6.000000 11.000000 10.000000
227.130000 5.429916 51588.036900 1.000000 5.000000 170.000000 53.000000 3.000000 12.000000 19.000000
23.370000 3.193353 546.156900 1.000000 2.000000 50.000000 54.000000 3.000000 2.000000 29.000000
39.870000 3.710396 1589.616900 1.000000 0.000000 259.000000 62.000000 4.000000 5.000000 31.000000
142.670000 4.967519 20354.728900 3.000000 2.000000 127.000000 49.000000 6.000000 9.000000 3.000000
237.040000 5.472439 56187.961600 4.000000 8.000000 225.000000 53.000000 0.000000 5.000000 13.000000
51.480000 3.960432 2650.190400 3.000000 4.000000 223.000000 49.000000 3.000000 5.000000 16.000000
70.730000 4.272909 5002.732900 1.000000 2.000000 45.000000 48.000000 2.000000 4.000000 17.000000
116.700000 4.768139 13618.890000 0.000000 1.000000 234.000000 55.000000 2.000000 8.000000 14.000000
73.170000 4.306360 5353.848900 4.000000 3.000000 83.000000 51.000000 3.000000 11.000000 30.000000
173.700000 5.163070 30171.690000 0.000000 8.000000 334.000000 46.000000 3.000000 1.000000 18.000000
35.620000 3.600595 1268.784400 1.000000 5.000000 69.000000 56.000000 0.000000 7.000000 22.000000
105.370000 4.666924 11102.836900 1.000000 3.000000 258.000000 56.000000 2.000000 12.000000 4.000000
29.710000 3.424588 882.684100 4.000000 8.000000 51.000000 51.000000 2.000000 3.000000 15.000000
109.200000 4.702297 11924.640000 1.000000 2.000000 121.000000 60.000000 6.000000 6.000000 4.000000
48.100000 3.893859 2313.610000 3.000000 5.000000 109.000000 59.000000 3.000000 3.000000 28.000000
143.090000 4.970438 20474.748100 3.000000 0.000000 247.000000 49.000000 4.000000 10.000000 20.000000
74.250000 4.320816 5513.062500 1.000000 5.000000 7.000000 49.000000 2.000000 4.000000 12.000000
81.490000 4.412677 6640.620100 1.000000 3.000000 277.000000 53.000000 0.000000 11.000000 4.000000
27.970000 3.366261 782.320900 0.000000 0.000000 4.000000 48.000000 6.000000 4.000000 14.000000
31.970000 3.495598 1022.080900 3.000000 7.000000 60.000000 59.000000 3.000000 12.000000 12.000000
28.800000 3.394508 829.440000 4.000000 3.000000 49.000000 39.000000 4.000000 8.000000 25.000000
88.900000 4.498698 7903.210000 1.000000 2.000000 226.000000 51.000000 1.000000 7.000000 16.000000
54.890000 4.023385 3012.912100 4.000000 5.000000 276.000000 53.000000 0.000000 1.000000 2.000000
9.720000 2.372111 94.478400 3.000000 2.000000 74.000000 58.000000 0.000000 11.000000 6.000000
255.110000 5.545607 65081.112100 4.000000 5.000000 286.000000 51.000000 0.000000 10.000000 7.000000
122.490000 4.816160 15003.800100 2.000000 4.000000 154.000000 62.000000 0.000000 11.000000 27.000000
7.560000 2.147100 57.153600 3.000000 0.000000 188.000000 58.000000 3.000000 12.000000 12.000000
5.000000 1.791759 25.000000 0.000000 8.000000 80.000000 58.000000 0.000000 8.000000 21.000000
52.770000 3.984716 2784.672900 2.000000 5.000000 106.000000 70.000000 6.000000 10.000000 8.000000
35.350000 3.593194 1249.622500 0.000000 5.000000 253.000000 38.000000 0.000000 9.000000 18.000000
112.520000 4.731979 12660.750400 2.000000 1.000000 327.000000 57.000000 3.000000 11.000000 28.000000
48.820000 3.908417 2383.392400 0.000000 3.000000 212.000000 68.000000 2.000000 1.000000 4.000000
195.220000 5.279236 38110.848400 3.000000 5.000000 272.000000 58.000000 1.000000 10.000000 22.000000
274.580000 5.618878 75394.176400 2.000000 5.000000 29.000000 49.000000 1.000000 5.000000 7.000000
6.490000 2.013569 42.120100 3.000000 7.000000 216.000000 68.000000 0.000000 10.000000 2.000000
146.250000 4.992132 21389.062500 2.000000 5.000000 313.000000 63.000000 0.000000 4.000000 22.000000
192.430000 5.264916 37029.304900 2.000000 7.000000 218.000000 53.000000 4.000000 7.000000 14.000000
26.480000 3.313458 701.190400 1.000000 8.000000 65.000000 51.000000 5.000000 4.000000 8.000000
23.560000 3.201119 555.073600 0.000000 2.000000 64.000000 49.000000 1.000000 12.000000 31.000000
46.910000 3.869324 2200.548100 4.000000 8.000000 71.000000 62.000000 5.000000 12.000000 2.000000
111.330000 4.721441 12394.368900 0.000000 5.000000 5.000000 49.000000 3.000000 9.000000 21.000000
16.220000 2.846071 263.088400 0.000000 7.000000 191.000000 59.000000 4.000000 5.000000 31.000000
41.510000 3.749739 1723.080100 1.000000 0.000000 129.000000 51.000000 3.000000 1.000000 12.000000
153.780000 5.042005 23648.288400 0.000000 7.000000 326.000000 60.000000 0.000000 10.000000 30.000000
51.440000 3.959670 2646.073600 1.000000 5.000000 269.000000 62.000000 6.000000 11.000000 5.000000
95.570000 4.570268 9133.624900 1.000000 0.000000 4.000000 48.000000 6.000000 12.000000 29.000000
14.920000 2.767576 222.606400 2.000000 5.000000 211.000000 69.000000 0.000000 12.000000 18.000000
48.260000 3.897112 2329.027600 3.000000 6.000000 85.000000 62.000000 0.000000 6.000000 5.000000
304.100000 5.720640 92476.810000 1.000000 6.000000 9.000000 58.000000 0.000000 5.000000 15.000000
52.330000 3.976499 2738.428900 1.000000 6.000000 113.000000 64.000000 1.000000 1.000000 31.000000
32.830000 3.521348 1077.808900 1.000000 3.000000 258.000000 54.000000 2.000000 8.000000 9.000000
64.770000 4.186164 4195.152900 1.000000 1.000000 57.000000 53.000000 5.000000 5.000000 25.000000
49.730000 3.926517 2473.072900 3.000000 1.000000 114.000000 71.000000 1.000000 5.000000 2.000000
68.250000 4.237723 4658.062500 3.000000 3.000000 259.000000 63.000000 3.000000 9.000000 21.000000
191.250000 5.258797 36576.562500 0.000000 2.000000 22.000000 55.000000 3.000000 4.000000 6.000000
5.000000 1.791759 25.000000 2.000000 0.000000 66.000000 58.000000 5.000000 12.000000 21.000000
60.280000 4.115454 3633.678400 2.000000 6.000000 7.000000 49.000000 2.000000 6.000000 7.000000
55.970000 4.042525 3132.640900 0.000000 5.000000 269.000000 56.000000 3.000000 6.000000 13.000000
23.960000 3.217275 574.081600 4.000000 5.000000 112.000000 63.000000 3.000000 9.000000 12.000000
49.760000 3.927109 2476.057600 1.000000 1.000000 156.000000 53.000000 1.000000 1.000000 24.000000
41.140000 3.740997 1692.499600 0.000000 6.000000 115.000000 71.000000 6.000000 6.000000 30.000000
13.190000 2.652537 173.976100 0.000000 5.000000 199.000000 56.000000 0.000000 5.000000 27.000000
23.300000 3.190476 542.890000 3.000000 8.000000 69.000000 62.000000 5.000000 6.000000 17.000000
197.430000 5.290436 38978.604900 3.000000 3.000000 163.000000 48.000000 4.000000 12.000000 8.000000
111.440000 4.722420 12418.873600 4.000000 2.000000 24.000000 56.000000 3.000000 8.000000 24.000000
98.870000 4.603869 9775.276900 2.000000 6.000000 267.000000 56.000000 1.000000 12.000000 24.000000
78.170000 4.371597 6110.548900 1.000000 0.000000 329.000000 50.000000 4.000000 3.000000 8.000000
76.070000 4.344714 5786.644900 3.000000 2.000000 255.000000 49.000000 4.000000 4.000000 28.000000
13.680000 2.686486 187.142400 3.000000 7.000000 229.000000 57.000000 0.000000 7.000000 22.000000
31.180000 3.471345 972.192400 3.000000 1.000000 181.000000 71.000000 5.000000 6.000000 17.000000
67.720000 4.230040 4585.998400 4.000000 6.000000 221.000000 60.000000 2.000000 2.000000 15.000000
109.450000 4.704563 11979.302500 3.000000 8.000000 300.000000 57.000000 4.000000 4.000000 14.000000
12.080000 2.571084 145.926400 3.000000 3.000000 284.000000 60.000000 5.000000 7.000000 20.000000
197.930000 5.292953 39176.284900 3.000000 2.000000 309.000000 63.000000 1.000000 8.000000 15.000000
95.050000 4.564869 9034.502500 3.000000 2.000000 222.000000 54.000000 1.000000 9.000000 10.000000
94.770000 4.561949 8981.352900 1.000000 8.000000 232.000000 54.000000 5.000000 8.000000 3.000000
12.560000 2.607124 157.753600 2.000000 8.000000 240.000000 49.000000 4.000000 12.000000 15.000000
59.500000 4.102643 3540.250000 1.000000 4.000000 268.000000 59.000000 0.000000 9.000000 18.000000
215.660000 5.378329 46509.235600 0.000000 6.000000 99.000000 57.000000 6.000000 6.000000 2.000000
501.530000 6.219655 251532.340900 3.000000 4.000000 154.000000 58.000000 4.000000 3.000000 17.000000
164.750000 5.110481 27142.562500 4.000000 2.000000 222.000000 55.000000 4.000000 4.000000 7.000000
20.920000 3.087399 437.646400 2.000000 2.000000 334.000000 56.000000 4.000000 12.000000 13.000000
23.550000 3.200712 554.602500 2.000000 4.000000 250.000000 46.000000 6.000000 3.000000 19.000000
74.130000 4.319220 5495.256900 0.000000 1.000000 162.000000 51.000000 4.000000 2.000000 23.000000
89.620000 4.506675 8031.744400 0.000000 0.000000 111.000000 59.000000 2.000000 8.000000 9.000000
33.230000 3.533102 1104.232900 1.000000 4.000000 249.000000 43.000000 6.000000 1.000000 14.000000
42.030000 3.761898 1766.520900 1.000000 3.000000 72.000000 63.000000 1.000000 1.000000 31.000000
48.340000 3.898735 2336.755600 2.000000 2.000000 197.000000 44.000000 0.000000 4.000000 1.000000
79.880000 4.392967 6380.814400 2.000000 8.000000 266.000000 63.000000 0.000000 12.000000 9.000000
37.840000 3.659451 1431.865600 2.000000 5.000000 260.000000 56.000000 6.000000 6.000000 25.000000
88.600000 4.495355 7849.960000 4.000000 3.000000 260.000000 51.000000 0.000000 4.000000 22.000000
72.780000 4.301088 5296.928400 4.000000 6.000000 313.000000 56.000000 2.000000 7.000000 17.000000
84.770000 4.451669 7185.952900 0.000000 5.000000 120.000000 67.000000 4.000000 6.000000 21.000000
49.820000 3.928290 2482.032400 4.000000 3.000000 108.000000 71.000000 5.000000 6.000000 15.000000
73.640000 4.312677 5422.849600 2.000000 6.000000 83.000000 56.000000 1.000000 8.000000 29.000000
82.580000 4.425804 6819.456400 3.000000 5.000000 231.000000 57.000000 1.000000 4.000000 4.000000
89.860000 4.509320 8074.819600 3.000000 0.000000 232.000000 60.000000 1.000000 12.000000 10.000000
32.480000 3.510948 1054.950400 0.000000 7.000000 198.000000 55.000000 1.000000 7.000000 18.000000
28.810000 3.394844 830.016100 3.000000 6.000000 76.000000 51.000000 6.000000 11.000000 17.000000
56.700000 4.055257 3214.890000 4.000000 2.000000 83.000000 56.000000 1.000000 7.000000 2.000000
72.980000 4.303795 5326.080400 3.000000 6.000000 11.000000 57.000000 2.000000 7.000000 19.000000
22.310000 3.148882 497.736100 3.000000 0.000000 109.000000 64.000000 6.000000 4.000000 21.000000
39.470000 3.700561 1557.880900 4.000000 1.000000 216.000000 62.000000 3.000000 2.000000 29.000000
13.650000 2.684440 186.322500 0.000000 1.000000 196.000000 39.000000 6.000000 12.000000 8.000000
257.310000 5.554160 66208.436100 2.000000 1.000000 17.000000 44.000000 4.000000 11.000000 15.000000
55.710000 4.037951 3103.604100 0.000000 0.000000 186.000000 67.000000 1.000000 3.000000 28.000000
70.830000 4.274302 5016.888900 2.000000 1.000000 198.000000 67.000000 3.000000 11.000000 14.000000
33.550000 3.542408 1125.602500 4.000000 5.000000 75.000000 51.000000 3.000000 5.000000 16.000000
163.070000 5.100293 26591.824900 4.000000 1.000000 23.000000 55.000000 0.000000 2.000000 27.000000
12.580000 2.608598 158.256400 4.000000 5.000000 77.000000 62.000000 4.000000 6.000000 14.000000
111.490000 4.722864 12430.020100 4.000000 7.000000 168.000000 48.000000 2.000000 5.000000 31.000000
81.860000 4.417152 6701.059600 2.000000 5.000000 226.000000 39.000000 4.000000 7.000000 26.000000
18.920000 2.991724 357.966400 4.000000 3.000000 339.000000 48.000000 4.000000 2.000000 3.000000
29.330000 3.412137 860.248900 4.000000 2.000000 282.000000 59.000000 3.000000 9.000000 14.000000
167.280000 5.125629 27982.598400 3.000000 6.000000 155.000000 66.000000 2.000000 8.000000 21.000000
43.440000 3.794140 1887.033600 1.000000 5.000000 247.000000 52.000000 6.000000 1.000000 22.000000
182.320000 5.211233 33240.582400 1.000000 6.000000 103.000000 60.000000 1.000000 4.000000 9.000000
65.440000 4.196299 4282.393600 2.000000 3.000000 214.000000 68.000000 1.000000 6.000000 4.000000
64.410000 4.180675 4148.648100 4.000000 7.000000 71.000000 63.000000 0.000000 7.000000 29.000000
110.980000 4.718320 12316.560400 2.000000 4.000000 259.000000 64.000000 5.000000 12.000000 9.000000
111.350000 4.721619 12398.822500 3.000000 5.000000 131.000000 57.000000 0.000000 7.000000 15.000000
57.350000 4.066459 3289.022500 4.000000 0.000000 77.000000 61.000000 5.000000 7.000000 13.000000
78.760000 4.379022 6203.137600 2.000000 0.000000 144.000000 68.000000 5.000000 11.000000 25.000000
38.480000 3.675794 1480.710400 0.000000 5.000000 61.000000 50.000000 2.000000 4.000000 19.000000
29.410000 3.414772 864.948100 3.000000 1.000000 270.000000 63.000000 2.000000 3.000000 22.000000
212.760000 5.364854 45266.817600 4.000000 3.000000 99.000000 64.000000 0.000000 9.000000 11.000000
128.770000 4.865764 16581.712900 1.000000 5.000000 157.000000 59.000000 0.000000 9.000000 4.000000
5.000000 1.791759 25.000000 3.000000 4.000000 295.000000 50.000000 2.000000 5.000000 24.000000
100.220000 4.617296 10044.048400 4.000000 6.000000 147.000000 59.000000 0.000000 2.000000 12.000000
36.990000 3.637323 1368.260100 4.000000 5.000000 154.000000 68.000000 3.000000 9.000000 14.000000
186.180000 5.232071 34662.992400 2.000000 6.000000 91.000000 52.000000 2.000000 10.000000 30.000000
49.880000 3.929470 2488.014400 0.000000 7.000000 251.000000 46.000000 0.000000 1.000000 22.000000
71.610000 4.285103 5127.992100 1.000000 1.000000 221.000000 58.000000 6.000000 4.000000 7.000000
22.610000 3.161670 511.212100 4.000000 1.000000 263.000000 56.000000 5.000000 7.000000 6.000000
15.070000 2.776954 227.104900 2.000000 6.000000 69.000000 59.000000 6.000000 4.000000 14.000000
14.010000 2.708717 196.280100 0.000000 1.000000 205.000000 62.000000 2.000000 7.000000 26.000000
240.900000 5.488524 58032.810000 0.000000 7.000000 282.000000 54.000000 0.000000 1.000000 22.000000
5.000000 1.791759 25.000000 4.000000 5.000000 156.000000 62.000000 4.000000 3.000000 31.000000
126.010000 4.844266 15878.520100 4.000000 1.000000 84.000000 64.000000 5.000000 9.000000 21.000000
106.460000 4.677119 11333.731600 0.000000 5.000000 58.000000 51.000000 1.000000 7.000000 23.000000
216.240000 5.381003 46759.737600 4.000000 6.000000 315.000000 52.000000 2.000000 6.000000 5.000000
98.330000 4.598448 9668.788900 3.000000 5.000000 247.000000 48.000000 0.000000 5.000000 29.000000
9.780000 2.377693 95.648400 1.000000 2.000000 250.000000 40.000000 2.000000 9.000000 27.000000
221.040000 5.402858 48858.681600 4.000000 8.000000 23.000000 44.000000 3.000000 12.000000 7.000000
148.420000 5.006761 22028.496400 2.000000 3.000000 41.000000 49.000000 5.000000 5.000000 6.000000
5.000000 1.791759 25.000000 2.000000 3.000000 180.000000 63.000000 5.000000 8.000000 17.000000
35.950000 3.609566 1292.402500 4.000000 6.000000 122.000000 40.000000 0.000000 10.000000 23.000000
81.480000 4.412556 6638.990400 3.000000 4.000000 132.000000 63.000000 3.000000 12.000000 19.000000
26.820000 3.325755 719.312400 2.000000 3.000000 288.000000 59.000000 5.000000 3.000000 9.000000
114.820000 4.752037 13183.632400 1.000000 2.000000 137.000000 63.000000 6.000000 5.000000 19.000000
37.380000 3.647536 1397.264400 0.000000 3.000000 258.000000 51.000000 4.000000 10.000000 27.000000
41.670000 3.753496 1736.388900 2.000000 0.000000 265.000000 63.000000 3.000000 11.000000 28.000000
331.080000 5.805376 109613.966400 0.000000 3.000000 3.000000 41.000000 4.000000 4.000000 7.000000
151.680000 5.028344 23006.822400 2.000000 8.000000 193.000000 54.000000 0.000000 2.000000 20.000000
49.950000 3.930845 2495.002500 3.000000 6.000000 271.000000 62.000000 4.000000 8.000000 2.000000
26.880000 3.327910 722.534400 2.000000 8.000000 324.000000 56.000000 1.000000 5.000000 30.000000
5.000000 1.791759 25.000000 2.000000 5.000000 130.000000 50.000000 5.000000 1.000000 28.000000
70.460000 4.269138 4964.611600 1.000000 3.000000 128.000000 59.000000 5.000000 6.000000 8.000000
224.530000 5.418453 50413.720900 0.000000 2.000000 190.000000 64.000000 2.000000 2.000000 28.000000
170.810000 5.146389 29176.056100 2.000000 4.000000 5.000000 49.000000 0.000000 3.000000 13.000000
96.080000 4.575535 9231.366400 4.000000 7.000000 331.000000 42.000000 0.000000 10.000000 21.000000
18.320000 2.961141 335.622400 3.000000 7.000000 177.000000 46.000000 5.000000 4.000000 8.000000
124.220000 4.830072 15430.608400 3.000000 6.000000 4.000000 37.000000 0.000000 7.000000 29.000000
64.660000 4.184490 4180.915600 2.000000 1.000000 259.000000 59.000000 5.000000 10.000000 5.000000
128.570000 4.864221 16530.244900 3.000000 0.000000 328.000000 64.000000 4.000000 11.000000 17.000000
12.690000 2.616666 161.036100 2.000000 1.000000 269.000000 63.000000 4.000000 5.000000 17.000000
19.320000 3.011606 373.262400 4.000000 5.000000 250.000000 46.000000 0.000000 2.000000 26.000000
70.370000 4.267878 4951.936900 4.000000 5.000000 226.000000 39.000000 2.000000 3.000000 13.000000
122.430000 4.815674 14989.104900 3.000000 7.000000 240.000000 55.000000 6.000000 1.000000 8.000000
285.040000 5.656132 81247.801600 1.000000 0.000000 339.000000 39.000000 0.000000 12.000000 18.000000
94.540000 4.559545 8937.811600 4.000000 5.000000 232.000000 61.000000 6.000000 4.000000 2.000000
60.320000 4.116106 3638.502400 2.000000 5.000000 110.000000 67.000000 1.000000 8.000000 6.000000
28.790000 3.394173 828.864100 3.000000 3.000000 12.000000 44.000000 4.000000 11.000000 22.000000
23.990000 3.218476 575.520100 1.000000 6.000000 155.000000 52.000000 0.000000 4.000000 17.000000
45.640000 3.842459 2083.009600 3.000000 4.000000 248.000000 40.000000 5.000000 8.000000 3.000000
103.820000 4.652245 10778.592400 3.000000 0.000000 313.000000 64.000000 0.000000 5.000000 8.000000
44.120000 3.809326 1946.574400 1.000000 1.000000 193.000000 53.000000 1.000000 8.000000 20.000000
31.470000 3.480317 990.360900 3.000000 1.000000 264.000000 56.000000 5.000000 2.000000 4.000000
5.000000 1.791759 25.000000 4.000000 8.000000 4.000000 35.000000 5.000000 10.000000 7.000000
86.850000 4.475631 7542.922500 4.000000 5.000000 49.000000 44.000000 6.000000 11.000000 10.000000
43.610000 3.797958 1901.832100 3.000000 7.000000 161.000000 49.000000 0.000000 12.000000 11.000000
84.990000 4.454231 7223.300100 4.000000 3.000000 163.000000 43.000000 3.000000 11.000000 16.000000
97.050000 4.585478 9418.702500 0.000000 8.000000 233.000000 61.000000 4.000000 10.000000 25.000000
98.320000 4.598347 9666.822400 0.000000 7.000000 137.000000 56.000000 5.000000 7.000000 22.000000
5.000000 1.791759 25.000000 1.000000 5.000000 77.000000 50.000000 2.000000 7.000000 5.000000
96.390000 4.578724 9291.032100 2.000000 1.000000 136.000000 62.000000 2.000000 3.000000 29.000000
78.330000 4.373616 6135.588900 1.000000 6.000000 266.000000 51.000000 1.000000 5.000000 7.000000
123.880000 4.827353 15346.254400 2.000000 2.000000 131.000000 52.000000 1.000000 6.000000 27.000000
19.940000 3.041661 397.603600 2.000000 6.000000 240.000000 49.000000 4.000000 6.000000 9.000000
183.040000 5.215153 33503.641600 3.000000 4.000000 321.000000 57.000000 1.000000 11.000000 14.000000
365.530000 5.904080 133612.180900 4.000000 5.000000 6.000000 55.000000 3.000000 10.000000 5.000000
68.370000 4.239454 4674.456900 0.000000 5.000000 5.000000 48.000000 6.000000 6.000000 4.000000
102.220000 4.636863 10448.928400 1.000000 4.000000 136.000000 63.000000 3.000000 6.000000 29.000000
41.660000 3.753262 1735.555600 3.000000 8.000000 212.000000 65.000000 2.000000 3.000000 20.000000
106.030000 4.673109 11242.360900 3.000000 8.000000 164.000000 55.000000 1.000000 12.000000 31.000000
42.150000 3.764682 1776.622500 2.000000 0.000000 192.000000 71.000000 1.000000 2.000000 27.000000
102.740000 4.641888 10555.507600 4.000000 0.000000 112.000000 68.000000 6.000000 7.000000 7.000000
64.840000 4.187228 4204.225600 2.000000 5.000000 106.000000 67.000000 6.000000 4.000000 30.000000
43.010000 3.784417 1849.860100 4.000000 5.000000 49.000000 39.000000 0.000000 7.000000 1.000000
37.740000 3.656873 1424.307600 2.000000 7.000000 312.000000 55.000000 4.000000 11.000000 17.000000
84.770000 4.451669 7185.952900 1.000000 3.000000 237.000000 61.000000 6.000000 6.000000 18.000000
129.730000 4.873134 16829.872900 2.000000 6.000000 128.000000 52.000000 5.000000 11.000000 2.000000
46.900000 3.869116 2199.610000 1.000000 2.000000 193.000000 60.000000 3.000000 1.000000 25.000000
43.300000 3.790985 1874.890000 3.000000 5.000000 330.000000 57.000000 5.000000 5.000000 25.000000
57.480000 4.068685 3303.950400 0.000000 5.000000 5.000000 49.000000 6.000000 11.000000 26.000000
194.830000 5.277247 37958.728900 2.000000 5.000000 148.000000 62.000000 1.000000 4.000000 16.000000
16.710000 2.874129 279.224100 3.000000 5.000000 74.000000 62.000000 3.000000 11.000000 7.000000
32.520000 3.512142 1057.550400 2.000000 2.000000 117.000000 71.000000 2.000000 4.000000 26.000000
58.840000 4.091674 3462.145600 1.000000 7.000000 58.000000 50.000000 6.000000 12.000000 8.000000
147.750000 5.002267 21830.062500 4.000000 0.000000 174.000000 60.000000 3.000000 10.000000 12.000000
349.100000 5.858219 121870.810000 3.000000 7.000000 259.000000 49.000000 4.000000 5.000000 5.000000
50.230000 3.936325 2523.052900 1.000000 3.000000 171.000000 36.000000 0.000000 5.000000 15.000000
59.530000 4.103139 3543.820900 3.000000 4.000000 110.000000 70.000000 1.000000 8.000000 27.000000
174.310000 5.166556 30383.976100 0.000000 4.000000 233.000000 55.000000 1.000000 6.000000 27.000000
37.450000 3.649359 1402.502500 0.000000 4.000000 78.000000 59.000000 1.000000 4.000000 18.000000
80.650000 4.402442 6504.422500 0.000000 8.000000 238.000000 57.000000 2.000000 10.000000 9.000000
272.190000 5.610168 74087.396100 2.000000 8.000000 6.000000 59.000000 1.000000 10.000000 10.000000
112.580000 4.732507 12674.256400 1.000000 6.000000 247.000000 53.000000 6.000000 2.000000 11.000000
25.860000 3.290638 668.739600 4.000000 7.000000 50.000000 55.000000 4.000000 5.000000 31.000000
94.760000 4.561845 8979.457600 1.000000 0.000000 323.000000 51.000000 6.000000 11.000000 19.000000
55.490000 4.034064 3079.140100 0.000000 5.000000 12.000000 50.000000 5.000000 1.000000 21.000000
64.680000 4.184794 4183.502400 4.000000 0.000000 132.000000 62.000000 6.000000 6.000000 9.000000
196.140000 5.283914 38470.899600 0.000000 5.000000 192.000000 52.000000 6.000000 3.000000 17.000000
9.930000 2.391511 98.604900 3.000000 1.000000 81.000000 50.000000 4.000000 7.000000 19.000000
87.270000 4.480400 7616.052900 1.000000 5.000000 12.000000 51.000000 4.000000 4.000000 12.000000
24.140000 3.224460 582.739600 2.000000 8.000000 81.000000 62.000000 0.000000 3.000000 6.000000
5.000000 1.791759 25.000000 1.000000 6.000000 75.000000 55.000000 4.000000 9.000000 20.000000
110.190000 4.711240 12141.836100 3.000000 4.000000 1.000000 45.000000 4.000000 8.000000 9.000000
66.580000 4.213312 4432.896400 0.000000 5.000000 242.000000 57.000000 3.000000 1.000000 26.000000
32.240000 3.503754 1039.417600 2.000000 3.000000 83.000000 51.000000 5.000000 4.000000 22.000000
127.030000 4.852265 16136.620900 2.000000 2.000000 137.000000 57.000000 1.000000 4.000000 30.000000
47.310000 3.877639 2238.236100 1.000000 0.000000 69.000000 56.000000 1.000000 11.000000 14.000000
157.430000 5.065313 24784.204900 3.000000 1.000000 40.000000 49.000000 6.000000 4.000000 23.000000
29.990000 3.433665 899.400100 0.000000 6.000000 35.000000 47.000000 5.000000 12.000000 23.000000
200.350000 5.305045 40140.122500 0.000000 6.000000 119.000000 66.000000 5.000000 3.000000 30.000000
11.050000 2.489065 122.102500 2.000000 8.000000 231.000000 49.000000 5.000000 1.000000 21.000000
14.520000 2.742130 210.830400 2.000000 3.000000 204.000000 69.000000 4.000000 12.000000 22.000000
5.000000 1.791759 25.000000 0.000000 4.000000 130.000000 66.000000 5.000000 5.000000 6.000000
26.910000 3.328985 724.148100 3.000000 4.000000 60.000000 47.000000 1.000000 11.000000 7.000000
39.580000 3.703275 1566.576400 4.000000 4.000000 85.000000 62.000000 0.000000 12.000000 9.000000
111.270000 4.720907 12381.012900 1.000000 0.000000 136.000000 64.000000 4.000000 4.000000 5.000000
5.000000 1.791759 25.000000 0.000000 6.000000 235.000000 56.000000 4.000000 6.000000 16.000000
20.740000 3.079154 430.147600 0.000000 5.000000 196.000000 54.000000 0.000000 10.000000 30.000000
48.250000 3.896909 2328.062500 1.000000 4.000000 259.000000 63.000000 3.000000 9.000000 26.000000
45.160000 3.832114 2039.425600 1.000000 0.000000 3.000000 43.000000 3.000000 8.000000 8.000000
24.540000 3.240246 602.211600 3.000000 5.000000 248.000000 51.000000 5.000000 6.000000 8.000000
91.600000 4.528289 8390.560000 1.000000 5.000000 248.000000 45.000000 1.000000 4.000000 25.000000
104.550000 4.659185 10930.702500 4.000000 6.000000 129.000000 57.000000 0.000000 3.000000 4.000000
142.460000 4.966056 20294.851600 1.000000 2.000000 42.000000 54.000000 6.000000 6.000000 23.000000
217.500000 5.386786 47306.250000 0.000000 8.000000 34.000000 52.000000 0.000000 3.000000 13.000000
116.900000 4.769837 13665.610000 3.000000 4.000000 167.000000 51.000000 2.000000 3.000000 20.000000
97.680000 4.591882 9541.382400 2.000000 8.000000 172.000000 41.000000 3.000000 6.000000 1.000000
27.680000 3.356200 766.182400 3.000000 2.000000 62.000000 50.000000 1.000000 4.000000 25.000000
158.650000 5.072984 25169.822500 0.000000 5.000000 16.000000 49.000000 2.000000 3.000000 1.000000
73.690000 4.313346 5430.216100 4.000000 4.000000 138.000000 62.000000 4.000000 9.000000 27.000000
26.170000 3.302113 684.868900 0.000000 3.000000 175.000000 58.000000 2.000000 1.000000 11.000000
190.850000 5.256714 36423.722500 0.000000 1.000000 197.000000 48.000000 0.000000 3.000000 18.000000
167.510000 5.126995 28059.600100 1.000000 0.000000 305.000000 64.000000 5.000000 9.000000 23.000000
27.930000 3.364879 780.084900 0.000000 1.000000 174.000000 52.000000 4.000000 4.000000 28.000000
170.710000 5.145807 29141.904100 3.000000 6.000000 293.000000 54.000000 1.000000 8.000000 22.000000
209.920000 5.351479 44066.406400 1.000000 6.000000 149.000000 59.000000 4.000000 11.000000 24.000000
134.920000 4.912066 18203.406400 3.000000 3.000000 154.000000 62.000000 6.000000 11.000000 5.000000
90.200000 4.513055 8136.040000 4.000000 0.000000 239.000000 54.000000 5.000000 1.000000 6.000000
16.360000 2.854169 267.649600 1.000000 6.000000 89.000000 46.000000 6.000000 6.000000 11.000000
156.300000 5.058155 24429.690000 4.000000 4.000000 40.000000 49.000000 0.000000 6.000000 3.000000
262.510000 5.574091 68911.500100 4.000000 4.000000 255.000000 42.000000 6.000000 8.000000 13.000000
34.930000 3.581573 1220.104900 2.000000 5.000000 269.000000 62.000000 0.000000 8.000000 14.000000
62.690000 4.154028 3930.036100 2.000000 0.000000 137.000000 56.000000 0.000000 6.000000 12.000000
101.760000 4.632396 10355.097600 3.000000 3.000000 233.000000 62.000000 6.000000 1.000000 1.000000
72.780000 4.301088 5296.928400 2.000000 0.000000 131.000000 63.000000 4.000000 3.000000 15.000000
360.490000 5.890234 129953.040100 3.000000 0.000000 37.000000 44.000000 2.000000 3.000000 15.000000
81.460000 4.412313 6635.731600 0.000000 2.000000 312.000000 62.000000 2.000000 3.000000 6.000000
83.080000 4.431769 6902.286400 3.000000 7.000000 167.000000 49.000000 0.000000 11.000000 25.000000
5.000000 1.791759 25.000000 0.000000 7.000000 6.000000 45.000000 6.000000 7.000000 9.000000
27.000000 3.332205 729.000000 4.000000 3.000000 226.000000 39.000000 5.000000 11.000000 11.000000
65.400000 4.195697 4277.160000 0.000000 8.000000 332.000000 50.000000 0.000000 8.000000 5.000000
89.530000 4.505681 8015.620900 0.000000 4.000000 271.000000 62.000000 6.000000 1.000000 15.000000
83.780000 4.440060 7019.088400 4.000000 7.000000 228.000000 49.000000 1.000000 6.000000 4.000000
67.450000 4.226104 4549.502500 0.000000 6.000000 271.000000 51.000000 5.000000 11.000000 11.000000
83.040000 4.431293 6895.641600 3.000000 1.000000 188.000000 64.000000 5.000000 5.000000 6.000000
15.350000 2.794228 235.622500 0.000000 5.000000 270.000000 51.000000 1.000000 7.000000 25.000000
5.000000 1.791759 25.000000 3.000000 5.000000 134.000000 61.000000 6.000000 6.000000 16.000000
76.050000 4.344455 5783.602500 2.000000 4.000000 233.000000 57.000000 6.000000 9.000000 22.000000
180.990000 5.203952 32757.380100 4.000000 4.000000 320.000000 61.000000 1.000000 3.000000 7.000000
5.000000 1.791759 25.000000 2.000000 7.000000 231.000000 48.000000 3.000000 2.000000 23.000000
122.920000 4.819636 15109.326400 3.000000 3.000000 161.000000 53.000000 1.000000 10.000000 1.000000
136.750000 4.925440 18700.562500 3.000000 6.000000 292.000000 58.000000 0.000000 11.000000 27.000000
404.050000 6.004011 163256.402500 3.000000 2.000000 277.000000 57.000000 1.000000 10.000000 3.000000
46.030000 3.850786 2118.760900 1.000000 7.000000 135.000000 51.000000 5.000000 7.000000 6.000000
42.730000 3.778034 1825.852900 2.000000 2.000000 295.000000 47.000000 1.000000 8.000000 13.000000
73.190000 4.306629 5356.776100 3.000000 2.000000 170.000000 55.000000 6.000000 6.000000 30.000000
92.330000 4.536142 8524.828900 4.000000 3.000000 171.000000 41.000000 6.000000 4.000000 7.000000
27.500000 3.349904 756.250000 1.000000 0.000000 172.000000 47.000000 2.000000 6.000000 21.000000
50.100000 3.933784 2510.010000 4.000000 7.000000 254.000000 50.000000 6.000000 1.000000 15.000000
233.690000 5.458265 54611.016100 1.000000 3.000000 23.000000 52.000000 3.000000 4.000000 4.000000
49.430000 3.920586 2443.324900 3.000000 3.000000 135.000000 51.000000 5.000000 10.000000 5.000000
35.710000 3.603049 1275.204100 2.000000 3.000000 187.000000 64.000000 4.000000 8.000000 25.000000
67.220000 4.222738 4518.528400 1.000000 5.000000 159.000000 65.000000 1.000000 3.000000 28.000000
71.790000 4.287579 5153.804100 0.000000 0.000000 291.000000 59.000000 4.000000 3.000000 31.000000
69.090000 4.249780 4773.428100 2.000000 8.000000 4.000000 36.000000 3.000000 4.000000 25.000000
96.130000 4.576050 9240.976900 0.000000 5.000000 107.000000 59.000000 2.000000 3.000000 1.000000
84.450000 4.447931 7131.802500 1.000000 7.000000 127.000000 55.000000 5.000000 7.000000 29.000000
209.660000 5.350245 43957.315600 3.000000 7.000000 36.000000 49.000000 3.000000 4.000000 20.000000
39.780000 3.708192 1582.448400 4.000000 8.000000 330.000000 54.000000 2.000000 10.000000 30.000000
74.150000 4.319486 5498.222500 2.000000 3.000000 117.000000 59.000000 0.000000 4.000000 24.000000
57.450000 4.068172 3300.502500 3.000000 2.000000 23.000000 51.000000 2.000000 8.000000 2.000000
33.400000 3.538057 1115.560000 4.000000 2.000000 202.000000 49.000000 4.000000 3.000000 1.000000
371.970000 5.921498 138361.680900 0.000000 4.000000 28.000000 55.000000 5.000000 9.000000 9.000000
53.960000 4.006606 2911.681600 0.000000 5.000000 167.000000 49.000000 5.000000 5.000000 11.000000
297.950000 5.700276 88774.202500 4.000000 2.000000 284.000000 54.000000 0.000000 6.000000 26.000000
146.010000 4.990501 21318.920100 2.000000 0.000000 317.000000 60.000000 5.000000 7.000000 29.000000
8.620000 2.263844 74.304400 2.000000 3.000000 220.000000 52.000000 1.000000 12.000000 31.000000
29.710000 3.424588 882.684100 0.000000 5.000000 219.000000 60.000000 4.000000 3.000000 8.000000
39.700000 3.706228 1576.090000 0.000000 0.000000 79.000000 63.000000 2.000000 3.000000 13.000000
65.420000 4.195998 4279.776400 4.000000 5.000000 11.000000 51.000000 5.000000 5.000000 11.000000
97.750000 4.592591 9555.062500 2.000000 7.000000 331.000000 54.000000 4.000000 12.000000 27.000000
189.050000 5.247287 35739.902500 1.000000 3.000000 155.000000 59.000000 2.000000 11.000000 27.000000
109.050000 4.700935 11891.902500 2.000000 3.000000 129.000000 57.000000 4.000000 1.000000 20.000000
63.060000 4.159820 3976.563600 0.000000 1.000000 167.000000 43.000000 0.000000 2.000000 20.000000
30.340000 3.444895 920.515600 3.000000 0.000000 0.000000 53.000000 6.000000 12.000000 31.000000
20.650000 3.075005 426.422500 2.000000 1.000000 80.000000 62.000000 5.000000 7.000000 20.000000
158.040000 5.069156 24976.641600 2.000000 7.000000 335.000000 55.000000 5.000000 3.000000 16.000000
149.400000 5.013298 22320.360000 2.000000 6.000000 318.000000 57.000000 1.000000 6.000000 25.000000
284.720000 5.655012 81065.478400 0.000000 7.000000 145.000000 64.000000 6.000000 5.000000 28.000000
117.180000 4.772209 13731.152400 2.000000 8.000000 137.000000 57.000000 2.000000 10.000000 2.000000
124.490000 4.832226 15497.760100 4.000000 4.000000 153.000000 65.000000 4.000000 7.000000 12.000000
66.110000 4.206333 4370.532100 3.000000 1.000000 118.000000 71.000000 0.000000 8.000000 26.000000
149.020000 5.010769 22206.960400 0.000000 6.000000 259.000000 52.000000 1.000000 11.000000 5.000000
101.320000 4.628105 10265.742400 3.000000 2.000000 231.000000 50.000000 4.000000 11.000000 8.000000
96.310000 4.577902 9275.616100 1.000000 3.000000 144.000000 65.000000 6.000000 4.000000 30.000000
68.080000 4.235265 4634.886400 1.000000 7.000000 182.000000 64.000000 6.000000 12.000000 29.000000
163.560000 5.103275 26751.873600 0.000000 3.000000 211.000000 60.000000 3.000000 8.000000 17.000000
123.560000 4.824788 15267.073600 3.000000 1.000000 177.000000 44.000000 6.000000 4.000000 28.000000
5.000000 1.791759 25.000000 3.000000 5.000000 189.000000 69.000000 5.000000 3.000000 4.000000
27.570000 3.352357 760.104900 4.000000 0.000000 131.000000 63.000000 5.000000 9.000000 28.000000
116.600000 4.767289 13595.560000 1.000000 5.000000 138.000000 63.000000 1.000000 12.000000 3.000000
94.960000 4.563931 9017.401600 1.000000 3.000000 126.000000 47.000000 2.000000 9.000000 13.000000
41.390000 3.746912 1713.132100 3.000000 8.000000 78.000000 50.000000 0.000000 9.000000 16.000000
150.810000 5.022630 22743.656100 1.000000 7.000000 332.000000 51.000000 5.000000 10.000000 19.000000
71.340000 4.281377 5089.395600 4.000000 5.000000 62.000000 51.000000 0.000000 5.000000 27.000000
53.870000 4.004967 2901.976900 1.000000 7.000000 76.000000 63.000000 5.000000 3.000000 16.000000
22.390000 3.152309 501.312100 2.000000 5.000000 262.000000 63.000000 6.000000 1.000000 29.000000
65.210000 4.192832 4252.344100 1.000000 3.000000 2.000000 37.000000 5.000000 11.000000 11.000000
43.920000 3.804883 1928.966400 2.000000 5.000000 259.000000 62.000000 4.000000 8.000000 18.000000
102.780000 4.642273 10563.728400 2.000000 0.000000 331.000000 43.000000 1.000000 10.000000 15.000000
309.320000 5.737604 95678.862400 3.000000 8.000000 149.000000 58.000000 2.000000 12.000000 27.000000
170.970000 5.147320 29230.740900 2.000000 0.000000 255.000000 54.000000 2.000000 1.000000 25.000000
5.000000 1.791759 25.000000 1.000000 2.000000 10.000000 41.000000 6.000000 10.000000 22.000000
54.800000 4.021774 3003.040000 4.000000 0.000000 128.000000 62.000000 1.000000 2.000000 6.000000
220.290000 5.399474 48527.684100 1.000000 8.000000 166.000000 50.000000 1.000000 8.000000 27.000000
5.000000 1.791759 25.000000 4.000000 3.000000 77.000000 62.000000 3.000000 5.000000 9.000000
20.000000 3.044522 400.000000 4.000000 3.000000 66.000000 62.000000 0.000000 10.000000 2.000000
64.980000 4.189352 4222.400400 2.000000 6.000000 92.000000 51.000000 5.000000 3.000000 2.000000
44.570000 3.819250 1986.484900 2.000000 7.000000 85.000000 56.000000 4.000000 7.000000 12.000000
33.190000 3.531933 1101.576100 2.000000 2.000000 183.000000 71.000000 4.000000 10.000000 13.000000
112.700000 4.733563 12701.290000 2.000000 1.000000 152.000000 65.000000 3.000000 8.000000 24.000000
90.160000 4.512616 8128.825600 0.000000 5.000000 332.000000 44.000000 2.000000 8.000000 30.000000
64.470000 4.181592 4156.380900 2.000000 3.000000 258.000000 57.000000 1.000000 5.000000 7.000000
132.770000 4.896122 17627.872900 1.000000 1.000000 234.000000 58.000000 1.000000 1.000000 24.000000
168.610000 5.133502 28429.332100 4.000000 5.000000 174.000000 50.000000 5.000000 11.000000 9.000000
141.850000 4.961795 20121.422500 3.000000 6.000000 222.000000 43.000000 0.000000 5.000000 6.000000
63.940000 4.173464 4088.323600 4.000000 0.000000 169.000000 56.000000 0.000000 5.000000 1.000000
128.700000 4.865224 16563.690000 2.000000 7.000000 130.000000 63.000000 2.000000 8.000000 23.000000
134.450000 4.908603 18076.802500 2.000000 3.000000 234.000000 62.000000 3.000000 8.000000 29.000000
43.700000 3.799974 1909.690000 2.000000 3.000000 228.000000 48.000000 4.000000 9.000000 8.000000
18.060000 2.947592 326.163600 2.000000 7.000000 183.000000 67.000000 2.000000 8.000000 21.000000
91.940000 4.531954 8452.963600 1.000000 4.000000 223.000000 43.000000 0.000000 1.000000 2.000000
22.540000 3.158701 508.051600 4.000000 0.000000 69.000000 59.000000 2.000000 4.000000 24.000000
72.890000 4.302578 5312.952100 4.000000 2.000000 87.000000 59.000000 5.000000 3.000000 25.000000
16.440000 2.858766 270.273600 1.000000 6.000000 8.000000 54.000000 6.000000 1.000000 15.000000
260.620000 5.566893 67922.784400 1.000000 0.000000 96.000000 57.000000 4.000000 10.000000 27.000000
127.260000 4.854059 16195.107600 0.000000 4.000000 131.000000 57.000000 6.000000 3.000000 24.000000
107.420000 4.686013 11539.056400 0.000000 5.000000 258.000000 55.000000 1.000000 1.000000 17.000000
39.160000 3.692871 1533.505600 4.000000 0.000000 130.000000 51.000000 2.000000 12.000000 25.000000
157.280000 5.064366 24736.998400 1.000000 7.000000 235.000000 62.000000 2.000000 2.000000 21.000000
173.690000 5.163013 30168.216100 1.000000 0.000000 252.000000 60.000000 6.000000 10.000000 15.000000
279.460000 5.636431 78097.891600 3.000000 7.000000 291.000000 46.000000 6.000000 12.000000 29.000000
33.200000 3.532226 1102.240000 1.000000 6.000000 260.000000 63.000000 3.000000 2.000000 29.000000
78.980000 4.381777 6237.840400 0.000000 7.000000 17.000000 55.000000 3.000000 8.000000 10.000000
227.580000 5.431886 51792.656400 3.000000 5.000000 34.000000 56.000000 4.000000 2.000000 9.000000
27.020000 3.332919 730.080400 2.000000 7.000000 172.000000 36.000000 4.000000 2.000000 24.000000
45.980000 3.849722 2114.160400 2.000000 7.000000 116.000000 71.000000 2.000000 7.000000 26.000000
314.650000 5.754634 99004.622500 2.000000 2.000000 34.000000 44.000000 4.000000 9.000000 29.000000
91.820000 4.530662 8430.912400 3.000000 6.000000 167.000000 49.000000 6.000000 8.000000 25.000000
147.130000 4.998090 21647.236900 3.000000 4.000000 307.000000 63.000000 1.000000 7.000000 4.000000
263.180000 5.576631 69263.712400 1.000000 5.000000 34.000000 59.000000 1.000000 1.000000 30.000000
48.160000 3.895080 2319.385600 1.000000 5.000000 137.000000 56.000000 1.000000 7.000000 9.000000
85.070000 4.455161 7236.904900 4.000000 6.000000 270.000000 51.000000 5.000000 11.000000 25.000000
67.780000 4.230913 4594.128400 3.000000 7.000000 130.000000 56.000000 6.000000 7.000000 14.000000
12.940000 2.634762 167.443600 3.000000 2.000000 214.000000 68.000000 2.000000 7.000000 19.000000
28.100000 3.370738 789.610000 3.000000 5.000000 67.000000 56.000000 0.000000 8.000000 21.000000
35.900000 3.608212 1288.810000 2.000000 3.000000 261.000000 63.000000 6.000000 6.000000 4.000000
78.590000 4.376888 6176.388100 3.000000 5.000000 330.000000 49.000000 1.000000 7.000000 16.000000
165.250000 5.113493 27307.562500 1.000000 2.000000 308.000000 57.000000 3.000000 3.000000 16.000000
134.630000 4.909931 18125.236900 3.000000 1.000000 1.000000 37.000000 3.000000 8.000000 1.000000
61.940000 4.142182 3836.563600 3.000000 0.000000 189.000000 63.000000 4.000000 6.000000 14.000000
51.560000 3.961955 2658.433600 4.000000 3.000000 181.000000 66.000000 0.000000 6.000000 5.000000
63.140000 4.161068 3986.659600 2.000000 0.000000 302.000000 63.000000 6.000000 11.000000 5.000000
5.000000 1.791759 25.000000 2.000000 5.000000 140.000000 60.000000 3.000000 7.000000 18.000000
103.510000 4.649283 10714.320100 0.000000 6.000000 129.000000 52.000000 1.000000 10.000000 22.000000
29.700000 3.424263 882.090000 4.000000 8.000000 163.000000 40.000000 4.000000 5.000000 24.000000
66.680000 4.214791 4446.222400 2.000000 5.000000 58.000000 38.000000 2.000000 4.000000 19.000000
69.660000 4.257880 4852.515600 1.000000 0.000000 130.000000 59.000000 6.000000 2.000000 18.000000
47.850000 3.888754 2289.622500 2.000000 8.000000 71.000000 63.000000 5.000000 12.000000 16.000000
197.080000 5.288671 38840.526400 0.000000 3.000000 155.000000 65.000000 0.000000 11.000000 18.000000
79.200000 4.384524 6272.640000 4.000000 7.000000 52.000000 62.000000 4.000000 9.000000 27.000000
50.640000 3.944297 2564.409600 1.000000 3.000000 65.000000 51.000000 5.000000 12.000000 7.000000
371.110000 5.919190 137722.632100 1.000000 0.000000 91.000000 63.000000 0.000000 1.000000 22.000000
14.090000 2.714032 198.528100 2.000000 8.000000 50.000000 51.000000 6.000000 9.000000 29.000000
183.120000 5.215588 33532.934400 1.000000 8.000000 163.000000 48.000000 5.000000 12.000000 30.000000
76.740000 4.353370 5889.027600 4.000000 2.000000 90.000000 44.000000 6.000000 9.000000 15.000000
61.820000 4.140273 3821.712400 2.000000 5.000000 94.000000 62.000000 1.000000 1.000000 24.000000
265.640000 5.585899 70564.609600 0.000000 1.000000 42.000000 54.000000 5.000000 11.000000 30.000000
194.170000 5.273871 37701.988900 0.000000 5.000000 28.000000 56.000000 5.000000 2.000000 4.000000
170.320000 5.143533 29008.902400 3.000000 7.000000 303.000000 64.000000 5.000000 9.000000 23.000000
60.440000 4.118061 3652.993600 2.000000 3.000000 129.000000 60.000000 1.000000 11.000000 12.000000
48.670000 3.905401 2368.768900 2.000000 2.000000 81.000000 56.000000 0.000000 11.000000 18.000000
358.600000 5.884992 128593.960000 1.000000 2.000000 284.000000 54.000000 5.000000 6.000000 1.000000
176.330000 5.178012 31092.268900 3.000000 4.000000 154.000000 65.000000 0.000000 2.000000 19.000000
41.190000 3.742183 1696.616100 2.000000 4.000000 68.000000 51.000000 0.000000 10.000000 7.000000
54.150000 4.010057 2932.222500 2.000000 7.000000 85.000000 56.000000 2.000000 6.000000 19.000000
288.500000 5.668155 83232.250000 0.000000 6.000000 29.000000 52.000000 6.000000 3.000000 24.000000
5.000000 1.791759 25.000000 4.000000 3.000000 275.000000 59.000000 4.000000 10.000000 20.000000
71.160000 4.278886 5063.745600 2.000000 8.000000 326.000000 63.000000 2.000000 12.000000 20.000000
32.200000 3.502550 1036.840000 3.000000 3.000000 44.000000 48.000000 4.000000 7.000000 28.000000
333.790000 5.813503 111415.764100 1.000000 5.000000 291.000000 51.000000 0.000000 8.000000 14.000000
189.950000 5.252012 36081.002500 3.000000 7.000000 155.000000 66.000000 3.000000 11.000000 16.000000
5.000000 1.791759 25.000000 3.000000 4.000000 208.000000 64.000000 3.000000 1.000000 18.000000
166.950000 5.123666 27872.302500 0.000000 2.000000 235.000000 61.000000 4.000000 5.000000 19.000000
27.240000 3.340739 742.017600 3.000000 3.000000 257.000000 56.000000 2.000000 1.000000 10.000000
5.000000 1.791759 25.000000 0.000000 2.000000 67.000000 50.000000 1.000000 5.000000 2.000000
196.950000 5.288014 38789.302500 3.000000 6.000000 277.000000 54.000000 4.000000 8.000000 18.000000
16.230000 2.846652 263.412900 1.000000 4.000000 72.000000 63.000000 2.000000 1.000000 24.000000
51.990000 3.970103 2702.960100 1.000000 3.000000 131.000000 59.000000 3.000000 11.000000 23.000000
11.700000 2.541602 136.890000 2.000000 2.000000 250.000000 53.000000 5.000000 1.000000 13.000000
54.110000 4.009331 2927.892100 3.000000 0.000000 332.000000 51.000000 4.000000 12.000000 29.000000
46.770000 3.866398 2187.432900 2.000000 5.000000 20.000000 54.000000 5.000000 5.000000 4.000000
185.730000 5.229664 34495.632900 1.000000 5.000000 3.000000 41.000000 4.000000 11.000000 1.000000
44.540000 3.818591 1983.811600 3.000000 3.000000 112.000000 67.000000 2.000000 9.000000 27.000000
11.170000 2.498974 124.768900 0.000000 2.000000 39.000000 58.000000 6.000000 11.000000 5.000000
42.980000 3.783735 1847.280400 4.000000 3.000000 244.000000 60.000000 3.000000 8.000000 15.000000
35.860000 3.607127 1285.939600 1.000000 8.000000 140.000000 49.000000 0.000000 4.000000 8.000000
42.140000 3.764451 1775.779600 2.000000 1.000000 224.000000 54.000000 3.000000 10.000000 31.000000
53.250000 3.993603 2835.562500 1.000000 4.000000 64.000000 60.000000 6.000000 8.000000 4.000000
37.370000 3.647276 1396.516900 2.000000 3.000000 192.000000 64.000000 4.000000 11.000000 17.000000
107.320000 4.685090 11517.582400 1.000000 6.000000 40.000000 56.000000 4.000000 4.000000 14.000000
23.680000 3.205993 560.742400 4.000000 1.000000 30.000000 63.000000 5.000000 10.000000 28.000000
57.600000 4.070735 3317.760000 0.000000 5.000000 224.000000 49.000000 5.000000 11.000000 18.000000
5.000000 1.791759 25.000000 1.000000 5.000000 180.000000 70.000000 5.000000 10.000000 28.000000
80.470000 4.400235 6475.420900 0.000000 4.000000 254.000000 43.000000 5.000000 7.000000 1.000000
41.050000 3.738859 1685.102500 2.000000 6.000000 228.000000 49.000000 2.000000 1.000000 3.000000
23.380000 3.193763 546.624400 2.000000 5.000000 109.000000 70.000000 3.000000 12.000000 26.000000
164.840000 5.111023 27172.225600 3.000000 8.000000 147.000000 66.000000 5.000000 2.000000 10.000000
72.410000 4.296060 5243.208100 0.000000 6.000000 114.000000 64.000000 2.000000 6.000000 5.000000
168.520000 5.132971 28398.990400 2.000000 0.000000 151.000000 66.000000 1.000000 8.000000 8.000000
32.940000 3.524594 1085.043600 3.000000 7.000000 249.000000 43.000000 2.000000 3.000000 29.000000
167.940000 5.129544 28203.843600 1.000000 1.000000 244.000000 58.000000 3.000000 7.000000 18.000000
91.180000 4.523743 8313.792400 1.000000 2.000000 271.000000 56.000000 2.000000 9.000000 25.000000
288.370000 5.667706 83157.256900 1.000000 2.000000 173.000000 53.000000 4.000000 4.000000 26.000000
33.680000 3.546163 1134.342400 2.000000 5.000000 67.000000 63.000000 3.000000 10.000000 31.000000
34.420000 3.567277 1184.736400 2.000000 6.000000 0.000000 48.000000 0.000000 9.000000 18.000000
5.000000 1.791759 25.000000 1.000000 5.000000 260.000000 58.000000 4.000000 2.000000 9.000000
89.070000 4.500587 7933.464900 3.000000 8.000000 226.000000 50.000000 5.000000 6.000000 10.000000
75.810000 4.341335 5747.156100 2.000000 3.000000 131.000000 62.000000 2.000000 10.000000 9.000000
40.470000 3.724970 1637.820900 0.000000 8.000000 72.000000 63.000000 3.000000 4.000000 18.000000
44.060000 3.807995 1941.283600 4.000000 7.000000 49.000000 44.000000 3.000000 5.000000 18.000000
102.800000 4.642466 10567.840000 0.000000 1.000000 170.000000 56.000000 5.000000 5.000000 27.000000
108.370000 4.694737 11744.056900 0.000000 8.000000 335.000000 44.000000 5.000000 10.000000 19.000000
192.850000 5.267085 37191.122500 1.000000 6.000000 127.000000 53.000000 4.000000 9.000000 6.000000
32.600000 3.514526 1062.760000 2.000000 7.000000 126.000000 49.000000 6.000000 3.000000 3.000000
390.690000 5.970471 152638.676100 4.000000 8.000000 14.000000 56.000000 3.000000 2.000000 15.000000
155.540000 5.053312 24192.691600 1.000000 3.000000 144.000000 66.000000 6.000000 6.000000 2.000000
92.650000 4.539564 8584.022500 2.000000 5.000000 224.000000 49.000000 3.000000 7.000000 27.000000
5.000000 1.791759 25.000000 4.000000 8.000000 184.000000 66.000000 2.000000 4.000000 5.000000
21.160000 3.098289 447.745600 2.000000 8.000000 267.000000 63.000000 4.000000 12.000000 29.000000
52.960000 3.988243 2804.761600 1.000000 0.000000 315.000000 51.000000 6.000000 7.000000 23.000000
139.770000 4.947127 19535.652900 3.000000 5.000000 157.000000 59.000000 1.000000 12.000000 10.000000
23.740000 3.208421 563.587600 2.000000 5.000000 10.000000 39.000000 6.000000 11.000000 26.000000
79.110000 4.383401 6258.392100 3.000000 5.000000 133.000000 56.000000 3.000000 3.000000 28.000000
47.910000 3.889982 2295.368100 2.000000 8.000000 78.000000 56.000000 5.000000 5.000000 6.000000
441.870000 6.093276 195249.096900 0.000000 1.000000 289.000000 46.000000 5.000000 12.000000 16.000000
271.220000 5.606611 73560.288400 4.000000 2.000000 282.000000 51.000000 4.000000 11.000000 29.000000
45.790000 3.845670 2096.724100 2.000000 8.000000 271.000000 59.000000 3.000000 7.000000 25.000000
95.440000 4.568921 9108.793600 1.000000 5.000000 255.000000 52.000000 0.000000 12.000000 2.000000
71.260000 4.280271 5077.987600 4.000000 1.000000 75.000000 51.000000 6.000000 5.000000 12.000000
133.530000 4.901787 17830.260900 2.000000 3.000000 194.000000 52.000000 1.000000 9.000000 5.000000
47.890000 3.889573 2293.452100 0.000000 5.000000 332.000000 47.000000 1.000000 10.000000 29.000000
35.120000 3.586847 1233.414400 0.000000 8.000000 265.000000 51.000000 4.000000 4.000000 19.000000
19.640000 3.027231 385.729600 3.000000 6.000000 212.000000 57.000000 0.000000 3.000000 4.000000
25.200000 3.265759 635.040000 2.000000 0.000000 180.000000 65.000000 5.000000 11.000000 25.000000
74.190000 4.320018 5504.156100 4.000000 6.000000 306.000000 56.000000 3.000000 3.000000 2.000000
9.810000 2.380472 96.236100 0.000000 2.000000 248.000000 50.000000 5.000000 6.000000 22.000000
61.460000 4.134526 3777.331600 4.000000 2.000000 136.000000 59.000000 6.000000 8.000000 27.000000
161.270000 5.089262 26008.012900 4.000000 6.000000 148.000000 62.000000 0.000000 5.000000 27.000000
199.350000 5.300066 39740.422500 1.000000 6.000000 150.000000 54.000000 2.000000 3.000000 29.000000
5.000000 1.791759 25.000000 0.000000 3.000000 129.000000 50.000000 3.000000 4.000000 13.000000
452.470000 6.116929 204729.100900 0.000000 3.000000 230.000000 53.000000 5.000000 2.000000 4.000000
54.980000 4.024994 3022.800400 1.000000 2.000000 58.000000 50.000000 3.000000 10.000000 12.000000
70.940000 4.275832 5032.483600 3.000000 7.000000 195.000000 48.000000 5.000000 1.000000 13.000000
99.590000 4.611053 9918.168100 3.000000 6.000000 296.000000 41.000000 4.000000 9.000000 27.000000
44.310000 3.813528 1963.376100 4.000000 5.000000 253.000000 49.000000 1.000000 9.000000 10.000000
37.860000 3.659965 1433.379600 0.000000 5.000000 206.000000 69.000000 6.000000 9.000000 22.000000
10.350000 2.429218 107.122500 2.000000 5.000000 226.000000 44.000000 6.000000 12.000000 10.000000
21.780000 3.125883 474.368400 3.000000 4.000000 72.000000 51.000000 6.000000 10.000000 1.000000
25.990000 3.295466 675.480100 2.000000 8.000000 286.000000 53.000000 3.000000 1.000000 26.000000
216.790000 5.383531 46997.904100 3.000000 4.000000 319.000000 48.000000 4.000000 4.000000 19.000000
100.720000 4.622224 10144.518400 3.000000 6.000000 2.000000 50.000000 0.000000 8.000000 14.000000
18.050000 2.947067 325.802500 1.000000 6.000000 232.000000 49.000000 6.000000 3.000000 31.000000
100.190000 4.617000 10038.036100 4.000000 2.000000 133.000000 63.000000 3.000000 4.000000 20.000000
123.090000 4.821007 15151.148100 1.000000 4.000000 127.000000 52.000000 1.000000 9.000000 26.000000
63.620000 4.168524 4047.504400 2.000000 3.000000 254.000000 43.000000 0.000000 4.000000 10.000000
68.460000 4.240751 4686.771600 0.000000 1.000000 3.000000 45.000000 3.000000 9.000000 12.000000
10.380000 2.431857 107.744400 2.000000 6.000000 71.000000 62.000000 2.000000 7.000000 24.000000
33.160000 3.531055 1099.585600 0.000000 6.000000 240.000000 57.000000 5.000000 6.000000 3.000000
53.970000 4.006788 2912.760900 4.000000 0.000000 264.000000 56.000000 0.000000 6.000000 17.000000
111.390000 4.721975 12407.732100 0.000000 1.000000 130.000000 63.000000 6.000000 9.000000 10.000000
31.780000 3.489819 1009.968400 1.000000 1.000000 81.000000 62.000000 6.000000 8.000000 13.000000
78.130000 4.371092 6104.296900 4.000000 3.000000 265.000000 62.000000 3.000000 12.000000 14.000000
285.260000 5.656900 81373.267600 1.000000 8.000000 41.000000 55.000000 1.000000 4.000000 18.000000
92.780000 4.540952 8608.128400 1.000000 4.000000 268.000000 50.000000 6.000000 8.000000 27.000000
38.940000 3.687378 1516.323600 1.000000 1.000000 162.000000 45.000000 0.000000 3.000000 6.000000
297.380000 5.698368 88434.864400 4.000000 8.000000 23.000000 55.000000 0.000000 1.000000 23.000000
28.820000 3.395179 830.592400 0.000000 3.000000 82.000000 59.000000 4.000000 8.000000 11.000000
10.070000 2.404239 101.404900 3.000000 5.000000 333.000000 54.000000 6.000000 2.000000 18.000000
165.270000 5.113613 27314.172900 2.000000 3.000000 326.000000 63.000000 2.000000 2.000000 21.000000
79.780000 4.391729 6364.848400 1.000000 4.000000 62.000000 50.000000 4.000000 8.000000 11.000000
27.250000 3.341093 742.562500 4.000000 6.000000 131.000000 56.000000 3.000000 5.000000 11.000000
57.620000 4.071076 3320.064400 4.000000 1.000000 128.000000 56.000000 4.000000 9.000000 22.000000
34.520000 3.570096 1191.630400 3.000000 5.000000 133.000000 56.000000 3.000000 6.000000 29.000000
88.510000 4.494350 7834.020100 3.000000 1.000000 12.000000 47.000000 6.000000 6.000000 23.000000
154.910000 5.049279 23997.108100 2.000000 4.000000 42.000000 43.000000 1.000000 2.000000 13.000000
5.000000 1.791759 25.000000 0.000000 6.000000 47.000000 51.000000 2.000000 3.000000 13.000000
142.510000 4.966405 20309.100100 0.000000 0.000000 307.000000 63.000000 1.000000 7.000000 11.000000
36.770000 3.631515 1352.032900 1.000000 0.000000 268.000000 59.000000 4.000000 10.000000 25.000000
10.020000 2.399712 100.400400 1.000000 0.000000 191.000000 71.000000 3.000000 8.000000 22.000000
39.920000 3.711619 1593.606400 1.000000 4.000000 144.000000 57.000000 6.000000 6.000000 30.000000
62.810000 4.155910 3945.096100 0.000000 5.000000 123.000000 48.000000 1.000000 11.000000 7.000000
95.390000 4.568402 9099.252100 0.000000 4.000000 133.000000 56.000000 2.000000 7.000000 10.000000
20.140000 3.051167 405.619600 1.000000 3.000000 270.000000 59.000000 0.000000 4.000000 3.000000
53.740000 4.002595 2887.987600 0.000000 7.000000 266.000000 56.000000 0.000000 2.000000 19.000000
312.190000 5.746810 97462.596100 2.000000 2.000000 103.000000 60.000000 1.000000 3.000000 26.000000
42.450000 3.771611 1802.002500 1.000000 5.000000 75.000000 62.000000 2.000000 6.000000 7.000000
94.410000 4.558183 8913.248100 0.000000 0.000000 215.000000 65.000000 5.000000 11.000000 9.000000
17.220000 2.902520 296.528400 0.000000 6.000000 271.000000 63.000000 4.000000 5.000000 31.000000
214.870000 5.374676 46169.116900 0.000000 0.000000 280.000000 58.000000 3.000000 4.000000 13.000000
70.990000 4.276527 5039.580100 3.000000 2.000000 109.000000 59.000000 3.000000 5.000000 4.000000
147.440000 5.000181 21738.553600 2.000000 5.000000 15.000000 44.000000 6.000000 5.000000 7.000000
128.730000 4.865455 16571.412900 1.000000 0.000000 308.000000 63.000000 3.000000 12.000000 14.000000
118.400000 4.782479 14018.560000 1.000000 1.000000 222.000000 54.000000 3.000000 1.000000 25.000000
162.480000 5.096691 26399.750400 4.000000 7.000000 243.000000 62.000000 5.000000 3.000000 18.000000
76.580000 4.351310 5864.496400 1.000000 5.000000 60.000000 47.000000 0.000000 1.000000 8.000000
109.580000 4.705739 12007.776400 4.000000 7.000000 131.000000 64.000000 3.000000 1.000000 19.000000
148.510000 5.007363 22055.220100 2.000000 3.000000 333.000000 43.000000 5.000000 12.000000 21.000000
5.000000 1.791759 25.000000 3.000000 2.000000 284.000000 56.000000 6.000000 7.000000 30.000000
122.610000 4.817131 15033.212100 4.000000 8.000000 177.000000 39.000000 1.000000 5.000000 16.000000
52.680000 3.983040 2775.182400 2.000000 5.000000 117.000000 64.000000 4.000000 10.000000 11.000000
135.540000 4.916618 18371.091600 3.000000 5.000000 58.000000 51.000000 2.000000 11.000000 8.000000
527.270000 6.269608 278013.652900 0.000000 7.000000 160.000000 54.000000 6.000000 6.000000 2.000000
78.370000 4.374120 6141.856900 3.000000 0.000000 201.000000 49.000000 1.000000 10.000000 24.000000
11.540000 2.528924 133.171600 2.000000 3.000000 131.000000 56.000000 1.000000 6.000000 18.000000
123.720000 4.826071 15306.638400 1.000000 0.000000 106.000000 71.000000 4.000000 4.000000 26.000000
36.830000 3.633102 1356.448900 1.000000 7.000000 71.000000 63.000000 5.000000 8.000000 12.000000
470.670000 6.156280 221530.248900 1.000000 6.000000 291.000000 54.000000 0.000000 9.000000 9.000000
113.580000 4.741273 12900.416400 4.000000 2.000000 248.000000 52.000000 3.000000 7.000000 27.000000
108.400000 4.695011 11750.560000 0.000000 5.000000 300.000000 64.000000 5.000000 11.000000 25.000000
38.650000 3.680091 1493.822500 0.000000 6.000000 256.000000 48.000000 5.000000 7.000000 1.000000
26.240000 3.304686 688.537600 3.000000 1.000000 141.000000 57.000000 5.000000 6.000000 24.000000
82.720000 4.427478 6842.598400 1.000000 6.000000 106.000000 70.000000 2.000000 4.000000 10.000000
80.680000 4.402809 6509.262400 4.000000 1.000000 13.000000 48.000000 0.000000 1.000000 22.000000
6.290000 1.986504 39.564100 4.000000 3.000000 199.000000 48.000000 6.000000 2.000000 26.000000
69.540000 4.256180 4835.811600 0.000000 7.000000 4.000000 48.000000 6.000000 7.000000 2.000000
5.000000 1.791759 25.000000 4.000000 1.000000 107.000000 69.000000 5.000000 2.000000 10.000000
25.520000 3.277899 651.270400 2.000000 0.000000 111.000000 70.000000 2.000000 7.000000 31.000000
20.240000 3.055886 409.657600 3.000000 6.000000 191.000000 59.000000 2.000000 4.000000 19.000000
25.970000 3.294725 674.440900 0.000000 1.000000 190.000000 71.000000 3.000000 5.000000 11.000000
211.550000 5.359177 44753.402500 1.000000 7.000000 293.000000 46.000000 1.000000 10.000000 24.000000
88.350000 4.492561 7805.722500 0.000000 2.000000 128.000000 63.000000 3.000000 6.000000 13.000000
28.750000 3.392829 826.562500 4.000000 4.000000 253.000000 38.000000 3.000000 5.000000 2.000000
5.000000 1.791759 25.000000 1.000000 4.000000 5.000000 41.000000 2.000000 1.000000 11.000000
85.870000 4.464413 7373.656900 4.000000 4.000000 237.000000 57.000000 4.000000 6.000000 9.000000
197.260000 5.289579 38911.507600 4.000000 3.000000 153.000000 59.000000 3.000000 5.000000 11.000000
72.660000 4.299460 5279.475600 4.000000 0.000000 130.000000 63.000000 0.000000 3.000000 13.000000
5.000000 1.791759 25.000000 0.000000 5.000000 286.000000 52.000000 0.000000 12.000000 2.000000
23.670000 3.205588 560.268900 3.000000 1.000000 268.000000 63.000000 6.000000 3.000000 10.000000
63.380000 4.164803 4017.024400 1.000000 5.000000 209.000000 69.000000 5.000000 11.000000 25.000000
147.660000 5.001662 21803.475600 3.000000 6.000000 255.000000 47.000000 0.000000 9.000000 25.000000
5.000000 1.791759 25.000000 3.000000 5.000000 116.000000 70.000000 4.000000 10.000000 13.000000
73.660000 4.312944 5425.795600 1.000000 7.000000 112.000000 71.000000 5.000000 5.000000 13.000000
148.240000 5.005556 21975.097600 2.000000 2.000000 151.000000 62.000000 5.000000 9.000000 30.000000
150.950000 5.023552 22785.902500 0.000000 5.000000 43.000000 52.000000 1.000000 9.000000 10.000000
585.120000 6.373525 342365.414400 4.000000 3.000000 293.000000 58.000000 3.000000 10.000000 12.000000
51.880000 3.968025 2691.534400 4.000000 4.000000 90.000000 50.000000 3.000000 1.000000 26.000000
105.140000 4.664759 11054.419600 3.000000 4.000000 188.000000 72.000000 2.000000 10.000000 23.000000
267.110000 5.591397 71347.752100 0.000000 5.000000 160.000000 43.000000 6.000000 11.000000 24.000000
26.520000 3.314913 703.310400 0.000000 3.000000 7.000000 50.000000 0.000000 10.000000 9.000000
53.480000 3.997834 2860.110400 4.000000 5.000000 214.000000 62.000000 2.000000 7.000000 19.000000
60.610000 4.120824 3673.572100 1.000000 6.000000 104.000000 64.000000 3.000000 1.000000 25.000000
136.500000 4.923624 18632.250000 4.000000 3.000000 328.000000 64.000000 3.000000 2.000000 16.000000
61.450000 4.134366 3776.102500 2.000000 5.000000 237.000000 49.000000 4.000000 12.000000 27.000000
24.480000 3.237894 599.270400 3.000000 4.000000 295.000000 36.000000 1.000000 8.000000 20.000000
5.000000 1.791759 25.000000 0.000000 6.000000 261.000000 61.000000 3.000000 5.000000 16.000000
95.620000 4.570786 9143.184400 3.000000 6.000000 193.000000 48.000000 0.000000 8.000000 28.000000
46.430000 3.859255 2155.744900 3.000000 5.000000 77.000000 51.000000 2.000000 7.000000 31.000000
32.470000 3.510650 1054.300900 0.000000 6.000000 112.000000 70.000000 1.000000 7.000000 11.000000
71.110000 4.278193 5056.632100 1.000000 2.000000 119.000000 71.000000 4.000000 9.000000 29.000000
53.620000 4.000400 2875.104400 0.000000 2.000000 162.000000 51.000000 1.000000 1.000000 16.000000
5.000000 1.791759 25.000000 1.000000 1.000000 232.000000 59.000000 4.000000 5.000000 3.000000
17.480000 2.916689 305.550400 1.000000 1.000000 74.000000 56.000000 1.000000 11.000000 28.000000
353.130000 5.869664 124700.796900 0.000000 0.000000 282.000000 46.000000 6.000000 9.000000 3.000000
36.440000 3.622740 1327.873600 4.000000 8.000000 253.000000 50.000000 6.000000 6.000000 16.000000
60.750000 4.123094 3690.562500 1.000000 1.000000 235.000000 49.000000 2.000000 11.000000 8.000000
85.180000 4.456438 7255.632400 0.000000 3.000000 251.000000 49.000000 1.000000 10.000000 1.000000
209.880000 5.351289 44049.614400 1.000000 1.000000 46.000000 53.000000 2.000000 11.000000 8.000000
5.000000 1.791759 25.000000 0.000000 0.000000 118.000000 58.000000 6.000000 7.000000 28.000000
92.170000 4.534426 8495.308900 1.000000 3.000000 236.000000 60.000000 0.000000 8.000000 5.000000
43.660000 3.799078 1906.195600 2.000000 6.000000 70.000000 63.000000 6.000000 7.000000 14.000000
102.150000 4.636184 10434.622500 0.000000 5.000000 331.000000 48.000000 6.000000 7.000000 16.000000
5.000000 1.791759 25.000000 1.000000 1.000000 33.000000 50.000000 3.000000 5.000000 4.000000
27.820000 3.361070 773.952400 1.000000 2.000000 281.000000 50.000000 5.000000 5.000000 11.000000
52.960000 3.988243 2804.761600 3.000000 3.000000 215.000000 68.000000 6.000000 6.000000 4.000000
245.960000 5.509226 60496.321600 3.000000 8.000000 321.000000 63.000000 2.000000 3.000000 27.000000
65.400000 4.195697 4277.160000 1.000000 0.000000 13.000000 47.000000 3.000000 9.000000 14.000000
340.440000 5.833172 115899.393600 3.000000 5.000000 275.000000 46.000000 0.000000 5.000000 15.000000
187.460000 5.238886 35141.251600 2.000000 5.000000 27.000000 52.000000 5.000000 6.000000 15.000000
40.500000 3.725693 1640.250000 0.000000 8.000000 11.000000 58.000000 5.000000 4.000000 20.000000
44.160000 3.810212 1950.105600 4.000000 1.000000 171.000000 41.000000 6.000000 12.000000 29.000000
60.300000 4.115780 3636.090000 2.000000 6.000000 195.000000 54.000000 3.000000 9.000000 21.000000
31.630000 3.485232 1000.456900 2.000000 5.000000 107.000000 70.000000 6.000000 1.000000 22.000000
206.420000 5.334746 42609.216400 2.000000 1.000000 290.000000 57.000000 3.000000 7.000000 20.000000
23.900000 3.214868 571.210000 4.000000 6.000000 260.000000 59.000000 2.000000 9.000000 6.000000
111.130000 4.719659 12349.876900 3.000000 7.000000 138.000000 51.000000 3.000000 12.000000 14.000000
123.660000 4.825590 15291.795600 3.000000 5.000000 212.000000 66.000000 6.000000 2.000000 12.000000
198.800000 5.297317 39521.440000 2.000000 8.000000 157.000000 61.000000 2.000000 9.000000 13.000000
153.860000 5.042521 23672.899600 4.000000 2.000000 8.000000 54.000000 0.000000 7.000000 3.000000
169.330000 5.137738 28672.648900 1.000000 5.000000 156.000000 62.000000 2.000000 6.000000 21.000000
88.230000 4.491217 7784.532900 0.000000 5.000000 276.000000 45.000000 2.000000 11.000000 15.000000
5.000000 1.791759 25.000000 2.000000 7.000000 235.000000 53.000000 5.000000 9.000000 30.000000
81.480000 4.412556 6638.990400 1.000000 4.000000 232.000000 57.000000 4.000000 3.000000 24.000000
20.430000 3.064792 417.384900 4.000000 1.000000 78.000000 56.000000 6.000000 2.000000 5.000000
55.700000 4.037774 3102.490000 1.000000 1.000000 184.000000 67.000000 6.000000 9.000000 10.000000
20.710000 3.077773 428.904100 0.000000 5.000000 265.000000 62.000000 4.000000 6.000000 16.000000
47.360000 3.878673 2242.969600 3.000000 3.000000 169.000000 51.000000 4.000000 12.000000 13.000000
82.180000 4.421007 6753.552400 2.000000 6.000000 122.000000 45.000000 0.000000 11.000000 27.000000
49.250000 3.917011 2425.562500 2.000000 4.000000 169.000000 59.000000 4.000000 2.000000 16.000000
48.110000 3.894063 2314.572100 0.000000 4.000000 78.000000 63.000000 5.000000 6.000000 3.000000
25.120000 3.262701 631.014400 2.000000 6.000000 12.000000 45.000000 2.000000 4.000000 10.000000
109.270000 4.702932 11939.932900 0.000000 0.000000 161.000000 53.000000 4.000000 3.000000 1.000000
275.690000 5.622898 76004.976100 4.000000 3.000000 277.000000 54.000000 4.000000 11.000000 10.000000
24.400000 3.234749 595.360000 1.000000 7.000000 74.000000 63.000000 4.000000 3.000000 22.000000
14.650000 2.750471 214.622500 4.000000 1.000000 234.000000 57.000000 3.000000 8.000000 3.000000
306.780000 5.729385 94113.968400 4.000000 2.000000 13.000000 52.000000 0.000000 2.000000 12.000000
184.910000 5.225263 34191.708100 2.000000 2.000000 24.000000 55.000000 4.000000 1.000000 27.000000
92.890000 4.542124 8628.552100 0.000000 5.000000 58.000000 50.000000 5.000000 1.000000 7.000000
20.890000 3.086030 436.392100 2.000000 0.000000 116.000000 54.000000 2.000000 9.000000 13.000000
39.650000 3.704999 1572.122500 1.000000 5.000000 133.000000 56.000000 0.000000 5.000000 13.000000
147.900000 5.003275 21874.410000 2.000000 1.000000 291.000000 53.000000 3.000000 5.000000 2.000000
398.670000 5.990639 158937.768900 1.000000 7.000000 156.000000 62.000000 2.000000 12.000000 13.000000
67.820000 4.231494 4599.552400 2.000000 3.000000 112.000000 67.000000 1.000000 8.000000 15.000000
65.010000 4.189806 4226.300100 2.000000 0.000000 298.000000 58.000000 3.000000 6.000000 8.000000
107.140000 4.683427 11478.979600 1.000000 0.000000 32.000000 44.000000 2.000000 5.000000 1.000000
98.330000 4.598448 9668.788900 4.000000 8.000000 152.000000 63.000000 1.000000 4.000000 9.000000
75.020000 4.330996 5628.000400 1.000000 0.000000 130.000000 59.000000 0.000000 12.000000 23.000000
35.420000 3.595118 1254.576400 4.000000 0.000000 136.000000 62.000000 4.000000 10.000000 13.000000
91.200000 4.523960 8317.440000 1.000000 2.000000 320.000000 56.000000 4.000000 5.000000 5.000000
130.350000 4.877866 16991.122500 1.000000 2.000000 28.000000 44.000000 4.000000 10.000000 27.000000
49.020000 3.912423 2402.960400 2.000000 5.000000 248.000000 45.000000 0.000000 8.000000 19.000000
88.150000 4.490320 7770.422500 1.000000 8.000000 5.000000 49.000000 1.000000 5.000000 7.000000
60.520000 4.119362 3662.670400 3.000000 0.000000 267.000000 51.000000 5.000000 2.000000 18.000000
97.470000 4.589752 9500.400900 2.000000 7.000000 331.000000 53.000000 2.000000 5.000000 8.000000
31.380000 3.477541 984.704400 3.000000 3.000000 10.000000 42.000000 2.000000 11.000000 27.000000
109.880000 4.708449 12073.614400 1.000000 7.000000 312.000000 60.000000 1.000000 7.000000 4.000000
69.890000 4.261129 4884.612100 1.000000 5.000000 264.000000 51.000000 4.000000 7.000000 12.000000
94.970000 4.564036 9019.300900 3.000000 3.000000 325.000000 62.000000 6.000000 11.000000 19.000000
40.140000 3.716981 1611.219600 0.000000 5.000000 85.000000 51.000000 3.000000 8.000000 22.000000
46.270000 3.855876 2140.912900 4.000000 7.000000 223.000000 46.000000 0.000000 9.000000 23.000000
65.450000 4.196450 4283.702500 2.000000 1.000000 51.000000 48.000000 5.000000 5.000000 6.000000
159.480000 5.078169 25433.870400 3.000000 5.000000 161.000000 42.000000 2.000000 1.000000 10.000000
74.330000 4.321878 5524.948900 3.000000 0.000000 134.000000 56.000000 3.000000 10.000000 12.000000
5.000000 1.791759 25.000000 0.000000 6.000000 271.000000 61.000000 0.000000 5.000000 20.000000
215.480000 5.377498 46431.630400 4.000000 1.000000 149.000000 59.000000 2.000000 5.000000 1.000000
11.320000 2.511224 128.142400 0.000000 8.000000 83.000000 56.000000 5.000000 10.000000 14.000000
135.570000 4.916837 18379.224900 3.000000 7.000000 133.000000 52.000000 6.000000 5.000000 19.000000
113.170000 4.737689 12807.448900 3.000000 8.000000 7.000000 43.000000 0.000000 1.000000 9.000000
59.410000 4.101155 3529.548100 1.000000 7.000000 161.000000 53.000000 4.000000 2.000000 10.000000
182.660000 5.213086 33364.675600 1.000000 1.000000 63.000000 44.000000 1.000000 1.000000 16.000000
122.310000 4.814702 14959.736100 3.000000 5.000000 317.000000 64.000000 6.000000 8.000000 13.000000
43.790000 3.801985 1917.564100 1.000000 8.000000 4.000000 44.000000 6.000000 8.000000 13.000000
19.190000 3.005187 368.256100 4.000000 1.000000 7.000000 43.000000 0.000000 5.000000 6.000000
65.970000 4.204245 4352.040900 0.000000 3.000000 186.000000 60.000000 5.000000 4.000000 29.000000
35.600000 3.600048 1267.360000 4.000000 5.000000 51.000000 52.000000 1.000000 6.000000 18.000000
36.250000 3.617652 1314.062500 0.000000 8.000000 260.000000 62.000000 4.000000 8.000000 2.000000
5.000000 1.791759 25.000000 1.000000 8.000000 8.000000 54.000000 1.000000 4.000000 4.000000
32.980000 3.525772 1087.680400 4.000000 2.000000 58.000000 46.000000 1.000000 2.000000 13.000000
95.530000 4.569854 9125.980900 3.000000 1.000000 128.000000 56.000000 6.000000 9.000000 8.000000
62.760000 4.155126 3938.817600 0.000000 1.000000 282.000000 59.000000 0.000000 12.000000 2.000000
39.840000 3.709662 1587.225600 2.000000 0.000000 336.000000 46.000000 0.000000 8.000000 21.000000
87.870000 4.487175 7721.136900 4.000000 5.000000 7.000000 49.000000 4.000000 11.000000 22.000000
171.270000 5.149063 29333.412900 1.000000 1.000000 218.000000 58.000000 3.000000 10.000000 24.000000
16.720000 2.874694 279.558400 4.000000 8.000000 239.000000 57.000000 6.000000 6.000000 25.000000
78.950000 4.381401 6233.102500 3.000000 4.000000 119.000000 64.000000 6.000000 1.000000 8.000000
104.580000 4.659469 10936.976400 0.000000 5.000000 146.000000 65.000000 4.000000 7.000000 7.000000
9.800000 2.379546 96.040000 4.000000 5.000000 197.000000 43.000000 1.000000 7.000000 9.000000
198.660000 5.296616 39465.795600 2.000000 5.000000 307.000000 60.000000 4.000000 2.000000 16.000000
57.300000 4.065602 3283.290000 1.000000 2.000000 188.000000 70.000000 4.000000 4.000000 7.000000
64.410000 4.180675 4148.648100 1.000000 1.000000 0.000000 60.000000 1.000000 12.000000 12.000000
132.760000 4.896047 17625.217600 0.000000 8.000000 254.000000 47.000000 4.000000 12.000000 20.000000
68.580000 4.242477 4703.216400 3.000000 3.000000 114.000000 70.000000 3.000000 2.000000 9.000000
5.000000 1.791759 25.000000 3.000000 6.000000 244.000000 56.000000 1.000000 3.000000 21.000000
41.040000 3.738622 1684.281600 2.000000 7.000000 65.000000 56.000000 6.000000 1.000000 28.000000
13.730000 2.689886 188.512900 1.000000 8.000000 250.000000 52.000000 2.000000 11.000000 15.000000
39.670000 3.705491 1573.708900 0.000000 8.000000 189.000000 65.000000 0.000000 4.000000 3.000000
5.000000 1.791759 25.000000 2.000000 8.000000 256.000000 52.000000 5.000000 6.000000 15.000000
13.010000 2.639771 169.260100 0.000000 3.000000 81.000000 62.000000 2.000000 6.000000 14.000000
109.720000 4.707004 12038.478400 1.000000 0.000000 24.000000 49.000000 4.000000 8.000000 2.000000
19.350000 3.013081 374.422500 4.000000 6.000000 153.000000 58.000000 6.000000 7.000000 21.000000
124.410000 4.831588 15477.848100 1.000000 4.000000 4.000000 37.000000 2.000000 1.000000 11.000000
151.950000 5.030111 23088.802500 3.000000 5.000000 44.000000 54.000000 0.000000 11.000000 27.000000
45.120000 3.831247 2035.814400 0.000000 2.000000 306.000000 56.000000 0.000000 1.000000 30.000000
39.920000 3.711619 1593.606400 4.000000 0.000000 104.000000 70.000000 0.000000 11.000000 4.000000
116.860000 4.769497 13656.259600 4.000000 7.000000 305.000000 52.000000 6.000000 2.000000 4.000000
12.720000 2.618855 161.798400 4.000000 1.000000 75.000000 59.000000 4.000000 3.000000 29.000000
42.510000 3.772991 1807.100100 3.000000 8.000000 52.000000 51.000000 0.000000 9.000000 2.000000
89.750000 4.508108 8055.062500 2.000000 3.000000 137.000000 59.000000 2.000000 11.000000 13.000000
141.700000 4.960745 20078.890000 2.000000 6.000000 301.000000 64.000000 3.000000 1.000000 25.000000
35.070000 3.585461 1229.904900 3.000000 8.000000 60.000000 55.000000 5.000000 2.000000 3.000000
72.920000 4.302983 5317.326400 1.000000 7.000000 134.000000 56.000000 6.000000 10.000000 6.000000
129.050000 4.867919 16653.902500 4.000000 1.000000 152.000000 59.000000 0.000000 7.000000 10.000000
269.330000 5.599643 72538.648900 0.000000 7.000000 291.000000 54.000000 4.000000 11.000000 10.000000
333.440000 5.812457 111182.233600 3.000000 2.000000 286.000000 51.000000 3.000000 3.000000 23.000000
49.570000 3.923359 2457.184900 0.000000 5.000000 178.000000 50.000000 3.000000 8.000000 22.000000
68.810000 4.245777 4734.816100 0.000000 2.000000 47.000000 57.000000 0.000000 8.000000 7.000000
218.640000 5.391990 47803.449600 4.000000 6.000000 294.000000 48.000000 0.000000 11.000000 4.000000
90.450000 4.515792 8181.202500 4.000000 5.000000 223.000000 46.000000 3.000000 3.000000 16.000000
78.180000 4.371724 6112.112400 2.000000 0.000000 188.000000 64.000000 5.000000 1.000000 6.000000
155.080000 5.050369 24049.806400 4.000000 0.000000 219.000000 58.000000 2.000000 8.000000 16.000000
35.090000 3.586016 1231.308100 2.000000 4.000000 50.000000 43.000000 1.000000 9.000000 5.000000
108.180000 4.692998 11702.912400 1.000000 5.000000 215.000000 69.000000 0.000000 9.000000 4.000000
147.900000 5.003275 21874.410000 4.000000 8.000000 47.000000 57.000000 3.000000 5.000000 30.000000
45.010000 3.828859 2025.900100 2.000000 2.000000 86.000000 56.000000 4.000000 2.000000 23.000000
47.350000 3.878466 2242.022500 1.000000 7.000000 158.000000 61.000000 5.000000 7.000000 13.000000
454.580000 6.121571 206642.976400 3.000000 3.000000 93.000000 60.000000 4.000000 7.000000 21.000000
58.480000 4.085640 3419.910400 1.000000 5.000000 183.000000 71.000000 0.000000 12.000000 9.000000
242.690000 5.495897 58898.436100 3.000000 3.000000 155.000000 54.000000 0.000000 10.000000 30.000000
32.600000 3.514526 1062.760000 1.000000 0.000000 167.000000 50.000000 2.000000 3.000000 1.000000
82.320000 4.422689 6776.582400 2.000000 4.000000 188.000000 59.000000 1.000000 4.000000 25.000000
41.100000 3.740048 1689.210000 1.000000 7.000000 295.000000 41.000000 6.000000 8.000000 20.000000
71.500000 4.283587 5112.250000 2.000000 6.000000 106.000000 67.000000 3.000000 10.000000 5.000000
117.700000 4.776599 13853.290000 3.000000 5.000000 177.000000 47.000000 0.000000 3.000000 11.000000
169.500000 5.138735 28730.250000 3.000000 0.000000 329.000000 40.000000 5.000000 3.000000 9.000000
92.150000 4.534211 8491.622500 3.000000 5.000000 135.000000 63.000000 0.000000 8.000000 19.000000
66.530000 4.212572 4426.240900 3.000000 6.000000 171.000000 48.000000 6.000000 9.000000 17.000000
232.360000 5.452582 53991.169600 0.000000 1.000000 218.000000 52.000000 3.000000 2.000000 8.000000
135.440000 4.915885 18343.993600 2.000000 0.000000 332.000000 45.000000 1.000000 4.000000 16.000000
73.680000 4.313212 5428.742400 4.000000 4.000000 258.000000 55.000000 4.000000 7.000000 26.000000
43.360000 3.792338 1880.089600 1.000000 7.000000 226.000000 50.000000 2.000000 10.000000 16.000000
30.580000 3.452524 935.136400 4.000000 1.000000 10.000000 45.000000 0.000000 2.000000 26.000000
120.490000 4.799832 14517.840100 4.000000 3.000000 198.000000 56.000000 1.000000 6.000000 11.000000
391.600000 5.972791 153350.560000 2.000000 5.000000 291.000000 51.000000 6.000000 11.000000 10.000000
80.890000 4.405377 6543.192100 1.000000 2.000000 137.000000 62.000000 2.000000 2.000000 8.000000
223.250000 5.412762 49840.562500 4.000000 4.000000 100.000000 57.000000 4.000000 8.000000 30.000000
31.920000 3.494080 1018.886400 4.000000 5.000000 191.000000 64.000000 2.000000 12.000000 13.000000
56.390000 4.049870 3179.832100 2.000000 6.000000 339.000000 52.000000 2.000000 1.000000 11.000000
32.030000 3.497416 1025.920900 4.000000 6.000000 38.000000 52.000000 3.000000 8.000000 22.000000
54.680000 4.019621 2989.902400 1.000000 3.000000 178.000000 57.000000 6.000000 5.000000 28.000000
82.390000 4.423528 6788.112100 1.000000 2.000000 223.000000 49.000000 1.000000 8.000000 6.000000
48.390000 3.899748 2341.592100 4.000000 1.000000 12.000000 49.000000 4.000000 11.000000 3.000000
61.610000 4.136925 3795.792100 1.000000 2.000000 249.000000 55.000000 2.000000 10.000000 30.000000
83.960000 4.442181 7049.281600 3.000000 8.000000 138.000000 62.000000 3.000000 5.000000 2.000000
110.470000 4.713755 12203.620900 4.000000 6.000000 130.000000 52.000000 2.000000 12.000000 13.000000
32.610000 3.514824 1063.412100 0.000000 5.000000 256.000000 60.000000 3.000000 11.000000 21.000000
20.700000 3.077312 428.490000 1.000000 0.000000 84.000000 56.000000 1.000000 2.000000 20.000000
5.000000 1.791759 25.000000 4.000000 0.000000 181.000000 66.000000 5.000000 12.000000 23.000000
57.510000 4.069198 3307.400100 3.000000 4.000000 215.000000 66.000000 5.000000 9.000000 21.000000
72.060000 4.291281 5192.643600 1.000000 2.000000 80.000000 51.000000 6.000000 7.000000 28.000000
95.330000 4.567780 9087.808900 4.000000 1.000000 301.000000 62.000000 1.000000 8.000000 6.000000
134.930000 4.912140 18206.104900 4.000000 2.000000 325.000000 64.000000 2.000000 9.000000 20.000000
119.290000 4.789905 14230.104100 4.000000 0.000000 332.000000 48.000000 6.000000 5.000000 12.000000
49.880000 3.929470 2488.014400 3.000000 8.000000 72.000000 59.000000 1.000000 8.000000 6.000000
34.460000 3.568405 1187.491600 1.000000 3.000000 299.000000 61.000000 5.000000 1.000000 28.000000
22.750000 3.167583 517.562500 4.000000 5.000000 66.000000 62.000000 3.000000 7.000000 11.000000
20.720000 3.078233 429.318400 2.000000 1.000000 82.000000 62.000000 1.000000 12.000000 24.000000
7.950000 2.191654 63.202500 1.000000 5.000000 115.000000 58.000000 0.000000 10.000000 30.000000
10.650000 2.455306 113.422500 2.000000 7.000000 329.000000 51.000000 5.000000 5.000000 4.000000
82.280000 4.422208 6769.998400 1.000000 0.000000 211.000000 65.000000 4.000000 6.000000 14.000000
67.190000 4.222298 4514.496100 1.000000 4.000000 10.000000 34.000000 4.000000 3.000000 22.000000
138.370000 4.937132 19146.256900 1.000000 6.000000 31.000000 44.000000 1.000000 4.000000 25.000000
98.650000 4.601664 9731.822500 1.000000 6.000000 87.000000 63.000000 3.000000 9.000000 5.000000
91.590000 4.528181 8388.728100 3.000000 2.000000 246.000000 52.000000 6.000000 6.000000 2.000000
5.000000 1.791759 25.000000 4.000000 7.000000 65.000000 62.000000 1.000000 12.000000 3.000000
5.000000 1.791759 25.000000 1.000000 4.000000 156.000000 56.000000 4.000000 1.000000 19.000000
28.550000 3.386084 815.102500 2.000000 3.000000 73.000000 62.000000 2.000000 11.000000 1.000000
121.890000 4.811290 14857.172100 3.000000 6.000000 258.000000 55.000000 2.000000 3.000000 29.000000
76.510000 4.350407 5853.780100 1.000000 2.000000 138.000000 62.000000 2.000000 8.000000 14.000000
98.160000 4.596735 9635.385600 1.000000 3.000000 55.000000 51.000000 3.000000 11.000000 2.000000
77.770000 4.366532 6048.172900 4.000000 5.000000 33.000000 54.000000 4.000000 6.000000 28.000000
267.650000 5.593409 71636.522500 1.000000 0.000000 39.000000 49.000000 0.000000 12.000000 25.000000
254.550000 5.543418 64795.702500 2.000000 6.000000 155.000000 65.000000 2.000000 7.000000 10.000000
108.080000 4.692082 11681.286400 3.000000 0.000000 254.000000 51.000000 6.000000 10.000000 27.000000
8.900000 2.292535 79.210000 1.000000 7.000000 77.000000 50.000000 5.000000 12.000000 16.000000
83.770000 4.439942 7017.412900 3.000000 6.000000 231.000000 54.000000 2.000000 1.000000 31.000000
114.330000 4.747798 13071.348900 0.000000 5.000000 242.000000 61.000000 0.000000 4.000000 22.000000
93.590000 4.549552 8759.088100 1.000000 3.000000 137.000000 51.000000 5.000000 10.000000 12.000000
275.310000 5.621523 75795.596100 4.000000 0.000000 291.000000 46.000000 2.000000 10.000000 4.000000
5.000000 1.791759 25.000000 2.000000 2.000000 211.000000 56.000000 6.000000 2.000000 11.000000
29.860000 3.429461 891.619600 3.000000 7.000000 122.000000 36.000000 4.000000 5.000000 5.000000
139.460000 4.944923 19449.091600 3.000000 5.000000 191.000000 56.000000 6.000000 3.000000 10.000000
32.940000 3.524594 1085.043600 2.000000 5.000000 199.000000 44.000000 0.000000 6.000000 24.000000
76.790000 4.354013 5896.704100 3.000000 4.000000 129.000000 59.000000 3.000000 4.000000 20.000000
41.530000 3.750210 1724.740900 2.000000 1.000000 184.000000 70.000000 0.000000 9.000000 16.000000
25.870000 3.291010 669.256900 3.000000 2.000000 10.000000 42.000000 5.000000 5.000000 20.000000
102.080000 4.635505 10420.326400 2.000000 5.000000 104.000000 68.000000 3.000000 11.000000 21.000000
353.480000 5.870652 124948.110400 1.000000 6.000000 92.000000 60.000000 6.000000 12.000000 1.000000
226.410000 5.426755 51261.488100 2.000000 8.000000 39.000000 52.000000 5.000000 7.000000 15.000000
5.000000 1.791759 25.000000 0.000000 0.000000 182.000000 70.000000 2.000000 7.000000 10.000000
5.000000 1.791759 25.000000 2.000000 2.000000 185.000000 63.000000 2.000000 6.000000 26.000000
86.260000 4.468892 7440.787600 3.000000 5.000000 137.000000 51.000000 3.000000 1.000000 18.000000
124.420000 4.831668 15480.336400 4.000000 6.000000 241.000000 62.000000 6.000000 6.000000 30.000000
48.450000 3.900962 2347.402500 1.000000 2.000000 312.000000 66.000000 3.000000 6.000000 15.000000
126.690000 4.849605 16050.356100 4.000000 0.000000 244.000000 50.000000 5.000000 12.000000 23.000000
73.080000 4.305146 5340.686400 0.000000 3.000000 332.000000 50.000000 0.000000 10.000000 14.000000
5.000000 1.791759 25.000000 4.000000 7.000000 77.000000 61.000000 4.000000 2.000000 24.000000
19.260000 3.008648 370.947600 4.000000 6.000000 84.000000 63.000000 6.000000 6.000000 4.000000
11.530000 2.528126 132.940900 3.000000 2.000000 125.000000 60.000000 0.000000 12.000000 11.000000
97.410000 4.589142 9488.708100 2.000000 0.000000 6.000000 50.000000 4.000000 9.000000 8.000000
43.280000 3.790533 1873.158400 1.000000 3.000000 267.000000 62.000000 3.000000 4.000000 11.000000
5.000000 1.791759 25.000000 0.000000 4.000000 237.000000 53.000000 3.000000 2.000000 2.000000
69.480000 4.255329 4827.470400 3.000000 5.000000 179.000000 71.000000 4.000000 6.000000 23.000000
30.290000 3.443299 917.484100 2.000000 1.000000 114.000000 71.000000 1.000000 8.000000 8.000000
46.740000 3.865770 2184.627600 3.000000 1.000000 228.000000 42.000000 2.000000 7.000000 19.000000
109.970000 4.709260 12093.400900 3.000000 0.000000 132.000000 57.000000 4.000000 10.000000 20.000000
151.230000 5.025393 22870.512900 4.000000 7.000000 292.000000 57.000000 1.000000 6.000000 13.000000
5.000000 1.791759 25.000000 1.000000 6.000000 80.000000 55.000000 2.000000 9.000000 27.000000
164.950000 5.111687 27208.502500 2.000000 5.000000 331.000000 48.000000 3.000000 8.000000 17.000000
93.980000 4.553666 8832.240400 4.000000 5.000000 133.000000 62.000000 6.000000 7.000000 2.000000
48.500000 3.901973 2352.250000 3.000000 7.000000 51.000000 45.000000 4.000000 1.000000 27.000000
176.090000 5.176658 31007.688100 3.000000 6.000000 233.000000 50.000000 2.000000 6.000000 14.000000
139.860000 4.947766 19560.819600 1.000000 8.000000 226.000000 48.000000 0.000000 5.000000 8.000000
199.590000 5.301263 39836.168100 2.000000 5.000000 163.000000 48.000000 4.000000 12.000000 22.000000
5.000000 1.791759 25.000000 2.000000 7.000000 264.000000 61.000000 6.000000 5.000000 14.000000
254.020000 5.541342 64526.160400 4.000000 6.000000 281.000000 54.000000 1.000000 12.000000 19.000000
44.810000 3.824502 2007.936100 4.000000 6.000000 265.000000 63.000000 4.000000 10.000000 25.000000
114.650000 4.750568 13144.622500 1.000000 5.000000 130.000000 52.000000 5.000000 2.000000 10.000000
125.300000 4.838660 15700.090000 3.000000 6.000000 139.000000 64.000000 2.000000 1.000000 31.000000
305.580000 5.725479 93379.136400 0.000000 5.000000 148.000000 62.000000 4.000000 1.000000 12.000000
79.270000 4.385396 6283.732900 3.000000 1.000000 128.000000 63.000000 0.000000 12.000000 2.000000
130.090000 4.875884 16923.408100 1.000000 6.000000 235.000000 58.000000 4.000000 7.000000 14.000000
221.200000 5.403578 48929.440000 2.000000 1.000000 152.000000 66.000000 3.000000 8.000000 15.000000
54.570000 4.017643 2977.884900 4.000000 5.000000 335.000000 54.000000 0.000000 6.000000 12.000000
5.000000 1.791759 25.000000 0.000000 1.000000 237.000000 60.000000 0.000000 6.000000 10.000000
59.150000 4.096841 3498.722500 2.000000 2.000000 190.000000 59.000000 0.000000 1.000000 22.000000
28.030000 3.368330 785.680900 1.000000 7.000000 137.000000 63.000000 2.000000 3.000000 27.000000
94.030000 4.554193 8841.640900 4.000000 8.000000 196.000000 48.000000 6.000000 12.000000 3.000000
14.640000 2.749832 214.329600 0.000000 5.000000 264.000000 56.000000 4.000000 7.000000 12.000000
61.950000 4.142341 3837.802500 2.000000 4.000000 165.000000 40.000000 3.000000 12.000000 5.000000
139.930000 4.948263 19580.404900 2.000000 1.000000 306.000000 57.000000 0.000000 9.000000 9.000000
112.560000 4.732331 12669.753600 0.000000 6.000000 135.000000 57.000000 6.000000 3.000000 26.000000
257.450000 5.554702 66280.502500 4.000000 0.000000 23.000000 56.000000 5.000000 12.000000 21.000000
67.470000 4.226396 4552.200900 0.000000 3.000000 320.000000 63.000000 4.000000 6.000000 23.000000
193.510000 5.270484 37446.120100 3.000000 6.000000 159.000000 54.000000 1.000000 10.000000 15.000000
50.550000 3.942552 2555.302500 2.000000 6.000000 143.000000 58.000000 3.000000 10.000000 31.000000
303.920000 5.720049 92367.366400 0.000000 7.000000 277.000000 51.000000 1.000000 3.000000 14.000000
28.950000 3.399529 838.102500 0.000000 8.000000 70.000000 51.000000 5.000000 8.000000 26.000000
276.730000 5.626649 76579.492900 3.000000 8.000000 41.000000 56.000000 4.000000 5.000000 31.000000
27.830000 3.361417 774.508900 0.000000 5.000000 82.000000 56.000000 1.000000 7.000000 4.000000
65.000000 4.189655 4225.000000 2.000000 5.000000 167.000000 46.000000 1.000000 1.000000 9.000000
80.570000 4.401462 6491.524900 3.000000 8.000000 135.000000 56.000000 3.000000 12.000000 7.000000
62.170000 4.145830 3865.108900 0.000000 3.000000 49.000000 39.000000 4.000000 7.000000 21.000000
142.870000 4.968910 20411.836900 1.000000 4.000000 241.000000 58.000000 3.000000 3.000000 28.000000
73.070000 4.305011 5339.224900 0.000000 0.000000 223.000000 38.000000 1.000000 8.000000 22.000000
118.350000 4.782060 14006.722500 2.000000 7.000000 241.000000 58.000000 4.000000 7.000000 14.000000
46.180000 3.853970 2132.592400 4.000000 3.000000 156.000000 64.000000 1.000000 6.000000 11.000000
150.530000 5.020784 22659.280900 1.000000 7.000000 326.000000 64.000000 0.000000 4.000000 15.000000
105.890000 4.671800 11212.692100 1.000000 2.000000 293.000000 51.000000 5.000000 6.000000 15.000000
52.690000 3.983227 2776.236100 3.000000 3.000000 71.000000 56.000000 1.000000 9.000000 12.000000
213.930000 5.370312 45766.044900 4.000000 8.000000 285.000000 58.000000 6.000000 4.000000 16.000000
47.990000 3.891616 2303.040100 4.000000 6.000000 266.000000 63.000000 5.000000 7.000000 22.000000
27.810000 3.360723 773.396100 4.000000 1.000000 70.000000 59.000000 4.000000 3.000000 24.000000
90.120000 4.512177 8121.614400 3.000000 1.000000 129.000000 51.000000 3.000000 10.000000 26.000000
58.340000 4.083284 3403.555600 2.000000 6.000000 48.000000 50.000000 0.000000 3.000000 11.000000
67.320000 4.224203 4531.982400 2.000000 0.000000 128.000000 62.000000 6.000000 2.000000 25.000000
10.580000 2.449279 111.936400 2.000000 8.000000 8.000000 47.000000 4.000000 10.000000 13.000000
33.190000 3.531933 1101.576100 3.000000 1.000000 336.000000 56.000000 5.000000 2.000000 24.000000
102.250000 4.637153 10455.062500 1.000000 5.000000 322.000000 64.000000 1.000000 1.000000 10.000000
22.080000 3.138966 487.526400 4.000000 8.000000 71.000000 56.000000 6.000000 6.000000 30.000000
5.000000 1.791759 25.000000 3.000000 5.000000 161.000000 44.000000 5.000000 12.000000 23.000000
81.020000 4.406963 6564.240400 0.000000 7.000000 4.000000 41.000000 1.000000 5.000000 7.000000
109.620000 4.706101 12016.544400 3.000000 5.000000 325.000000 64.000000 2.000000 10.000000 25.000000
277.840000 5.630638 77195.065600 1.000000 6.000000 9.000000 59.000000 4.000000 7.000000 12.000000
96.310000 4.577902 9275.616100 3.000000 7.000000 128.000000 59.000000 2.000000 1.000000 25.000000
56.950000 4.059581 3243.302500 4.000000 4.000000 338.000000 46.000000 2.000000 5.000000 3.000000
28.990000 3.400864 840.420100 1.000000 6.000000 81.000000 56.000000 6.000000 8.000000 27.000000
69.370000 4.253767 4812.196900 3.000000 3.000000 132.000000 56.000000 4.000000 8.000000 23.000000
221.870000 5.406589 49226.296900 1.000000 2.000000 170.000000 48.000000 5.000000 4.000000 29.000000
72.720000 4.300274 5288.198400 0.000000 8.000000 226.000000 44.000000 5.000000 10.000000 19.000000
105.850000 4.671426 11204.222500 3.000000 5.000000 258.000000 44.000000 4.000000 9.000000 8.000000
126.710000 4.849762 16055.424100 4.000000 1.000000 313.000000 64.000000 2.000000 5.000000 29.000000
44.230000 3.811761 1956.292900 0.000000 0.000000 129.000000 63.000000 0.000000 11.000000 27.000000
39.670000 3.705491 1573.708900 4.000000 7.000000 253.000000 43.000000 2.000000 8.000000 7.000000
5.000000 1.791759 25.000000 0.000000 4.000000 15.000000 50.000000 2.000000 7.000000 3.000000
146.950000 4.996874 21594.302500 1.000000 6.000000 135.000000 57.000000 4.000000 10.000000 20.000000
52.050000 3.971235 2709.202500 3.000000 4.000000 136.000000 56.000000 1.000000 1.000000 10.000000
79.860000 4.392719 6377.619600 0.000000 5.000000 58.000000 38.000000 4.000000 8.000000 18.000000
201.600000 5.311234 40642.560000 4.000000 6.000000 155.000000 61.000000 6.000000 3.000000 24.000000
27.530000 3.350956 757.900900 3.000000 5.000000 295.000000 41.000000 2.000000 9.000000 27.000000
145.130000 4.984497 21062.716900 1.000000 5.000000 177.000000 50.000000 4.000000 5.000000 10.000000
5.770000 1.912501 33.292900 3.000000 3.000000 213.000000 64.000000 2.000000 12.000000 27.000000
32.500000 3.511545 1056.250000 4.000000 5.000000 17.000000 59.000000 0.000000 10.000000 30.000000
13.890000 2.700690 192.932100 0.000000 6.000000 229.000000 61.000000 0.000000 11.000000 25.000000
17.270000 2.905260 298.252900 1.000000 5.000000 206.000000 62.000000 1.000000 11.000000 5.000000
101.380000 4.628691 10277.904400 3.000000 2.000000 161.000000 50.000000 5.000000 3.000000 23.000000
180.330000 5.200319 32518.908900 1.000000 5.000000 273.000000 46.000000 4.000000 8.000000 4.000000
34.370000 3.565864 1181.296900 4.000000 2.000000 24.000000 48.000000 3.000000 11.000000 28.000000
5.000000 1.791759 25.000000 0.000000 0.000000 80.000000 62.000000 0.000000 7.000000 1.000000
13.260000 2.657458 175.827600 2.000000 0.000000 66.000000 62.000000 1.000000 8.000000 1.000000
86.520000 4.471867 7485.710400 1.000000 7.000000 135.000000 56.000000 2.000000 11.000000 8.000000
22.270000 3.147165 495.952900 3.000000 6.000000 167.000000 46.000000 5.000000 7.000000 15.000000
110.110000 4.710521 12124.212100 2.000000 6.000000 111.000000 63.000000 3.000000 3.000000 2.000000
21.580000 3.117065 465.696400 0.000000 1.000000 258.000000 43.000000 2.000000 5.000000 3.000000
36.250000 3.617652 1314.062500 3.000000 6.000000 187.000000 60.000000 2.000000 6.000000 26.000000
74.440000 4.323338 5541.313600 3.000000 4.000000 134.000000 51.000000 2.000000 5.000000 17.000000
55.420000 4.032824 3071.376400 0.000000 3.000000 79.000000 59.000000 4.000000 4.000000 28.000000
5.000000 1.791759 25.000000 1.000000 3.000000 213.000000 61.000000 6.000000 11.000000 12.000000
33.550000 3.542408 1125.602500 0.000000 8.000000 259.000000 62.000000 5.000000 5.000000 27.000000
5.000000 1.791759 25.000000 3.000000 0.000000 84.000000 58.000000 6.000000 12.000000 15.000000
98.330000 4.598448 9668.788900 3.000000 7.000000 287.000000 60.000000 0.000000 1.000000 29.000000
124.580000 4.832943 15520.176400 3.000000 2.000000 307.000000 63.000000 1.000000 3.000000 26.000000
84.810000 4.452136 7192.736100 1.000000 5.000000 132.000000 56.000000 1.000000 3.000000 21.000000
93.420000 4.547753 8727.296400 3.000000 0.000000 2.000000 37.000000 2.000000 3.000000 15.000000
274.190000 5.617462 75180.156100 1.000000 0.000000 153.000000 62.000000 5.000000 2.000000 3.000000
40.810000 3.733136 1665.456100 3.000000 0.000000 197.000000 40.000000 0.000000 7.000000 10.000000
247.640000 5.516006 61325.569600 4.000000 2.000000 288.000000 51.000000 6.000000 11.000000 10.000000
20.730000 3.078694 429.732900 1.000000 0.000000 108.000000 64.000000 2.000000 11.000000 6.000000
254.550000 5.543418 64795.702500 2.000000 2.000000 33.000000 52.000000 4.000000 12.000000 13.000000
130.800000 4.881286 17108.640000 1.000000 5.000000 246.000000 47.000000 2.000000 10.000000 11.000000
110.200000 4.711330 12144.040000 3.000000 5.000000 195.000000 51.000000 3.000000 10.000000 10.000000
117.790000 4.777357 13874.484100 2.000000 5.000000 145.000000 64.000000 5.000000 12.000000 23.000000
5.000000 1.791759 25.000000 4.000000 6.000000 259.000000 55.000000 1.000000 6.000000 20.000000
130.720000 4.880678 17087.718400 4.000000 5.000000 219.000000 58.000000 1.000000 1.000000 23.000000
96.460000 4.579442 9304.531600 2.000000 5.000000 59.000000 45.000000 6.000000 5.000000 14.000000
20.240000 3.055886 409.657600 0.000000 2.000000 84.000000 59.000000 5.000000 9.000000 16.000000
21.340000 3.106379 455.395600 1.000000 0.000000 274.000000 47.000000 0.000000 10.000000 9.000000
43.000000 3.784190 1849.000000 0.000000 3.000000 130.000000 59.000000 4.000000 9.000000 8.000000
105.900000 4.671894 11214.810000 0.000000 3.000000 131.000000 57.000000 5.000000 2.000000 4.000000
38.000000 3.663562 1444.000000 1.000000 2.000000 71.000000 51.000000 0.000000 3.000000 27.000000
79.400000 4.387014 6304.360000 4.000000 7.000000 48.000000 53.000000 5.000000 11.000000 23.000000
266.710000 5.589904 71134.224100 2.000000 5.000000 23.000000 55.000000 3.000000 9.000000 19.000000
136.450000 4.923260 18618.602500 3.000000 2.000000 63.000000 56.000000 4.000000 2.000000 23.000000
79.500000 4.388257 6320.250000 3.000000 4.000000 303.000000 54.000000 6.000000 8.000000 13.000000
35.720000 3.603322 1275.918400 1.000000 1.000000 58.000000 50.000000 1.000000 8.000000 15.000000
183.550000 5.217920 33690.602500 1.000000 2.000000 16.000000 44.000000 5.000000 12.000000 21.000000
30.140000 3.438493 908.419600 3.000000 8.000000 187.000000 67.000000 6.000000 10.000000 15.000000
101.220000 4.627127 10245.488400 4.000000 7.000000 45.000000 52.000000 3.000000 6.000000 6.000000
153.850000 5.042457 23669.822500 2.000000 6.000000 219.000000 50.000000 5.000000 7.000000 13.000000
157.110000 5.063291 24683.552100 3.000000 5.000000 233.000000 55.000000 2.000000 6.000000 14.000000
26.530000 3.315276 703.840900 4.000000 5.000000 181.000000 71.000000 1.000000 4.000000 30.000000
56.850000 4.057853 3231.922500 2.000000 8.000000 254.000000 38.000000 1.000000 1.000000 31.000000
68.000000 4.234107 4624.000000 3.000000 3.000000 132.000000 56.000000 3.000000 2.000000 1.000000
262.050000 5.572344 68670.202500 4.000000 1.000000 292.000000 54.000000 2.000000 9.000000 6.000000
33.400000 3.538057 1115.560000 3.000000 2.000000 60.000000 59.000000 5.000000 11.000000 23.000000
5.000000 1.791759 25.000000 4.000000 2.000000 325.000000 50.000000 1.000000 9.000000 12.000000
43.640000 3.798630 1904.449600 4.000000 5.000000 178.000000 50.000000 1.000000 6.000000 25.000000
72.430000 4.296333 5246.104900 3.000000 8.000000 333.000000 54.000000 4.000000 3.000000 24.000000
13.470000 2.672078 181.440900 2.000000 3.000000 269.000000 63.000000 5.000000 4.000000 1.000000
231.070000 5.447039 53393.344900 4.000000 3.000000 36.000000 55.000000 0.000000 4.000000 3.000000
336.450000 5.821417 113198.602500 2.000000 0.000000 13.000000 49.000000 5.000000 8.000000 31.000000
65.980000 4.204394 4353.360400 4.000000 5.000000 139.000000 56.000000 4.000000 10.000000 18.000000
5.000000 1.791759 25.000000 3.000000 2.000000 2.000000 47.000000 3.000000 10.000000 31.000000
89.470000 4.505018 8004.880900 2.000000 5.000000 131.000000 62.000000 2.000000 5.000000 22.000000
53.510000 3.998384 2863.320100 0.000000 5.000000 169.000000 47.000000 4.000000 7.000000 7.000000
47.650000 3.884652 2270.522500 2.000000 2.000000 134.000000 59.000000 3.000000 11.000000 7.000000
359.710000 5.888074 129391.284100 4.000000 6.000000 145.000000 65.000000 6.000000 12.000000 17.000000
68.030000 4.234541 4628.080900 0.000000 2.000000 333.000000 47.000000 3.000000 2.000000 29.000000
64.190000 4.177306 4120.356100 2.000000 3.000000 77.000000 51.000000 3.000000 8.000000 29.000000
5.000000 1.791759 25.000000 1.000000 6.000000 117.000000 69.000000 4.000000 3.000000 3.000000
18.030000 2.946017 325.080900 0.000000 8.000000 90.000000 50.000000 0.000000 10.000000 9.000000
535.260000 6.284619 286503.267600 2.000000 2.000000 273.000000 57.000000 4.000000 12.000000 27.000000
33.350000 3.536602 1112.222500 1.000000 2.000000 208.000000 57.000000 6.000000 1.000000 7.000000
37.870000 3.660223 1434.136900 0.000000 5.000000 137.000000 59.000000 3.000000 6.000000 15.000000
123.260000 4.822376 15193.027600 4.000000 0.000000 235.000000 62.000000 3.000000 4.000000 20.000000
481.680000 6.179354 232015.622400 1.000000 8.000000 103.000000 52.000000 5.000000 2.000000 25.000000
120.820000 4.802545 14597.472400 3.000000 5.000000 135.000000 57.000000 2.000000 12.000000 4.000000
61.680000 4.138042 3804.422400 1.000000 8.000000 147.000000 65.000000 3.000000 7.000000 25.000000
5.000000 1.791759 25.000000 3.000000 5.000000 137.000000 50.000000 0.000000 9.000000 9.000000
283.440000 5.650522 80338.233600 4.000000 7.000000 20.000000 52.000000 1.000000 10.000000 29.000000
63.630000 4.168679 4048.776900 0.000000 6.000000 261.000000 59.000000 0.000000 6.000000 24.000000
163.970000 5.105764 26886.160900 0.000000 0.000000 18.000000 55.000000 6.000000 7.000000 21.000000
45.300000 3.835142 2052.090000 0.000000 5.000000 223.000000 49.000000 5.000000 5.000000 18.000000
62.140000 4.145354 3861.379600 4.000000 1.000000 112.000000 64.000000 2.000000 10.000000 30.000000
5.000000 1.791759 25.000000 0.000000 5.000000 70.000000 55.000000 2.000000 8.000000 2.000000
55.870000 4.040768 3121.456900 0.000000 7.000000 153.000000 63.000000 5.000000 7.000000 22.000000
194.330000 5.274690 37764.148900 1.000000 2.000000 324.000000 63.000000 6.000000 10.000000 22.000000
44.180000 3.810655 1951.872400 2.000000 3.000000 35.000000 51.000000 3.000000 10.000000 12.000000
223.740000 5.414944 50059.587600 1.000000 1.000000 93.000000 57.000000 0.000000 11.000000 25.000000
44.400000 3.815512 1971.360000 0.000000 0.000000 254.000000 43.000000 2.000000 6.000000 21.000000
73.760000 4.314283 5440.537600 0.000000 0.000000 10.000000 39.000000 2.000000 6.000000 5.000000
53.710000 4.002047 2884.764100 1.000000 4.000000 248.000000 52.000000 3.000000 11.000000 2.000000
75.410000 4.336114 5686.668100 1.000000 4.000000 201.000000 56.000000 6.000000 12.000000 10.000000
50.910000 3.949511 2591.828100 2.000000 3.000000 206.000000 62.000000 5.000000 1.000000 28.000000
39.870000 3.710396 1589.616900 2.000000 5.000000 90.000000 47.000000 0.000000 12.000000 4.000000
217.330000 5.386008 47232.328900 4.000000 5.000000 19.000000 49.000000 4.000000 3.000000 29.000000
11.610000 2.534490 134.792100 0.000000 6.000000 338.000000 46.000000 6.000000 10.000000 20.000000
227.650000 5.432192 51824.522500 2.000000 6.000000 36.000000 49.000000 5.000000 7.000000 1.000000
5.000000 1.791759 25.000000 1.000000 3.000000 230.000000 64.000000 0.000000 12.000000 16.000000
30.940000 3.463859 957.283600 3.000000 4.000000 220.000000 49.000000 6.000000 6.000000 25.000000
30.630000 3.454106 938.196900 2.000000 4.000000 181.000000 54.000000 2.000000 12.000000 13.000000
130.970000 4.882575 17153.140900 4.000000 2.000000 173.000000 57.000000 0.000000 5.000000 20.000000
259.660000 5.563217 67423.315600 2.000000 8.000000 155.000000 59.000000 2.000000 4.000000 10.000000
5.000000 1.791759 25.000000 3.000000 3.000000 249.000000 53.000000 3.000000 12.000000 28.000000
166.270000 5.119609 27645.712900 4.000000 2.000000 20.000000 56.000000 4.000000 10.000000 25.000000
159.510000 5.078356 25443.440100 3.000000 7.000000 127.000000 44.000000 6.000000 1.000000 8.000000
239.920000 5.484465 57561.606400 1.000000 2.000000 42.000000 51.000000 4.000000 7.000000 21.000000
36.670000 3.628864 1344.688900 4.000000 1.000000 197.000000 46.000000 3.000000 10.000000 19.000000
33.570000 3.542986 1126.944900 1.000000 5.000000 78.000000 59.000000 0.000000 9.000000 9.000000
47.390000 3.879293 2245.812100 1.000000 2.000000 47.000000 60.000000 4.000000 11.000000 1.000000
19.370000 3.014063 375.196900 2.000000 0.000000 187.000000 67.000000 5.000000 1.000000 13.000000
296.150000 5.694237 87704.822500 4.000000 5.000000 193.000000 51.000000 5.000000 1.000000 20.000000
56.100000 4.044804 3147.210000 0.000000 1.000000 226.000000 39.000000 1.000000 6.000000 6.000000
192.370000 5.264605 37006.216900 4.000000 3.000000 4.000000 45.000000 1.000000 11.000000 12.000000
58.130000 4.079738 3379.096900 2.000000 2.000000 225.000000 56.000000 4.000000 1.000000 27.000000
142.590000 4.966962 20331.908100 2.000000 5.000000 36.000000 49.000000 4.000000 3.000000 17.000000
179.550000 5.196008 32238.202500 0.000000 8.000000 237.000000 50.000000 4.000000 3.000000 24.000000
52.660000 3.982668 2773.075600 0.000000 5.000000 18.000000 50.000000 2.000000 1.000000 4.000000
35.440000 3.595667 1255.993600 3.000000 0.000000 141.000000 53.000000 5.000000 4.000000 22.000000
48.070000 3.893248 2310.724900 2.000000 6.000000 4.000000 48.000000 6.000000 7.000000 14.000000
34.480000 3.568969 1188.870400 3.000000 2.000000 108.000000 70.000000 6.000000 12.000000 24.000000
15.810000 2.821974 249.956100 1.000000 1.000000 262.000000 59.000000 3.000000 6.000000 6.000000
69.800000 4.259859 4872.040000 0.000000 7.000000 57.000000 59.000000 6.000000 5.000000 12.000000
65.260000 4.193586 4258.867600 2.000000 5.000000 290.000000 53.000000 1.000000 9.000000 5.000000
36.470000 3.623541 1330.060900 4.000000 6.000000 69.000000 51.000000 6.000000 3.000000 31.000000
145.610000 4.987776 21202.272100 4.000000 2.000000 5.000000 38.000000 5.000000 12.000000 21.000000
94.270000 4.556715 8886.832900 3.000000 6.000000 234.000000 50.000000 5.000000 5.000000 13.000000
86.390000 4.470381 7463.232100 2.000000 1.000000 243.000000 60.000000 1.000000 1.000000 2.000000
216.640000 5.382842 46932.889600 3.000000 1.000000 9.000000 59.000000 0.000000 7.000000 10.000000
158.060000 5.069281 24982.963600 0.000000 6.000000 5.000000 49.000000 3.000000 7.000000 4.000000
92.880000 4.542017 8626.694400 2.000000 1.000000 260.000000 51.000000 1.000000 11.000000 7.000000
21.610000 3.118392 466.992100 2.000000 8.000000 58.000000 50.000000 1.000000 11.000000 5.000000
49.190000 3.915816 2419.656100 0.000000 7.000000 153.000000 57.000000 1.000000 2.000000 7.000000
158.370000 5.071229 25081.056900 3.000000 0.000000 308.000000 60.000000 1.000000 12.000000 17.000000
39.980000 3.713084 1598.400400 4.000000 6.000000 117.000000 71.000000 4.000000 11.000000 24.000000
61.810000 4.140114 3820.476100 0.000000 6.000000 55.000000 50.000000 4.000000 7.000000 28.000000
32.510000 3.511844 1056.900100 4.000000 1.000000 266.000000 56.000000 6.000000 2.000000 4.000000
47.560000 3.882800 2261.953600 3.000000 5.000000 137.000000 59.000000 6.000000 6.000000 9.000000
392.450000 5.974954 154017.002500 2.000000 7.000000 6.000000 59.000000 1.000000 9.000000 19.000000
90.150000 4.512507 8127.022500 3.000000 3.000000 307.000000 56.000000 3.000000 2.000000 1.000000
226.580000 5.427502 51338.496400 1.000000 4.000000 155.000000 59.000000 3.000000 8.000000 31.000000
42.240000 3.766766 1784.217600 1.000000 4.000000 47.000000 52.000000 1.000000 3.000000 28.000000
165.030000 5.112168 27234.900900 4.000000 6.000000 144.000000 65.000000 3.000000 3.000000 28.000000
160.530000 5.084691 25769.880900 0.000000 0.000000 219.000000 55.000000 0.000000 3.000000 18.000000
39.160000 3.692871 1533.505600 1.000000 0.000000 231.000000 57.000000 4.000000 5.000000 12.000000
48.850000 3.909018 2386.322500 1.000000 8.000000 258.000000 43.000000 6.000000 1.000000 14.000000
187.410000 5.238620 35122.508100 1.000000 3.000000 307.000000 60.000000 2.000000 7.000000 31.000000
100.470000 4.619763 10094.220900 3.000000 4.000000 247.000000 49.000000 4.000000 6.000000 7.000000
5.000000 1.791759 25.000000 1.000000 4.000000 229.000000 59.000000 2.000000 8.000000 21.000000
45.220000 3.833413 2044.848400 0.000000 6.000000 50.000000 43.000000 5.000000 12.000000 14.000000
16.460000 2.859913 270.931600 1.000000 0.000000 169.000000 62.000000 3.000000 10.000000 26.000000
73.460000 4.310262 5396.371600 0.000000 2.000000 104.000000 71.000000 4.000000 11.000000 22.000000
67.730000 4.230186 4587.352900 4.000000 1.000000 259.000000 51.000000 6.000000 10.000000 15.000000
40.770000 3.732178 1662.192900 0.000000 0.000000 219.000000 56.000000 4.000000 8.000000 16.000000
121.420000 4.807458 14742.816400 3.000000 8.000000 319.000000 64.000000 5.000000 7.000000 1.000000
46.270000 3.855876 2140.912900 3.000000 0.000000 132.000000 56.000000 3.000000 2.000000 29.000000
29.310000 3.411478 859.076100 3.000000 0.000000 298.000000 57.000000 0.000000 2.000000 27.000000
68.770000 4.245204 4729.312900 0.000000 6.000000 109.000000 67.000000 5.000000 10.000000 14.000000
93.570000 4.549340 8755.344900 2.000000 6.000000 268.000000 51.000000 3.000000 3.000000 2.000000
137.840000 4.933322 18999.865600 0.000000 4.000000 32.000000 52.000000 2.000000 9.000000 27.000000
142.060000 4.963264 20181.043600 1.000000 4.000000 143.000000 65.000000 6.000000 3.000000 17.000000
263.480000 5.577766 69421.710400 2.000000 0.000000 144.000000 59.000000 4.000000 3.000000 1.000000
75.210000 4.333493 5656.544100 2.000000 7.000000 262.000000 51.000000 0.000000 1.000000 8.000000
5.000000 1.791759 25.000000 4.000000 0.000000 303.000000 54.000000 4.000000 6.000000 2.000000
21.600000 3.117950 466.560000 4.000000 5.000000 81.000000 63.000000 0.000000 4.000000 1.000000
185.130000 5.226445 34273.116900 0.000000 2.000000 44.000000 57.000000 0.000000 2.000000 6.000000
106.230000 4.674976 11284.812900 4.000000 5.000000 223.000000 39.000000 0.000000 9.000000 23.000000
95.820000 4.572854 9181.472400 0.000000 5.000000 240.000000 49.000000 2.000000 8.000000 9.000000
255.820000 5.548375 65443.872400 4.000000 8.000000 173.000000 54.000000 1.000000 5.000000 21.000000
35.110000 3.586570 1232.712100 1.000000 5.000000 171.000000 41.000000 5.000000 12.000000 21.000000
62.650000 4.153399 3925.022500 1.000000 6.000000 112.000000 71.000000 3.000000 4.000000 11.000000
24.940000 3.255786 622.003600 1.000000 2.000000 132.000000 51.000000 1.000000 10.000000 15.000000
5.000000 1.791759 25.000000 4.000000 1.000000 187.000000 69.000000 5.000000 10.000000 14.000000
5.000000 1.791759 25.000000 0.000000 3.000000 246.000000 49.000000 4.000000 9.000000 20.000000
97.410000 4.589142 9488.708100 0.000000 1.000000 329.000000 47.000000 2.000000 12.000000 13.000000
26.200000 3.303217 686.440000 4.000000 2.000000 261.000000 59.000000 2.000000 8.000000 23.000000
44.910000 3.826683 2016.908100 3.000000 2.000000 69.000000 56.000000 4.000000 11.000000 15.000000
144.540000 4.980451 20891.811600 4.000000 3.000000 135.000000 57.000000 5.000000 7.000000 22.000000
29.060000 3.403195 844.483600 4.000000 5.000000 220.000000 53.000000 3.000000 2.000000 16.000000
32.950000 3.524889 1085.702500 4.000000 3.000000 89.000000 54.000000 3.000000 4.000000 18.000000
126.170000 4.845525 15918.868900 0.000000 5.000000 57.000000 54.000000 1.000000 4.000000 18.000000
153.090000 5.037537 23436.548100 2.000000 5.000000 17.000000 55.000000 0.000000 7.000000 29.000000
477.780000 6.171241 228273.728400 3.000000 6.000000 15.000000 44.000000 4.000000 7.000000 21.000000
80.020000 4.394696 6403.200400 3.000000 5.000000 134.000000 51.000000 1.000000 1.000000 30.000000
49.610000 3.924149 2461.152100 0.000000 5.000000 159.000000 56.000000 3.000000 6.000000 29.000000
5.000000 1.791759 25.000000 4.000000 2.000000 121.000000 63.000000 6.000000 6.000000 4.000000
82.810000 4.428552 6857.496100 4.000000 6.000000 111.000000 71.000000 3.000000 8.000000 31.000000
49.090000 3.913821 2409.828100 2.000000 1.000000 264.000000 62.000000 5.000000 1.000000 7.000000
35.510000 3.597586 1260.960100 4.000000 8.000000 167.000000 46.000000 6.000000 1.000000 7.000000
46.490000 3.860519 2161.320100 2.000000 6.000000 2.000000 42.000000 4.000000 4.000000 14.000000
158.540000 5.072295 25134.931600 4.000000 4.000000 229.000000 55.000000 3.000000 1.000000 18.000000
65.450000 4.196450 4283.702500 3.000000 4.000000 150.000000 56.000000 1.000000 10.000000 1.000000
64.770000 4.186164 4195.152900 1.000000 2.000000 217.000000 57.000000 2.000000 4.000000 26.000000
40.900000 3.735286 1672.810000 3.000000 5.000000 123.000000 37.000000 1.000000 10.000000 17.000000
59.270000 4.098834 3512.932900 4.000000 2.000000 149.000000 64.000000 1.000000 7.000000 30.000000
50.380000 3.939249 2538.144400 1.000000 1.000000 260.000000 59.000000 4.000000 1.000000 19.000000
102.720000 4.641695 10551.398400 0.000000 4.000000 135.000000 60.000000 5.000000 11.000000 30.000000
156.030000 5.056437 24345.360900 3.000000 4.000000 289.000000 58.000000 6.000000 2.000000 25.000000
23.120000 3.183041 534.534400 0.000000 3.000000 271.000000 63.000000 5.000000 12.000000 23.000000
125.560000 4.840717 15765.313600 3.000000 0.000000 297.000000 49.000000 3.000000 1.000000 4.000000
57.620000 4.071076 3320.064400 0.000000 7.000000 198.000000 63.000000 1.000000 8.000000 20.000000
118.080000 4.779796 13942.886400 4.000000 5.000000 254.000000 47.000000 6.000000 5.000000 19.000000
87.900000 4.487512 7726.410000 0.000000 1.000000 13.000000 48.000000 4.000000 11.000000 3.000000
82.570000 4.425685 6817.804900 3.000000 5.000000 5.000000 48.000000 0.000000 3.000000 27.000000
16.160000 2.842581 261.145600 2.000000 7.000000 69.000000 59.000000 5.000000 7.000000 13.000000
5.000000 1.791759 25.000000 0.000000 3.000000 41.000000 57.000000 5.000000 6.000000 17.000000
179.370000 5.195010 32173.596900 0.000000 4.000000 200.000000 59.000000 5.000000 6.000000 22.000000
47.850000 3.888754 2289.622500 0.000000 5.000000 129.000000 63.000000 1.000000 10.000000 10.000000
6.350000 1.994700 40.322500 0.000000 1.000000 323.000000 50.000000 4.000000 4.000000 12.000000
70.410000 4.268438 4957.568100 1.000000 4.000000 189.000000 59.000000 1.000000 3.000000 26.000000
116.590000 4.767204 13593.228100 3.000000 5.000000 247.000000 53.000000 4.000000 12.000000 29.000000
213.910000 5.370219 45757.488100 4.000000 5.000000 64.000000 52.000000 1.000000 4.000000 18.000000
45.450000 3.838376 2065.702500 2.000000 1.000000 239.000000 60.000000 2.000000 8.000000 30.000000
36.840000 3.633367 1357.185600 3.000000 5.000000 256.000000 56.000000 5.000000 9.000000 28.000000
63.450000 4.165890 4025.902500 4.000000 8.000000 272.000000 53.000000 1.000000 7.000000 30.000000
13.260000 2.657458 175.827600 2.000000 6.000000 271.000000 51.000000 3.000000 5.000000 23.000000
107.860000 4.690063 11633.779600 0.000000 3.000000 58.000000 39.000000 6.000000 4.000000 21.000000
307.260000 5.730944 94408.707600 4.000000 8.000000 284.000000 57.000000 2.000000 6.000000 21.000000
94.920000 4.563515 9009.806400 3.000000 6.000000 4.000000 44.000000 6.000000 12.000000 24.000000
107.180000 4.683797 11487.552400 4.000000 5.000000 197.000000 41.000000 0.000000 4.000000 8.000000
45.730000 3.844386 2091.232900 3.000000 4.000000 108.000000 67.000000 1.000000 12.000000 5.000000
37.790000 3.658162 1428.084100 1.000000 5.000000 79.000000 62.000000 1.000000 7.000000 9.000000
181.740000 5.208064 33029.427600 1.000000 3.000000 177.000000 50.000000 6.000000 8.000000 27.000000
115.870000 4.761062 13425.856900 4.000000 2.000000 324.000000 52.000000 0.000000 10.000000 21.000000
75.750000 4.340553 5738.062500 4.000000 5.000000 128.000000 51.000000 6.000000 10.000000 15.000000
197.100000 5.288772 38848.410000 0.000000 2.000000 235.000000 62.000000 6.000000 3.000000 3.000000
77.940000 4.368688 6074.643600 2.000000 1.000000 241.000000 55.000000 3.000000 8.000000 8.000000
38.290000 3.670970 1466.124100 0.000000 6.000000 82.000000 59.000000 2.000000 10.000000 9.000000
86.610000 4.472895 7501.292100 3.000000 1.000000 233.000000 49.000000 5.000000 11.000000 2.000000
8.170000 2.215937 66.748900 3.000000 7.000000 263.000000 62.000000 2.000000 5.000000 17.000000
81.190000 4.409034 6591.816100 0.000000 1.000000 285.000000 45.000000 4.000000 2.000000 10.000000
87.880000 4.487287 7722.894400 4.000000 0.000000 49.000000 51.000000 3.000000 11.000000 16.000000
46.450000 3.859677 2157.602500 4.000000 2.000000 270.000000 59.000000 0.000000 4.000000 17.000000
47.510000 3.881770 2257.200100 3.000000 3.000000 333.000000 47.000000 1.000000 7.000000 16.000000
112.490000 4.731715 12654.000100 2.000000 1.000000 4.000000 49.000000 6.000000 10.000000 20.000000
65.970000 4.204245 4352.040900 2.000000 8.000000 263.000000 62.000000 0.000000 7.000000 3.000000
271.840000 5.608886 73896.985600 3.000000 0.000000 93.000000 52.000000 6.000000 2.000000 26.000000
125.550000 4.840637 15762.802500 4.000000 3.000000 26.000000 52.000000 1.000000 1.000000 24.000000
10.430000 2.436241 108.784900 2.000000 8.000000 227.000000 49.000000 1.000000 3.000000 28.000000
140.280000 4.950744 19678.478400 0.000000 5.000000 310.000000 64.000000 1.000000 8.000000 27.000000
75.520000 4.337552 5703.270400 0.000000 4.000000 259.000000 62.000000 5.000000 2.000000 10.000000
80.730000 4.403421 6517.332900 3.000000 7.000000 335.000000 43.000000 5.000000 11.000000 18.000000
56.660000 4.054564 3210.355600 0.000000 2.000000 268.000000 62.000000 1.000000 12.000000 26.000000
44.130000 3.809547 1947.456900 4.000000 1.000000 89.000000 54.000000 2.000000 8.000000 14.000000
156.210000 5.057582 24401.564100 2.000000 7.000000 19.000000 44.000000 5.000000 10.000000 14.000000
110.280000 4.712050 12161.678400 2.000000 7.000000 334.000000 51.000000 3.000000 10.000000 24.000000
39.740000 3.707210 1579.267600 3.000000 4.000000 217.000000 50.000000 6.000000 9.000000 22.000000
5.000000 1.791759 25.000000 2.000000 2.000000 90.000000 50.000000 5.000000 9.000000 16.000000
37.030000 3.638375 1371.220900 3.000000 1.000000 159.000000 57.000000 2.000000 12.000000 11.000000
26.440000 3.312002 699.073600 1.000000 6.000000 184.000000 70.000000 2.000000 7.000000 26.000000
127.120000 4.852967 16159.494400 4.000000 5.000000 226.000000 48.000000 3.000000 11.000000 30.000000
44.660000 3.821223 1994.515600 0.000000 3.000000 171.000000 41.000000 2.000000 1.000000 25.000000
6.650000 2.034706 44.222500 1.000000 7.000000 263.000000 61.000000 4.000000 1.000000 12.000000
47.090000 3.873074 2217.468100 1.000000 8.000000 108.000000 64.000000 2.000000 5.000000 24.000000
63.500000 4.166665 4032.250000 1.000000 5.000000 315.000000 62.000000 5.000000 10.000000 21.000000
9.670000 2.367436 93.508900 4.000000 6.000000 81.000000 62.000000 3.000000 9.000000 12.000000
117.080000 4.771362 13707.726400 4.000000 5.000000 229.000000 58.000000 3.000000 3.000000 14.000000
76.600000 4.351567 5867.560000 0.000000 4.000000 131.000000 51.000000 1.000000 5.000000 2.000000
98.580000 4.600961 9718.016400 2.000000 3.000000 129.000000 59.000000 3.000000 12.000000 5.000000
28.450000 3.382694 809.402500 4.000000 3.000000 208.000000 57.000000 5.000000 11.000000 16.000000
342.910000 5.840380 117587.268100 0.000000 1.000000 293.000000 57.000000 5.000000 11.000000 16.000000
141.620000 4.960184 20056.224400 2.000000 7.000000 40.000000 60.000000 2.000000 8.000000 7.000000
10.530000 2.444952 110.880900 4.000000 5.000000 120.000000 59.000000 5.000000 4.000000 8.000000
122.830000 4.818910 15087.208900 0.000000 0.000000 147.000000 66.000000 4.000000 10.000000 4.000000
34.650000 3.573749 1200.622500 3.000000 0.000000 49.000000 51.000000 0.000000 6.000000 17.000000
53.380000 3.995996 2849.424400 4.000000 4.000000 71.000000 56.000000 2.000000 11.000000 29.000000
94.050000 4.554403 8845.402500 2.000000 8.000000 184.000000 71.000000 0.000000 4.000000 10.000000
48.810000 3.908216 2382.416100 0.000000 8.000000 89.000000 58.000000 6.000000 6.000000 9.000000
5.000000 1.791759 25.000000 1.000000 4.000000 339.000000 47.000000 4.000000 3.000000 31.000000
90.440000 4.515683 8179.393600 3.000000 3.000000 179.000000 67.000000 3.000000 4.000000 27.000000
5.000000 1.791759 25.000000 4.000000 7.000000 171.000000 47.000000 4.000000 12.000000 6.000000
127.470000 4.855695 16248.600900 1.000000 5.000000 167.000000 47.000000 3.000000 12.000000 26.000000
63.730000 4.170225 4061.512900 1.000000 6.000000 187.000000 67.000000 5.000000 12.000000 28.000000
113.270000 4.738564 12830.092900 0.000000 1.000000 139.000000 64.000000 2.000000 1.000000 3.000000
117.440000 4.774407 13792.153600 1.000000 2.000000 78.000000 59.000000 6.000000 11.000000 10.000000
60.860000 4.124874 3703.939600 3.000000 1.000000 252.000000 54.000000 5.000000 8.000000 24.000000
22.010000 3.135929 484.440100 4.000000 8.000000 10.000000 45.000000 1.000000 9.000000 26.000000
311.430000 5.744380 96988.644900 4.000000 3.000000 42.000000 48.000000 0.000000 1.000000 22.000000
99.980000 4.614922 9996.000400 2.000000 5.000000 217.000000 45.000000 3.000000 7.000000 4.000000
207.470000 5.339795 43043.800900 1.000000 7.000000 85.000000 59.000000 6.000000 5.000000 5.000000
23.480000 3.197856 551.310400 1.000000 6.000000 199.000000 44.000000 6.000000 3.000000 12.000000
156.320000 5.058282 24435.942400 3.000000 5.000000 252.000000 50.000000 2.000000 8.000000 21.000000
18.710000 2.981126 350.064100 4.000000 6.000000 82.000000 59.000000 0.000000 7.000000 22.000000
74.690000 4.326646 5578.596100 4.000000 3.000000 20.000000 55.000000 3.000000 10.000000 26.000000
14.890000 2.765690 221.712100 4.000000 5.000000 235.000000 57.000000 2.000000 12.000000 25.000000
176.900000 5.181222 31293.610000 3.000000 2.000000 193.000000 57.000000 4.000000 6.000000 14.000000
116.490000 4.766353 13569.920100 4.000000 8.000000 142.000000 66.000000 0.000000 11.000000 13.000000
100.890000 4.623894 10178.792100 2.000000 2.000000 194.000000 60.000000 1.000000 1.000000 24.000000
38.740000 3.682358 1500.787600 1.000000 8.000000 253.000000 49.000000 6.000000 12.000000 29.000000
29.350000 3.412797 861.422500 0.000000 0.000000 89.000000 54.000000 3.000000 10.000000 31.000000
136.440000 4.923187 18615.873600 4.000000 1.000000 30.000000 52.000000 1.000000 7.000000 30.000000
77.580000 4.364117 6018.656400 3.000000 7.000000 95.000000 56.000000 1.000000 8.000000 13.000000
45.470000 3.838807 2067.520900 2.000000 7.000000 154.000000 65.000000 1.000000 1.000000 3.000000
314.840000 5.755236 99124.225600 1.000000 1.000000 50.000000 56.000000 2.000000 3.000000 1.000000
5.000000 1.791759 25.000000 0.000000 2.000000 69.000000 58.000000 6.000000 7.000000 9.000000
150.740000 5.022169 22722.547600 0.000000 8.000000 130.000000 60.000000 3.000000 12.000000 28.000000
104.690000 4.660510 10959.996100 0.000000 7.000000 183.000000 68.000000 2.000000 5.000000 10.000000
69.530000 4.256038 4834.420900 1.000000 4.000000 50.000000 55.000000 0.000000 4.000000 3.000000
57.060000 4.061477 3255.843600 4.000000 4.000000 108.000000 59.000000 4.000000 6.000000 9.000000
129.590000 4.872063 16793.568100 3.000000 5.000000 113.000000 61.000000 3.000000 1.000000 4.000000
5.000000 1.791759 25.000000 4.000000 6.000000 90.000000 38.000000 3.000000 12.000000 7.000000
12.510000 2.603430 156.500100 2.000000 5.000000 195.000000 54.000000 2.000000 2.000000 15.000000
30.780000 3.458837 947.408400 2.000000 4.000000 8.000000 53.000000 3.000000 3.000000 16.000000
18.890000 2.990217 356.832100 4.000000 6.000000 87.000000 59.000000 4.000000 3.000000 22.000000
62.300000 4.147885 3881.290000 3.000000 3.000000 196.000000 48.000000 0.000000 7.000000 29.000000
66.100000 4.206184 4369.210000 3.000000 3.000000 107.000000 67.000000 0.000000 6.000000 26.000000
132.830000 4.896570 17643.808900 0.000000 8.000000 285.000000 57.000000 0.000000 11.000000 25.000000
40.990000 3.737431 1680.180100 4.000000 5.000000 114.000000 70.000000 4.000000 5.000000 31.000000
57.990000 4.077368 3362.840100 4.000000 8.000000 270.000000 56.000000 1.000000 9.000000 24.000000
101.670000 4.631520 10336.788900 4.000000 0.000000 124.000000 48.000000 6.000000 1.000000 22.000000
73.740000 4.314015 5437.587600 3.000000 0.000000 258.000000 43.000000 4.000000 8.000000 2.000000
23.000000 3.178054 529.000000 3.000000 7.000000 190.000000 71.000000 1.000000 4.000000 9.000000
99.540000 4.610556 9908.211600 4.000000 6.000000 137.000000 56.000000 0.000000 6.000000 26.000000
40.000000 3.713572 1600.000000 2.000000 0.000000 139.000000 63.000000 5.000000 1.000000 13.000000
117.170000 4.772124 13728.808900 0.000000 6.000000 223.000000 51.000000 6.000000 12.000000 22.000000
127.180000 4.853436 16174.752400 4.000000 5.000000 277.000000 58.000000 4.000000 4.000000 19.000000
21.510000 3.113960 462.680100 3.000000 0.000000 332.000000 47.000000 4.000000 6.000000 30.000000
13.220000 2.654649 174.768400 4.000000 6.000000 165.000000 46.000000 2.000000 2.000000 8.000000
113.220000 4.738126 12818.768400 4.000000 6.000000 318.000000 52.000000 5.000000 5.000000 20.000000
245.860000 5.508821 60447.139600 1.000000 4.000000 233.000000 58.000000 2.000000 1.000000 10.000000
41.570000 3.751150 1728.064900 1.000000 5.000000 113.000000 60.000000 5.000000 8.000000 17.000000
25.300000 3.269569 640.090000 0.000000 5.000000 305.000000 51.000000 0.000000 5.000000 22.000000
62.700000 4.154185 3931.290000 2.000000 6.000000 137.000000 63.000000 1.000000 8.000000 8.000000
31.240000 3.473208 975.937600 3.000000 3.000000 108.000000 59.000000 6.000000 11.000000 17.000000
32.000000 3.496508 1024.000000 2.000000 8.000000 143.000000 64.000000 5.000000 3.000000 18.000000
61.600000 4.136765 3794.560000 4.000000 5.000000 172.000000 36.000000 3.000000 10.000000 12.000000
62.290000 4.147727 3880.044100 4.000000 1.000000 243.000000 60.000000 5.000000 6.000000 22.000000
5.000000 1.791759 25.000000 1.000000 2.000000 0.000000 52.000000 3.000000 1.000000 18.000000
24.490000 3.238286 599.760100 4.000000 2.000000 84.000000 63.000000 5.000000 4.000000 6.000000
48.940000 3.910822 2395.123600 1.000000 3.000000 220.000000 41.000000 1.000000 4.000000 11.000000
5.000000 1.791759 25.000000 0.000000 7.000000 68.000000 55.000000 1.000000 10.000000 17.000000
64.670000 4.184642 4182.208900 3.000000 3.000000 228.000000 49.000000 1.000000 6.000000 20.000000
141.190000 4.957164 19934.616100 1.000000 6.000000 136.000000 60.000000 3.000000 2.000000 16.000000
63.880000 4.172539 4080.654400 1.000000 5.000000 110.000000 70.000000 2.000000 8.000000 23.000000
268.870000 5.597940 72291.076900 0.000000 0.000000 158.000000 65.000000 1.000000 1.000000 2.000000
31.860000 3.492256 1015.059600 0.000000 6.000000 270.000000 59.000000 5.000000 3.000000 25.000000
96.660000 4.581492 9343.155600 0.000000 2.000000 109.000000 67.000000 3.000000 12.000000 14.000000
21.770000 3.125444 473.932900 0.000000 5.000000 72.000000 62.000000 0.000000 8.000000 12.000000
24.250000 3.228826 588.062500 2.000000 3.000000 185.000000 71.000000 2.000000 6.000000 28.000000
107.290000 4.684813 11511.144100 3.000000 5.000000 135.000000 60.000000 2.000000 7.000000 24.000000
420.230000 6.043179 176593.252900 0.000000 5.000000 296.000000 50.000000 3.000000 12.000000 7.000000
32.040000 3.497719 1026.561600 3.000000 2.000000 109.000000 70.000000 0.000000 2.000000 19.000000
129.210000 4.869149 16695.224100 2.000000 7.000000 326.000000 57.000000 1.000000 10.000000 22.000000
74.590000 4.325324 5563.668100 2.000000 4.000000 137.000000 56.000000 6.000000 11.000000 12.000000
106.510000 4.677584 11344.380100 3.000000 1.000000 0.000000 57.000000 0.000000 8.000000 21.000000
104.160000 4.655483 10849.305600 1.000000 6.000000 171.000000 49.000000 4.000000 3.000000 17.000000
84.620000 4.449919 7160.544400 4.000000 6.000000 332.000000 50.000000 2.000000 10.000000 30.000000
36.520000 3.624874 1333.710400 4.000000 6.000000 204.000000 65.000000 3.000000 10.000000 10.000000
74.900000 4.329417 5610.010000 1.000000 7.000000 236.000000 57.000000 4.000000 11.000000 22.000000
274.580000 5.618878 75394.176400 1.000000 6.000000 164.000000 58.000000 5.000000 9.000000 28.000000
110.350000 4.712678 12177.122500 1.000000 0.000000 132.000000 57.000000 5.000000 6.000000 15.000000
12.730000 2.619583 162.052900 4.000000 5.000000 226.000000 44.000000 0.000000 9.000000 2.000000
134.450000 4.908603 18076.802500 1.000000 5.000000 88.000000 50.000000 2.000000 7.000000 26.000000
98.530000 4.600459 9708.160900 0.000000 1.000000 308.000000 59.000000 1.000000 12.000000 26.000000
73.640000 4.312677 5422.849600 3.000000 5.000000 177.000000 49.000000 0.000000 6.000000 12.000000
25.780000 3.287655 664.608400 0.000000 3.000000 209.000000 68.000000 3.000000 5.000000 30.000000
42.780000 3.779177 1830.128400 0.000000 2.000000 202.000000 56.000000 2.000000 3.000000 27.000000
60.370000 4.116921 3644.536900 0.000000 4.000000 254.000000 54.000000 4.000000 6.000000 2.000000
56.030000 4.043577 3139.360900 1.000000 6.000000 82.000000 62.000000 5.000000 12.000000 23.000000
56.630000 4.054043 3206.956900 0.000000 5.000000 98.000000 63.000000 2.000000 7.000000 26.000000
268.620000 5.597014 72156.704400 1.000000 2.000000 103.000000 52.000000 3.000000 8.000000 31.000000
46.370000 3.857989 2150.176900 3.000000 3.000000 132.000000 56.000000 3.000000 8.000000 10.000000
42.320000 3.768614 1790.982400 4.000000 2.000000 167.000000 49.000000 1.000000 7.000000 11.000000
17.670000 2.926918 312.228900 0.000000 8.000000 202.000000 56.000000 2.000000 9.000000 20.000000
116.670000 4.767884 13611.888900 1.000000 5.000000 23.000000 49.000000 3.000000 4.000000 6.000000
58.670000 4.088829 3442.168900 1.000000 3.000000 265.000000 51.000000 5.000000 11.000000 11.000000
112.010000 4.727476 12546.240100 1.000000 0.000000 58.000000 39.000000 0.000000 8.000000 14.000000
7.540000 2.144761 56.851600 1.000000 2.000000 242.000000 59.000000 5.000000 5.000000 18.000000
174.710000 5.168835 30523.584100 1.000000 5.000000 136.000000 63.000000 2.000000 7.000000 3.000000
63.470000 4.166200 4028.440900 3.000000 0.000000 317.000000 62.000000 3.000000 6.000000 22.000000
422.380000 6.048270 178404.864400 2.000000 3.000000 173.000000 50.000000 1.000000 6.000000 25.000000
79.300000 4.385770 6288.490000 4.000000 7.000000 232.000000 61.000000 0.000000 2.000000 20.000000
6.600000 2.028148 43.560000 0.000000 3.000000 175.000000 51.000000 4.000000 8.000000 18.000000
38.810000 3.684118 1506.216100 1.000000 2.000000 202.000000 52.000000 1.000000 1.000000 30.000000
6.900000 2.066863 47.610000 1.000000 4.000000 186.000000 66.000000 2.000000 11.000000 20.000000
39.900000 3.711130 1592.010000 3.000000 7.000000 320.000000 59.000000 0.000000 9.000000 9.000000
165.640000 5.115836 27436.609600 4.000000 2.000000 311.000000 52.000000 4.000000 7.000000 21.000000
55.510000 4.034418 3081.360100 4.000000 8.000000 107.000000 67.000000 0.000000 7.000000 29.000000
56.610000 4.053696 3204.692100 4.000000 3.000000 77.000000 56.000000 6.000000 11.000000 5.000000
274.170000 5.617389 75169.188900 3.000000 2.000000 284.000000 58.000000 1.000000 4.000000 23.000000
135.010000 4.912728 18227.700100 4.000000 8.000000 323.000000 60.000000 3.000000 8.000000 8.000000
40.160000 3.717467 1612.825600 1.000000 4.000000 23.000000 62.000000 0.000000 7.000000 24.000000
255.300000 5.546349 65178.090000 3.000000 8.000000 334.000000 57.000000 4.000000 11.000000 24.000000
5.000000 1.791759 25.000000 0.000000 5.000000 282.000000 44.000000 2.000000 1.000000 4.000000
69.740000 4.259011 4863.667600 1.000000 4.000000 270.000000 51.000000 6.000000 9.000000 17.000000
41.790000 3.756304 1746.404100 0.000000 0.000000 197.000000 47.000000 6.000000 12.000000 31.000000
109.340000 4.703567 11955.235600 3.000000 2.000000 320.000000 57.000000 5.000000 1.000000 6.000000
21.640000 3.119718 468.289600 4.000000 6.000000 177.000000 38.000000 0.000000 10.000000 7.000000
24.650000 3.244544 607.622500 4.000000 0.000000 82.000000 51.000000 1.000000 2.000000 7.000000
8.670000 2.269028 75.168900 1.000000 2.000000 298.000000 50.000000 6.000000 7.000000 28.000000
31.710000 3.487681 1005.524100 2.000000 1.000000 220.000000 53.000000 5.000000 3.000000 11.000000
295.420000 5.691777 87272.976400 0.000000 3.000000 294.000000 49.000000 3.000000 12.000000 7.000000
53.830000 4.004237 2897.668900 4.000000 4.000000 71.000000 62.000000 2.000000 12.000000 13.000000
25.640000 3.282414 657.409600 2.000000 0.000000 87.000000 63.000000 4.000000 8.000000 11.000000
154.450000 5.046324 23854.802500 4.000000 5.000000 236.000000 62.000000 6.000000 7.000000 2.000000
11.580000 2.532108 134.096400 2.000000 3.000000 139.000000 59.000000 0.000000 6.000000 24.000000
94.750000 4.561741 8977.562500 4.000000 6.000000 319.000000 51.000000 3.000000 4.000000 6.000000
46.740000 3.865770 2184.627600 2.000000 7.000000 128.000000 63.000000 2.000000 6.000000 28.000000
5.000000 1.791759 25.000000 3.000000 8.000000 330.000000 48.000000 0.000000 3.000000 6.000000
21.510000 3.113960 462.680100 3.000000 5.000000 50.000000 54.000000 0.000000 7.000000 3.000000
40.490000 3.725452 1639.440100 2.000000 2.000000 216.000000 69.000000 5.000000 11.000000 18.000000
16.790000 2.878637 281.904100 4.000000 5.000000 86.000000 51.000000 0.000000 11.000000 6.000000
5.000000 1.791759 25.000000 1.000000 0.000000 249.000000 53.000000 1.000000 6.000000 6.000000
128.730000 4.865455 16571.412900 1.000000 0.000000 99.000000 57.000000 3.000000 9.000000 28.000000
32.810000 3.520757 1076.496100 4.000000 8.000000 128.000000 63.000000 1.000000 4.000000 11.000000
118.390000 4.782395 14016.192100 4.000000 2.000000 135.000000 57.000000 3.000000 9.000000 5.000000
20.110000 3.049747 404.412100 0.000000 1.000000 77.000000 56.000000 6.000000 7.000000 23.000000
162.410000 5.096262 26377.008100 4.000000 0.000000 193.000000 58.000000 3.000000 2.000000 29.000000
28.000000 3.367296 784.000000 4.000000 5.000000 74.000000 51.000000 1.000000 2.000000 13.000000
25.600000 3.280911 655.360000 4.000000 6.000000 36.000000 54.000000 2.000000 12.000000 18.000000
5.000000 1.791759 25.000000 0.000000 3.000000 165.000000 46.000000 4.000000 5.000000 3.000000
121.320000 4.806641 14718.542400 2.000000 0.000000 134.000000 60.000000 2.000000 2.000000 15.000000
346.100000 5.849613 119785.210000 3.000000 3.000000 59.000000 53.000000 3.000000 12.000000 26.000000
69.560000 4.256463 4838.593600 4.000000 0.000000 332.000000 47.000000 3.000000 8.000000 1.000000
57.130000 4.062682 3263.836900 4.000000 5.000000 248.000000 52.000000 2.000000 6.000000 12.000000
48.060000 3.893044 2309.763600 2.000000 5.000000 216.000000 62.000000 6.000000 10.000000 6.000000
189.440000 5.249337 35887.513600 4.000000 7.000000 232.000000 61.000000 3.000000 9.000000 7.000000
214.530000 5.373100 46023.120900 2.000000 5.000000 26.000000 52.000000 3.000000 4.000000 4.000000
169.850000 5.140786 28849.022500 4.000000 8.000000 336.000000 50.000000 4.000000 9.000000 13.000000
98.210000 4.597239 9645.204100 3.000000 2.000000 216.000000 68.000000 1.000000 8.000000 29.000000
302.230000 5.714492 91342.972900 4.000000 6.000000 97.000000 59.000000 6.000000 7.000000 9.000000
39.940000 3.712108 1595.203600 1.000000 1.000000 251.000000 53.000000 1.000000 1.000000 10.000000
177.230000 5.183075 31410.472900 1.000000 7.000000 232.000000 55.000000 3.000000 6.000000 15.000000
52.440000 3.978560 2749.953600 1.000000 5.000000 75.000000 56.000000 0.000000 12.000000 2.000000
47.540000 3.882388 2260.051600 4.000000 1.000000 324.000000 62.000000 3.000000 2.000000 23.000000
36.860000 3.633895 1358.659600 4.000000 6.000000 75.000000 59.000000 1.000000 5.000000 2.000000
106.350000 4.676095 11310.322500 2.000000 3.000000 305.000000 64.000000 0.000000 6.000000 12.000000
130.490000 4.878931 17027.640100 4.000000 7.000000 226.000000 45.000000 2.000000 1.000000 10.000000
195.840000 5.282391 38353.305600 0.000000 2.000000 94.000000 63.000000 6.000000 4.000000 14.000000
354.590000 5.873778 125734.068100 0.000000 4.000000 187.000000 57.000000 3.000000 8.000000 3.000000
30.680000 3.455686 941.262400 1.000000 1.000000 271.000000 56.000000 1.000000 9.000000 26.000000
7.930000 2.189416 62.884900 1.000000 1.000000 251.000000 40.000000 3.000000 8.000000 29.000000
39.420000 3.699325 1553.936400 3.000000 1.000000 332.000000 47.000000 0.000000 7.000000 31.000000
52.530000 3.980242 2759.400900 3.000000 8.000000 246.000000 38.000000 5.000000 7.000000 29.000000
38.860000 3.685373 1510.099600 1.000000 5.000000 251.000000 37.000000 3.000000 12.000000 19.000000
45.320000 3.835574 2053.902400 4.000000 2.000000 248.000000 51.000000 6.000000 11.000000 3.000000
44.000000 3.806662 1936.000000 1.000000 4.000000 76.000000 62.000000 1.000000 10.000000 3.000000
209.610000 5.350008 43936.352100 3.000000 5.000000 329.000000 48.000000 0.000000 3.000000 18.000000
71.070000 4.277638 5050.944900 0.000000 5.000000 154.000000 64.000000 0.000000 5.000000 29.000000
169.850000 5.140786 28849.022500 3.000000 3.000000 324.000000 63.000000 1.000000 12.000000 10.000000
66.160000 4.207078 4377.145600 1.000000 1.000000 50.000000 43.000000 2.000000 5.000000 3.000000
50.980000 3.950859 2598.960400 2.000000 4.000000 298.000000 54.000000 4.000000 3.000000 17.000000
122.270000 4.814377 14949.952900 4.000000 2.000000 300.000000 52.000000 4.000000 8.000000 9.000000
19.710000 3.030617 388.484100 2.000000 4.000000 269.000000 63.000000 0.000000 2.000000 5.000000
158.100000 5.069533 24995.610000 1.000000 0.000000 24.000000 56.000000 6.000000 5.000000 5.000000
184.110000 5.220950 33896.492100 4.000000 3.000000 9.000000 59.000000 2.000000 2.000000 21.000000
142.440000 4.965917 20289.153600 4.000000 2.000000 311.000000 52.000000 1.000000 8.000000 8.000000
40.750000 3.731699 1660.562500 3.000000 0.000000 261.000000 63.000000 2.000000 6.000000 19.000000
167.960000 5.129662 28210.561600 3.000000 2.000000 24.000000 49.000000 3.000000 3.000000 21.000000
18.960000 2.993730 359.481600 3.000000 1.000000 185.000000 70.000000 0.000000 10.000000 9.000000
260.850000 5.567772 68042.722500 3.000000 1.000000 92.000000 63.000000 6.000000 7.000000 16.000000
25.160000 3.264232 633.025600 0.000000 5.000000 336.000000 52.000000 3.000000 12.000000 7.000000
72.920000 4.302983 5317.326400 1.000000 4.000000 234.000000 60.000000 1.000000 12.000000 26.000000
71.540000 4.284138 5117.971600 2.000000 8.000000 136.000000 59.000000 5.000000 7.000000 29.000000
116.730000 4.768394 13625.892900 2.000000 8.000000 130.000000 60.000000 6.000000 5.000000 7.000000
44.190000 3.810876 1952.756100 2.000000 4.000000 194.000000 59.000000 6.000000 6.000000 25.000000
143.150000 4.970854 20491.922500 2.000000 6.000000 302.000000 60.000000 4.000000 1.000000 27.000000
61.410000 4.133726 3771.188100 3.000000 2.000000 74.000000 56.000000 3.000000 8.000000 24.000000
24.090000 3.222469 580.328100 2.000000 2.000000 5.000000 45.000000 5.000000 5.000000 13.000000
61.660000 4.137723 3801.955600 0.000000 4.000000 299.000000 56.000000 2.000000 12.000000 20.000000
205.650000 5.331027 42291.922500 4.000000 1.000000 292.000000 51.000000 5.000000 12.000000 23.000000
71.190000 4.279302 5068.016100 2.000000 7.000000 232.000000 60.000000 1.000000 9.000000 10.000000
75.680000 4.339641 5727.462400 2.000000 1.000000 242.000000 61.000000 2.000000 4.000000 3.000000
5.000000 1.791759 25.000000 3.000000 7.000000 78.000000 62.000000 5.000000 11.000000 30.000000
49.990000 3.931630 2499.000100 3.000000 6.000000 162.000000 40.000000 0.000000 1.000000 1.000000
201.360000 5.310048 40545.849600 1.000000 5.000000 218.000000 52.000000 1.000000 7.000000 30.000000
17.980000 2.943386 323.280400 4.000000 4.000000 67.000000 63.000000 2.000000 1.000000 17.000000
8.010000 2.198335 64.160100 4.000000 4.000000 71.000000 55.000000 1.000000 11.000000 14.000000
5.000000 1.791759 25.000000 1.000000 8.000000 161.000000 48.000000 3.000000 6.000000 22.000000
92.510000 4.538068 8558.100100 4.000000 5.000000 274.000000 60.000000 0.000000 5.000000 22.000000
129.280000 4.869686 16713.318400 3.000000 8.000000 304.000000 52.000000 4.000000 5.000000 19.000000
30.350000 3.445214 921.122500 4.000000 0.000000 196.000000 48.000000 3.000000 6.000000 22.000000
5.000000 1.791759 25.000000 2.000000 4.000000 206.000000 68.000000 3.000000 8.000000 15.000000
42.740000 3.778263 1826.707600 3.000000 1.000000 69.000000 56.000000 6.000000 12.000000 15.000000
155.820000 5.055099 24279.872400 3.000000 1.000000 148.000000 59.000000 2.000000 5.000000 15.000000
175.510000 5.173378 30803.760100 1.000000 4.000000 244.000000 47.000000 5.000000 4.000000 15.000000
136.490000 4.923551 18629.520100 4.000000 5.000000 255.000000 53.000000 1.000000 8.000000 27.000000
35.870000 3.607398 1286.656900 4.000000 6.000000 126.000000 43.000000 6.000000 12.000000 17.000000
51.140000 3.953932 2615.299600 1.000000 5.000000 139.000000 56.000000 2.000000 7.000000 26.000000
8.730000 2.275214 76.212900 3.000000 0.000000 167.000000 37.000000 1.000000 3.000000 19.000000
114.760000 4.751519 13169.857600 2.000000 3.000000 167.000000 47.000000 2.000000 11.000000 13.000000
26.180000 3.302481 685.392400 3.000000 5.000000 111.000000 59.000000 4.000000 9.000000 27.000000
40.170000 3.717710 1613.628900 4.000000 1.000000 335.000000 54.000000 3.000000 2.000000 15.000000
139.090000 4.942285 19346.028100 1.000000 4.000000 110.000000 65.000000 0.000000 3.000000 25.000000
70.870000 4.274859 5022.556900 2.000000 0.000000 177.000000 49.000000 5.000000 8.000000 5.000000
141.220000 4.957375 19943.088400 1.000000 5.000000 134.000000 52.000000 5.000000 1.000000 20.000000
64.100000 4.175925 4108.810000 0.000000 8.000000 72.000000 56.000000 2.000000 8.000000 21.000000
45.070000 3.830162 2031.304900 1.000000 5.000000 228.000000 49.000000 4.000000 11.000000 1.000000
213.850000 5.369940 45731.822500 1.000000 6.000000 300.000000 60.000000 2.000000 1.000000 3.000000
38.310000 3.671479 1467.656100 3.000000 1.000000 73.000000 51.000000 0.000000 8.000000 26.000000
165.070000 5.112409 27248.104900 2.000000 5.000000 284.000000 51.000000 2.000000 1.000000 25.000000
192.480000 5.265174 37048.550400 0.000000 0.000000 239.000000 50.000000 1.000000 9.000000 17.000000
8.650000 2.266958 74.822500 0.000000 3.000000 136.000000 61.000000 6.000000 10.000000 1.000000
69.780000 4.259576 4869.248400 3.000000 7.000000 262.000000 63.000000 6.000000 6.000000 25.000000
92.060000 4.533244 8475.043600 0.000000 3.000000 138.000000 51.000000 3.000000 10.000000 26.000000
404.850000 6.005984 163903.522500 4.000000 5.000000 246.000000 39.000000 2.000000 5.000000 17.000000
77.450000 4.362461 5998.502500 4.000000 0.000000 126.000000 38.000000 0.000000 6.000000 26.000000
55.300000 4.030695 3058.090000 1.000000 1.000000 183.000000 64.000000 2.000000 8.000000 30.000000
122.670000 4.817617 15047.928900 3.000000 5.000000 315.000000 57.000000 0.000000 1.000000 2.000000
262.380000 5.573598 68843.264400 1.000000 0.000000 18.000000 55.000000 0.000000 1.000000 29.000000
13.000000 2.639057 169.000000 0.000000 3.000000 112.000000 70.000000 1.000000 7.000000 2.000000
39.100000 3.691376 1528.810000 4.000000 8.000000 122.000000 40.000000 0.000000 11.000000 4.000000
328.160000 5.796544 107688.985600 2.000000 5.000000 43.000000 49.000000 1.000000 7.000000 23.000000
345.940000 5.849152 119674.483600 2.000000 6.000000 176.000000 39.000000 3.000000 9.000000 21.000000
5.000000 1.791759 25.000000 4.000000 2.000000 138.000000 55.000000 1.000000 2.000000 27.000000
100.980000 4.624777 10196.960400 2.000000 7.000000 23.000000 52.000000 6.000000 8.000000 18.000000
10.610000 2.451867 112.572100 1.000000 3.000000 266.000000 62.000000 6.000000 11.000000 12.000000
63.970000 4.173926 4092.160900 3.000000 6.000000 96.000000 62.000000 0.000000 3.000000 11.000000
56.620000 4.053870 3205.824400 1.000000 7.000000 68.000000 59.000000 2.000000 7.000000 3.000000
66.960000 4.218919 4483.641600 0.000000 5.000000 258.000000 51.000000 3.000000 6.000000 20.000000
133.600000 4.902307 17848.960000 4.000000 1.000000 12.000000 52.000000 1.000000 7.000000 30.000000
535.920000 6.285849 287210.246400 4.000000 4.000000 277.000000 58.000000 0.000000 6.000000 26.000000
42.290000 3.767922 1788.444100 0.000000 1.000000 165.000000 35.000000 4.000000 3.000000 15.000000
276.550000 5.626001 76479.902500 4.000000 5.000000 148.000000 54.000000 1.000000 8.000000 27.000000
20.580000 3.071767 423.536400 2.000000 1.000000 106.000000 59.000000 3.000000 9.000000 7.000000
5.000000 1.791759 25.000000 1.000000 0.000000 137.000000 58.000000 1.000000 11.000000 26.000000
17.330000 2.908539 300.328900 2.000000 3.000000 71.000000 56.000000 1.000000 12.000000 19.000000
41.740000 3.755135 1742.227600 0.000000 3.000000 275.000000 53.000000 2.000000 9.000000 27.000000
33.440000 3.539219 1118.233600 2.000000 3.000000 220.000000 46.000000 1.000000 5.000000 16.000000
81.870000 4.417273 6702.696900 1.000000 5.000000 163.000000 47.000000 5.000000 11.000000 25.000000
142.070000 4.963334 20183.884900 2.000000 7.000000 148.000000 65.000000 5.000000 4.000000 6.000000
63.600000 4.168214 4044.960000 3.000000 5.000000 167.000000 38.000000 5.000000 3.000000 2.000000
75.300000 4.334673 5670.090000 0.000000 0.000000 327.000000 56.000000 0.000000 6.000000 12.000000
62.430000 4.149937 3897.504900 4.000000 4.000000 328.000000 60.000000 3.000000 10.000000 12.000000
152.720000 5.035133 23323.398400 2.000000 7.000000 201.000000 58.000000 5.000000 2.000000 10.000000
302.430000 5.715151 91463.904900 0.000000 6.000000 40.000000 56.000000 3.000000 5.000000 11.000000
61.290000 4.131801 3756.464100 4.000000 6.000000 58.000000 38.000000 3.000000 11.000000 21.000000
5.000000 1.791759 25.000000 4.000000 2.000000 139.000000 58.000000 6.000000 10.000000 20.000000
294.970000 5.690258 87007.300900 2.000000 5.000000 29.000000 49.000000 1.000000 4.000000 9.000000
152.930000 5.036498 23387.584900 4.000000 5.000000 244.000000 61.000000 2.000000 3.000000 8.000000
10.980000 2.483239 120.560400 0.000000 8.000000 163.000000 40.000000 2.000000 2.000000 28.000000
51.440000 3.959670 2646.073600 3.000000 4.000000 10.000000 46.000000 1.000000 11.000000 19.000000
67.490000 4.226688 4554.900100 3.000000 6.000000 133.000000 63.000000 1.000000 12.000000 24.000000
58.820000 4.091340 3459.792400 1.000000 6.000000 332.000000 51.000000 1.000000 8.000000 20.000000
66.510000 4.212276 4423.580100 4.000000 4.000000 167.000000 49.000000 6.000000 7.000000 28.000000
48.550000 3.902982 2357.102500 2.000000 4.000000 232.000000 54.000000 2.000000 7.000000 26.000000
228.270000 5.434900 52107.192900 3.000000 4.000000 316.000000 64.000000 4.000000 8.000000 9.000000
216.970000 5.384357 47075.980900 3.000000 3.000000 150.000000 54.000000 4.000000 7.000000 14.000000
149.990000 5.017214 22497.000100 1.000000 6.000000 34.000000 52.000000 2.000000 9.000000 27.000000
77.490000 4.362971 6004.700100 2.000000 3.000000 223.000000 50.000000 0.000000 3.000000 18.000000
22.710000 3.165897 515.744100 3.000000 6.000000 176.000000 46.000000 4.000000 5.000000 24.000000
191.090000 5.257964 36515.388100 4.000000 0.000000 321.000000 60.000000 0.000000 5.000000 20.000000
5.120000 1.811562 26.214400 1.000000 3.000000 110.000000 70.000000 3.000000 3.000000 30.000000
58.290000 4.082441 3397.724100 4.000000 3.000000 234.000000 60.000000 3.000000 4.000000 13.000000
35.220000 3.589611 1240.448400 0.000000 1.000000 181.000000 71.000000 0.000000 1.000000 23.000000
220.210000 5.399112 48492.444100 4.000000 2.000000 149.000000 65.000000 6.000000 2.000000 11.000000
24.420000 3.235536 596.336400 3.000000 5.000000 136.000000 63.000000 0.000000 12.000000 25.000000
14.360000 2.731767 206.209600 1.000000 6.000000 294.000000 45.000000 5.000000 1.000000 20.000000
49.740000 3.926715 2474.067600 3.000000 8.000000 50.000000 51.000000 6.000000 1.000000 22.000000
31.460000 3.480009 989.731600 1.000000 7.000000 298.000000 46.000000 1.000000 12.000000 24.000000
31.250000 3.473518 976.562500 0.000000 1.000000 85.000000 59.000000 2.000000 9.000000 20.000000
77.800000 4.366913 6052.840000 4.000000 7.000000 132.000000 66.000000 1.000000 12.000000 12.000000
114.830000 4.752124 13185.928900 2.000000 2.000000 130.000000 52.000000 6.000000 3.000000 3.000000
124.810000 4.834773 15577.536100 2.000000 0.000000 139.000000 57.000000 0.000000 11.000000 25.000000
65.440000 4.196299 4282.393600 0.000000 7.000000 185.000000 67.000000 3.000000 3.000000 21.000000
53.950000 4.006424 2910.602500 3.000000 1.000000 128.000000 63.000000 2.000000 7.000000 12.000000
28.750000 3.392829 826.562500 4.000000 7.000000 105.000000 59.000000 1.000000 4.000000 4.000000
51.650000 3.963666 2667.722500 2.000000 0.000000 67.000000 59.000000 1.000000 10.000000 22.000000
85.850000 4.464182 7370.222500 4.000000 5.000000 135.000000 63.000000 4.000000 8.000000 4.000000
22.710000 3.165897 515.744100 3.000000 5.000000 243.000000 57.000000 6.000000 6.000000 23.000000
45.780000 3.845456 2095.808400 0.000000 3.000000 259.000000 59.000000 1.000000 1.000000 23.000000
24.220000 3.227637 586.608400 1.000000 5.000000 141.000000 50.000000 3.000000 11.000000 14.000000
64.640000 4.184185 4178.329600 1.000000 8.000000 122.000000 44.000000 6.000000 10.000000 20.000000
21.250000 3.102342 451.562500 4.000000 8.000000 321.000000 56.000000 6.000000 11.000000 10.000000
5.000000 1.791759 25.000000 1.000000 5.000000 83.000000 61.000000 5.000000 7.000000 8.000000
321.770000 5.776940 103535.932900 4.000000 1.000000 102.000000 57.000000 6.000000 9.000000 3.000000
232.990000 5.455278 54284.340100 2.000000 8.000000 255.000000 47.000000 4.000000 2.000000 16.000000
58.630000 4.088159 3437.476900 3.000000 7.000000 270.000000 59.000000 4.000000 4.000000 19.000000
29.750000 3.425890 885.062500 2.000000 1.000000 7.000000 38.000000 3.000000 10.000000 26.000000
115.750000 4.760035 13398.062500 2.000000 1.000000 134.000000 57.000000 0.000000 1.000000 23.000000
5.000000 1.791759 25.000000 2.000000 7.000000 76.000000 55.000000 1.000000 10.000000 22.000000
157.390000 5.065060 24771.612100 4.000000 6.000000 238.000000 58.000000 2.000000 2.000000 28.000000
71.110000 4.278193 5056.632100 3.000000 7.000000 90.000000 39.000000 5.000000 8.000000 26.000000
456.170000 6.125055 208091.068900 0.000000 4.000000 203.000000 55.000000 1.000000 3.000000 26.000000
62.310000 4.148043 3882.536100 1.000000 3.000000 339.000000 51.000000 0.000000 7.000000 17.000000
46.720000 3.865351 2182.758400 1.000000 8.000000 104.000000 67.000000 0.000000 6.000000 17.000000
163.870000 5.105157 26853.376900 1.000000 2.000000 164.000000 50.000000 5.000000 5.000000 4.000000
30.150000 3.438814 909.022500 1.000000 6.000000 187.000000 71.000000 5.000000 4.000000 20.000000
18.450000 2.967847 340.402500 3.000000 5.000000 80.000000 62.000000 3.000000 12.000000 26.000000
162.950000 5.099562 26552.702500 1.000000 7.000000 144.000000 57.000000 5.000000 7.000000 29.000000
63.360000 4.164492 4014.489600 0.000000 1.000000 135.000000 59.000000 4.000000 1.000000 6.000000
176.960000 5.181559 31314.841600 2.000000 2.000000 133.000000 63.000000 6.000000 12.000000 17.000000
5.000000 1.791759 25.000000 2.000000 4.000000 225.000000 50.000000 3.000000 3.000000 16.000000
346.510000 5.850793 120069.180100 2.000000 1.000000 281.000000 58.000000 1.000000 10.000000 8.000000
64.090000 4.175771 4107.528100 3.000000 4.000000 203.000000 69.000000 1.000000 5.000000 7.000000
85.160000 4.456206 7252.225600 1.000000 8.000000 55.000000 44.000000 2.000000 6.000000 7.000000
91.620000 4.528505 8394.224400 1.000000 7.000000 128.000000 62.000000 6.000000 1.000000 7.000000
65.650000 4.199455 4309.922500 2.000000 1.000000 134.000000 62.000000 3.000000 11.000000 16.000000
53.050000 3.989910 2814.302500 3.000000 8.000000 58.000000 38.000000 2.000000 9.000000 27.000000
93.800000 4.551769 8798.440000 4.000000 2.000000 333.000000 54.000000 4.000000 11.000000 8.000000
62.060000 4.144087 3851.443600 3.000000 7.000000 52.000000 62.000000 1.000000 2.000000 13.000000
122.350000 4.815026 14969.522500 4.000000 2.000000 305.000000 64.000000 5.000000 7.000000 1.000000
123.750000 4.826312 15314.062500 3.000000 4.000000 219.000000 50.000000 4.000000 5.000000 10.000000
72.520000 4.297557 5259.150400 3.000000 5.000000 141.000000 57.000000 0.000000 11.000000 6.000000
7.040000 2.084429 49.561600 0.000000 2.000000 47.000000 62.000000 2.000000 4.000000 5.000000
116.010000 4.762259 13458.320100 2.000000 2.000000 294.000000 41.000000 5.000000 5.000000 13.000000
152.970000 5.036758 23399.820900 3.000000 3.000000 236.000000 50.000000 1.000000 12.000000 24.000000
322.420000 5.778952 103954.656400 1.000000 7.000000 260.000000 64.000000 1.000000 3.000000 14.000000
115.680000 4.759435 13381.862400 2.000000 3.000000 323.000000 63.000000 6.000000 4.000000 28.000000
130.210000 4.876799 16954.644100 0.000000 5.000000 129.000000 60.000000 2.000000 12.000000 18.000000
58.410000 4.084463 3411.728100 3.000000 8.000000 270.000000 62.000000 0.000000 10.000000 16.000000
60.990000 4.126973 3719.780100 2.000000 6.000000 217.000000 53.000000 0.000000 5.000000 8.000000
126.970000 4.851796 16121.380900 4.000000 0.000000 326.000000 52.000000 6.000000 5.000000 21.000000
33.200000 3.532226 1102.240000 2.000000 6.000000 226.000000 50.000000 6.000000 2.000000 11.000000
5.000000 1.791759 25.000000 3.000000 4.000000 2.000000 48.000000 4.000000 4.000000 19.000000
46.500000 3.860730 2162.250000 4.000000 3.000000 112.000000 67.000000 3.000000 9.000000 19.000000
32.130000 3.500439 1032.336900 4.000000 1.000000 171.000000 41.000000 4.000000 7.000000 26.000000
46.490000 3.860519 2161.320100 2.000000 4.000000 198.000000 60.000000 5.000000 5.000000 4.000000
305.140000 5.724043 93110.419600 3.000000 6.000000 88.000000 53.000000 1.000000 11.000000 28.000000
112.760000 4.734091 12714.817600 1.000000 6.000000 8.000000 55.000000 3.000000 6.000000 1.000000
96.610000 4.580980 9333.492100 1.000000 5.000000 21.000000 51.000000 6.000000 7.000000 14.000000
84.560000 4.449218 7150.393600 0.000000 3.000000 332.000000 44.000000 1.000000 3.000000 12.000000
83.050000 4.431412 6897.302500 1.000000 5.000000 131.000000 63.000000 4.000000 11.000000 8.000000
155.530000 5.053248 24189.580900 1.000000 7.000000 67.000000 53.000000 5.000000 11.000000 30.000000
569.140000 6.345882 323920.339600 0.000000 6.000000 276.000000 54.000000 6.000000 8.000000 13.000000
18.840000 2.987700 354.945600 0.000000 1.000000 287.000000 53.000000 2.000000 3.000000 1.000000
27.200000 3.339322 739.840000 1.000000 6.000000 275.000000 45.000000 4.000000 11.000000 8.000000
193.150000 5.268631 37306.922500 1.000000 4.000000 38.000000 49.000000 5.000000 4.000000 22.000000
74.470000 4.323735 5545.780900 4.000000 5.000000 117.000000 67.000000 6.000000 2.000000 11.000000
128.740000 4.865532 16573.987600 0.000000 1.000000 124.000000 59.000000 1.000000 7.000000 4.000000
17.520000 2.918851 306.950400 3.000000 7.000000 87.000000 62.000000 6.000000 6.000000 11.000000
122.810000 4.818748 15082.296100 3.000000 3.000000 273.000000 60.000000 6.000000 9.000000 22.000000
5.000000 1.791759 25.000000 1.000000 6.000000 162.000000 51.000000 2.000000 3.000000 6.000000
263.140000 5.576479 69242.659600 1.000000 4.000000 102.000000 63.000000 4.000000 2.000000 2.000000
74.960000 4.330207 5619.001600 2.000000 6.000000 226.000000 50.000000 2.000000 2.000000 15.000000
59.720000 4.106273 3566.478400 2.000000 2.000000 136.000000 59.000000 0.000000 2.000000 19.000000
29.780000 3.426865 886.848400 1.000000 3.000000 79.000000 51.000000 0.000000 8.000000 19.000000
117.260000 4.772886 13749.907600 4.000000 5.000000 134.000000 60.000000 4.000000 1.000000 13.000000
29.940000 3.432050 896.403600 0.000000 0.000000 7.000000 42.000000 3.000000 7.000000 11.000000
51.200000 3.955082 2621.440000 4.000000 8.000000 139.000000 51.000000 6.000000 4.000000 30.000000
63.590000 4.168060 4043.688100 1.000000 5.000000 118.000000 70.000000 1.000000 10.000000 3.000000
71.670000 4.285929 5136.588900 0.000000 0.000000 258.000000 51.000000 5.000000 8.000000 12.000000
192.080000 5.263105 36894.726400 3.000000 5.000000 197.000000 44.000000 2.000000 9.000000 4.000000
197.070000 5.288621 38836.584900 1.000000 3.000000 303.000000 63.000000 2.000000 3.000000 6.000000
80.590000 4.401707 6494.748100 3.000000 7.000000 49.000000 50.000000 5.000000 5.000000 20.000000
56.210000 4.046729 3159.564100 4.000000 2.000000 336.000000 45.000000 4.000000 3.000000 8.000000
189.700000 5.250702 35986.090000 2.000000 0.000000 252.000000 55.000000 1.000000 7.000000 25.000000
125.590000 4.840954 15772.848100 0.000000 1.000000 107.000000 72.000000 3.000000 4.000000 4.000000
51.620000 3.963096 2664.624400 2.000000 6.000000 177.000000 43.000000 3.000000 10.000000 12.000000
30.210000 3.440739 912.644100 2.000000 1.000000 73.000000 59.000000 4.000000 1.000000 12.000000
115.350000 4.756603 13305.622500 4.000000 0.000000 328.000000 60.000000 3.000000 6.000000 22.000000
68.850000 4.246350 4740.322500 2.000000 5.000000 329.000000 51.000000 0.000000 7.000000 1.000000
84.070000 4.443474 7067.764900 1.000000 5.000000 131.000000 59.000000 0.000000 7.000000 15.000000
205.760000 5.331559 42337.177600 3.000000 6.000000 311.000000 60.000000 3.000000 5.000000 30.000000
18.630000 2.977059 347.076900 1.000000 8.000000 224.000000 54.000000 0.000000 12.000000 23.000000
71.440000 4.282759 5103.673600 1.000000 3.000000 332.000000 47.000000 3.000000 11.000000 21.000000
9.700000 2.370244 94.090000 4.000000 1.000000 80.000000 58.000000 6.000000 3.000000 17.000000
212.330000 5.362840 45084.028900 1.000000 2.000000 246.000000 44.000000 2.000000 12.000000 18.000000
34.490000 3.569251 1189.560100 0.000000 3.000000 272.000000 50.000000 3.000000 6.000000 6.000000
41.520000 3.749975 1723.910400 1.000000 0.000000 113.000000 67.000000 6.000000 2.000000 12.000000
14.750000 2.756840 217.562500 4.000000 2.000000 202.000000 49.000000 5.000000 6.000000 1.000000
180.970000 5.203842 32750.140900 0.000000 2.000000 40.000000 52.000000 0.000000 10.000000 21.000000
33.580000 3.543275 1127.616400 2.000000 8.000000 75.000000 56.000000 0.000000 7.000000 24.000000
43.840000 3.803101 1921.945600 0.000000 7.000000 29.000000 48.000000 0.000000 1.000000 29.000000
57.420000 4.067658 3297.056400 2.000000 5.000000 125.000000 49.000000 5.000000 9.000000 7.000000
14.860000 2.763800 220.819600 4.000000 8.000000 21.000000 58.000000 6.000000 4.000000 30.000000
137.260000 4.929136 18840.307600 1.000000 2.000000 161.000000 54.000000 1.000000 12.000000 5.000000
111.820000 4.725794 12503.712400 1.000000 6.000000 324.000000 64.000000 5.000000 11.000000 4.000000
201.300000 5.309752 40521.690000 4.000000 0.000000 108.000000 68.000000 3.000000 4.000000 4.000000
43.610000 3.797958 1901.832100 3.000000 2.000000 66.000000 62.000000 5.000000 12.000000 2.000000
65.640000 4.199305 4308.609600 2.000000 7.000000 65.000000 63.000000 4.000000 11.000000 10.000000
26.350000 3.308717 694.322500 1.000000 5.000000 7.000000 50.000000 4.000000 6.000000 7.000000
115.960000 4.761832 13446.721600 2.000000 2.000000 300.000000 52.000000 3.000000 10.000000 5.000000
487.160000 6.190643 237324.865600 0.000000 6.000000 292.000000 46.000000 3.000000 10.000000 24.000000
14.520000 2.742130 210.830400 0.000000 6.000000 90.000000 51.000000 6.000000 4.000000 30.000000
104.220000 4.656053 10861.808400 1.000000 7.000000 244.000000 62.000000 2.000000 8.000000 21.000000
49.490000 3.921775 2449.260100 4.000000 5.000000 221.000000 64.000000 2.000000 7.000000 24.000000
72.520000 4.297557 5259.150400 2.000000 6.000000 163.000000 43.000000 6.000000 9.000000 8.000000
5.000000 1.791759 25.000000 4.000000 6.000000 112.000000 58.000000 2.000000 5.000000 17.000000
36.640000 3.628067 1342.489600 4.000000 7.000000 178.000000 50.000000 6.000000 11.000000 24.000000
37.990000 3.663305 1443.240100 3.000000 5.000000 240.000000 49.000000 1.000000 12.000000 31.000000
56.580000 4.053175 3201.296400 0.000000 5.000000 237.000000 54.000000 5.000000 10.000000 7.000000
33.600000 3.543854 1128.960000 2.000000 4.000000 203.000000 69.000000 4.000000 4.000000 28.000000
300.610000 5.709135 90366.372100 0.000000 2.000000 151.000000 54.000000 1.000000 1.000000 10.000000
10.700000 2.459589 114.490000 3.000000 3.000000 51.000000 48.000000 4.000000 4.000000 5.000000
5.000000 1.791759 25.000000 3.000000 1.000000 243.000000 56.000000 5.000000 10.000000 7.000000
39.410000 3.699077 1553.148100 2.000000 8.000000 66.000000 59.000000 2.000000 3.000000 29.000000
72.210000 4.293332 5214.284100 1.000000 6.000000 106.000000 70.000000 3.000000 11.000000 2.000000
30.130000 3.438172 907.816900 4.000000 5.000000 234.000000 61.000000 0.000000 7.000000 8.000000
24.470000 3.237501 598.780900 0.000000 0.000000 295.000000 44.000000 6.000000 4.000000 28.000000
226.740000 5.428205 51411.027600 3.000000 8.000000 173.000000 50.000000 4.000000 10.000000 20.000000
97.780000 4.592895 9560.928400 0.000000 1.000000 106.000000 70.000000 1.000000 1.000000 31.000000
59.950000 4.110054 3594.002500 4.000000 0.000000 74.000000 63.000000 1.000000 9.000000 5.000000
7.670000 2.159869 58.828900 4.000000 7.000000 264.000000 50.000000 6.000000 12.000000 1.000000
107.450000 4.686289 11545.502500 3.000000 1.000000 131.000000 52.000000 4.000000 10.000000 6.000000
126.940000 4.851561 16113.763600 4.000000 8.000000 167.000000 50.000000 5.000000 11.000000 23.000000
5.000000 1.791759 25.000000 1.000000 4.000000 72.000000 55.000000 4.000000 2.000000 17.000000
168.740000 5.134268 28473.187600 1.000000 4.000000 18.000000 49.000000 0.000000 6.000000 12.000000
97.800000 4.593098 9564.840000 4.000000 6.000000 136.000000 56.000000 0.000000 1.000000 9.000000
113.220000 4.738126 12818.768400 4.000000 8.000000 5.000000 43.000000 2.000000 2.000000 22.000000
227.870000 5.433154 51924.736900 3.000000 8.000000 26.000000 55.000000 6.000000 11.000000 3.000000
179.860000 5.197723 32349.619600 0.000000 5.000000 135.000000 64.000000 5.000000 11.000000 30.000000
63.100000 4.160444 3981.610000 1.000000 1.000000 244.000000 54.000000 6.000000 9.000000 8.000000
120.100000 4.796617 14424.010000 0.000000 5.000000 130.000000 63.000000 5.000000 7.000000 29.000000
63.310000 4.163715 4008.156100 2.000000 0.000000 136.000000 62.000000 6.000000 1.000000 21.000000
32.560000 3.513335 1060.153600 4.000000 6.000000 206.000000 57.000000 2.000000 6.000000 12.000000
109.040000 4.700844 11889.721600 0.000000 4.000000 237.000000 58.000000 0.000000 6.000000 5.000000
85.570000 4.460953 7322.224900 4.000000 5.000000 164.000000 54.000000 4.000000 8.000000 2.000000
7.670000 2.159869 58.828900 4.000000 7.000000 47.000000 62.000000 4.000000 9.000000 29.000000
74.430000 4.323205 5539.824900 1.000000 6.000000 295.000000 44.000000 6.000000 9.000000 24.000000
56.670000 4.054737 3211.488900 4.000000 4.000000 134.000000 63.000000 0.000000 4.000000 24.000000
43.980000 3.806218 1934.240400 0.000000 4.000000 97.000000 61.000000 1.000000 10.000000 17.000000
115.080000 4.754280 13243.406400 3.000000 4.000000 166.000000 50.000000 5.000000 7.000000 1.000000
173.370000 5.161179 30057.156900 4.000000 2.000000 286.000000 46.000000 1.000000 8.000000 15.000000
209.850000 5.351147 44037.022500 4.000000 7.000000 0.000000 54.000000 4.000000 1.000000 6.000000
99.150000 4.606669 9830.722500 2.000000 5.000000 198.000000 63.000000 5.000000 4.000000 6.000000
38.640000 3.679839 1493.049600 1.000000 6.000000 327.000000 56.000000 2.000000 11.000000 6.000000
46.610000 3.863043 2172.492100 3.000000 2.000000 78.000000 59.000000 0.000000 11.000000 20.000000
17.980000 2.943386 323.280400 4.000000 6.000000 5.000000 37.000000 2.000000 10.000000 2.000000
46.320000 3.856933 2145.542400 3.000000 4.000000 215.000000 65.000000 2.000000 12.000000 18.000000
8.610000 2.262804 74.132100 1.000000 7.000000 77.000000 58.000000 0.000000 11.000000 18.000000
43.130000 3.787140 1860.196900 3.000000 0.000000 332.000000 44.000000 6.000000 11.000000 24.000000
67.190000 4.222298 4514.496100 4.000000 3.000000 128.000000 67.000000 1.000000 10.000000 8.000000
389.390000 5.967146 151624.572100 1.000000 8.000000 6.000000 55.000000 5.000000 10.000000 7.000000
101.550000 4.630350 10312.402500 2.000000 6.000000 139.000000 52.000000 3.000000 8.000000 29.000000
64.530000 4.182508 4164.120900 1.000000 6.000000 240.000000 54.000000 6.000000 4.000000 2.000000
24.270000 3.229618 589.032900 0.000000 8.000000 224.000000 61.000000 4.000000 4.000000 5.000000
28.590000 3.387436 817.388100 0.000000 6.000000 54.000000 47.000000 0.000000 12.000000 23.000000
47.120000 3.873698 2220.294400 0.000000 2.000000 125.000000 54.000000 5.000000 3.000000 16.000000
101.990000 4.634632 10401.960100 1.000000 6.000000 129.000000 64.000000 6.000000 11.000000 17.000000
91.710000 4.529476 8410.724100 4.000000 3.000000 58.000000 50.000000 5.000000 8.000000 17.000000
73.790000 4.314684 5444.964100 1.000000 3.000000 138.000000 51.000000 2.000000 9.000000 25.000000
122.990000 4.820201 15126.540100 1.000000 6.000000 138.000000 63.000000 6.000000 9.000000 1.000000
135.890000 4.919178 18466.092100 0.000000 8.000000 162.000000 48.000000 1.000000 9.000000 3.000000
26.330000 3.307985 693.268900 2.000000 6.000000 220.000000 41.000000 2.000000 6.000000 7.000000
226.590000 5.427546 51343.028100 4.000000 3.000000 12.000000 45.000000 1.000000 12.000000 24.000000
35.990000 3.610648 1295.280100 0.000000 2.000000 195.000000 48.000000 5.000000 6.000000 29.000000
58.920000 4.093010 3471.566400 0.000000 4.000000 147.000000 65.000000 5.000000 9.000000 16.000000
5.000000 1.791759 25.000000 4.000000 3.000000 160.000000 52.000000 6.000000 9.000000 22.000000
42.900000 3.781914 1840.410000 1.000000 2.000000 172.000000 47.000000 4.000000 5.000000 26.000000
56.430000 4.050567 3184.344900 1.000000 1.000000 73.000000 62.000000 6.000000 1.000000 29.000000
29.410000 3.414772 864.948100 4.000000 0.000000 171.000000 48.000000 6.000000 2.000000 26.000000
17.230000 2.903069 296.872900 0.000000 6.000000 126.000000 43.000000 2.000000 1.000000 11.000000
50.130000 3.934371 2513.016900 2.000000 1.000000 339.000000 51.000000 1.000000 4.000000 4.000000
184.030000 5.220518 33867.040900 2.000000 7.000000 5.000000 43.000000 5.000000 6.000000 29.000000
40.900000 3.735286 1672.810000 1.000000 5.000000 118.000000 71.000000 2.000000 8.000000 2.000000
92.110000 4.533782 8484.252100 3.000000 5.000000 292.000000 45.000000 1.000000 1.000000 9.000000
173.190000 5.160147 29994.776100 0.000000 0.000000 171.000000 37.000000 0.000000 7.000000 17.000000
68.040000 4.234686 4629.441600 3.000000 4.000000 278.000000 45.000000 6.000000 8.000000 18.000000
222.750000 5.410529 49617.562500 1.000000 3.000000 218.000000 47.000000 5.000000 7.000000 15.000000
222.320000 5.408606 49426.182400 2.000000 7.000000 28.000000 55.000000 1.000000 2.000000 27.000000
48.240000 3.896706 2327.097600 4.000000 2.000000 220.000000 49.000000 6.000000 12.000000 10.000000
71.620000 4.285240 5129.424400 0.000000 5.000000 131.000000 59.000000 5.000000 5.000000 13.000000
25.020000 3.258865 626.000400 2.000000 4.000000 10.000000 39.000000 3.000000 8.000000 22.000000
30.200000 3.440418 912.040000 2.000000 4.000000 258.000000 43.000000 5.000000 9.000000 2.000000
16.250000 2.847812 264.062500 1.000000 7.000000 180.000000 59.000000 5.000000 1.000000 28.000000
160.570000 5.084938 25782.724900 1.000000 4.000000 63.000000 55.000000 1.000000 4.000000 9.000000
77.140000 4.358502 5950.579600 3.000000 8.000000 298.000000 51.000000 1.000000 10.000000 22.000000
25.100000 3.261935 630.010000 0.000000 0.000000 259.000000 56.000000 6.000000 5.000000 21.000000
24.770000 3.249211 613.552900 2.000000 4.000000 265.000000 56.000000 6.000000 1.000000 8.000000
43.920000 3.804883 1928.966400 1.000000 8.000000 232.000000 54.000000 6.000000 12.000000 1.000000
149.910000 5.016684 22473.008100 2.000000 4.000000 150.000000 65.000000 6.000000 3.000000 24.000000
307.780000 5.732629 94728.528400 1.000000 4.000000 170.000000 53.000000 1.000000 4.000000 18.000000
334.610000 5.815950 111963.852100 1.000000 2.000000 145.000000 60.000000 5.000000 7.000000 8.000000
28.590000 3.387436 817.388100 1.000000 5.000000 182.000000 55.000000 0.000000 8.000000 19.000000
73.430000 4.309859 5391.964900 4.000000 8.000000 324.000000 63.000000 4.000000 12.000000 20.000000
42.200000 3.765840 1780.840000 1.000000 8.000000 264.000000 59.000000 5.000000 3.000000 16.000000
119.480000 4.791484 14275.470400 4.000000 0.000000 92.000000 57.000000 6.000000 12.000000 31.000000
230.880000 5.446220 53305.574400 1.000000 5.000000 42.000000 48.000000 4.000000 3.000000 8.000000
33.720000 3.547316 1137.038400 3.000000 2.000000 73.000000 62.000000 2.000000 8.000000 28.000000
259.970000 5.564405 67584.400900 0.000000 7.000000 280.000000 46.000000 3.000000 9.000000 7.000000
35.890000 3.607941 1288.092100 0.000000 3.000000 203.000000 69.000000 2.000000 4.000000 5.000000
13.370000 2.665143 178.756900 0.000000 2.000000 87.000000 56.000000 3.000000 7.000000 27.000000
86.170000 4.467860 7425.268900 2.000000 5.000000 307.000000 50.000000 1.000000 10.000000 17.000000
81.440000 4.412071 6632.473600 2.000000 0.000000 196.000000 55.000000 2.000000 5.000000 17.000000
53.390000 3.996180 2850.492100 4.000000 3.000000 331.000000 53.000000 3.000000 8.000000 10.000000
48.160000 3.895080 2319.385600 3.000000 3.000000 167.000000 38.000000 4.000000 11.000000 10.000000
127.360000 4.854839 16220.569600 1.000000 2.000000 313.000000 52.000000 4.000000 8.000000 9.000000
5.000000 1.791759 25.000000 1.000000 2.000000 111.000000 63.000000 4.000000 6.000000 7.000000
287.470000 5.664591 82639.000900 1.000000 8.000000 294.000000 49.000000 3.000000 3.000000 7.000000
23.740000 3.208421 563.587600 2.000000 1.000000 171.000000 45.000000 2.000000 1.000000 18.000000
59.390000 4.100824 3527.172100 1.000000 8.000000 66.000000 60.000000 2.000000 8.000000 30.000000
80.570000 4.401462 6491.524900 2.000000 5.000000 71.000000 62.000000 3.000000 7.000000 18.000000
28.700000 3.391147 823.690000 0.000000 1.000000 233.000000 65.000000 2.000000 11.000000 22.000000
380.780000 5.944845 144993.408400 0.000000 6.000000 292.000000 54.000000 4.000000 6.000000 2.000000
87.820000 4.486612 7712.352400 2.000000 4.000000 135.000000 51.000000 4.000000 12.000000 6.000000
21.000000 3.091042 441.000000 1.000000 8.000000 205.000000 69.000000 4.000000 2.000000 17.000000
237.260000 5.473363 56292.307600 2.000000 0.000000 233.000000 55.000000 6.000000 6.000000 30.000000
21.930000 3.132446 480.924900 4.000000 0.000000 202.000000 55.000000 1.000000 9.000000 3.000000
41.930000 3.759571 1758.124900 4.000000 5.000000 89.000000 58.000000 6.000000 10.000000 6.000000
56.260000 4.047602 3165.187600 2.000000 0.000000 264.000000 56.000000 5.000000 7.000000 27.000000
8.440000 2.244956 71.233600 3.000000 7.000000 134.000000 62.000000 6.000000 2.000000 4.000000
116.860000 4.769497 13656.259600 2.000000 5.000000 229.000000 50.000000 5.000000 8.000000 10.000000
63.710000 4.169916 4058.964100 4.000000 2.000000 58.000000 49.000000 1.000000 10.000000 8.000000
70.390000 4.268158 4954.752100 4.000000 5.000000 107.000000 59.000000 5.000000 4.000000 29.000000
12.990000 2.638343 168.740100 4.000000 3.000000 135.000000 56.000000 2.000000 11.000000 29.000000
5.000000 1.791759 25.000000 4.000000 3.000000 244.000000 59.000000 4.000000 2.000000 3.000000
87.600000 4.484132 7673.760000 0.000000 2.000000 128.000000 56.000000 3.000000 1.000000 25.000000
144.600000 4.980863 20909.160000 1.000000 6.000000 20.000000 56.000000 0.000000 7.000000 10.000000
18.640000 2.977568 347.449600 1.000000 4.000000 4.000000 41.000000 2.000000 12.000000 25.000000
6.340000 1.993339 40.195600 2.000000 6.000000 70.000000 62.000000 1.000000 7.000000 9.000000
30.470000 3.449035 928.420900 0.000000 5.000000 216.000000 65.000000 0.000000 3.000000 27.000000
72.680000 4.299731 5282.382400 4.000000 3.000000 136.000000 56.000000 2.000000 5.000000 8.000000
167.390000 5.126283 28019.412100 0.000000 3.000000 266.000000 58.000000 2.000000 7.000000 12.000000
134.070000 4.905793 17974.764900 1.000000 1.000000 138.000000 60.000000 5.000000 12.000000 16.000000
50.110000 3.933980 2511.012100 0.000000 5.000000 106.000000 64.000000 1.000000 8.000000 22.000000
61.910000 4.141705 3832.848100 2.000000 1.000000 332.000000 39.000000 3.000000 8.000000 29.000000
92.070000 4.533352 8476.884900 1.000000 5.000000 135.000000 59.000000 5.000000 5.000000 25.000000
5.000000 1.791759 25.000000 4.000000 8.000000 83.000000 62.000000 1.000000 1.000000 23.000000
90.220000 4.513274 8139.648400 3.000000 4.000000 284.000000 58.000000 1.000000 3.000000 28.000000
29.740000 3.425565 884.467600 2.000000 5.000000 224.000000 57.000000 1.000000 4.000000 4.000000
5.000000 1.791759 25.000000 2.000000 6.000000 53.000000 53.000000 2.000000 9.000000 20.000000
55.350000 4.031582 3063.622500 1.000000 7.000000 268.000000 62.000000 5.000000 2.000000 3.000000
17.420000 2.913437 303.456400 2.000000 7.000000 78.000000 62.000000 5.000000 11.000000 2.000000
22.060000 3.138100 486.643600 4.000000 5.000000 180.000000 70.000000 3.000000 1.000000 4.000000
21.360000 3.107274 456.249600 4.000000 8.000000 4.000000 41.000000 1.000000 9.000000 12.000000
31.560000 3.483085 996.033600 4.000000 3.000000 84.000000 62.000000 6.000000 6.000000 11.000000
21.390000 3.108614 457.532100 2.000000 7.000000 68.000000 63.000000 1.000000 2.000000 20.000000
44.430000 3.816173 1974.024900 0.000000 4.000000 184.000000 59.000000 1.000000 1.000000 30.000000
188.180000 5.242699 35411.712400 0.000000 1.000000 288.000000 51.000000 2.000000 5.000000 31.000000
109.900000 4.708629 12078.010000 2.000000 4.000000 335.000000 56.000000 0.000000 10.000000 14.000000
22.250000 3.146305 495.062500 2.000000 7.000000 192.000000 71.000000 2.000000 5.000000 8.000000
123.270000 4.822457 15195.492900 2.000000 7.000000 232.000000 50.000000 2.000000 3.000000 22.000000
66.620000 4.213904 4438.224400 0.000000 6.000000 11.000000 54.000000 1.000000 5.000000 16.000000
81.920000 4.417876 6710.886400 4.000000 0.000000 120.000000 59.000000 4.000000 7.000000 19.000000
64.800000 4.186620 4199.040000 4.000000 5.000000 49.000000 50.000000 3.000000 6.000000 20.000000
72.780000 4.301088 5296.928400 1.000000 7.000000 129.000000 51.000000 5.000000 5.000000 11.000000
275.070000 5.620654 75663.504900 3.000000 5.000000 278.000000 51.000000 6.000000 7.000000 14.000000
32.150000 3.501043 1033.622500 2.000000 1.000000 163.000000 46.000000 1.000000 12.000000 5.000000
107.070000 4.682779 11463.984900 0.000000 6.000000 139.000000 59.000000 2.000000 5.000000 10.000000
24.180000 3.226050 584.672400 2.000000 3.000000 169.000000 56.000000 5.000000 2.000000 25.000000
87.850000 4.486950 7717.622500 3.000000 6.000000 226.000000 47.000000 2.000000 6.000000 26.000000
27.480000 3.349202 755.150400 3.000000 8.000000 4.000000 48.000000 2.000000 7.000000 26.000000
21.080000 3.094672 444.366400 1.000000 5.000000 51.000000 52.000000 0.000000 3.000000 13.000000
40.840000 3.733853 1667.905600 1.000000 6.000000 228.000000 42.000000 5.000000 1.000000 7.000000
54.130000 4.009694 2930.056900 3.000000 3.000000 135.000000 63.000000 4.000000 6.000000 2.000000
99.220000 4.607368 9844.608400 2.000000 2.000000 314.000000 63.000000 0.000000 8.000000 19.000000
200.580000 5.306186 40232.336400 2.000000 0.000000 235.000000 58.000000 5.000000 10.000000 19.000000
68.510000 4.241471 4693.620100 3.000000 7.000000 214.000000 65.000000 6.000000 9.000000 22.000000
55.070000 4.026601 3032.704900 2.000000 4.000000 11.000000 54.000000 1.000000 2.000000 7.000000
37.260000 3.644405 1388.307600 4.000000 1.000000 233.000000 57.000000 3.000000 5.000000 2.000000
14.860000 2.763800 220.819600 1.000000 4.000000 126.000000 49.000000 2.000000 9.000000 4.000000
57.730000 4.072951 3332.752900 1.000000 5.000000 260.000000 59.000000 5.000000 9.000000 21.000000
103.020000 4.644583 10613.120400 2.000000 4.000000 58.000000 38.000000 1.000000 5.000000 14.000000
35.310000 3.592093 1246.796100 3.000000 2.000000 267.000000 63.000000 0.000000 11.000000 4.000000
15.880000 2.826129 252.174400 0.000000 0.000000 129.000000 62.000000 3.000000 11.000000 14.000000
98.330000 4.598448 9668.788900 4.000000 0.000000 254.000000 49.000000 6.000000 4.000000 23.000000
17.140000 2.898119 293.779600 4.000000 7.000000 162.000000 45.000000 5.000000 12.000000 16.000000
126.420000 4.847489 15982.016400 4.000000 8.000000 232.000000 61.000000 6.000000 7.000000 7.000000
11.100000 2.493205 123.210000 4.000000 4.000000 195.000000 55.000000 4.000000 2.000000 9.000000
34.470000 3.568687 1188.180900 2.000000 2.000000 239.000000 54.000000 0.000000 7.000000 15.000000
85.410000 4.459103 7294.868100 2.000000 4.000000 282.000000 50.000000 2.000000 1.000000 3.000000
107.220000 4.684166 11496.128400 1.000000 5.000000 52.000000 56.000000 0.000000 11.000000 11.000000
5.000000 1.791759 25.000000 4.000000 3.000000 28.000000 54.000000 1.000000 2.000000 21.000000
67.630000 4.228730 4573.816900 2.000000 6.000000 332.000000 50.000000 0.000000 4.000000 15.000000
24.990000 3.257712 624.500100 4.000000 2.000000 178.000000 57.000000 0.000000 4.000000 1.000000
134.990000 4.912581 18222.300100 4.000000 5.000000 332.000000 48.000000 0.000000 9.000000 9.000000
176.020000 5.176263 30983.040400 2.000000 6.000000 48.000000 51.000000 0.000000 1.000000 22.000000
70.170000 4.265071 4923.828900 4.000000 8.000000 134.000000 63.000000 6.000000 6.000000 18.000000
299.780000 5.706379 89868.048400 3.000000 7.000000 96.000000 57.000000 6.000000 3.000000 24.000000
53.580000 3.999668 2870.816400 2.000000 2.000000 10.000000 34.000000 0.000000 12.000000 18.000000
6.460000 2.009555 41.731600 3.000000 4.000000 87.000000 58.000000 2.000000 12.000000 13.000000
103.310000 4.647367 10672.956100 0.000000 6.000000 139.000000 64.000000 6.000000 1.000000 22.000000
64.300000 4.178992 4134.490000 1.000000 5.000000 295.000000 44.000000 6.000000 8.000000 20.000000
82.740000 4.427717 6845.907600 0.000000 7.000000 234.000000 61.000000 0.000000 11.000000 18.000000
26.320000 3.307619 692.742400 1.000000 5.000000 116.000000 70.000000 5.000000 2.000000 10.000000
68.960000 4.247924 4755.481600 4.000000 3.000000 177.000000 54.000000 2.000000 10.000000 18.000000
67.000000 4.219508 4489.000000 3.000000 5.000000 143.000000 56.000000 6.000000 3.000000 26.000000
61.300000 4.131961 3757.690000 3.000000 0.000000 85.000000 59.000000 5.000000 6.000000 29.000000
76.830000 4.354527 5902.848900 4.000000 4.000000 79.000000 66.000000 6.000000 3.000000 12.000000
5.200000 1.824549 27.040000 1.000000 1.000000 179.000000 58.000000 0.000000 2.000000 6.000000
252.010000 5.533429 63509.040100 3.000000 0.000000 275.000000 54.000000 1.000000 12.000000 24.000000
50.280000 3.937301 2528.078400 1.000000 4.000000 184.000000 67.000000 5.000000 2.000000 25.000000
32.360000 3.507358 1047.169600 1.000000 8.000000 183.000000 70.000000 0.000000 11.000000 11.000000
60.610000 4.120824 3673.572100 1.000000 2.000000 23.000000 47.000000 6.000000 2.000000 4.000000
110.650000 4.715369 12243.422500 0.000000 5.000000 305.000000 52.000000 3.000000 9.000000 12.000000
46.280000 3.856087 2141.838400 3.000000 1.000000 249.000000 43.000000 2.000000 11.000000 6.000000
98.660000 4.601764 9733.795600 0.000000 6.000000 13.000000 54.000000 4.000000 9.000000 8.000000
10.820000 2.469793 117.072400 4.000000 5.000000 244.000000 55.000000 2.000000 12.000000 6.000000
5.000000 1.791759 25.000000 2.000000 4.000000 185.000000 66.000000 6.000000 1.000000 22.000000
34.750000 3.576550 1207.562500 4.000000 7.000000 4.000000 44.000000 3.000000 3.000000 16.000000
80.020000 4.394696 6403.200400 3.000000 5.000000 167.000000 43.000000 6.000000 8.000000 25.000000
71.050000 4.277360 5048.102500 2.000000 6.000000 255.000000 41.000000 6.000000 11.000000 24.000000
39.190000 3.693618 1535.856100 4.000000 8.000000 120.000000 67.000000 6.000000 6.000000 2.000000
176.180000 5.177166 31039.392400 1.000000 5.000000 328.000000 60.000000 2.000000 11.000000 1.000000
169.630000 5.139497 28774.336900 2.000000 1.000000 301.000000 52.000000 6.000000 12.000000 24.000000
47.950000 3.890799 2299.202500 4.000000 7.000000 111.000000 67.000000 6.000000 12.000000 8.000000
70.560000 4.270536 4978.713600 4.000000 7.000000 134.000000 59.000000 3.000000 12.000000 7.000000
45.220000 3.833413 2044.848400 1.000000 2.000000 183.000000 59.000000 4.000000 5.000000 10.000000
36.630000 3.627802 1341.756900 4.000000 1.000000 21.000000 51.000000 4.000000 10.000000 4.000000
61.110000 4.128907 3734.432100 2.000000 5.000000 253.000000 43.000000 1.000000 2.000000 20.000000
53.800000 4.003690 2894.440000 1.000000 5.000000 330.000000 61.000000 4.000000 5.000000 24.000000
18.530000 2.971952 343.360900 4.000000 2.000000 66.000000 62.000000 6.000000 8.000000 20.000000
142.670000 4.967519 20354.728900 0.000000 0.000000 166.000000 56.000000 4.000000 2.000000 23.000000
213.490000 5.368263 45577.980100 1.000000 5.000000 325.000000 52.000000 5.000000 10.000000 28.000000
83.010000 4.430936 6890.660100 1.000000 1.000000 177.000000 50.000000 2.000000 9.000000 27.000000
5.320000 1.843719 28.302400 1.000000 1.000000 120.000000 66.000000 4.000000 7.000000 5.000000
75.580000 4.338336 5712.336400 4.000000 2.000000 215.000000 65.000000 2.000000 5.000000 3.000000
97.220000 4.587210 9451.728400 3.000000 5.000000 133.000000 62.000000 5.000000 1.000000 21.000000
61.360000 4.132924 3765.049600 0.000000 3.000000 4.000000 36.000000 6.000000 7.000000 9.000000
251.730000 5.532322 63367.992900 4.000000 5.000000 96.000000 63.000000 0.000000 4.000000 15.000000
37.170000 3.642050 1381.608900 3.000000 0.000000 91.000000 56.000000 6.000000 9.000000 22.000000
90.160000 4.512616 8128.825600 1.000000 5.000000 230.000000 60.000000 4.000000 12.000000 22.000000
112.050000 4.727830 12555.202500 3.000000 1.000000 129.000000 60.000000 1.000000 3.000000 21.000000
5.000000 1.791759 25.000000 0.000000 1.000000 144.000000 59.000000 3.000000 3.000000 2.000000
91.340000 4.525477 8342.995600 1.000000 0.000000 290.000000 60.000000 6.000000 8.000000 6.000000
114.110000 4.745888 13021.092100 1.000000 2.000000 196.000000 56.000000 0.000000 1.000000 23.000000
52.050000 3.971235 2709.202500 2.000000 7.000000 12.000000 40.000000 0.000000 7.000000 29.000000
38.900000 3.686376 1513.210000 3.000000 4.000000 51.000000 51.000000 4.000000 11.000000 22.000000
65.080000 4.190866 4235.406400 0.000000 1.000000 212.000000 56.000000 0.000000 9.000000 18.000000
104.550000 4.659185 10930.702500 0.000000 7.000000 133.000000 57.000000 3.000000 3.000000 16.000000
19.140000 3.002708 366.339600 0.000000 5.000000 51.000000 45.000000 0.000000 7.000000 8.000000
62.750000 4.154969 3937.562500 2.000000 6.000000 220.000000 52.000000 4.000000 1.000000 6.000000
227.480000 5.431449 51747.150400 0.000000 5.000000 291.000000 46.000000 2.000000 1.000000 25.000000
69.320000 4.253056 4805.262400 3.000000 2.000000 161.000000 53.000000 0.000000 10.000000 30.000000
22.200000 3.144152 492.840000 2.000000 0.000000 162.000000 48.000000 3.000000 2.000000 29.000000
59.450000 4.101817 3534.302500 0.000000 4.000000 130.000000 56.000000 5.000000 4.000000 29.000000
44.550000 3.818811 1984.702500 2.000000 5.000000 176.000000 49.000000 4.000000 5.000000 12.000000
39.920000 3.711619 1593.606400 3.000000 8.000000 196.000000 51.000000 2.000000 4.000000 19.000000
165.930000 5.117575 27532.764900 2.000000 1.000000 36.000000 60.000000 1.000000 1.000000 9.000000
5.000000 1.791759 25.000000 0.000000 3.000000 47.000000 51.000000 4.000000 7.000000 28.000000
98.980000 4.604970 9797.040400 0.000000 5.000000 1.000000 36.000000 3.000000 8.000000 22.000000
9.580000 2.358965 91.776400 2.000000 6.000000 65.000000 58.000000 0.000000 6.000000 24.000000
277.090000 5.627945 76778.868100 0.000000 1.000000 43.000000 46.000000 1.000000 6.000000 18.000000
54.940000 4.024280 3018.403600 2.000000 2.000000 0.000000 53.000000 6.000000 9.000000 29.000000
16.600000 2.867899 275.560000 1.000000 5.000000 260.000000 59.000000 1.000000 6.000000 6.000000
44.580000 3.819469 1987.376400 2.000000 7.000000 121.000000 71.000000 0.000000 9.000000 9.000000
64.970000 4.189200 4221.100900 4.000000 4.000000 84.000000 51.000000 5.000000 12.000000 14.000000
33.470000 3.540089 1120.240900 4.000000 1.000000 130.000000 62.000000 3.000000 10.000000 26.000000
135.210000 4.914198 18281.744100 3.000000 6.000000 229.000000 58.000000 4.000000 10.000000 25.000000
29.210000 3.408173 853.224100 1.000000 4.000000 270.000000 51.000000 6.000000 6.000000 11.000000
71.830000 4.288128 5159.548900 1.000000 0.000000 90.000000 44.000000 1.000000 3.000000 21.000000
59.310000 4.099498 3517.676100 4.000000 7.000000 78.000000 62.000000 1.000000 10.000000 1.000000
82.240000 4.421728 6763.417600 1.000000 1.000000 136.000000 62.000000 2.000000 5.000000 1.000000
33.920000 3.553060 1150.566400 3.000000 2.000000 220.000000 46.000000 1.000000 5.000000 16.000000
37.930000 3.661765 1438.684900 3.000000 5.000000 169.000000 51.000000 4.000000 9.000000 27.000000
39.770000 3.707947 1581.652900 0.000000 5.000000 120.000000 67.000000 5.000000 2.000000 25.000000
5.000000 1.791759 25.000000 4.000000 0.000000 181.000000 69.000000 1.000000 12.000000 3.000000
94.050000 4.554403 8845.402500 4.000000 2.000000 339.000000 52.000000 3.000000 3.000000 2.000000
52.760000 3.984530 2783.617600 1.000000 1.000000 138.000000 51.000000 2.000000 12.000000 4.000000
30.540000 3.451257 932.691600 0.000000 6.000000 67.000000 56.000000 3.000000 6.000000 22.000000
27.950000 3.365570 781.202500 0.000000 6.000000 121.000000 70.000000 0.000000 3.000000 13.000000
17.570000 2.921547 308.704900 4.000000 7.000000 79.000000 59.000000 2.000000 2.000000 15.000000
64.750000 4.185860 4192.562500 3.000000 4.000000 163.000000 40.000000 2.000000 10.000000 9.000000
131.630000 4.887563 17326.456900 0.000000 1.000000 98.000000 63.000000 3.000000 5.000000 23.000000
227.750000 5.432630 51870.062500 3.000000 2.000000 38.000000 44.000000 5.000000 6.000000 24.000000
75.620000 4.338858 5718.384400 3.000000 1.000000 221.000000 53.000000 0.000000 2.000000 20.000000
97.170000 4.586701 9442.008900 2.000000 3.000000 132.000000 62.000000 1.000000 3.000000 7.000000
126.540000 4.848430 16012.371600 3.000000 4.000000 234.000000 58.000000 1.000000 7.000000 18.000000
89.200000 4.502029 7956.640000 1.000000 5.000000 263.000000 62.000000 2.000000 2.000000 14.000000
10.850000 2.472328 117.722500 1.000000 6.000000 50.000000 54.000000 2.000000 6.000000 7.000000
75.670000 4.339510 5725.948900 0.000000 5.000000 295.000000 44.000000 2.000000 11.000000 15.000000
48.240000 3.896706 2327.097600 4.000000 0.000000 134.000000 59.000000 5.000000 11.000000 18.000000
230.310000 5.443759 53042.696100 0.000000 2.000000 118.000000 68.000000 3.000000 11.000000 23.000000
81.020000 4.406963 6564.240400 2.000000 2.000000 113.000000 55.000000 5.000000 2.000000 24.000000
52.580000 3.981176 2764.656400 2.000000 7.000000 234.000000 60.000000 1.000000 8.000000 29.000000
97.120000 4.586191 9432.294400 0.000000 3.000000 3.000000 43.000000 3.000000 6.000000 29.000000
14.590000 2.746630 212.868100 3.000000 7.000000 300.000000 56.000000 0.000000 1.000000 8.000000
178.990000 5.192901 32037.420100 4.000000 8.000000 91.000000 57.000000 2.000000 6.000000 28.000000
43.350000 3.792113 1879.222500 0.000000 0.000000 78.000000 56.000000 1.000000 2.000000 21.000000
224.740000 5.419384 50508.067600 2.000000 8.000000 27.000000 52.000000 1.000000 5.000000 23.000000
98.070000 4.595827 9617.724900 0.000000 5.000000 162.000000 45.000000 1.000000 1.000000 23.000000
5.000000 1.791759 25.000000 1.000000 0.000000 69.000000 58.000000 4.000000 6.000000 16.000000
5.000000 1.791759 25.000000 4.000000 2.000000 183.000000 63.000000 5.000000 2.000000 4.000000
73.190000 4.306629 5356.776100 2.000000 8.000000 327.000000 59.000000 0.000000 5.000000 22.000000
91.750000 4.529908 8418.062500 1.000000 6.000000 110.000000 67.000000 1.000000 11.000000 5.000000
38.630000 3.679586 1492.276900 3.000000 6.000000 78.000000 51.000000 6.000000 2.000000 18.000000
5.000000 1.791759 25.000000 3.000000 5.000000 183.000000 58.000000 4.000000 6.000000 14.000000
40.590000 3.727860 1647.548100 4.000000 5.000000 50.000000 54.000000 3.000000 3.000000 21.000000
16.880000 2.883683 284.934400 0.000000 8.000000 80.000000 51.000000 0.000000 3.000000 6.000000
8.530000 2.254445 72.760900 2.000000 8.000000 130.000000 50.000000 5.000000 11.000000 9.000000
312.180000 5.746778 97456.352400 1.000000 2.000000 46.000000 53.000000 0.000000 12.000000 25.000000
15.690000 2.814810 246.176100 1.000000 7.000000 33.000000 52.000000 1.000000 10.000000 29.000000
179.920000 5.198055 32371.206400 3.000000 4.000000 234.000000 61.000000 0.000000 10.000000 23.000000
246.200000 5.510198 60614.440000 1.000000 2.000000 293.000000 54.000000 6.000000 11.000000 10.000000
17.450000 2.915064 304.502500 3.000000 8.000000 195.000000 43.000000 6.000000 8.000000 27.000000
139.420000 4.944638 19437.936400 0.000000 5.000000 150.000000 59.000000 3.000000 12.000000 19.000000
31.600000 3.484312 998.560000 1.000000 1.000000 87.000000 62.000000 2.000000 9.000000 13.000000
253.200000 5.538121 64110.240000 0.000000 0.000000 32.000000 44.000000 2.000000 12.000000 20.000000
65.990000 4.204543 4354.680100 1.000000 7.000000 159.000000 64.000000 2.000000 4.000000 10.000000
20.020000 3.045474 400.800400 1.000000 7.000000 241.000000 49.000000 6.000000 2.000000 12.000000
181.070000 5.204391 32786.344900 2.000000 4.000000 166.000000 57.000000 0.000000 10.000000 14.000000
11.520000 2.527327 132.710400 3.000000 1.000000 103.000000 63.000000 4.000000 10.000000 6.000000
28.120000 3.371425 790.734400 3.000000 2.000000 71.000000 51.000000 5.000000 12.000000 30.000000
36.220000 3.616846 1311.888400 0.000000 5.000000 185.000000 70.000000 5.000000 5.000000 13.000000
39.650000 3.704999 1572.122500 0.000000 0.000000 24.000000 48.000000 3.000000 3.000000 21.000000
47.420000 3.879913 2248.656400 2.000000 6.000000 132.000000 56.000000 1.000000 2.000000 28.000000
110.030000 4.709800 12106.600900 3.000000 8.000000 136.000000 57.000000 4.000000 6.000000 14.000000
182.280000 5.211015 33225.998400 3.000000 3.000000 254.000000 39.000000 4.000000 3.000000 15.000000
127.650000 4.857096 16294.522500 3.000000 6.000000 129.000000 60.000000 3.000000 7.000000 13.000000
59.520000 4.102974 3542.630400 4.000000 0.000000 177.000000 38.000000 5.000000 12.000000 14.000000
457.090000 6.127066 208931.268100 4.000000 5.000000 98.000000 63.000000 0.000000 9.000000 9.000000
104.470000 4.658427 10913.980900 2.000000 7.000000 4.000000 49.000000 4.000000 11.000000 8.000000
124.560000 4.832784 15515.193600 1.000000 4.000000 157.000000 54.000000 0.000000 12.000000 23.000000
87.870000 4.487175 7721.136900 2.000000 8.000000 240.000000 50.000000 6.000000 7.000000 28.000000
228.810000 5.437253 52354.016100 2.000000 5.000000 297.000000 43.000000 0.000000 12.000000 2.000000
268.150000 5.595269 71904.422500 1.000000 5.000000 54.000000 48.000000 4.000000 5.000000 10.000000
60.410000 4.117573 3649.368100 2.000000 5.000000 254.000000 43.000000 6.000000 8.000000 25.000000
88.220000 4.491105 7782.768400 3.000000 7.000000 127.000000 54.000000 4.000000 5.000000 12.000000
69.580000 4.256747 4841.376400 3.000000 2.000000 245.000000 53.000000 2.000000 6.000000 5.000000
20.870000 3.085116 435.556900 1.000000 8.000000 205.000000 62.000000 2.000000 7.000000 19.000000
50.380000 3.939249 2538.144400 1.000000 8.000000 191.000000 65.000000 5.000000 12.000000 16.000000
17.740000 2.930660 314.707600 1.000000 7.000000 253.000000 46.000000 3.000000 6.000000 29.000000
102.890000 4.643333 10586.352100 2.000000 4.000000 258.000000 56.000000 5.000000 10.000000 21.000000
236.820000 5.471514 56083.712400 0.000000 3.000000 123.000000 46.000000 5.000000 7.000000 20.000000
214.940000 5.375001 46199.203600 1.000000 5.000000 324.000000 60.000000 0.000000 7.000000 17.000000
81.420000 4.411828 6629.216400 2.000000 5.000000 49.000000 44.000000 6.000000 9.000000 10.000000
27.730000 3.357942 768.952900 1.000000 3.000000 207.000000 57.000000 2.000000 8.000000 7.000000
65.100000 4.191169 4238.010000 0.000000 5.000000 146.000000 60.000000 2.000000 11.000000 6.000000
104.160000 4.655483 10849.305600 1.000000 3.000000 313.000000 52.000000 2.000000 2.000000 14.000000
5.000000 1.791759 25.000000 2.000000 2.000000 167.000000 48.000000 4.000000 11.000000 29.000000
163.780000 5.104611 26823.888400 2.000000 3.000000 153.000000 66.000000 6.000000 1.000000 7.000000
12.590000 2.609334 158.508100 1.000000 0.000000 68.000000 51.000000 1.000000 1.000000 24.000000
16.650000 2.870736 277.222500 1.000000 0.000000 169.000000 63.000000 0.000000 4.000000 3.000000
39.100000 3.691376 1528.810000 3.000000 2.000000 12.000000 52.000000 2.000000 11.000000 8.000000
89.790000 4.508549 8062.244100 2.000000 1.000000 223.000000 50.000000 1.000000 12.000000 12.000000
6.510000 2.016235 42.380100 0.000000 2.000000 189.000000 70.000000 3.000000 11.000000 21.000000
27.280000 3.342155 744.198400 0.000000 6.000000 186.000000 71.000000 6.000000 4.000000 2.000000
118.380000 4.782312 14013.824400 4.000000 5.000000 192.000000 56.000000 3.000000 8.000000 29.000000
5.000000 1.791759 25.000000 2.000000 5.000000 255.000000 40.000000 0.000000 7.000000 8.000000
39.340000 3.697344 1547.635600 2.000000 7.000000 106.000000 59.000000 3.000000 7.000000 25.000000
30.180000 3.439777 910.832400 2.000000 5.000000 89.000000 58.000000 0.000000 10.000000 14.000000
9.530000 2.354228 90.820900 1.000000 6.000000 137.000000 55.000000 0.000000 1.000000 23.000000
224.270000 5.417300 50297.032900 3.000000 5.000000 9.000000 52.000000 0.000000 4.000000 24.000000
71.060000 4.277499 5049.523600 3.000000 1.000000 301.000000 51.000000 0.000000 2.000000 26.000000
11.720000 2.543176 137.358400 3.000000 4.000000 256.000000 49.000000 0.000000 7.000000 3.000000
8.610000 2.262804 74.132100 1.000000 2.000000 183.000000 69.000000 3.000000 10.000000 31.000000
5.000000 1.791759 25.000000 2.000000 3.000000 140.000000 48.000000 1.000000 10.000000 22.000000
118.240000 4.781138 13980.697600 0.000000 7.000000 254.000000 50.000000 5.000000 1.000000 7.000000
127.450000 4.855540 16243.502500 1.000000 2.000000 136.000000 63.000000 5.000000 11.000000 9.000000
18.260000 2.958030 333.427600 0.000000 0.000000 250.000000 53.000000 5.000000 6.000000 17.000000
48.560000 3.903184 2358.073600 4.000000 5.000000 73.000000 62.000000 3.000000 12.000000 26.000000
101.360000 4.628496 10273.849600 1.000000 5.000000 167.000000 39.000000 0.000000 4.000000 3.000000
86.410000 4.470610 7466.688100 0.000000 7.000000 128.000000 62.000000 4.000000 8.000000 11.000000
126.980000 4.851874 16123.920400 2.000000 2.000000 156.000000 64.000000 3.000000 8.000000 1.000000
146.760000 4.995589 21538.497600 4.000000 3.000000 92.000000 63.000000 4.000000 8.000000 2.000000
21.310000 3.105035 454.116100 4.000000 6.000000 68.000000 61.000000 0.000000 9.000000 9.000000
66.830000 4.217005 4466.248900 0.000000 5.000000 266.000000 51.000000 1.000000 5.000000 7.000000
27.640000 3.354804 763.969600 1.000000 8.000000 191.000000 59.000000 3.000000 3.000000 2.000000
9.750000 2.374906 95.062500 0.000000 5.000000 262.000000 50.000000 0.000000 7.000000 8.000000
11.220000 2.503074 125.888400 0.000000 3.000000 165.000000 47.000000 1.000000 11.000000 19.000000
9.200000 2.322388 84.640000 0.000000 5.000000 180.000000 58.000000 5.000000 10.000000 14.000000
17.260000 2.904713 297.907600 2.000000 8.000000 197.000000 47.000000 6.000000 6.000000 11.000000
64.700000 4.185099 4186.090000 1.000000 6.000000 8.000000 42.000000 0.000000 10.000000 14.000000
9.330000 2.335052 87.048900 1.000000 6.000000 238.000000 59.000000 6.000000 12.000000 3.000000
72.750000 4.300681 5292.562500 4.000000 7.000000 264.000000 56.000000 5.000000 11.000000 16.000000
45.820000 3.846310 2099.472400 4.000000 3.000000 266.000000 56.000000 0.000000 4.000000 8.000000
129.700000 4.872905 16822.090000 1.000000 8.000000 319.000000 64.000000 2.000000 12.000000 11.000000
28.980000 3.400530 839.840400 3.000000 6.000000 34.000000 58.000000 5.000000 12.000000 7.000000
28.480000 3.383712 811.110400 1.000000 4.000000 196.000000 48.000000 6.000000 12.000000 8.000000
323.140000 5.781176 104419.459600 4.000000 4.000000 38.000000 44.000000 0.000000 2.000000 6.000000
55.810000 4.039712 3114.756100 2.000000 1.000000 71.000000 56.000000 4.000000 3.000000 17.000000
38.610000 3.679082 1490.732100 1.000000 5.000000 253.000000 50.000000 0.000000 2.000000 12.000000
43.140000 3.787366 1861.059600 0.000000 2.000000 264.000000 63.000000 4.000000 10.000000 4.000000
98.880000 4.603969 9777.254400 2.000000 5.000000 177.000000 46.000000 4.000000 8.000000 30.000000
150.840000 5.022827 22752.705600 1.000000 4.000000 277.000000 51.000000 5.000000 6.000000 1.000000
59.980000 4.110546 3597.600400 4.000000 4.000000 261.000000 56.000000 3.000000 1.000000 26.000000
18.040000 2.946542 325.441600 4.000000 7.000000 46.000000 53.000000 2.000000 8.000000 21.000000
125.170000 4.837630 15667.528900 2.000000 0.000000 31.000000 49.000000 2.000000 10.000000 30.000000
277.970000 5.631104 77267.320900 0.000000 8.000000 179.000000 53.000000 6.000000 11.000000 24.000000
56.710000 4.055430 3216.024100 2.000000 5.000000 29.000000 58.000000 5.000000 4.000000 6.000000
50.780000 3.947004 2578.608400 1.000000 7.000000 329.000000 50.000000 5.000000 10.000000 19.000000
39.070000 3.690628 1526.464900 3.000000 2.000000 241.000000 60.000000 5.000000 4.000000 29.000000
23.600000 3.202746 556.960000 0.000000 0.000000 165.000000 43.000000 4.000000 1.000000 5.000000
30.970000 3.464798 959.140900 2.000000 1.000000 221.000000 53.000000 2.000000 8.000000 21.000000
30.660000 3.455054 940.035600 3.000000 3.000000 187.000000 59.000000 3.000000 3.000000 7.000000
294.820000 5.689751 86918.832400 0.000000 7.000000 282.000000 51.000000 3.000000 1.000000 11.000000
126.240000 4.846075 15936.537600 0.000000 8.000000 164.000000 61.000000 6.000000 2.000000 11.000000
70.330000 4.267317 4946.308900 2.000000 4.000000 263.000000 56.000000 5.000000 12.000000 14.000000
118.110000 4.780047 13949.972100 0.000000 5.000000 254.000000 44.000000 4.000000 4.000000 5.000000
253.650000 5.539890 64338.322500 3.000000 5.000000 63.000000 44.000000 0.000000 11.000000 13.000000
32.660000 3.516310 1066.675600 4.000000 2.000000 339.000000 52.000000 5.000000 8.000000 31.000000
156.120000 5.057010 24373.454400 2.000000 2.000000 154.000000 65.000000 5.000000 8.000000 26.000000
106.710000 4.679442 11387.024100 0.000000 5.000000 119.000000 60.000000 3.000000 3.000000 7.000000
23.410000 3.194993 548.028100 1.000000 6.000000 81.000000 62.000000 6.000000 8.000000 6.000000
99.580000 4.610953 9916.176400 3.000000 2.000000 241.000000 61.000000 6.000000 3.000000 19.000000
161.610000 5.091355 26117.792100 2.000000 7.000000 306.000000 57.000000 5.000000 2.000000 4.000000
217.290000 5.385824 47214.944100 0.000000 1.000000 231.000000 62.000000 2.000000 10.000000 11.000000
237.360000 5.473782 56339.769600 4.000000 0.000000 59.000000 53.000000 1.000000 11.000000 28.000000
30.310000 3.443938 918.696100 4.000000 8.000000 172.000000 51.000000 0.000000 6.000000 3.000000
21.780000 3.125883 474.368400 2.000000 7.000000 208.000000 62.000000 5.000000 2.000000 11.000000
40.910000 3.735524 1673.628100 1.000000 2.000000 73.000000 59.000000 2.000000 4.000000 17.000000
61.720000 4.138680 3809.358400 1.000000 2.000000 80.000000 63.000000 2.000000 8.000000 14.000000
92.740000 4.540525 8600.707600 1.000000 5.000000 335.000000 51.000000 1.000000 7.000000 25.000000
62.720000 4.154498 3933.798400 1.000000 6.000000 167.000000 38.000000 5.000000 4.000000 20.000000
53.370000 3.995813 2848.356900 2.000000 4.000000 60.000000 58.000000 2.000000 11.000000 29.000000
103.680000 4.650908 10749.542400 1.000000 7.000000 105.000000 65.000000 2.000000 4.000000 24.000000
34.370000 3.565864 1181.296900 4.000000 3.000000 330.000000 61.000000 0.000000 9.000000 16.000000
53.890000 4.005331 2904.132100 1.000000 4.000000 116.000000 70.000000 3.000000 10.000000 5.000000
85.570000 4.460953 7322.224900 3.000000 5.000000 171.000000 41.000000 4.000000 6.000000 14.000000
33.800000 3.549617 1142.440000 4.000000 2.000000 114.000000 66.000000 1.000000 6.000000 4.000000
26.880000 3.327910 722.534400 2.000000 7.000000 66.000000 62.000000 5.000000 8.000000 24.000000
31.630000 3.485232 1000.456900 2.000000 5.000000 264.000000 59.000000 0.000000 1.000000 2.000000
187.240000 5.237718 35058.817600 1.000000 3.000000 146.000000 59.000000 6.000000 5.000000 19.000000
125.410000 4.839531 15727.668100 3.000000 2.000000 139.000000 60.000000 4.000000 2.000000 24.000000
10.140000 2.410542 102.819600 3.000000 6.000000 60.000000 58.000000 6.000000 5.000000 26.000000
16.180000 2.843746 261.792400 4.000000 7.000000 98.000000 51.000000 1.000000 2.000000 27.000000
131.260000 4.884770 17229.187600 2.000000 4.000000 137.000000 52.000000 5.000000 2.000000 24.000000
35.580000 3.599502 1265.936400 4.000000 4.000000 241.000000 61.000000 6.000000 7.000000 2.000000
39.270000 3.695607 1542.132900 4.000000 3.000000 10.000000 39.000000 3.000000 6.000000 29.000000
65.200000 4.192680 4251.040000 0.000000 0.000000 298.000000 54.000000 1.000000 1.000000 24.000000
68.590000 4.242621 4704.588100 2.000000 4.000000 167.000000 46.000000 3.000000 7.000000 13.000000
63.240000 4.162626 3999.297600 0.000000 3.000000 267.000000 59.000000 5.000000 2.000000 10.000000
158.070000 5.069344 24986.124900 1.000000 3.000000 124.000000 58.000000 0.000000 6.000000 17.000000
36.630000 3.627802 1341.756900 2.000000 7.000000 189.000000 55.000000 6.000000 4.000000 21.000000
54.590000 4.018003 2980.068100 3.000000 7.000000 244.000000 57.000000 3.000000 7.000000 4.000000
484.810000 6.185818 235040.736100 4.000000 5.000000 285.000000 58.000000 0.000000 5.000000 20.000000
86.740000 4.474378 7523.827600 2.000000 7.000000 163.000000 46.000000 4.000000 6.000000 7.000000
57.970000 4.077029 3360.520900 3.000000 5.000000 257.000000 53.000000 5.000000 7.000000 13.000000
34.610000 3.572626 1197.852100 1.000000 0.000000 234.000000 54.000000 3.000000 5.000000 9.000000
38.460000 3.675288 1479.171600 4.000000 8.000000 132.000000 62.000000 5.000000 3.000000 2.000000
24.830000 3.251537 616.528900 4.000000 0.000000 47.000000 48.000000 0.000000 2.000000 5.000000
170.000000 5.141664 28900.000000 4.000000 4.000000 38.000000 56.000000 2.000000 4.000000 5.000000
500.160000 6.216925 250160.025600 1.000000 8.000000 327.000000 61.000000 4.000000 11.000000 8.000000
60.160000 4.113493 3619.225600 0.000000 2.000000 119.000000 67.000000 2.000000 4.000000 5.000000
68.060000 4.234976 4632.163600 2.000000 5.000000 129.000000 62.000000 1.000000 2.000000 20.000000
40.860000 3.734331 1669.539600 2.000000 6.000000 83.000000 59.000000 2.000000 2.000000 7.000000
86.690000 4.473808 7515.156100 0.000000 2.000000 137.000000 62.000000 2.000000 9.000000 6.000000
68.600000 4.242765 4705.960000 2.000000 8.000000 121.000000 67.000000 4.000000 4.000000 12.000000
134.430000 4.908455 18071.424900 3.000000 4.000000 149.000000 62.000000 2.000000 9.000000 13.000000
10.330000 2.427454 106.708900 0.000000 8.000000 60.000000 48.000000 3.000000 8.000000 29.000000
5.000000 1.791759 25.000000 2.000000 6.000000 254.000000 45.000000 2.000000 11.000000 8.000000
5.000000 1.791759 25.000000 2.000000 1.000000 235.000000 59.000000 1.000000 8.000000 6.000000
129.950000 4.874816 16887.002500 0.000000 7.000000 225.000000 50.000000 5.000000 10.000000 5.000000
144.550000 4.980520 20894.702500 3.000000 1.000000 156.000000 59.000000 6.000000 12.000000 8.000000
155.100000 5.050497 24056.010000 0.000000 3.000000 193.000000 46.000000 3.000000 2.000000 8.000000
5.000000 1.791759 25.000000 3.000000 1.000000 158.000000 57.000000 5.000000 11.000000 25.000000
35.690000 3.602504 1273.776100 3.000000 6.000000 162.000000 46.000000 1.000000 2.000000 20.000000
69.700000 4.258446 4858.090000 2.000000 4.000000 197.000000 46.000000 6.000000 4.000000 28.000000
12.300000 2.587764 151.290000 1.000000 6.000000 123.000000 48.000000 5.000000 10.000000 26.000000
366.060000 5.905525 133999.923600 1.000000 2.000000 335.000000 51.000000 3.000000 5.000000 18.000000
37.610000 3.653511 1414.512100 1.000000 1.000000 76.000000 62.000000 5.000000 11.000000 30.000000
149.960000 5.017015 22488.001600 3.000000 2.000000 163.000000 48.000000 3.000000 9.000000 12.000000
321.190000 5.775141 103163.016100 0.000000 8.000000 222.000000 54.000000 0.000000 5.000000 20.000000
33.260000 3.533978 1106.227600 4.000000 7.000000 265.000000 63.000000 0.000000 2.000000 12.000000
50.670000 3.944877 2567.448900 0.000000 0.000000 67.000000 59.000000 1.000000 1.000000 31.000000
158.140000 5.069784 25008.259600 1.000000 6.000000 178.000000 54.000000 5.000000 1.000000 13.000000
38.460000 3.675288 1479.171600 2.000000 1.000000 110.000000 59.000000 1.000000 6.000000 13.000000
42.730000 3.778034 1825.852900 4.000000 3.000000 205.000000 62.000000 1.000000 10.000000 29.000000
259.640000 5.563140 67412.929600 3.000000 2.000000 225.000000 53.000000 3.000000 6.000000 6.000000
33.260000 3.533978 1106.227600 4.000000 3.000000 257.000000 50.000000 4.000000 3.000000 17.000000
12.180000 2.578701 148.352400 0.000000 3.000000 178.000000 56.000000 2.000000 11.000000 15.000000
54.340000 4.013496 2952.835600 2.000000 4.000000 130.000000 63.000000 2.000000 4.000000 24.000000
65.010000 4.189806 4226.300100 1.000000 5.000000 130.000000 59.000000 4.000000 7.000000 21.000000
23.890000 3.214466 570.732100 0.000000 4.000000 66.000000 56.000000 0.000000 6.000000 10.000000
99.270000 4.607867 9854.532900 0.000000 2.000000 21.000000 55.000000 2.000000 2.000000 7.000000
21.950000 3.133318 481.802500 4.000000 0.000000 261.000000 63.000000 1.000000 3.000000 19.000000
11.810000 2.550226 139.476100 2.000000 3.000000 130.000000 62.000000 6.000000 3.000000 19.000000
39.390000 3.698582 1551.572100 2.000000 2.000000 87.000000 63.000000 6.000000 5.000000 5.000000
310.010000 5.739825 96106.200100 1.000000 5.000000 30.000000 49.000000 6.000000 6.000000 30.000000
79.080000 4.383026 6253.646400 1.000000 4.000000 112.000000 66.000000 4.000000 3.000000 29.000000
94.820000 4.562471 8990.832400 2.000000 5.000000 106.000000 67.000000 6.000000 12.000000 15.000000
5.000000 1.791759 25.000000 0.000000 0.000000 136.000000 54.000000 4.000000 3.000000 15.000000
28.300000 3.377588 800.890000 1.000000 5.000000 216.000000 65.000000 4.000000 8.000000 18.000000
254.580000 5.543535 64810.976400 4.000000 8.000000 234.000000 58.000000 2.000000 5.000000 24.000000
112.740000 4.733915 12710.307600 0.000000 2.000000 224.000000 51.000000 3.000000 8.000000 15.000000
5.000000 1.791759 25.000000 1.000000 8.000000 186.000000 69.000000 5.000000 3.000000 25.000000
12.870000 2.629728 165.636900 2.000000 3.000000 220.000000 41.000000 1.000000 12.000000 31.000000
66.150000 4.206929 4375.822500 4.000000 0.000000 320.000000 67.000000 4.000000 12.000000 8.000000
137.130000 4.928195 18804.636900 0.000000 0.000000 24.000000 44.000000 4.000000 11.000000 8.000000
89.670000 4.507227 8040.708900 3.000000 7.000000 262.000000 63.000000 5.000000 6.000000 24.000000
63.020000 4.159196 3971.520400 3.000000 6.000000 58.000000 50.000000 6.000000 2.000000 11.000000
188.630000 5.245075 35581.276900 0.000000 4.000000 144.000000 66.000000 3.000000 10.000000 17.000000
157.150000 5.063544 24696.122500 0.000000 6.000000 324.000000 64.000000 2.000000 9.000000 13.000000
52.430000 3.978372 2748.904900 2.000000 7.000000 191.000000 64.000000 2.000000 9.000000 4.000000
35.950000 3.609566 1292.402500 3.000000 5.000000 67.000000 62.000000 6.000000 4.000000 7.000000
49.670000 3.925334 2467.108900 1.000000 7.000000 77.000000 51.000000 5.000000 7.000000 20.000000
55.290000 4.030517 3056.984100 1.000000 8.000000 66.000000 51.000000 1.000000 1.000000 3.000000
51.950000 3.969348 2698.802500 4.000000 6.000000 259.000000 51.000000 5.000000 4.000000 29.000000
5.000000 1.791759 25.000000 0.000000 6.000000 253.000000 45.000000 6.000000 2.000000 4.000000
28.890000 3.397524 834.632100 1.000000 8.000000 185.000000 71.000000 4.000000 12.000000 13.000000
212.410000 5.363215 45118.008100 1.000000 5.000000 22.000000 56.000000 1.000000 8.000000 22.000000
136.570000 4.924133 18651.364900 2.000000 1.000000 55.000000 45.000000 3.000000 2.000000 8.000000
152.410000 5.033114 23228.808100 2.000000 8.000000 33.000000 61.000000 4.000000 4.000000 5.000000
28.460000 3.383033 809.971600 3.000000 1.000000 32.000000 55.000000 2.000000 12.000000 4.000000
171.000000 5.147494 29241.000000 3.000000 5.000000 46.000000 53.000000 2.000000 8.000000 28.000000
22.690000 3.165053 514.836100 0.000000 3.000000 138.000000 62.000000 0.000000 2.000000 5.000000
44.450000 3.816613 1975.802500 4.000000 0.000000 228.000000 49.000000 6.000000 5.000000 12.000000
94.550000 4.559650 8939.702500 2.000000 5.000000 131.000000 63.000000 0.000000 3.000000 18.000000
5.000000 1.791759 25.000000 0.000000 4.000000 75.000000 50.000000 0.000000 6.000000 24.000000
91.120000 4.523092 8302.854400 1.000000 5.000000 177.000000 43.000000 4.000000 12.000000 6.000000
51.580000 3.962336 2660.496400 4.000000 5.000000 180.000000 71.000000 4.000000 1.000000 19.000000
128.350000 4.862522 16473.722500 2.000000 7.000000 226.000000 40.000000 1.000000 4.000000 11.000000
39.860000 3.710152 1588.819600 1.000000 5.000000 49.000000 51.000000 2.000000 11.000000 13.000000
165.900000 5.117395 27522.810000 3.000000 8.000000 10.000000 35.000000 4.000000 6.000000 28.000000
161.240000 5.089077 25998.337600 3.000000 1.000000 130.000000 57.000000 6.000000 9.000000 10.000000
127.560000 4.856396 16271.553600 3.000000 6.000000 148.000000 62.000000 0.000000 9.000000 25.000000
72.100000 4.291828 5198.410000 4.000000 4.000000 133.000000 62.000000 2.000000 10.000000 11.000000
19.610000 3.025776 384.552100 0.000000 5.000000 165.000000 40.000000 4.000000 10.000000 4.000000
6.090000 1.958685 37.088100 3.000000 5.000000 245.000000 53.000000 3.000000 8.000000 10.000000
112.080000 4.728096 12561.926400 2.000000 0.000000 153.000000 62.000000 2.000000 7.000000 3.000000
62.920000 4.157632 3958.926400 1.000000 5.000000 73.000000 62.000000 6.000000 9.000000 3.000000
174.010000 5.164843 30279.480100 0.000000 5.000000 5.000000 50.000000 3.000000 11.000000 28.000000
265.470000 5.585262 70474.320900 3.000000 2.000000 291.000000 54.000000 5.000000 3.000000 18.000000
147.100000 4.997888 21638.410000 0.000000 0.000000 316.000000 64.000000 0.000000 11.000000 20.000000
98.880000 4.603969 9777.254400 1.000000 7.000000 114.000000 70.000000 1.000000 12.000000 19.000000
5.000000 1.791759 25.000000 3.000000 6.000000 267.000000 55.000000 2.000000 4.000000 12.000000
51.580000 3.962336 2660.496400 1.000000 3.000000 134.000000 56.000000 1.000000 11.000000 5.000000
59.710000 4.106108 3565.284100 3.000000 1.000000 152.000000 63.000000 3.000000 9.000000 5.000000
50.860000 3.948548 2586.739600 4.000000 7.000000 227.000000 50.000000 2.000000 11.000000 15.000000
55.160000 4.028205 3042.625600 4.000000 3.000000 260.000000 59.000000 2.000000 12.000000 11.000000
80.320000 4.398392 6451.302400 4.000000 5.000000 223.000000 38.000000 1.000000 8.000000 29.000000
43.790000 3.801985 1917.564100 0.000000 8.000000 105.000000 64.000000 6.000000 5.000000 19.000000
42.660000 3.776432 1819.875600 0.000000 4.000000 58.000000 49.000000 5.000000 8.000000 19.000000
54.070000 4.008605 2923.564900 0.000000 2.000000 262.000000 63.000000 1.000000 10.000000 17.000000
63.140000 4.161068 3986.659600 2.000000 1.000000 270.000000 62.000000 3.000000 5.000000 11.000000
193.290000 5.269352 37361.024100 1.000000 3.000000 14.000000 56.000000 2.000000 4.000000 24.000000
161.520000 5.090801 26088.710400 1.000000 8.000000 229.000000 56.000000 0.000000 5.000000 6.000000
381.750000 5.947382 145733.062500 4.000000 8.000000 276.000000 58.000000 2.000000 3.000000 15.000000
100.360000 4.618679 10072.129600 4.000000 6.000000 271.000000 57.000000 4.000000 1.000000 20.000000
51.710000 3.964805 2673.924100 2.000000 3.000000 191.000000 71.000000 0.000000 4.000000 15.000000
83.560000 4.437461 6982.273600 2.000000 5.000000 270.000000 51.000000 3.000000 1.000000 26.000000
14.280000 2.726545 203.918400 3.000000 3.000000 138.000000 63.000000 5.000000 5.000000 11.000000
53.860000 4.004784 2900.899600 0.000000 0.000000 203.000000 69.000000 1.000000 9.000000 12.000000
92.190000 4.534640 8498.996100 2.000000 5.000000 231.000000 61.000000 0.000000 5.000000 22.000000
125.450000 4.839847 15737.702500 1.000000 5.000000 325.000000 57.000000 2.000000 3.000000 13.000000
85.100000 4.455509 7242.010000 3.000000 0.000000 318.000000 56.000000 5.000000 8.000000 12.000000
35.010000 3.583797 1225.700100 4.000000 3.000000 0.000000 53.000000 3.000000 3.000000 21.000000
41.030000 3.738384 1683.460900 2.000000 0.000000 72.000000 59.000000 4.000000 11.000000 1.000000
84.650000 4.450269 7165.622500 1.000000 0.000000 322.000000 63.000000 5.000000 4.000000 6.000000
15.500000 2.803360 240.250000 0.000000 4.000000 162.000000 51.000000 3.000000 5.000000 2.000000
194.730000 5.276736 37919.772900 1.000000 5.000000 100.000000 60.000000 3.000000 3.000000 14.000000
140.410000 4.951663 19714.968100 4.000000 7.000000 134.000000 57.000000 5.000000 9.000000 14.000000
264.240000 5.580635 69822.777600 2.000000 5.000000 277.000000 51.000000 5.000000 9.000000 28.000000
81.770000 4.416066 6686.332900 2.000000 4.000000 49.000000 44.000000 0.000000 4.000000 8.000000
335.010000 5.817141 112231.700100 1.000000 5.000000 56.000000 62.000000 2.000000 4.000000 3.000000
81.830000 4.416790 6696.148900 1.000000 7.000000 266.000000 63.000000 4.000000 9.000000 1.000000
35.680000 3.602232 1273.062400 1.000000 5.000000 106.000000 64.000000 0.000000 9.000000 16.000000
69.940000 4.261834 4891.603600 4.000000 0.000000 267.000000 51.000000 5.000000 7.000000 29.000000
21.700000 3.122365 470.890000 0.000000 5.000000 81.000000 56.000000 1.000000 6.000000 13.000000
13.400000 2.667228 179.560000 0.000000 5.000000 131.000000 51.000000 2.000000 12.000000 25.000000
236.620000 5.470673 55989.024400 2.000000 4.000000 300.000000 64.000000 2.000000 11.000000 29.000000
301.240000 5.711221 90745.537600 2.000000 7.000000 108.000000 64.000000 0.000000 10.000000 28.000000
174.070000 5.165186 30300.364900 2.000000 6.000000 310.000000 60.000000 4.000000 7.000000 19.000000
11.760000 2.546315 138.297600 0.000000 1.000000 223.000000 46.000000 3.000000 4.000000 13.000000
7.100000 2.091864 50.410000 1.000000 5.000000 71.000000 55.000000 1.000000 12.000000 12.000000
199.520000 5.300914 39808.230400 0.000000 1.000000 28.000000 44.000000 6.000000 1.000000 28.000000
113.920000 4.744236 12977.766400 4.000000 6.000000 255.000000 50.000000 4.000000 10.000000 4.000000
78.490000 4.375631 6160.680100 1.000000 5.000000 270.000000 56.000000 2.000000 10.000000 11.000000
5.000000 1.791759 25.000000 1.000000 8.000000 192.000000 70.000000 1.000000 10.000000 8.000000
140.380000 4.951451 19706.544400 0.000000 3.000000 138.000000 57.000000 1.000000 9.000000 19.000000
69.140000 4.250493 4780.339600 0.000000 3.000000 107.000000 64.000000 5.000000 2.000000 18.000000
37.760000 3.657389 1425.817600 4.000000 1.000000 269.000000 62.000000 0.000000 6.000000 19.000000
155.740000 5.054588 24254.947600 0.000000 5.000000 255.000000 54.000000 5.000000 5.000000 6.000000
58.480000 4.085640 3419.910400 4.000000 4.000000 264.000000 56.000000 6.000000 3.000000 5.000000
11.140000 2.496506 124.099600 1.000000 5.000000 117.000000 59.000000 6.000000 12.000000 31.000000
207.970000 5.342191 43251.520900 3.000000 7.000000 222.000000 55.000000 2.000000 3.000000 13.000000
144.580000 4.980726 20903.376400 1.000000 0.000000 8.000000 51.000000 4.000000 2.000000 10.000000
9.400000 2.341806 88.360000 0.000000 0.000000 179.000000 63.000000 5.000000 8.000000 10.000000
84.380000 4.447112 7119.984400 4.000000 7.000000 135.000000 56.000000 6.000000 3.000000 5.000000
250.310000 5.526687 62655.096100 3.000000 6.000000 235.000000 61.000000 6.000000 1.000000 14.000000
15.150000 2.781920 229.522500 2.000000 7.000000 101.000000 56.000000 5.000000 1.000000 28.000000
47.420000 3.879913 2248.656400 1.000000 5.000000 176.000000 41.000000 2.000000 4.000000 26.000000
53.680000 4.001498 2881.542400 1.000000 3.000000 52.000000 59.000000 6.000000 9.000000 15.000000
67.910000 4.232801 4611.768100 0.000000 3.000000 187.000000 70.000000 1.000000 2.000000 28.000000
16.160000 2.842581 261.145600 2.000000 1.000000 176.000000 52.000000 5.000000 6.000000 17.000000
72.560000 4.298101 5264.953600 1.000000 6.000000 81.000000 51.000000 6.000000 11.000000 24.000000
31.800000 3.490429 1011.240000 4.000000 1.000000 44.000000 52.000000 0.000000 8.000000 7.000000
131.350000 4.885450 17252.822500 3.000000 6.000000 225.000000 50.000000 3.000000 5.000000 11.000000
64.910000 4.188290 4213.308100 2.000000 4.000000 128.000000 58.000000 0.000000 3.000000 6.000000
150.600000 5.021245 22680.360000 2.000000 4.000000 57.000000 49.000000 1.000000 1.000000 2.000000
15.980000 2.832036 255.360400 3.000000 4.000000 130.000000 62.000000 0.000000 10.000000 2.000000
38.750000 3.682610 1501.562500 2.000000 8.000000 207.000000 68.000000 2.000000 12.000000 13.000000
41.850000 3.757706 1751.422500 3.000000 2.000000 72.000000 62.000000 2.000000 8.000000 2.000000
123.700000 4.825911 15301.690000 0.000000 5.000000 236.000000 50.000000 1.000000 2.000000 14.000000
10.790000 2.467252 116.424100 0.000000 8.000000 11.000000 51.000000 5.000000 12.000000 30.000000
5.000000 1.791759 25.000000 4.000000 7.000000 0.000000 47.000000 3.000000 8.000000 22.000000
89.660000 4.507116 8038.915600 1.000000 5.000000 303.000000 63.000000 1.000000 2.000000 28.000000
52.710000 3.983599 2778.344100 3.000000 5.000000 264.000000 51.000000 3.000000 6.000000 29.000000
34.510000 3.569814 1190.940100 0.000000 4.000000 183.000000 59.000000 6.000000 2.000000 4.000000
47.490000 3.881358 2255.300100 3.000000 4.000000 73.000000 63.000000 6.000000 5.000000 19.000000
60.410000 4.117573 3649.368100 2.000000 3.000000 226.000000 50.000000 4.000000 5.000000 5.000000
67.530000 4.227272 4560.300900 0.000000 6.000000 129.000000 62.000000 5.000000 9.000000 14.000000
40.240000 3.719409 1619.257600 3.000000 0.000000 256.000000 56.000000 2.000000 5.000000 1.000000
93.660000 4.550292 8772.195600 3.000000 8.000000 161.000000 49.000000 3.000000 8.000000 29.000000
119.760000 4.793805 14342.457600 4.000000 4.000000 303.000000 63.000000 5.000000 1.000000 20.000000
78.090000 4.370586 6098.048100 2.000000 1.000000 236.000000 49.000000 1.000000 9.000000 26.000000
20.490000 3.067588 419.840100 1.000000 5.000000 324.000000 51.000000 1.000000 4.000000 25.000000
60.290000 4.115617 3634.884100 2.000000 2.000000 195.000000 55.000000 5.000000 11.000000 23.000000
113.280000 4.738652 12832.358400 3.000000 7.000000 121.000000 72.000000 6.000000 2.000000 19.000000
120.470000 4.799667 14513.020900 4.000000 4.000000 311.000000 60.000000 2.000000 8.000000 2.000000
37.810000 3.658678 1429.596100 2.000000 6.000000 104.000000 64.000000 6.000000 11.000000 5.000000
39.830000 3.709417 1586.428900 1.000000 6.000000 87.000000 56.000000 5.000000 2.000000 18.000000
210.950000 5.356350 44499.902500 2.000000 0.000000 127.000000 56.000000 4.000000 5.000000 10.000000
140.120000 4.949611 19633.614400 1.000000 2.000000 304.000000 60.000000 4.000000 4.000000 28.000000
59.640000 4.104955 3556.929600 4.000000 1.000000 217.000000 57.000000 6.000000 3.000000 12.000000
213.130000 5.366583 45424.396900 0.000000 0.000000 272.000000 46.000000 3.000000 12.000000 26.000000
94.640000 4.560591 8956.729600 3.000000 5.000000 35.000000 51.000000 5.000000 6.000000 15.000000
12.650000 2.613740 160.022500 2.000000 4.000000 167.000000 47.000000 5.000000 1.000000 14.000000
5.000000 1.791759 25.000000 1.000000 0.000000 47.000000 56.000000 2.000000 7.000000 3.000000
55.920000 4.041647 3127.046400 0.000000 0.000000 130.000000 63.000000 0.000000 4.000000 3.000000
51.370000 3.958334 2638.876900 3.000000 4.000000 266.000000 62.000000 6.000000 7.000000 28.000000
82.170000 4.420887 6751.908900 3.000000 7.000000 43.000000 43.000000 0.000000 11.000000 13.000000
173.720000 5.163185 30178.638400 0.000000 5.000000 55.000000 52.000000 2.000000 2.000000 8.000000
62.590000 4.152456 3917.508100 1.000000 4.000000 180.000000 70.000000 5.000000 6.000000 1.000000
157.800000 5.067646 24900.840000 0.000000 1.000000 8.000000 55.000000 0.000000 11.000000 27.000000
5.000000 1.791759 25.000000 0.000000 3.000000 180.000000 66.000000 6.000000 5.000000 14.000000
51.300000 3.956996 2631.690000 2.000000 1.000000 128.000000 51.000000 0.000000 4.000000 22.000000
54.870000 4.023028 3010.716900 0.000000 7.000000 212.000000 62.000000 5.000000 11.000000 30.000000
131.470000 4.886356 17284.360900 4.000000 8.000000 331.000000 48.000000 3.000000 7.000000 20.000000
5.000000 1.791759 25.000000 2.000000 1.000000 202.000000 55.000000 3.000000 3.000000 14.000000
78.770000 4.379147 6204.712900 2.000000 4.000000 197.000000 47.000000 4.000000 5.000000 5.000000
9.340000 2.336020 87.235600 4.000000 0.000000 271.000000 61.000000 1.000000 11.000000 14.000000
51.760000 3.965753 2679.097600 3.000000 4.000000 307.000000 63.000000 1.000000 7.000000 25.000000
41.010000 3.737908 1681.820100 4.000000 8.000000 339.000000 45.000000 3.000000 11.000000 28.000000
26.620000 3.318540 708.624400 1.000000 5.000000 65.000000 56.000000 6.000000 11.000000 26.000000
336.210000 5.820706 113037.164100 3.000000 6.000000 174.000000 57.000000 6.000000 11.000000 5.000000
76.110000 4.345233 5792.732100 1.000000 2.000000 237.000000 49.000000 1.000000 10.000000 8.000000
5.000000 1.791759 25.000000 3.000000 7.000000 198.000000 59.000000 3.000000 3.000000 7.000000
78.610000 4.377140 6179.532100 2.000000 0.000000 157.000000 61.000000 3.000000 1.000000 11.000000
5.200000 1.824549 27.040000 2.000000 8.000000 67.000000 62.000000 5.000000 11.000000 30.000000
100.320000 4.618284 10064.102400 0.000000 1.000000 127.000000 56.000000 3.000000 6.000000 15.000000
45.700000 3.843744 2088.490000 0.000000 4.000000 65.000000 51.000000 2.000000 4.000000 26.000000
5.000000 1.791759 25.000000 4.000000 4.000000 192.000000 69.000000 5.000000 10.000000 12.000000
91.990000 4.532492 8462.160100 0.000000 1.000000 209.000000 57.000000 0.000000 7.000000 10.000000
122.740000 4.818183 15065.107600 1.000000 7.000000 303.000000 63.000000 2.000000 6.000000 12.000000
57.000000 4.060443 3249.000000 3.000000 7.000000 190.000000 71.000000 6.000000 4.000000 23.000000
37.820000 3.658936 1430.352400 1.000000 6.000000 110.000000 59.000000 2.000000 5.000000 22.000000
105.810000 4.671052 11195.756100 3.000000 2.000000 146.000000 65.000000 3.000000 10.000000 10.000000
39.910000 3.711375 1592.808100 3.000000 8.000000 221.000000 60.000000 6.000000 3.000000 31.000000
175.050000 5.170768 30642.502500 0.000000 5.000000 57.000000 55.000000 5.000000 9.000000 7.000000
38.290000 3.670970 1466.124100 3.000000 3.000000 178.000000 53.000000 6.000000 8.000000 18.000000
24.590000 3.242202 604.668100 3.000000 5.000000 157.000000 61.000000 5.000000 6.000000 17.000000
90.290000 4.514041 8152.284100 1.000000 6.000000 57.000000 56.000000 0.000000 5.000000 20.000000
25.720000 3.285412 661.518400 2.000000 1.000000 197.000000 47.000000 4.000000 8.000000 16.000000
217.310000 5.385916 47223.636100 2.000000 2.000000 145.000000 65.000000 3.000000 10.000000 5.000000
61.570000 4.136286 3790.864900 0.000000 7.000000 177.000000 49.000000 6.000000 7.000000 21.000000
82.400000 4.423648 6789.760000 0.000000 5.000000 290.000000 50.000000 0.000000 2.000000 5.000000
57.480000 4.068685 3303.950400 2.000000 5.000000 177.000000 46.000000 6.000000 1.000000 14.000000
58.080000 4.078892 3373.286400 2.000000 8.000000 258.000000 54.000000 5.000000 3.000000 23.000000
156.990000 5.062532 24645.860100 2.000000 7.000000 163.000000 41.000000 6.000000 6.000000 30.000000
8.080000 2.206074 65.286400 0.000000 3.000000 103.000000 49.000000 4.000000 7.000000 14.000000
125.870000 4.843163 15843.256900 2.000000 3.000000 223.000000 50.000000 0.000000 12.000000 25.000000
5.000000 1.791759 25.000000 1.000000 5.000000 89.000000 52.000000 4.000000 6.000000 16.000000
63.050000 4.159664 3975.302500 3.000000 8.000000 67.000000 51.000000 5.000000 5.000000 27.000000
147.150000 4.998225 21653.122500 0.000000 8.000000 252.000000 61.000000 4.000000 1.000000 26.000000
50.350000 3.938665 2535.122500 1.000000 0.000000 216.000000 62.000000 6.000000 4.000000 23.000000
89.480000 4.505129 8006.670400 0.000000 7.000000 141.000000 50.000000 4.000000 12.000000 22.000000
21.370000 3.107721 456.676900 3.000000 5.000000 248.000000 45.000000 5.000000 6.000000 24.000000
17.640000 2.925310 311.169600 3.000000 0.000000 320.000000 63.000000 0.000000 12.000000 11.000000
45.720000 3.844172 2090.318400 3.000000 3.000000 79.000000 63.000000 2.000000 1.000000 18.000000
99.140000 4.606569 9828.739600 4.000000 6.000000 28.000000 55.000000 4.000000 3.000000 10.000000
87.310000 4.480853 7623.036100 2.000000 7.000000 64.000000 51.000000 0.000000 1.000000 8.000000
56.850000 4.057853 3231.922500 3.000000 2.000000 198.000000 67.000000 4.000000 5.000000 17.000000
220.010000 5.398208 48404.400100 0.000000 0.000000 225.000000 52.000000 3.000000 9.000000 5.000000
10.480000 2.440606 109.830400 2.000000 5.000000 225.000000 43.000000 6.000000 4.000000 2.000000
36.060000 3.612538 1300.323600 2.000000 1.000000 106.000000 71.000000 0.000000 7.000000 1.000000
5.000000 1.791759 25.000000 2.000000 2.000000 254.000000 48.000000 2.000000 12.000000 11.000000
49.410000 3.920190 2441.348100 1.000000 5.000000 242.000000 61.000000 3.000000 6.000000 1.000000
63.100000 4.160444 3981.610000 2.000000 5.000000 223.000000 50.000000 0.000000 4.000000 10.000000
138.500000 4.938065 19182.250000 1.000000 8.000000 311.000000 64.000000 3.000000 11.000000 2.000000
59.610000 4.104460 3553.352100 0.000000 8.000000 234.000000 57.000000 3.000000 2.000000 8.000000
45.630000 3.842244 2082.096900 0.000000 8.000000 126.000000 46.000000 2.000000 8.000000 2.000000
25.290000 3.269189 639.584100 2.000000 0.000000 188.000000 64.000000 4.000000 1.000000 12.000000
50.390000 3.939444 2539.152100 3.000000 6.000000 333.000000 54.000000 1.000000 3.000000 26.000000
103.270000 4.646984 10664.692900 2.000000 0.000000 235.000000 61.000000 6.000000 2.000000 4.000000
5.000000 1.791759 25.000000 2.000000 3.000000 120.000000 58.000000 2.000000 4.000000 10.000000
59.550000 4.103469 3546.202500 0.000000 8.000000 68.000000 59.000000 6.000000 1.000000 1.000000
45.200000 3.832980 2043.040000 2.000000 7.000000 72.000000 56.000000 5.000000 3.000000 2.000000
29.340000 3.412467 860.835600 2.000000 5.000000 266.000000 56.000000 4.000000 12.000000 6.000000
242.460000 5.494953 58786.851600 2.000000 0.000000 74.000000 57.000000 5.000000 6.000000 15.000000
114.480000 4.749097 13105.670400 2.000000 8.000000 261.000000 57.000000 4.000000 5.000000 19.000000
5.000000 1.791759 25.000000 1.000000 4.000000 125.000000 56.000000 0.000000 8.000000 12.000000
36.410000 3.621938 1325.688100 4.000000 2.000000 183.000000 70.000000 3.000000 7.000000 25.000000
329.920000 5.801877 108847.206400 2.000000 4.000000 63.000000 52.000000 0.000000 5.000000 8.000000
40.040000 3.714547 1603.201600 4.000000 8.000000 179.000000 70.000000 2.000000 7.000000 5.000000
68.070000 4.235120 4633.524900 3.000000 3.000000 248.000000 48.000000 0.000000 5.000000 15.000000
105.550000 4.668614 11140.802500 1.000000 1.000000 244.000000 62.000000 5.000000 5.000000 18.000000
104.160000 4.655483 10849.305600 1.000000 5.000000 134.000000 52.000000 4.000000 6.000000 16.000000
5.000000 1.791759 25.000000 0.000000 4.000000 66.000000 61.000000 6.000000 9.000000 10.000000
96.250000 4.577285 9264.062500 1.000000 5.000000 280.000000 50.000000 0.000000 7.000000 10.000000
280.200000 5.639066 78512.040000 1.000000 3.000000 97.000000 52.000000 5.000000 5.000000 11.000000
47.480000 3.881151 2254.350400 0.000000 6.000000 335.000000 55.000000 2.000000 10.000000 9.000000
213.070000 5.366303 45398.824900 4.000000 0.000000 225.000000 42.000000 1.000000 3.000000 21.000000
89.790000 4.508549 8062.244100 0.000000 5.000000 162.000000 45.000000 1.000000 9.000000 26.000000
78.910000 4.380901 6226.788100 1.000000 5.000000 186.000000 64.000000 0.000000 3.000000 6.000000
42.560000 3.774139 1811.353600 0.000000 2.000000 141.000000 54.000000 4.000000 8.000000 11.000000
308.090000 5.733632 94919.448100 4.000000 6.000000 94.000000 60.000000 1.000000 3.000000 28.000000
161.320000 5.089570 26024.142400 4.000000 5.000000 326.000000 63.000000 4.000000 2.000000 16.000000
46.570000 3.862202 2168.764900 4.000000 5.000000 111.000000 67.000000 1.000000 2.000000 6.000000
320.620000 5.773371 102797.184400 2.000000 4.000000 150.000000 66.000000 3.000000 5.000000 30.000000
27.270000 3.341801 743.652900 0.000000 6.000000 0.000000 48.000000 5.000000 9.000000 30.000000
42.100000 3.763523 1772.410000 3.000000 6.000000 109.000000 70.000000 3.000000 11.000000 16.000000
71.630000 4.285378 5130.856900 3.000000 2.000000 8.000000 50.000000 2.000000 10.000000 18.000000
25.480000 3.276390 649.230400 1.000000 1.000000 228.000000 42.000000 2.000000 11.000000 20.000000
148.610000 5.008032 22084.932100 2.000000 5.000000 252.000000 50.000000 3.000000 12.000000 12.000000
5.000000 1.791759 25.000000 1.000000 7.000000 82.000000 62.000000 4.000000 5.000000 24.000000
74.780000 4.327834 5592.048400 4.000000 1.000000 115.000000 71.000000 5.000000 10.000000 26.000000
33.100000 3.529297 1095.610000 1.000000 4.000000 96.000000 66.000000 6.000000 11.000000 10.000000
101.700000 4.631812 10342.890000 0.000000 2.000000 93.000000 60.000000 6.000000 9.000000 3.000000
82.830000 4.428791 6860.808900 4.000000 2.000000 226.000000 44.000000 1.000000 1.000000 31.000000
118.870000 4.786408 14130.076900 4.000000 8.000000 241.000000 61.000000 1.000000 1.000000 31.000000
303.450000 5.718507 92081.902500 2.000000 4.000000 273.000000 46.000000 4.000000 9.000000 8.000000
257.730000 5.555785 66424.752900 2.000000 3.000000 283.000000 58.000000 5.000000 3.000000 25.000000
48.810000 3.908216 2382.416100 4.000000 1.000000 119.000000 71.000000 5.000000 4.000000 1.000000
53.690000 4.001681 2882.616100 1.000000 2.000000 104.000000 59.000000 1.000000 2.000000 7.000000
199.600000 5.301313 39840.160000 3.000000 5.000000 14.000000 49.000000 6.000000 5.000000 19.000000
74.330000 4.321878 5524.948900 0.000000 0.000000 133.000000 51.000000 6.000000 10.000000 27.000000
171.400000 5.149817 29377.960000 1.000000 5.000000 18.000000 44.000000 3.000000 1.000000 19.000000
105.570000 4.668802 11145.024900 0.000000 1.000000 4.000000 37.000000 1.000000 4.000000 11.000000
49.410000 3.920190 2441.348100 2.000000 3.000000 126.000000 38.000000 3.000000 7.000000 11.000000
29.740000 3.425565 884.467600 4.000000 5.000000 86.000000 62.000000 0.000000 12.000000 30.000000
25.370000 3.272227 643.636900 4.000000 5.000000 116.000000 71.000000 2.000000 12.000000 4.000000
49.150000 3.915019 2415.722500 0.000000 2.000000 113.000000 67.000000 0.000000 1.000000 15.000000
103.080000 4.645160 10625.486400 1.000000 8.000000 307.000000 64.000000 4.000000 1.000000 13.000000
13.010000 2.639771 169.260100 0.000000 0.000000 182.000000 64.000000 6.000000 3.000000 12.000000
18.000000 2.944439 324.000000 3.000000 1.000000 116.000000 55.000000 1.000000 5.000000 7.000000
68.240000 4.237579 4656.697600 4.000000 5.000000 141.000000 51.000000 2.000000 1.000000 10.000000
185.040000 5.225962 34239.801600 4.000000 6.000000 277.000000 54.000000 2.000000 10.000000 4.000000
77.390000 4.361696 5989.212100 1.000000 3.000000 234.000000 61.000000 6.000000 12.000000 22.000000
451.260000 6.114257 203635.587600 3.000000 7.000000 318.000000 61.000000 4.000000 3.000000 3.000000
41.740000 3.755135 1742.227600 2.000000 3.000000 243.000000 65.000000 4.000000 4.000000 7.000000
17.910000 2.939691 320.768100 1.000000 5.000000 108.000000 64.000000 6.000000 7.000000 2.000000
102.660000 4.641116 10539.075600 2.000000 7.000000 320.000000 60.000000 3.000000 3.000000 9.000000
61.390000 4.133405 3768.732100 3.000000 4.000000 167.000000 46.000000 4.000000 2.000000 3.000000
92.420000 4.537105 8541.456400 0.000000 0.000000 2.000000 48.000000 5.000000 6.000000 22.000000
5.000000 1.791759 25.000000 3.000000 4.000000 332.000000 43.000000 5.000000 10.000000 19.000000
63.000000 4.158883 3969.000000 4.000000 8.000000 333.000000 53.000000 6.000000 8.000000 25.000000
5.000000 1.791759 25.000000 0.000000 7.000000 69.000000 50.000000 6.000000 1.000000 1.000000
5.000000 1.791759 25.000000 0.000000 4.000000 86.000000 49.000000 5.000000 7.000000 29.000000
38.360000 3.672750 1471.489600 1.000000 4.000000 178.000000 45.000000 2.000000 8.000000 21.000000
26.030000 3.296947 677.560900 2.000000 1.000000 330.000000 54.000000 5.000000 9.000000 2.000000
201.830000 5.312368 40735.348900 0.000000 3.000000 42.000000 54.000000 5.000000 8.000000 26.000000
156.720000 5.060821 24561.158400 4.000000 5.000000 203.000000 63.000000 6.000000 9.000000 29.000000
20.140000 3.051167 405.619600 3.000000 6.000000 49.000000 50.000000 4.000000 3.000000 3.000000
7.730000 2.166765 59.752900 4.000000 5.000000 105.000000 63.000000 2.000000 8.000000 21.000000
52.570000 3.980989 2763.604900 4.000000 7.000000 32.000000 51.000000 1.000000 12.000000 31.000000
58.440000 4.084967 3415.233600 2.000000 7.000000 247.000000 52.000000 3.000000 9.000000 26.000000
6.670000 2.037317 44.488900 0.000000 2.000000 256.000000 55.000000 1.000000 8.000000 6.000000
220.360000 5.399790 48558.529600 2.000000 0.000000 91.000000 64.000000 6.000000 4.000000 7.000000
54.060000 4.008423 2922.483600 0.000000 3.000000 139.000000 58.000000 6.000000 12.000000 1.000000
140.400000 4.951593 19712.160000 0.000000 3.000000 136.000000 52.000000 6.000000 4.000000 30.000000
492.550000 6.201624 242605.502500 2.000000 4.000000 56.000000 62.000000 6.000000 11.000000 5.000000
38.200000 3.668677 1459.240000 3.000000 6.000000 266.000000 62.000000 1.000000 1.000000 2.000000
69.780000 4.259576 4869.248400 3.000000 3.000000 169.000000 62.000000 2.000000 9.000000 20.000000
24.050000 3.220874 578.402500 2.000000 1.000000 65.000000 59.000000 0.000000 12.000000 16.000000
291.730000 5.679251 85106.392900 2.000000 3.000000 26.000000 44.000000 1.000000 9.000000 12.000000
76.840000 4.354655 5904.385600 0.000000 2.000000 217.000000 48.000000 1.000000 8.000000 13.000000
111.900000 4.726502 12521.610000 1.000000 5.000000 324.000000 52.000000 5.000000 11.000000 16.000000
197.840000 5.292500 39140.665600 2.000000 7.000000 77.000000 56.000000 2.000000 4.000000 26.000000
189.630000 5.250334 35959.536900 2.000000 0.000000 294.000000 49.000000 4.000000 5.000000 19.000000
12.140000 2.575661 147.379600 3.000000 5.000000 79.000000 63.000000 6.000000 7.000000 30.000000
74.180000 4.319885 5502.672400 1.000000 1.000000 267.000000 59.000000 0.000000 6.000000 26.000000
77.460000 4.362589 6000.051600 0.000000 1.000000 295.000000 47.000000 5.000000 5.000000 11.000000
45.030000 3.829293 2027.700900 4.000000 0.000000 122.000000 40.000000 4.000000 5.000000 3.000000
18.800000 2.985682 353.440000 1.000000 5.000000 204.000000 59.000000 5.000000 1.000000 14.000000
67.640000 4.228875 4575.169600 2.000000 3.000000 7.000000 49.000000 0.000000 10.000000 2.000000
277.990000 5.631176 77278.440100 4.000000 1.000000 158.000000 65.000000 5.000000 4.000000 27.000000
51.730000 3.965185 2675.992900 1.000000 7.000000 172.000000 44.000000 5.000000 2.000000 24.000000
60.340000 4.116432 3640.915600 4.000000 3.000000 314.000000 59.000000 2.000000 10.000000 9.000000
62.300000 4.147885 3881.290000 1.000000 4.000000 139.000000 63.000000 1.000000 2.000000 28.000000
55.000000 4.025352 3025.000000 4.000000 8.000000 71.000000 56.000000 6.000000 1.000000 7.000000
75.890000 4.342376 5759.292100 1.000000 7.000000 111.000000 71.000000 3.000000 9.000000 14.000000
119.100000 4.788325 14184.810000 1.000000 2.000000 258.000000 49.000000 4.000000 4.000000 7.000000
101.150000 4.626442 10231.322500 1.000000 4.000000 128.000000 52.000000 4.000000 6.000000 2.000000
72.430000 4.296333 5246.104900 3.000000 3.000000 147.000000 53.000000 6.000000 1.000000 1.000000
50.890000 3.949126 2589.792100 0.000000 5.000000 318.000000 51.000000 2.000000 10.000000 30.000000
148.150000 5.004953 21948.422500 0.000000 2.000000 219.000000 62.000000 2.000000 11.000000 22.000000
33.700000 3.546740 1135.690000 2.000000 7.000000 65.000000 56.000000 6.000000 4.000000 9.000000
244.070000 5.501544 59570.164900 3.000000 3.000000 34.000000 52.000000 4.000000 10.000000 18.000000
43.000000 3.784190 1849.000000 3.000000 7.000000 227.000000 42.000000 4.000000 9.000000 22.000000
38.330000 3.671988 1469.188900 4.000000 5.000000 38.000000 55.000000 6.000000 12.000000 24.000000
18.890000 2.990217 356.832100 1.000000 6.000000 180.000000 67.000000 3.000000 12.000000 5.000000
484.480000 6.185138 234720.870400 2.000000 5.000000 284.000000 58.000000 2.000000 2.000000 21.000000
190.090000 5.252745 36134.208100 4.000000 3.000000 309.000000 63.000000 5.000000 8.000000 17.000000
138.450000 4.937706 19168.402500 1.000000 5.000000 208.000000 63.000000 4.000000 4.000000 12.000000
11.580000 2.532108 134.096400 3.000000 8.000000 73.000000 56.000000 5.000000 8.000000 3.000000
41.080000 3.739573 1687.566400 1.000000 6.000000 65.000000 56.000000 5.000000 3.000000 9.000000
76.370000 4.348599 5832.376900 4.000000 4.000000 177.000000 50.000000 0.000000 8.000000 21.000000
154.020000 5.043554 23722.160400 4.000000 8.000000 129.000000 52.000000 2.000000 11.000000 1.000000
31.650000 3.485845 1001.722500 0.000000 4.000000 84.000000 56.000000 0.000000 7.000000 10.000000
242.130000 5.493596 58626.936900 2.000000 7.000000 102.000000 57.000000 1.000000 1.000000 9.000000
79.340000 4.386268 6294.835600 1.000000 4.000000 0.000000 53.000000 3.000000 11.000000 21.000000
25.500000 3.277145 650.250000 4.000000 0.000000 68.000000 56.000000 3.000000 11.000000 30.000000
224.120000 5.416634 50229.774400 4.000000 5.000000 101.000000 64.000000 2.000000 4.000000 24.000000
78.270000 4.372860 6126.192900 2.000000 0.000000 301.000000 63.000000 5.000000 9.000000 7.000000
113.170000 4.737689 12807.448900 0.000000 3.000000 336.000000 57.000000 6.000000 7.000000 30.000000
5.000000 1.791759 25.000000 4.000000 3.000000 140.000000 48.000000 1.000000 11.000000 12.000000
175.370000 5.172584 30754.636900 4.000000 5.000000 326.000000 60.000000 3.000000 2.000000 8.000000
119.220000 4.789323 14213.408400 1.000000 3.000000 128.000000 57.000000 4.000000 7.000000 14.000000
42.790000 3.779405 1830.984100 3.000000 5.000000 181.000000 67.000000 6.000000 7.000000 23.000000
38.100000 3.666122 1451.610000 4.000000 5.000000 113.000000 67.000000 3.000000 5.000000 4.000000
66.070000 4.205737 4365.244900 3.000000 8.000000 235.000000 49.000000 2.000000 6.000000 12.000000
60.310000 4.115943 3637.296100 4.000000 5.000000 214.000000 62.000000 2.000000 12.000000 18.000000
5.000000 1.791759 25.000000 1.000000 4.000000 179.000000 66.000000 4.000000 3.000000 29.000000
86.750000 4.474492 7525.562500 0.000000 5.000000 4.000000 36.000000 4.000000 6.000000 2.000000
167.980000 5.129780 28217.280400 4.000000 1.000000 318.000000 64.000000 3.000000 4.000000 11.000000
72.910000 4.302848 5315.868100 4.000000 2.000000 139.000000 56.000000 2.000000 3.000000 20.000000
71.690000 4.286204 5139.456100 1.000000 6.000000 186.000000 70.000000 1.000000 1.000000 17.000000
140.130000 4.949681 19636.416900 3.000000 1.000000 314.000000 64.000000 2.000000 5.000000 10.000000
162.360000 5.095956 26360.769600 0.000000 8.000000 230.000000 61.000000 5.000000 11.000000 9.000000
106.320000 4.675815 11303.942400 4.000000 3.000000 258.000000 44.000000 4.000000 1.000000 6.000000
89.020000 4.500032 7924.560400 0.000000 5.000000 170.000000 55.000000 4.000000 2.000000 9.000000
133.960000 4.904978 17945.281600 2.000000 7.000000 232.000000 55.000000 3.000000 5.000000 2.000000
160.300000 5.083266 25696.090000 4.000000 4.000000 98.000000 64.000000 6.000000 10.000000 22.000000
173.430000 5.161524 30077.964900 4.000000 7.000000 247.000000 41.000000 3.000000 3.000000 2.000000
62.150000 4.145513 3862.622500 4.000000 8.000000 126.000000 49.000000 3.000000 1.000000 4.000000
54.680000 4.019621 2989.902400 3.000000 4.000000 165.000000 40.000000 6.000000 3.000000 24.000000
105.190000 4.665230 11064.936100 2.000000 0.000000 237.000000 50.000000 0.000000 5.000000 22.000000
102.340000 4.638025 10473.475600 2.000000 5.000000 238.000000 61.000000 5.000000 3.000000 23.000000
76.170000 4.346011 5801.868900 4.000000 2.000000 153.000000 53.000000 1.000000 2.000000 6.000000
54.520000 4.016743 2972.430400 1.000000 3.000000 129.000000 51.000000 3.000000 12.000000 28.000000
45.980000 3.849722 2114.160400 1.000000 2.000000 227.000000 50.000000 1.000000 6.000000 18.000000
112.850000 4.734882 12735.122500 0.000000 5.000000 332.000000 52.000000 2.000000 9.000000 18.000000
119.300000 4.789989 14232.490000 0.000000 8.000000 161.000000 53.000000 1.000000 5.000000 28.000000
123.670000 4.825670 15294.268900 0.000000 4.000000 236.000000 50.000000 5.000000 1.000000 14.000000
64.740000 4.185708 4191.267600 3.000000 4.000000 85.000000 51.000000 1.000000 9.000000 19.000000
65.880000 4.202900 4340.174400 0.000000 0.000000 119.000000 67.000000 3.000000 10.000000 12.000000
123.600000 4.825109 15276.960000 2.000000 4.000000 197.000000 41.000000 3.000000 2.000000 29.000000
46.730000 3.865560 2183.692900 1.000000 2.000000 220.000000 50.000000 0.000000 11.000000 20.000000
12.440000 2.598235 154.753600 2.000000 0.000000 165.000000 35.000000 1.000000 11.000000 5.000000
131.440000 4.886130 17276.473600 3.000000 8.000000 32.000000 52.000000 2.000000 11.000000 8.000000
56.690000 4.055084 3213.756100 1.000000 6.000000 227.000000 42.000000 3.000000 12.000000 5.000000
126.530000 4.848352 16009.840900 2.000000 2.000000 155.000000 65.000000 4.000000 11.000000 1.000000
105.090000 4.664288 11043.908100 0.000000 3.000000 329.000000 52.000000 3.000000 2.000000 2.000000
100.610000 4.621142 10122.372100 1.000000 2.000000 221.000000 66.000000 2.000000 7.000000 10.000000
72.170000 4.292786 5208.508900 0.000000 8.000000 231.000000 49.000000 6.000000 10.000000 27.000000
5.000000 1.791759 25.000000 1.000000 6.000000 126.000000 42.000000 3.000000 10.000000 12.000000
60.560000 4.120012 3667.513600 3.000000 0.000000 5.000000 49.000000 3.000000 4.000000 25.000000
181.660000 5.207627 33000.355600 0.000000 5.000000 244.000000 58.000000 1.000000 11.000000 14.000000
91.240000 4.524394 8324.737600 3.000000 8.000000 142.000000 64.000000 0.000000 2.000000 6.000000
83.420000 4.435804 6958.896400 4.000000 5.000000 230.000000 57.000000 0.000000 5.000000 13.000000
83.260000 4.433907 6932.227600 0.000000 0.000000 209.000000 62.000000 2.000000 3.000000 20.000000
53.270000 3.993972 2837.692900 3.000000 1.000000 130.000000 63.000000 6.000000 11.000000 3.000000
50.410000 3.939833 2541.168100 0.000000 4.000000 258.000000 43.000000 3.000000 10.000000 17.000000
92.050000 4.533137 8473.202500 1.000000 5.000000 333.000000 54.000000 5.000000 2.000000 3.000000
52.930000 3.987687 2801.584900 3.000000 7.000000 274.000000 63.000000 6.000000 6.000000 18.000000
5.000000 1.791759 25.000000 2.000000 7.000000 75.000000 55.000000 1.000000 7.000000 30.000000
101.230000 4.627225 10247.512900 4.000000 0.000000 138.000000 57.000000 4.000000 6.000000 21.000000
184.190000 5.221382 33925.956100 1.000000 7.000000 12.000000 48.000000 0.000000 11.000000 4.000000
62.100000 4.144721 3856.410000 1.000000 6.000000 242.000000 60.000000 4.000000 11.000000 1.000000
45.220000 3.833413 2044.848400 4.000000 1.000000 66.000000 62.000000 5.000000 12.000000 9.000000
93.170000 4.545102 8680.648900 0.000000 1.000000 197.000000 47.000000 3.000000 4.000000 20.000000
100.750000 4.622519 10150.562500 1.000000 7.000000 200.000000 64.000000 1.000000 12.000000 3.000000
7.710000 2.164472 59.444100 0.000000 7.000000 69.000000 61.000000 3.000000 9.000000 7.000000
121.540000 4.808438 14771.971600 0.000000 4.000000 133.000000 52.000000 4.000000 6.000000 21.000000
59.520000 4.102974 3542.630400 4.000000 8.000000 132.000000 59.000000 5.000000 3.000000 16.000000
167.550000 5.127232 28073.002500 2.000000 6.000000 29.000000 49.000000 2.000000 7.000000 5.000000
58.640000 4.088326 3438.649600 1.000000 5.000000 262.000000 63.000000 4.000000 9.000000 29.000000
196.450000 5.285485 38592.602500 3.000000 6.000000 142.000000 66.000000 3.000000 9.000000 19.000000
44.600000 3.819908 1989.160000 0.000000 1.000000 240.000000 60.000000 0.000000 4.000000 8.000000
60.960000 4.126489 3716.121600 0.000000 3.000000 262.000000 56.000000 0.000000 6.000000 12.000000
24.260000 3.229222 588.547600 2.000000 5.000000 176.000000 46.000000 3.000000 10.000000 31.000000
219.240000 5.394718 48066.177600 3.000000 1.000000 284.000000 57.000000 3.000000 7.000000 18.000000
348.620000 5.856847 121535.904400 1.000000 2.000000 283.000000 58.000000 0.000000 12.000000 2.000000
477.740000 6.171158 228235.507600 4.000000 3.000000 285.000000 57.000000 3.000000 9.000000 21.000000
74.930000 4.329812 5614.504900 1.000000 5.000000 49.000000 44.000000 5.000000 6.000000 8.000000
289.420000 5.671328 83763.936400 2.000000 1.000000 39.000000 52.000000 0.000000 7.000000 10.000000
162.080000 5.094241 26269.926400 3.000000 8.000000 326.000000 52.000000 5.000000 5.000000 18.000000
51.630000 3.963286 2665.656900 1.000000 1.000000 122.000000 45.000000 1.000000 6.000000 4.000000
5.000000 1.791759 25.000000 2.000000 5.000000 182.000000 54.000000 1.000000 6.000000 11.000000
5.000000 1.791759 25.000000 0.000000 1.000000 268.000000 55.000000 2.000000 3.000000 29.000000
58.950000 4.093511 3475.102500 1.000000 6.000000 167.000000 38.000000 2.000000 5.000000 8.000000
95.750000 4.572130 9168.062500 3.000000 3.000000 130.000000 56.000000 3.000000 10.000000 17.000000
50.340000 3.938470 2534.115600 1.000000 8.000000 136.000000 63.000000 6.000000 6.000000 9.000000
18.430000 2.966818 339.664900 4.000000 5.000000 104.000000 67.000000 0.000000 8.000000 5.000000
181.980000 5.209377 33116.720400 2.000000 5.000000 310.000000 60.000000 0.000000 4.000000 22.000000
33.500000 3.540959 1122.250000 2.000000 1.000000 93.000000 51.000000 0.000000 2.000000 6.000000
111.910000 4.726591 12523.848100 3.000000 5.000000 58.000000 51.000000 3.000000 11.000000 7.000000
10.580000 2.449279 111.936400 4.000000 7.000000 10.000000 45.000000 0.000000 6.000000 19.000000
8.890000 2.291524 79.032100 1.000000 2.000000 172.000000 35.000000 0.000000 5.000000 20.000000
129.750000 4.873287 16835.062500 4.000000 6.000000 128.000000 52.000000 2.000000 8.000000 9.000000
96.960000 4.584559 9401.241600 3.000000 0.000000 22.000000 58.000000 3.000000 4.000000 20.000000
74.930000 4.329812 5614.504900 4.000000 6.000000 2.000000 45.000000 4.000000 12.000000 27.000000
74.140000 4.319353 5496.739600 1.000000 8.000000 192.000000 70.000000 0.000000 3.000000 27.000000
25.040000 3.259634 627.001600 4.000000 5.000000 86.000000 59.000000 4.000000 8.000000 9.000000
23.100000 3.182212 533.610000 4.000000 0.000000 332.000000 39.000000 2.000000 3.000000 1.000000
36.410000 3.621938 1325.688100 1.000000 5.000000 132.000000 56.000000 2.000000 6.000000 14.000000
56.410000 4.050219 3182.088100 4.000000 6.000000 241.000000 57.000000 2.000000 9.000000 13.000000
5.000000 1.791759 25.000000 0.000000 0.000000 115.000000 69.000000 6.000000 12.000000 31.000000
37.680000 3.655323 1419.782400 3.000000 3.000000 243.000000 61.000000 0.000000 12.000000 4.000000
139.410000 4.944567 19435.148100 1.000000 4.000000 243.000000 55.000000 0.000000 5.000000 20.000000
42.080000 3.763059 1770.726400 4.000000 1.000000 236.000000 60.000000 3.000000 11.000000 28.000000
76.220000 4.346658 5809.488400 2.000000 1.000000 26.000000 43.000000 5.000000 5.000000 11.000000
13.970000 2.706048 195.160900 1.000000 4.000000 89.000000 54.000000 1.000000 5.000000 28.000000
102.770000 4.642177 10561.672900 2.000000 5.000000 1.000000 48.000000 1.000000 1.000000 3.000000
38.580000 3.678324 1488.416400 1.000000 2.000000 115.000000 59.000000 1.000000 2.000000 21.000000
22.230000 3.145445 494.172900 4.000000 4.000000 181.000000 70.000000 3.000000 1.000000 11.000000
164.320000 5.107883 27001.062400 2.000000 0.000000 128.000000 57.000000 4.000000 9.000000 20.000000
35.280000 3.591267 1244.678400 4.000000 5.000000 71.000000 59.000000 2.000000 10.000000 23.000000
37.360000 3.647015 1395.769600 4.000000 4.000000 82.000000 51.000000 5.000000 11.000000 2.000000
60.010000 4.111038 3601.200100 1.000000 0.000000 121.000000 62.000000 4.000000 8.000000 2.000000
57.410000 4.067487 3295.908100 2.000000 5.000000 11.000000 46.000000 5.000000 4.000000 6.000000
47.120000 3.873698 2220.294400 4.000000 5.000000 128.000000 55.000000 3.000000 8.000000 8.000000
115.330000 4.756431 13301.008900 4.000000 2.000000 256.000000 56.000000 3.000000 3.000000 14.000000
94.260000 4.556610 8884.947600 4.000000 8.000000 135.000000 59.000000 1.000000 2.000000 21.000000
38.460000 3.675288 1479.171600 2.000000 8.000000 270.000000 56.000000 4.000000 9.000000 1.000000
29.770000 3.426540 886.252900 1.000000 3.000000 117.000000 64.000000 1.000000 12.000000 24.000000
44.040000 3.807551 1939.521600 1.000000 5.000000 212.000000 69.000000 3.000000 5.000000 30.000000
61.310000 4.132122 3758.916100 1.000000 0.000000 261.000000 63.000000 1.000000 6.000000 27.000000
179.810000 5.197447 32331.636100 3.000000 6.000000 331.000000 55.000000 2.000000 1.000000 3.000000
48.050000 3.892840 2308.802500 1.000000 2.000000 302.000000 55.000000 2.000000 8.000000 16.000000
158.680000 5.073172 25179.342400 2.000000 3.000000 23.000000 49.000000 4.000000 4.000000 12.000000
28.030000 3.368330 785.680900 2.000000 4.000000 267.000000 59.000000 6.000000 5.000000 5.000000
10.280000 2.423031 105.678400 4.000000 5.000000 77.000000 63.000000 4.000000 10.000000 6.000000
171.140000 5.148308 29288.899600 4.000000 5.000000 129.000000 64.000000 0.000000 12.000000 18.000000
39.060000 3.690378 1525.683600 0.000000 5.000000 217.000000 57.000000 5.000000 2.000000 25.000000
5.960000 1.940179 35.521600 1.000000 0.000000 37.000000 42.000000 1.000000 11.000000 26.000000
80.930000 4.405865 6549.664900 4.000000 5.000000 230.000000 60.000000 2.000000 1.000000 3.000000
39.350000 3.697591 1548.422500 0.000000 8.000000 338.000000 44.000000 2.000000 10.000000 30.000000
31.780000 3.489819 1009.968400 1.000000 8.000000 250.000000 46.000000 5.000000 12.000000 16.000000
33.750000 3.548180 1139.062500 1.000000 4.000000 58.000000 50.000000 1.000000 1.000000 2.000000
56.160000 4.045854 3153.945600 1.000000 4.000000 270.000000 56.000000 0.000000 1.000000 22.000000
139.330000 4.943997 19412.848900 1.000000 3.000000 138.000000 64.000000 1.000000 5.000000 7.000000
31.750000 3.488903 1008.062500 2.000000 0.000000 265.000000 59.000000 2.000000 6.000000 12.000000
34.230000 3.561898 1171.692900 2.000000 0.000000 12.000000 51.000000 2.000000 3.000000 20.000000
55.290000 4.030517 3056.984100 2.000000 4.000000 112.000000 67.000000 4.000000 9.000000 1.000000
116.490000 4.766353 13569.920100 4.000000 3.000000 223.000000 44.000000 2.000000 6.000000 28.000000
77.200000 4.359270 5959.840000 1.000000 6.000000 75.000000 63.000000 4.000000 4.000000 26.000000
108.290000 4.694005 11726.724100 1.000000 3.000000 138.000000 57.000000 4.000000 6.000000 2.000000
74.830000 4.328494 5599.528900 4.000000 6.000000 137.000000 51.000000 5.000000 4.000000 27.000000
5.000000 1.791759 25.000000 1.000000 6.000000 71.000000 50.000000 5.000000 10.000000 14.000000
118.260000 4.781306 13985.427600 4.000000 5.000000 135.000000 64.000000 4.000000 10.000000 4.000000
154.260000 5.045101 23796.147600 0.000000 5.000000 156.000000 52.000000 6.000000 2.000000 26.000000
84.070000 4.443474 7067.764900 0.000000 2.000000 181.000000 59.000000 2.000000 8.000000 9.000000
194.300000 5.274537 37752.490000 2.000000 6.000000 331.000000 54.000000 5.000000 8.000000 3.000000
184.930000 5.225370 34199.104900 0.000000 2.000000 25.000000 50.000000 4.000000 10.000000 13.000000
74.220000 4.320417 5508.608400 3.000000 0.000000 295.000000 41.000000 0.000000 12.000000 30.000000
49.250000 3.917011 2425.562500 0.000000 0.000000 215.000000 58.000000 0.000000 10.000000 2.000000
40.680000 3.730021 1654.862400 4.000000 8.000000 295.000000 47.000000 4.000000 7.000000 28.000000
49.120000 3.914420 2412.774400 3.000000 5.000000 267.000000 56.000000 6.000000 6.000000 11.000000
134.830000 4.911404 18179.128900 4.000000 6.000000 226.000000 45.000000 5.000000 1.000000 6.000000
249.730000 5.524377 62365.072900 4.000000 1.000000 222.000000 48.000000 2.000000 4.000000 26.000000
52.650000 3.982481 2772.022500 3.000000 7.000000 134.000000 63.000000 4.000000 5.000000 17.000000
218.470000 5.391216 47729.140900 4.000000 6.000000 64.000000 58.000000 0.000000 1.000000 9.000000
21.220000 3.100993 450.288400 0.000000 3.000000 115.000000 63.000000 5.000000 4.000000 27.000000
159.470000 5.078107 25430.680900 0.000000 5.000000 313.000000 63.000000 6.000000 4.000000 23.000000
77.360000 4.361314 5984.569600 1.000000 4.000000 208.000000 62.000000 4.000000 1.000000 19.000000
5.000000 1.791759 25.000000 3.000000 5.000000 256.000000 55.000000 2.000000 3.000000 8.000000
240.410000 5.486497 57796.968100 3.000000 4.000000 164.000000 55.000000 2.000000 9.000000 18.000000
5.000000 1.791759 25.000000 0.000000 5.000000 264.000000 62.000000 1.000000 11.000000 14.000000
70.790000 4.273745 5011.224100 3.000000 5.000000 231.000000 49.000000 6.000000 2.000000 4.000000
5.000000 1.791759 25.000000 4.000000 5.000000 171.000000 40.000000 5.000000 11.000000 30.000000
142.320000 4.965080 20254.982400 4.000000 5.000000 276.000000 54.000000 5.000000 5.000000 27.000000
30.840000 3.460723 951.105600 1.000000 5.000000 319.000000 63.000000 1.000000 3.000000 12.000000
17.860000 2.937043 318.979600 0.000000 3.000000 329.000000 55.000000 6.000000 1.000000 14.000000
31.610000 3.484619 999.192100 2.000000 8.000000 14.000000 48.000000 2.000000 3.000000 13.000000
119.370000 4.790570 14249.196900 3.000000 8.000000 8.000000 48.000000 2.000000 1.000000 25.000000
30.030000 3.434954 901.800900 4.000000 1.000000 73.000000 62.000000 4.000000 11.000000 1.000000
143.830000 4.975561 20687.068900 3.000000 3.000000 318.000000 63.000000 4.000000 8.000000 9.000000
125.240000 4.838185 15685.057600 0.000000 0.000000 163.000000 47.000000 5.000000 11.000000 16.000000
79.200000 4.384524 6272.640000 2.000000 4.000000 319.000000 63.000000 3.000000 6.000000 15.000000
27.350000 3.344627 748.022500 2.000000 8.000000 209.000000 65.000000 6.000000 6.000000 16.000000
57.300000 4.065602 3283.290000 4.000000 0.000000 204.000000 68.000000 3.000000 2.000000 9.000000
143.140000 4.970785 20489.059600 3.000000 6.000000 235.000000 62.000000 2.000000 3.000000 22.000000
178.600000 5.190732 31897.960000 4.000000 5.000000 262.000000 64.000000 1.000000 11.000000 26.000000
43.070000 3.785779 1855.024900 4.000000 0.000000 50.000000 54.000000 5.000000 1.000000 27.000000
57.490000 4.068856 3305.100100 1.000000 2.000000 131.000000 56.000000 4.000000 5.000000 5.000000
54.940000 4.024280 3018.403600 2.000000 5.000000 131.000000 62.000000 5.000000 7.000000 6.000000
151.460000 5.026902 22940.131600 4.000000 0.000000 99.000000 57.000000 4.000000 2.000000 2.000000
76.110000 4.345233 5792.732100 0.000000 5.000000 128.000000 62.000000 6.000000 4.000000 9.000000
44.310000 3.813528 1963.376100 1.000000 5.000000 207.000000 58.000000 2.000000 3.000000 29.000000
76.560000 4.351052 5861.433600 3.000000 0.000000 8.000000 50.000000 4.000000 6.000000 21.000000
95.970000 4.574402 9210.240900 2.000000 7.000000 169.000000 56.000000 4.000000 7.000000 19.000000
193.850000 5.272230 37577.822500 1.000000 8.000000 93.000000 60.000000 4.000000 9.000000 15.000000
103.140000 4.645736 10637.859600 4.000000 1.000000 197.000000 36.000000 1.000000 6.000000 18.000000
137.520000 4.931015 18911.750400 0.000000 1.000000 255.000000 50.000000 2.000000 4.000000 19.000000
24.130000 3.224062 582.256900 4.000000 7.000000 78.000000 60.000000 5.000000 4.000000 8.000000
7.920000 2.188296 62.726400 2.000000 7.000000 86.000000 62.000000 2.000000 4.000000 17.000000
11.790000 2.548664 139.004100 2.000000 3.000000 128.000000 59.000000 6.000000 9.000000 17.000000
32.600000 3.514526 1062.760000 4.000000 8.000000 81.000000 56.000000 1.000000 7.000000 2.000000
82.760000 4.427956 6849.217600 3.000000 1.000000 212.000000 57.000000 1.000000 11.000000 12.000000
60.630000 4.121149 3675.996900 1.000000 7.000000 49.000000 47.000000 0.000000 11.000000 13.000000
12.390000 2.594508 153.512100 4.000000 8.000000 94.000000 51.000000 5.000000 8.000000 10.000000
108.920000 4.699753 11863.566400 3.000000 8.000000 319.000000 63.000000 3.000000 10.000000 26.000000
44.530000 3.818371 1982.920900 4.000000 4.000000 137.000000 59.000000 3.000000 5.000000 23.000000
302.430000 5.715151 91463.904900 4.000000 5.000000 144.000000 54.000000 3.000000 1.000000 12.000000
43.740000 3.800868 1913.187600 1.000000 6.000000 228.000000 48.000000 0.000000 1.000000 16.000000
276.790000 5.626865 76612.704100 1.000000 1.000000 143.000000 54.000000 1.000000 4.000000 11.000000
152.150000 5.031418 23149.622500 2.000000 1.000000 152.000000 62.000000 5.000000 5.000000 20.000000
396.810000 5.985975 157458.176100 4.000000 7.000000 296.000000 42.000000 0.000000 5.000000 29.000000
209.670000 5.350293 43961.508900 4.000000 0.000000 240.000000 50.000000 2.000000 7.000000 12.000000
259.960000 5.564367 67579.201600 1.000000 3.000000 225.000000 54.000000 0.000000 7.000000 10.000000
42.730000 3.778034 1825.852900 4.000000 0.000000 226.000000 51.000000 6.000000 1.000000 8.000000
55.500000 4.034241 3080.250000 3.000000 5.000000 74.000000 59.000000 3.000000 7.000000 27.000000
33.530000 3.541829 1124.260900 3.000000 1.000000 230.000000 61.000000 4.000000 10.000000 25.000000
61.950000 4.142341 3837.802500 3.000000 4.000000 262.000000 51.000000 5.000000 6.000000 3.000000
48.430000 3.900558 2345.464900 4.000000 1.000000 130.000000 63.000000 2.000000 5.000000 17.000000
5.000000 1.791759 25.000000 3.000000 3.000000 315.000000 62.000000 5.000000 7.000000 1.000000
127.530000 4.856162 16263.900900 3.000000 5.000000 138.000000 57.000000 6.000000 7.000000 28.000000
200.640000 5.306484 40256.409600 2.000000 8.000000 15.000000 52.000000 3.000000 8.000000 29.000000
147.370000 4.999709 21717.916900 4.000000 3.000000 46.000000 57.000000 0.000000 8.000000 28.000000
68.330000 4.238878 4668.988900 2.000000 2.000000 180.000000 70.000000 3.000000 12.000000 7.000000
119.170000 4.788907 14201.488900 3.000000 0.000000 130.000000 63.000000 1.000000 7.000000 18.000000
34.760000 3.576830 1208.257600 3.000000 7.000000 228.000000 42.000000 5.000000 9.000000 16.000000
177.850000 5.186547 31630.622500 3.000000 5.000000 177.000000 44.000000 2.000000 9.000000 6.000000
76.390000 4.348858 5835.432100 0.000000 2.000000 202.000000 52.000000 4.000000 8.000000 30.000000
12.010000 2.565718 144.240100 4.000000 7.000000 122.000000 52.000000 1.000000 8.000000 20.000000
65.230000 4.193134 4254.952900 4.000000 1.000000 236.000000 61.000000 1.000000 11.000000 12.000000
95.810000 4.572750 9179.556100 1.000000 1.000000 59.000000 48.000000 2.000000 2.000000 8.000000
77.870000 4.367801 6063.736900 4.000000 3.000000 131.000000 59.000000 3.000000 10.000000 5.000000
324.550000 5.785516 105332.702500 2.000000 5.000000 245.000000 51.000000 0.000000 1.000000 30.000000
54.530000 4.016923 2973.520900 4.000000 3.000000 77.000000 51.000000 3.000000 6.000000 6.000000
236.190000 5.468862 55785.716100 4.000000 6.000000 146.000000 66.000000 1.000000 8.000000 1.000000
181.850000 5.208666 33069.422500 4.000000 5.000000 30.000000 49.000000 6.000000 5.000000 7.000000
92.100000 4.533674 8482.410000 4.000000 7.000000 152.000000 58.000000 0.000000 3.000000 18.000000
162.590000 5.097363 26435.508100 2.000000 3.000000 115.000000 62.000000 4.000000 5.000000 10.000000
38.090000 3.665867 1450.848100 3.000000 0.000000 303.000000 62.000000 6.000000 9.000000 3.000000
48.450000 3.900962 2347.402500 0.000000 6.000000 264.000000 51.000000 1.000000 2.000000 7.000000
156.780000 5.061202 24579.968400 1.000000 8.000000 230.000000 61.000000 1.000000 10.000000 24.000000
22.040000 3.137232 485.761600 3.000000 2.000000 49.000000 50.000000 3.000000 1.000000 19.000000
122.110000 4.813078 14910.852100 3.000000 4.000000 130.000000 60.000000 3.000000 9.000000 12.000000
134.080000 4.905867 17977.446400 0.000000 8.000000 137.000000 64.000000 6.000000 10.000000 6.000000
13.620000 2.682390 185.504400 4.000000 2.000000 81.000000 51.000000 3.000000 5.000000 9.000000
8.910000 2.293544 79.388100 4.000000 0.000000 198.000000 62.000000 4.000000 3.000000 15.000000
34.250000 3.562466 1173.062500 0.000000 7.000000 129.000000 51.000000 0.000000 4.000000 29.000000
57.780000 4.073802 3338.528400 2.000000 1.000000 198.000000 63.000000 4.000000 9.000000 27.000000
148.020000 5.004081 21909.920400 2.000000 3.000000 22.000000 44.000000 0.000000 2.000000 19.000000
206.560000 5.335420 42667.033600 3.000000 4.000000 156.000000 54.000000 2.000000 9.000000 4.000000
26.650000 3.319626 710.222500 1.000000 8.000000 295.000000 36.000000 2.000000 3.000000 8.000000
60.550000 4.119850 3666.302500 1.000000 7.000000 138.000000 59.000000 4.000000 3.000000 31.000000
5.000000 1.791759 25.000000 1.000000 5.000000 81.000000 62.000000 1.000000 7.000000 18.000000
186.800000 5.235378 34894.240000 3.000000 0.000000 243.000000 55.000000 5.000000 8.000000 19.000000
115.100000 4.754452 13248.010000 0.000000 0.000000 131.000000 57.000000 2.000000 9.000000 4.000000
25.620000 3.281663 656.384400 0.000000 3.000000 295.000000 41.000000 0.000000 9.000000 18.000000
39.620000 3.704261 1569.744400 4.000000 2.000000 226.000000 44.000000 0.000000 5.000000 27.000000
42.750000 3.778492 1827.562500 4.000000 2.000000 114.000000 64.000000 6.000000 4.000000 2.000000
52.330000 3.976499 2738.428900 3.000000 0.000000 234.000000 50.000000 1.000000 4.000000 16.000000
50.630000 3.944103 2563.396900 1.000000 6.000000 86.000000 56.000000 3.000000 11.000000 21.000000
58.760000 4.090337 3452.737600 1.000000 5.000000 335.000000 51.000000 2.000000 5.000000 1.000000
151.870000 5.029588 23064.496900 1.000000 2.000000 129.000000 64.000000 1.000000 10.000000 8.000000
51.130000 3.953741 2614.276900 0.000000 7.000000 180.000000 64.000000 1.000000 9.000000 10.000000
335.420000 5.818360 112506.576400 4.000000 3.000000 59.000000 52.000000 0.000000 12.000000 23.000000
99.520000 4.610357 9904.230400 2.000000 5.000000 194.000000 59.000000 1.000000 8.000000 1.000000
24.140000 3.224460 582.739600 2.000000 5.000000 232.000000 49.000000 5.000000 7.000000 8.000000
57.670000 4.071929 3325.828900 1.000000 6.000000 262.000000 59.000000 6.000000 5.000000 7.000000
46.420000 3.859044 2154.816400 1.000000 4.000000 172.000000 47.000000 6.000000 4.000000 28.000000
63.390000 4.164958 4018.292100 2.000000 6.000000 111.000000 71.000000 0.000000 12.000000 2.000000
163.560000 5.103275 26751.873600 1.000000 3.000000 164.000000 58.000000 2.000000 2.000000 15.000000
48.900000 3.910021 2391.210000 3.000000 6.000000 192.000000 59.000000 1.000000 4.000000 9.000000
17.270000 2.905260 298.252900 1.000000 5.000000 259.000000 62.000000 5.000000 9.000000 30.000000
78.070000 4.370334 6094.924900 1.000000 3.000000 130.000000 63.000000 0.000000 9.000000 16.000000
81.330000 4.410736 6614.568900 4.000000 7.000000 147.000000 61.000000 0.000000 9.000000 4.000000
90.210000 4.513165 8137.844100 3.000000 7.000000 132.000000 59.000000 0.000000 10.000000 7.000000
171.460000 5.150165 29398.531600 3.000000 0.000000 40.000000 56.000000 5.000000 9.000000 7.000000
60.990000 4.126973 3719.780100 1.000000 3.000000 117.000000 71.000000 5.000000 11.000000 25.000000
104.060000 4.654532 10828.483600 4.000000 6.000000 109.000000 60.000000 3.000000 6.000000 13.000000
71.550000 4.284276 5119.402500 1.000000 6.000000 288.000000 53.000000 5.000000 7.000000 8.000000
182.080000 5.209923 33153.126400 4.000000 4.000000 333.000000 54.000000 1.000000 1.000000 24.000000
199.930000 5.302957 39972.004900 4.000000 5.000000 156.000000 65.000000 1.000000 9.000000 10.000000
15.900000 2.827314 252.810000 4.000000 7.000000 67.000000 51.000000 5.000000 1.000000 13.000000
248.050000 5.517654 61528.802500 3.000000 8.000000 300.000000 63.000000 2.000000 5.000000 10.000000
130.570000 4.879539 17048.524900 4.000000 8.000000 174.000000 52.000000 6.000000 8.000000 6.000000
128.270000 4.861903 16453.192900 2.000000 2.000000 12.000000 40.000000 4.000000 5.000000 17.000000
5.000000 1.791759 25.000000 2.000000 5.000000 64.000000 45.000000 0.000000 10.000000 16.000000
10.350000 2.429218 107.122500 2.000000 5.000000 138.000000 62.000000 5.000000 6.000000 3.000000
34.960000 3.582407 1222.201600 1.000000 0.000000 73.000000 51.000000 0.000000 5.000000 13.000000
5.000000 1.791759 25.000000 1.000000 2.000000 184.000000 58.000000 6.000000 12.000000 17.000000
249.040000 5.521621 62020.921600 1.000000 5.000000 19.000000 55.000000 3.000000 2.000000 16.000000
65.740000 4.200804 4321.747600 1.000000 5.000000 320.000000 63.000000 6.000000 6.000000 2.000000
189.080000 5.247445 35751.246400 0.000000 7.000000 22.000000 55.000000 1.000000 2.000000 13.000000
93.600000 4.549657 8760.960000 0.000000 3.000000 226.000000 44.000000 1.000000 5.000000 30.000000
116.950000 4.770261 13677.302500 2.000000 6.000000 55.000000 45.000000 4.000000 10.000000 6.000000
358.010000 5.883350 128171.160100 3.000000 5.000000 283.000000 54.000000 2.000000 1.000000 3.000000
108.770000 4.698387 11830.912900 4.000000 8.000000 132.000000 60.000000 5.000000 3.000000 18.000000
208.940000 5.346822 43655.923600 1.000000 3.000000 9.000000 58.000000 6.000000 11.000000 10.000000
5.000000 1.791759 25.000000 2.000000 0.000000 108.000000 70.000000 5.000000 5.000000 25.000000
51.830000 3.967079 2686.348900 3.000000 3.000000 269.000000 63.000000 1.000000 12.000000 3.000000
54.610000 4.018363 2982.252100 0.000000 5.000000 67.000000 56.000000 3.000000 9.000000 7.000000
21.150000 3.097837 447.322500 1.000000 4.000000 72.000000 62.000000 0.000000 1.000000 8.000000
88.100000 4.489759 7761.610000 4.000000 8.000000 302.000000 63.000000 1.000000 3.000000 5.000000
70.670000 4.272072 4994.248900 2.000000 5.000000 10.000000 42.000000 5.000000 7.000000 15.000000
129.860000 4.874128 16863.619600 3.000000 5.000000 327.000000 57.000000 5.000000 12.000000 2.000000
5.640000 1.893112 31.809600 2.000000 1.000000 60.000000 58.000000 3.000000 11.000000 14.000000
140.720000 4.953853 19802.118400 4.000000 1.000000 314.000000 60.000000 5.000000 2.000000 25.000000
163.820000 5.104854 26836.992400 1.000000 6.000000 316.000000 57.000000 6.000000 6.000000 2.000000
5.000000 1.791759 25.000000 3.000000 7.000000 65.000000 61.000000 5.000000 12.000000 2.000000
66.740000 4.215677 4454.227600 0.000000 4.000000 88.000000 54.000000 1.000000 8.000000 15.000000
40.640000 3.729061 1651.609600 0.000000 1.000000 322.000000 59.000000 0.000000 3.000000 25.000000
26.290000 3.306520 691.164100 3.000000 7.000000 171.000000 49.000000 1.000000 12.000000 31.000000
13.700000 2.687847 187.690000 3.000000 8.000000 131.000000 59.000000 1.000000 3.000000 26.000000
35.110000 3.586570 1232.712100 1.000000 4.000000 73.000000 56.000000 4.000000 6.000000 14.000000
48.890000 3.909821 2390.232100 2.000000 4.000000 330.000000 54.000000 6.000000 3.000000 5.000000
125.170000 4.837630 15667.528900 2.000000 5.000000 325.000000 64.000000 0.000000 7.000000 15.000000
56.200000 4.046554 3158.440000 3.000000 0.000000 286.000000 53.000000 0.000000 3.000000 6.000000
39.930000 3.711863 1594.404900 2.000000 0.000000 51.000000 45.000000 4.000000 11.000000 24.000000
66.100000 4.206184 4369.210000 0.000000 8.000000 198.000000 55.000000 4.000000 3.000000 29.000000
161.480000 5.090555 26075.790400 2.000000 8.000000 236.000000 62.000000 1.000000 11.000000 21.000000
45.850000 3.846951 2102.222500 4.000000 3.000000 32.000000 58.000000 0.000000 12.000000 23.000000
142.690000 4.967658 20360.436100 4.000000 6.000000 41.000000 44.000000 3.000000 2.000000 29.000000
151.330000 5.026049 22900.768900 4.000000 4.000000 1.000000 49.000000 2.000000 6.000000 26.000000
76.450000 4.349633 5844.602500 3.000000 5.000000 112.000000 67.000000 4.000000 2.000000 24.000000
63.450000 4.165890 4025.902500 2.000000 7.000000 335.000000 43.000000 3.000000 12.000000 26.000000
5.000000 1.791759 25.000000 2.000000 5.000000 102.000000 58.000000 2.000000 11.000000 15.000000
17.420000 2.913437 303.456400 4.000000 0.000000 202.000000 55.000000 1.000000 6.000000 27.000000
40.580000 3.727619 1646.736400 1.000000 1.000000 338.000000 51.000000 6.000000 1.000000 29.000000
26.410000 3.310908 697.488100 1.000000 6.000000 130.000000 62.000000 6.000000 8.000000 27.000000
78.720000 4.378520 6196.838400 1.000000 2.000000 123.000000 48.000000 4.000000 7.000000 7.000000
201.260000 5.309554 40505.587600 2.000000 0.000000 16.000000 56.000000 1.000000 3.000000 19.000000
34.890000 3.580459 1217.312100 3.000000 0.000000 138.000000 62.000000 6.000000 2.000000 5.000000
311.290000 5.743932 96901.464100 2.000000 3.000000 61.000000 50.000000 0.000000 7.000000 24.000000
107.840000 4.689879 11629.465600 2.000000 5.000000 58.000000 47.000000 6.000000 1.000000 29.000000
14.110000 2.715357 199.092100 2.000000 2.000000 238.000000 54.000000 3.000000 12.000000 28.000000
95.960000 4.574299 9208.321600 2.000000 3.000000 132.000000 59.000000 4.000000 11.000000 15.000000
68.920000 4.247352 4749.966400 3.000000 0.000000 265.000000 62.000000 3.000000 10.000000 3.000000
126.930000 4.851483 16111.224900 3.000000 3.000000 158.000000 53.000000 4.000000 5.000000 3.000000
38.350000 3.672496 1470.722500 2.000000 6.000000 11.000000 51.000000 0.000000 6.000000 26.000000
22.680000 3.164631 514.382400 1.000000 2.000000 162.000000 51.000000 5.000000 11.000000 11.000000
72.850000 4.302036 5307.122500 4.000000 4.000000 187.000000 59.000000 1.000000 1.000000 31.000000
16.550000 2.865054 273.902500 2.000000 2.000000 248.000000 45.000000 2.000000 8.000000 9.000000
5.000000 1.791759 25.000000 0.000000 1.000000 161.000000 45.000000 6.000000 2.000000 12.000000
29.070000 3.403528 845.064900 3.000000 2.000000 131.000000 59.000000 4.000000 1.000000 20.000000
73.990000 4.317355 5474.520100 4.000000 5.000000 231.000000 57.000000 0.000000 10.000000 30.000000
82.100000 4.420045 6740.410000 3.000000 7.000000 231.000000 61.000000 2.000000 1.000000 24.000000
15.850000 2.824351 251.222500 2.000000 4.000000 155.000000 65.000000 2.000000 12.000000 4.000000
122.420000 4.815593 14986.656400 0.000000 3.000000 138.000000 64.000000 4.000000 7.000000 19.000000
92.620000 4.539244 8578.464400 0.000000 5.000000 209.000000 69.000000 2.000000 8.000000 16.000000
74.910000 4.329548 5611.508100 2.000000 4.000000 172.000000 41.000000 4.000000 3.000000 1.000000
30.560000 3.451890 933.913600 0.000000 2.000000 2.000000 45.000000 5.000000 7.000000 15.000000
32.190000 3.502249 1036.196100 4.000000 5.000000 25.000000 59.000000 4.000000 8.000000 9.000000
74.950000 4.330075 5617.502500 2.000000 8.000000 3.000000 47.000000 1.000000 12.000000 10.000000
24.060000 3.221273 578.883600 1.000000 8.000000 248.000000 51.000000 5.000000 11.000000 25.000000
88.840000 4.498030 7892.545600 4.000000 5.000000 120.000000 71.000000 2.000000 11.000000 6.000000
190.810000 5.256505 36408.456100 4.000000 2.000000 142.000000 62.000000 4.000000 2.000000 16.000000
104.190000 4.655768 10855.556100 0.000000 5.000000 0.000000 57.000000 4.000000 11.000000 10.000000
38.480000 3.675794 1480.710400 1.000000 0.000000 78.000000 63.000000 0.000000 1.000000 2.000000
109.240000 4.702660 11933.377600 3.000000 1.000000 335.000000 52.000000 0.000000 5.000000 6.000000
44.570000 3.819250 1986.484900 2.000000 2.000000 202.000000 44.000000 6.000000 12.000000 31.000000
467.790000 6.150155 218827.484100 4.000000 4.000000 291.000000 57.000000 4.000000 6.000000 30.000000
5.000000 1.791759 25.000000 3.000000 0.000000 183.000000 66.000000 3.000000 12.000000 28.000000
57.160000 4.063198 3267.265600 1.000000 6.000000 82.000000 51.000000 2.000000 1.000000 11.000000
184.220000 5.221544 33937.008400 4.000000 7.000000 39.000000 52.000000 5.000000 3.000000 4.000000
79.130000 4.383650 6261.556900 0.000000 5.000000 233.000000 61.000000 6.000000 5.000000 26.000000
261.160000 5.568955 68204.545600 3.000000 1.000000 38.000000 49.000000 5.000000 5.000000 20.000000
5.000000 1.791759 25.000000 1.000000 3.000000 230.000000 48.000000 3.000000 12.000000 26.000000
80.740000 4.403543 6518.947600 4.000000 8.000000 120.000000 59.000000 2.000000 5.000000 29.000000
73.790000 4.314684 5444.964100 2.000000 6.000000 136.000000 56.000000 0.000000 6.000000 24.000000
177.130000 5.182514 31375.036900 4.000000 0.000000 308.000000 60.000000 4.000000 1.000000 5.000000
14.110000 2.715357 199.092100 2.000000 1.000000 63.000000 54.000000 2.000000 3.000000 6.000000
29.060000 3.403195 844.483600 2.000000 6.000000 272.000000 60.000000 6.000000 6.000000 16.000000
16.500000 2.862201 272.250000 1.000000 4.000000 44.000000 48.000000 6.000000 12.000000 3.000000
87.730000 4.485598 7696.552900 1.000000 2.000000 107.000000 64.000000 2.000000 4.000000 19.000000
37.090000 3.639952 1375.668100 2.000000 0.000000 268.000000 56.000000 0.000000 2.000000 6.000000
15.390000 2.796671 236.852100 1.000000 6.000000 262.000000 59.000000 1.000000 8.000000 29.000000
12.510000 2.603430 156.500100 0.000000 8.000000 182.000000 59.000000 5.000000 11.000000 2.000000
5.790000 1.915451 33.524100 3.000000 5.000000 76.000000 50.000000 5.000000 2.000000 10.000000
123.000000 4.820282 15129.000000 2.000000 3.000000 207.000000 55.000000 3.000000 12.000000 5.000000
69.020000 4.248781 4763.760400 2.000000 5.000000 320.000000 55.000000 0.000000 9.000000 30.000000
61.670000 4.137883 3803.188900 1.000000 4.000000 139.000000 51.000000 0.000000 8.000000 19.000000
133.810000 4.903866 17905.116100 2.000000 7.000000 35.000000 56.000000 4.000000 8.000000 9.000000
32.340000 3.506758 1045.875600 0.000000 7.000000 204.000000 68.000000 2.000000 9.000000 18.000000
137.170000 4.928485 18815.608900 2.000000 6.000000 235.000000 55.000000 4.000000 3.000000 31.000000
119.170000 4.788907 14201.488900 2.000000 6.000000 22.000000 49.000000 0.000000 9.000000 18.000000
184.140000 5.221112 33907.539600 1.000000 3.000000 233.000000 55.000000 6.000000 1.000000 21.000000
136.830000 4.926021 18722.448900 3.000000 2.000000 170.000000 59.000000 0.000000 9.000000 25.000000
173.370000 5.161179 30057.156900 0.000000 0.000000 23.000000 49.000000 0.000000 11.000000 13.000000
6.100000 1.960095 37.210000 1.000000 1.000000 71.000000 61.000000 1.000000 7.000000 30.000000
5.000000 1.791759 25.000000 2.000000 4.000000 190.000000 58.000000 3.000000 11.000000 30.000000
49.750000 3.926912 2475.062500 4.000000 8.000000 265.000000 56.000000 4.000000 3.000000 31.000000
176.750000 5.180378 31240.562500 4.000000 1.000000 42.000000 48.000000 3.000000 9.000000 12.000000
114.710000 4.751087 13158.384100 4.000000 0.000000 241.000000 55.000000 6.000000 9.000000 10.000000
129.160000 4.868764 16682.305600 3.000000 0.000000 328.000000 52.000000 2.000000 1.000000 3.000000
65.810000 4.201853 4330.956100 2.000000 7.000000 169.000000 56.000000 6.000000 6.000000 2.000000
134.140000 4.906311 17993.539600 4.000000 5.000000 4.000000 37.000000 4.000000 4.000000 5.000000
69.740000 4.259011 4863.667600 3.000000 1.000000 235.000000 61.000000 4.000000 8.000000 25.000000
77.020000 4.356965 5932.080400 1.000000 8.000000 190.000000 67.000000 6.000000 3.000000 26.000000
147.660000 5.001662 21803.475600 0.000000 7.000000 161.000000 42.000000 6.000000 4.000000 7.000000
67.930000 4.233091 4614.484900 2.000000 5.000000 163.000000 43.000000 6.000000 2.000000 19.000000
379.750000 5.942143 144210.062500 3.000000 7.000000 289.000000 58.000000 5.000000 1.000000 6.000000
26.970000 3.331133 727.380900 2.000000 7.000000 258.000000 43.000000 0.000000 6.000000 26.000000
10.490000 2.441477 110.040100 1.000000 1.000000 266.000000 55.000000 4.000000 5.000000 26.000000
71.130000 4.278470 5059.476900 4.000000 3.000000 132.000000 62.000000 5.000000 2.000000 17.000000
50.590000 3.943328 2559.348100 1.000000 7.000000 270.000000 59.000000 2.000000 4.000000 24.000000
25.970000 3.294725 674.440900 4.000000 4.000000 32.000000 55.000000 4.000000 5.000000 24.000000
5.000000 1.791759 25.000000 2.000000 5.000000 14.000000 50.000000 2.000000 9.000000 25.000000
239.020000 5.480722 57130.560400 1.000000 1.000000 46.000000 50.000000 4.000000 10.000000 27.000000
65.990000 4.204543 4354.680100 0.000000 4.000000 251.000000 52.000000 4.000000 5.000000 5.000000
5.000000 1.791759 25.000000 2.000000 8.000000 121.000000 70.000000 2.000000 3.000000 13.000000
96.450000 4.579339 9302.602500 0.000000 1.000000 14.000000 54.000000 1.000000 10.000000 15.000000
79.700000 4.390739 6352.090000 4.000000 7.000000 226.000000 50.000000 1.000000 2.000000 27.000000
5.000000 1.791759 25.000000 0.000000 7.000000 79.000000 62.000000 2.000000 1.000000 3.000000
186.840000 5.235591 34909.185600 0.000000 0.000000 151.000000 62.000000 2.000000 10.000000 2.000000
200.030000 5.303454 40012.000900 4.000000 6.000000 96.000000 57.000000 0.000000 12.000000 30.000000
61.870000 4.141069 3827.896900 3.000000 2.000000 62.000000 62.000000 1.000000 5.000000 23.000000
34.090000 3.557916 1162.128100 2.000000 4.000000 95.000000 62.000000 6.000000 2.000000 11.000000
133.320000 4.900225 17774.222400 4.000000 5.000000 34.000000 52.000000 4.000000 8.000000 30.000000
12.700000 2.617396 161.290000 2.000000 4.000000 265.000000 51.000000 6.000000 11.000000 24.000000
141.800000 4.961445 20107.240000 0.000000 1.000000 177.000000 51.000000 0.000000 3.000000 11.000000
224.830000 5.419783 50548.528900 2.000000 1.000000 49.000000 53.000000 0.000000 4.000000 3.000000
83.120000 4.432244 6908.934400 4.000000 2.000000 89.000000 49.000000 1.000000 2.000000 14.000000
31.360000 3.476923 983.449600 0.000000 6.000000 165.000000 40.000000 3.000000 6.000000 6.000000
84.130000 4.444179 7077.856900 4.000000 2.000000 134.000000 62.000000 2.000000 9.000000 25.000000
215.750000 5.378745 46548.062500 4.000000 6.000000 30.000000 44.000000 2.000000 7.000000 24.000000
37.290000 3.645189 1390.544100 1.000000 2.000000 155.000000 64.000000 4.000000 2.000000 9.000000
180.760000 5.202687 32674.177600 3.000000 1.000000 46.000000 45.000000 2.000000 12.000000 25.000000
5.000000 1.791759 25.000000 2.000000 3.000000 173.000000 40.000000 6.000000 11.000000 5.000000
15.840000 2.823757 250.905600 3.000000 4.000000 230.000000 61.000000 2.000000 3.000000 1.000000
49.060000 3.913222 2406.883600 3.000000 4.000000 87.000000 56.000000 3.000000 7.000000 11.000000
91.310000 4.525152 8337.516100 3.000000 1.000000 139.000000 56.000000 1.000000 1.000000 16.000000
218.310000 5.390486 47659.256100 0.000000 3.000000 154.000000 65.000000 5.000000 1.000000 28.000000
29.670000 3.423285 880.308900 0.000000 4.000000 60.000000 59.000000 0.000000 12.000000 23.000000
27.840000 3.361763 775.065600 0.000000 8.000000 257.000000 57.000000 0.000000 3.000000 27.000000
5.000000 1.791759 25.000000 3.000000 8.000000 251.000000 48.000000 4.000000 2.000000 3.000000
5.000000 1.791759 25.000000 1.000000 8.000000 154.000000 52.000000 5.000000 4.000000 1.000000
46.960000 3.870367 2205.241600 0.000000 7.000000 73.000000 51.000000 6.000000 3.000000 31.000000
43.690000 3.799750 1908.816100 4.000000 3.000000 335.000000 54.000000 6.000000 2.000000 18.000000
87.060000 4.478018 7579.443600 3.000000 2.000000 138.000000 59.000000 6.000000 3.000000 19.000000
136.830000 4.926021 18722.448900 3.000000 7.000000 297.000000 50.000000 4.000000 1.000000 6.000000
78.530000 4.376134 6166.960900 0.000000 0.000000 178.000000 57.000000 4.000000 1.000000 6.000000
17.570000 2.921547 308.704900 4.000000 7.000000 187.000000 64.000000 2.000000 4.000000 12.000000
43.580000 3.797285 1899.216400 0.000000 1.000000 260.000000 51.000000 0.000000 9.000000 16.000000
386.110000 5.958709 149080.932100 3.000000 3.000000 3.000000 41.000000 2.000000 3.000000 13.000000
60.830000 4.124389 3700.288900 4.000000 4.000000 188.000000 64.000000 6.000000 7.000000 7.000000
32.240000 3.503754 1039.417600 1.000000 2.000000 65.000000 62.000000 2.000000 5.000000 1.000000
199.640000 5.301512 39856.129600 1.000000 6.000000 158.000000 59.000000 0.000000 12.000000 25.000000
43.600000 3.797734 1900.960000 1.000000 0.000000 259.000000 51.000000 6.000000 12.000000 29.000000
106.990000 4.682039 11446.860100 4.000000 2.000000 235.000000 55.000000 6.000000 10.000000 20.000000
96.760000 4.582515 9362.497600 0.000000 5.000000 95.000000 51.000000 3.000000 7.000000 4.000000
295.830000 5.693160 87515.388900 1.000000 2.000000 273.000000 54.000000 1.000000 10.000000 17.000000
96.440000 4.579237 9300.673600 2.000000 4.000000 232.000000 49.000000 1.000000 8.000000 29.000000
150.360000 5.019661 22608.129600 0.000000 6.000000 152.000000 59.000000 2.000000 10.000000 9.000000
37.770000 3.657647 1426.572900 3.000000 5.000000 68.000000 56.000000 5.000000 3.000000 11.000000
135.900000 4.919251 18468.810000 2.000000 0.000000 4.000000 49.000000 3.000000 1.000000 12.000000
222.330000 5.408650 49430.628900 2.000000 6.000000 296.000000 50.000000 1.000000 11.000000 19.000000
163.080000 5.100354 26595.086400 3.000000 1.000000 130.000000 60.000000 1.000000 1.000000 17.000000
168.650000 5.133737 28442.822500 1.000000 5.000000 3.000000 47.000000 3.000000 3.000000 2.000000
61.240000 4.130998 3750.337600 4.000000 0.000000 49.000000 51.000000 2.000000 6.000000 14.000000
96.670000 4.581594 9345.088900 4.000000 4.000000 131.000000 59.000000 3.000000 2.000000 23.000000
104.780000 4.661361 10978.848400 1.000000 3.000000 337.000000 52.000000 6.000000 10.000000 29.000000
50.930000 3.949897 2593.864900 4.000000 1.000000 109.000000 64.000000 5.000000 1.000000 21.000000
32.250000 3.504055 1040.062500 2.000000 6.000000 240.000000 60.000000 5.000000 12.000000 14.000000
52.120000 3.972554 2716.494400 1.000000 2.000000 239.000000 54.000000 5.000000 5.000000 25.000000
117.720000 4.776768 13857.998400 4.000000 7.000000 239.000000 50.000000 5.000000 12.000000 16.000000
133.460000 4.901267 17811.571600 4.000000 6.000000 133.000000 60.000000 2.000000 8.000000 14.000000
113.100000 4.737075 12791.610000 3.000000 0.000000 170.000000 48.000000 5.000000 9.000000 23.000000
139.990000 4.948689 19597.200100 4.000000 1.000000 179.000000 68.000000 2.000000 12.000000 20.000000
83.260000 4.433907 6932.227600 2.000000 0.000000 42.000000 47.000000 3.000000 8.000000 17.000000
161.880000 5.093014 26205.134400 3.000000 2.000000 322.000000 63.000000 1.000000 7.000000 11.000000
21.100000 3.095578 445.210000 1.000000 6.000000 330.000000 62.000000 4.000000 2.000000 10.000000
83.570000 4.437580 6983.944900 2.000000 7.000000 40.000000 54.000000 4.000000 8.000000 16.000000
58.180000 4.080584 3384.912400 3.000000 8.000000 136.000000 63.000000 3.000000 4.000000 20.000000
57.170000 4.063370 3268.408900 1.000000 5.000000 336.000000 56.000000 4.000000 6.000000 23.000000
163.350000 5.101998 26683.222500 3.000000 5.000000 39.000000 55.000000 1.000000 4.000000 18.000000
47.820000 3.888140 2286.752400 1.000000 4.000000 265.000000 62.000000 3.000000 11.000000 23.000000
71.760000 4.287166 5149.497600 3.000000 2.000000 178.000000 45.000000 2.000000 6.000000 28.000000
143.900000 4.976044 20707.210000 3.000000 6.000000 135.000000 64.000000 0.000000 12.000000 11.000000
243.230000 5.498110 59160.832900 0.000000 6.000000 235.000000 58.000000 1.000000 7.000000 16.000000
67.900000 4.232656 4610.410000 2.000000 8.000000 271.000000 51.000000 1.000000 7.000000 23.000000
233.220000 5.456261 54391.568400 0.000000 7.000000 46.000000 50.000000 2.000000 1.000000 3.000000
20.270000 3.057298 410.872900 0.000000 6.000000 227.000000 47.000000 4.000000 7.000000 21.000000
444.620000 6.099467 197686.944400 0.000000 5.000000 63.000000 55.000000 1.000000 5.000000 14.000000
43.950000 3.805551 1931.602500 1.000000 7.000000 85.000000 63.000000 1.000000 12.000000 24.000000
16.370000 2.854745 267.976900 3.000000 5.000000 220.000000 53.000000 3.000000 3.000000 2.000000
28.210000 3.374511 795.804100 2.000000 1.000000 202.000000 49.000000 0.000000 12.000000 9.000000
151.800000 5.029130 23043.240000 3.000000 0.000000 244.000000 62.000000 0.000000 6.000000 3.000000
56.520000 4.052133 3194.510400 2.000000 1.000000 164.000000 65.000000 3.000000 3.000000 28.000000
166.910000 5.123428 27858.948100 4.000000 2.000000 35.000000 49.000000 0.000000 12.000000 23.000000
160.940000 5.087226 25901.683600 1.000000 2.000000 240.000000 62.000000 2.000000 5.000000 22.000000
183.140000 5.215696 33540.259600 2.000000 8.000000 238.000000 62.000000 5.000000 2.000000 11.000000
92.630000 4.539351 8580.316900 1.000000 2.000000 161.000000 52.000000 6.000000 1.000000 21.000000
76.450000 4.349633 5844.602500 2.000000 8.000000 198.000000 67.000000 2.000000 7.000000 17.000000
35.120000 3.586847 1233.414400 1.000000 3.000000 298.000000 51.000000 1.000000 7.000000 23.000000
67.750000 4.230477 4590.062500 4.000000 1.000000 226.000000 51.000000 1.000000 12.000000 19.000000
249.210000 5.522301 62105.624100 4.000000 5.000000 296.000000 47.000000 3.000000 2.000000 1.000000
320.880000 5.774179 102963.974400 3.000000 1.000000 297.000000 38.000000 4.000000 1.000000 26.000000
129.280000 4.869686 16713.318400 3.000000 8.000000 167.000000 39.000000 4.000000 2.000000 3.000000
90.370000 4.514917 8166.736900 2.000000 1.000000 268.000000 62.000000 5.000000 3.000000 2.000000
117.670000 4.776347 13846.228900 0.000000 2.000000 236.000000 55.000000 5.000000 7.000000 8.000000
21.550000 3.115735 464.402500 2.000000 6.000000 209.000000 65.000000 0.000000 2.000000 19.000000
12.500000 2.602690 156.250000 0.000000 8.000000 232.000000 61.000000 4.000000 2.000000 2.000000
5.000000 1.791759 25.000000 1.000000 8.000000 134.000000 58.000000 6.000000 8.000000 6.000000
221.750000 5.406050 49173.062500 1.000000 1.000000 33.000000 55.000000 2.000000 3.000000 13.000000
103.480000 4.648996 10708.110400 2.000000 3.000000 276.000000 57.000000 2.000000 11.000000 8.000000
19.730000 3.031582 389.272900 2.000000 5.000000 77.000000 62.000000 4.000000 2.000000 16.000000
48.390000 3.899748 2341.592100 4.000000 3.000000 242.000000 49.000000 5.000000 7.000000 1.000000
94.970000 4.564036 9019.300900 0.000000 5.000000 127.000000 51.000000 6.000000 8.000000 20.000000
19.450000 3.017983 378.302500 0.000000 8.000000 224.000000 49.000000 0.000000 11.000000 27.000000
165.190000 5.113132 27287.736100 4.000000 8.000000 46.000000 60.000000 4.000000 4.000000 28.000000
34.220000 3.561614 1171.008400 4.000000 5.000000 265.000000 63.000000 0.000000 5.000000 1.000000
227.260000 5.430485 51647.107600 1.000000 5.000000 20.000000 55.000000 5.000000 10.000000 28.000000
169.850000 5.140786 28849.022500 2.000000 5.000000 41.000000 44.000000 0.000000 6.000000 12.000000
52.600000 3.981549 2766.760000 1.000000 5.000000 132.000000 51.000000 2.000000 11.000000 22.000000
27.420000 3.347093 751.856400 3.000000 7.000000 140.000000 54.000000 6.000000 2.000000 11.000000
81.630000 4.414373 6663.456900 4.000000 3.000000 102.000000 56.000000 1.000000 6.000000 11.000000
65.580000 4.198404 4300.736400 0.000000 6.000000 236.000000 59.000000 1.000000 9.000000 19.000000
66.670000 4.214643 4444.888900 2.000000 8.000000 60.000000 55.000000 4.000000 9.000000 6.000000
57.950000 4.076690 3358.202500 0.000000 0.000000 79.000000 51.000000 5.000000 2.000000 24.000000
166.550000 5.121282 27738.902500 4.000000 2.000000 226.000000 40.000000 5.000000 9.000000 14.000000
470.550000 6.156025 221417.302500 4.000000 5.000000 245.000000 48.000000 1.000000 5.000000 23.000000
38.000000 3.663562 1444.000000 2.000000 8.000000 78.000000 59.000000 6.000000 2.000000 18.000000
95.590000 4.570475 9137.448100 4.000000 3.000000 313.000000 56.000000 1.000000 10.000000 1.000000
52.420000 3.978185 2747.856400 4.000000 7.000000 225.000000 52.000000 5.000000 3.000000 30.000000
113.190000 4.737864 12811.976100 1.000000 3.000000 129.000000 60.000000 5.000000 9.000000 2.000000
112.060000 4.727919 12557.443600 0.000000 7.000000 145.000000 61.000000 2.000000 3.000000 20.000000
30.890000 3.462292 954.192100 2.000000 8.000000 7.000000 43.000000 1.000000 2.000000 14.000000
59.950000 4.110054 3594.002500 1.000000 8.000000 139.000000 59.000000 5.000000 8.000000 31.000000
23.960000 3.217275 574.081600 0.000000 5.000000 68.000000 59.000000 6.000000 10.000000 15.000000
105.580000 4.668896 11147.136400 1.000000 7.000000 138.000000 57.000000 3.000000 9.000000 26.000000
92.130000 4.533996 8487.936900 2.000000 3.000000 58.000000 49.000000 5.000000 7.000000 13.000000
119.870000 4.794716 14368.816900 0.000000 8.000000 2.000000 50.000000 4.000000 8.000000 23.000000
115.720000 4.759778 13391.118400 2.000000 7.000000 120.000000 56.000000 2.000000 9.000000 18.000000
110.410000 4.713217 12190.368100 1.000000 5.000000 229.000000 62.000000 3.000000 5.000000 2.000000
64.200000 4.177459 4121.640000 1.000000 5.000000 73.000000 51.000000 4.000000 3.000000 22.000000
302.940000 5.716830 91772.643600 4.000000 7.000000 28.000000 56.000000 5.000000 1.000000 28.000000
123.910000 4.827593 15353.688100 4.000000 5.000000 254.000000 47.000000 4.000000 3.000000 3.000000
128.540000 4.863990 16522.531600 0.000000 5.000000 167.000000 47.000000 2.000000 3.000000 13.000000
5.000000 1.791759 25.000000 1.000000 1.000000 0.000000 58.000000 0.000000 1.000000 22.000000
100.130000 4.616407 10026.016900 3.000000 7.000000 88.000000 58.000000 6.000000 12.000000 24.000000
64.490000 4.181897 4158.960100 4.000000 4.000000 128.000000 62.000000 6.000000 2.000000 19.000000
121.920000 4.811534 14864.486400 1.000000 3.000000 32.000000 55.000000 3.000000 3.000000 23.000000
70.350000 4.267597 4949.122500 0.000000 8.000000 233.000000 57.000000 4.000000 2.000000 23.000000
56.880000 4.058372 3235.334400 3.000000 0.000000 262.000000 59.000000 4.000000 8.000000 2.000000
251.390000 5.530976 63196.932100 0.000000 1.000000 36.000000 55.000000 6.000000 10.000000 1.000000
96.130000 4.576050 9240.976900 3.000000 2.000000 139.000000 56.000000 2.000000 7.000000 3.000000
24.440000 3.236323 597.313600 1.000000 7.000000 131.000000 63.000000 6.000000 11.000000 24.000000
262.450000 5.573864 68880.002500 1.000000 7.000000 200.000000 60.000000 0.000000 5.000000 22.000000
29.990000 3.433665 899.400100 0.000000 5.000000 266.000000 59.000000 4.000000 10.000000 13.000000
76.880000 4.355169 5910.534400 2.000000 6.000000 128.000000 63.000000 2.000000 7.000000 17.000000
60.870000 4.125035 3705.156900 2.000000 3.000000 82.000000 63.000000 2.000000 5.000000 17.000000
116.400000 4.765587 13548.960000 4.000000 5.000000 293.000000 61.000000 3.000000 12.000000 12.000000
22.640000 3.162940 512.569600 3.000000 6.000000 128.000000 56.000000 0.000000 3.000000 20.000000
113.930000 4.744323 12980.044900 1.000000 8.000000 334.000000 46.000000 5.000000 6.000000 22.000000
36.690000 3.629395 1346.156100 0.000000 5.000000 228.000000 48.000000 3.000000 10.000000 19.000000
31.000000 3.465736 961.000000 2.000000 5.000000 262.000000 56.000000 1.000000 6.000000 6.000000
67.830000 4.231640 4600.908900 4.000000 7.000000 335.000000 51.000000 4.000000 9.000000 8.000000
41.830000 3.757239 1749.748900 1.000000 5.000000 261.000000 51.000000 0.000000 7.000000 22.000000
29.970000 3.433019 898.200900 2.000000 7.000000 165.000000 47.000000 3.000000 4.000000 11.000000
77.790000 4.366786 6051.284100 3.000000 0.000000 255.000000 52.000000 5.000000 7.000000 6.000000
24.720000 3.247269 611.078400 2.000000 5.000000 213.000000 68.000000 6.000000 5.000000 21.000000
117.370000 4.773815 13775.716900 0.000000 5.000000 41.000000 49.000000 4.000000 4.000000 19.000000
15.160000 2.782539 229.825600 3.000000 3.000000 135.000000 62.000000 4.000000 9.000000 29.000000
70.470000 4.269278 4966.020900 2.000000 0.000000 52.000000 51.000000 2.000000 7.000000 10.000000
98.990000 4.605070 9799.020100 1.000000 0.000000 131.000000 63.000000 1.000000 10.000000 8.000000
20.130000 3.050694 405.216900 2.000000 4.000000 265.000000 51.000000 2.000000 8.000000 21.000000
254.790000 5.544357 64917.944100 4.000000 8.000000 61.000000 48.000000 6.000000 8.000000 6.000000
114.970000 4.753332 13218.100900 3.000000 6.000000 202.000000 49.000000 2.000000 10.000000 23.000000
103.270000 4.646984 10664.692900 4.000000 4.000000 254.000000 47.000000 6.000000 8.000000 20.000000
76.500000 4.350278 5852.250000 3.000000 0.000000 112.000000 59.000000 5.000000 1.000000 27.000000
25.450000 3.275256 647.702500 1.000000 5.000000 81.000000 51.000000 0.000000 4.000000 22.000000
124.040000 4.828634 15385.921600 1.000000 0.000000 290.000000 58.000000 2.000000 3.000000 27.000000
51.810000 3.966701 2684.276100 0.000000 7.000000 8.000000 53.000000 3.000000 9.000000 14.000000
133.380000 4.900672 17790.224400 3.000000 4.000000 93.000000 64.000000 3.000000 7.000000 13.000000
107.280000 4.684720 11508.998400 0.000000 0.000000 194.000000 57.000000 2.000000 12.000000 6.000000
127.640000 4.857018 16291.969600 1.000000 6.000000 136.000000 64.000000 2.000000 4.000000 10.000000
143.100000 4.970508 20477.610000 1.000000 5.000000 163.000000 47.000000 0.000000 5.000000 1.000000
127.310000 4.854449 16207.836100 0.000000 0.000000 8.000000 54.000000 6.000000 3.000000 3.000000
49.320000 3.918403 2432.462400 0.000000 1.000000 261.000000 51.000000 1.000000 11.000000 7.000000
42.380000 3.769999 1796.064400 1.000000 5.000000 139.000000 56.000000 3.000000 2.000000 29.000000
5.000000 1.791759 25.000000 4.000000 1.000000 291.000000 49.000000 4.000000 4.000000 7.000000
125.490000 4.840163 15747.740100 3.000000 4.000000 35.000000 49.000000 1.000000 9.000000 3.000000
5.000000 1.791759 25.000000 1.000000 2.000000 90.000000 46.000000 1.000000 9.000000 10.000000
134.220000 4.906903 18015.008400 2.000000 4.000000 41.000000 59.000000 4.000000 4.000000 5.000000
116.600000 4.767289 13595.560000 3.000000 7.000000 12.000000 45.000000 0.000000 6.000000 5.000000
37.430000 3.648838 1401.004900 4.000000 3.000000 199.000000 56.000000 0.000000 8.000000 26.000000
161.460000 5.090432 26069.331600 2.000000 0.000000 223.000000 47.000000 1.000000 1.000000 31.000000
73.150000 4.306090 5350.922500 1.000000 8.000000 213.000000 62.000000 5.000000 10.000000 28.000000
72.340000 4.295106 5233.075600 4.000000 7.000000 248.000000 51.000000 0.000000 9.000000 18.000000
78.080000 4.370460 6096.486400 4.000000 0.000000 130.000000 62.000000 1.000000 2.000000 20.000000
263.230000 5.576820 69290.032900 0.000000 4.000000 327.000000 57.000000 2.000000 7.000000 10.000000
106.050000 4.673296 11246.602500 2.000000 2.000000 175.000000 48.000000 1.000000 12.000000 12.000000
102.050000 4.635214 10414.202500 0.000000 4.000000 3.000000 39.000000 3.000000 11.000000 16.000000
25.100000 3.261935 630.010000 1.000000 0.000000 307.000000 59.000000 5.000000 2.000000 3.000000
13.340000 2.663053 177.955600 0.000000 3.000000 123.000000 42.000000 4.000000 10.000000 25.000000
127.290000 4.854293 16202.744100 2.000000 0.000000 301.000000 60.000000 6.000000 1.000000 1.000000
88.510000 4.494350 7834.020100 1.000000 4.000000 262.000000 56.000000 0.000000 11.000000 13.000000
110.820000 4.716890 12281.072400 3.000000 8.000000 232.000000 55.000000 3.000000 10.000000 10.000000
68.500000 4.241327 4692.250000 0.000000 5.000000 223.000000 46.000000 4.000000 2.000000 23.000000
15.500000 2.803360 240.250000 4.000000 3.000000 52.000000 59.000000 5.000000 8.000000 3.000000
119.450000 4.791235 14268.302500 4.000000 5.000000 134.000000 52.000000 3.000000 8.000000 10.000000
44.730000 3.822755 2000.772900 2.000000 1.000000 251.000000 41.000000 0.000000 2.000000 5.000000
69.400000 4.254193 4816.360000 3.000000 3.000000 263.000000 63.000000 2.000000 9.000000 13.000000
40.180000 3.717953 1614.432400 1.000000 8.000000 65.000000 62.000000 3.000000 12.000000 5.000000
22.910000 3.174297 524.868100 0.000000 7.000000 269.000000 62.000000 6.000000 2.000000 18.000000
45.350000 3.836221 2056.622500 4.000000 8.000000 85.000000 59.000000 1.000000 10.000000 3.000000
67.180000 4.222151 4513.152400 0.000000 3.000000 259.000000 56.000000 0.000000 6.000000 12.000000
80.350000 4.398761 6456.122500 2.000000 2.000000 36.000000 51.000000 4.000000 11.000000 3.000000
55.000000 4.025352 3025.000000 2.000000 4.000000 336.000000 50.000000 1.000000 11.000000 19.000000
97.000000 4.584967 9409.000000 3.000000 4.000000 134.000000 56.000000 2.000000 5.000000 29.000000
141.100000 4.956531 19909.210000 2.000000 4.000000 44.000000 53.000000 5.000000 1.000000 7.000000
40.810000 3.733136 1665.456100 2.000000 8.000000 202.000000 49.000000 0.000000 9.000000 11.000000
128.540000 4.863990 16522.531600 2.000000 2.000000 142.000000 65.000000 0.000000 9.000000 4.000000
44.570000 3.819250 1986.484900 4.000000 8.000000 232.000000 49.000000 3.000000 9.000000 14.000000
26.640000 3.319264 709.689600 0.000000 7.000000 179.000000 59.000000 3.000000 4.000000 6.000000
161.650000 5.091601 26130.722500 2.000000 2.000000 21.000000 55.000000 4.000000 3.000000 17.000000
52.750000 3.984344 2782.562500 3.000000 0.000000 132.000000 63.000000 0.000000 7.000000 10.000000
19.980000 3.043570 399.200400 1.000000 7.000000 187.000000 64.000000 5.000000 12.000000 14.000000
33.960000 3.554205 1153.281600 0.000000 5.000000 271.000000 62.000000 1.000000 6.000000 13.000000
5.000000 1.791759 25.000000 3.000000 8.000000 83.000000 55.000000 1.000000 10.000000 29.000000
13.880000 2.700018 192.654400 2.000000 3.000000 201.000000 48.000000 4.000000 3.000000 22.000000
60.040000 4.111529 3604.801600 2.000000 7.000000 203.000000 65.000000 1.000000 4.000000 18.000000
67.680000 4.229458 4580.582400 0.000000 1.000000 248.000000 51.000000 6.000000 4.000000 23.000000
72.460000 4.296741 5250.451600 3.000000 1.000000 295.000000 48.000000 5.000000 10.000000 26.000000
65.270000 4.193737 4260.172900 0.000000 5.000000 239.000000 57.000000 3.000000 3.000000 23.000000
138.880000 4.940785 19287.654400 0.000000 5.000000 329.000000 40.000000 3.000000 5.000000 25.000000
59.770000 4.107096 3572.452900 4.000000 4.000000 328.000000 63.000000 5.000000 4.000000 13.000000
50.690000 3.945264 2569.476100 0.000000 5.000000 303.000000 59.000000 3.000000 7.000000 18.000000
5.000000 1.791759 25.000000 4.000000 6.000000 18.000000 54.000000 6.000000 12.000000 1.000000
132.180000 4.891702 17471.552400 1.000000 5.000000 30.000000 44.000000 0.000000 9.000000 2.000000
5.000000 1.791759 25.000000 2.000000 2.000000 77.000000 58.000000 5.000000 3.000000 16.000000
33.570000 3.542986 1126.944900 3.000000 0.000000 86.000000 51.000000 1.000000 1.000000 30.000000
7.150000 2.098018 51.122500 4.000000 3.000000 261.000000 58.000000 5.000000 1.000000 20.000000
106.840000 4.680649 11414.785600 3.000000 5.000000 167.000000 50.000000 6.000000 4.000000 30.000000
163.790000 5.104672 26827.164100 0.000000 0.000000 239.000000 62.000000 6.000000 12.000000 17.000000
176.740000 5.180322 31237.027600 0.000000 1.000000 8.000000 48.000000 0.000000 6.000000 10.000000
13.670000 2.685805 186.868900 3.000000 8.000000 74.000000 51.000000 4.000000 1.000000 19.000000
41.460000 3.748562 1718.931600 4.000000 3.000000 84.000000 62.000000 3.000000 3.000000 2.000000
24.260000 3.229222 588.547600 0.000000 6.000000 217.000000 50.000000 0.000000 11.000000 6.000000
61.600000 4.136765 3794.560000 1.000000 6.000000 329.000000 50.000000 0.000000 4.000000 3.000000
14.710000 2.754297 216.384100 4.000000 0.000000 217.000000 45.000000 2.000000 4.000000 26.000000
372.870000 5.923908 139032.036900 1.000000 6.000000 338.000000 51.000000 2.000000 7.000000 26.000000
156.530000 5.059616 24501.640900 4.000000 1.000000 306.000000 64.000000 4.000000 6.000000 28.000000
41.950000 3.760037 1759.802500 3.000000 8.000000 60.000000 48.000000 4.000000 8.000000 11.000000
62.760000 4.155126 3938.817600 2.000000 1.000000 198.000000 60.000000 2.000000 1.000000 31.000000
89.580000 4.506233 8024.576400 4.000000 5.000000 245.000000 53.000000 4.000000 2.000000 16.000000
119.550000 4.792065 14292.202500 1.000000 3.000000 223.000000 50.000000 4.000000 11.000000 8.000000
5.000000 1.791759 25.000000 0.000000 6.000000 319.000000 54.000000 1.000000 9.000000 24.000000
51.620000 3.963096 2664.624400 1.000000 8.000000 45.000000 56.000000 1.000000 9.000000 12.000000
76.490000 4.350149 5850.720100 3.000000 3.000000 241.000000 54.000000 0.000000 8.000000 5.000000
20.330000 3.060115 413.308900 2.000000 8.000000 115.000000 64.000000 2.000000 4.000000 10.000000
33.560000 3.542697 1126.273600 0.000000 5.000000 268.000000 63.000000 3.000000 12.000000 19.000000
95.430000 4.568817 9106.884900 0.000000 3.000000 234.000000 61.000000 2.000000 1.000000 11.000000
192.510000 5.265329 37060.100100 4.000000 4.000000 91.000000 63.000000 6.000000 4.000000 14.000000
51.330000 3.957570 2634.768900 3.000000 1.000000 111.000000 59.000000 6.000000 2.000000 12.000000
41.730000 3.754901 1741.392900 0.000000 1.000000 86.000000 59.000000 6.000000 11.000000 10.000000
54.860000 4.022849 3009.619600 4.000000 5.000000 110.000000 59.000000 3.000000 12.000000 12.000000
72.800000 4.301359 5299.840000 1.000000 5.000000 79.000000 51.000000 5.000000 8.000000 17.000000
54.280000 4.012411 2946.318400 2.000000 7.000000 202.000000 55.000000 3.000000 2.000000 8.000000
31.430000 3.479084 987.844900 0.000000 0.000000 268.000000 62.000000 6.000000 4.000000 23.000000
29.020000 3.401864 842.160400 1.000000 3.000000 77.000000 63.000000 4.000000 12.000000 22.000000
116.970000 4.770430 13681.980900 1.000000 0.000000 96.000000 63.000000 5.000000 1.000000 27.000000
22.970000 3.176803 527.620900 3.000000 6.000000 313.000000 63.000000 3.000000 6.000000 29.000000
36.750000 3.630985 1350.562500 3.000000 4.000000 181.000000 64.000000 3.000000 8.000000 15.000000
69.580000 4.256747 4841.376400 2.000000 0.000000 161.000000 46.000000 1.000000 8.000000 1.000000
38.190000 3.668422 1458.476100 1.000000 0.000000 13.000000 58.000000 2.000000 11.000000 13.000000
55.380000 4.032114 3066.944400 1.000000 7.000000 125.000000 61.000000 0.000000 5.000000 13.000000
67.610000 4.228438 4571.112100 0.000000 6.000000 249.000000 43.000000 0.000000 4.000000 3.000000
46.180000 3.853970 2132.592400 2.000000 5.000000 196.000000 43.000000 5.000000 2.000000 24.000000
32.140000 3.500741 1032.979600 4.000000 8.000000 72.000000 56.000000 0.000000 10.000000 14.000000
44.580000 3.819469 1987.376400 2.000000 0.000000 124.000000 60.000000 0.000000 12.000000 11.000000
45.140000 3.831680 2037.619600 0.000000 7.000000 112.000000 59.000000 5.000000 12.000000 7.000000
94.450000 4.558603 8920.802500 2.000000 5.000000 236.000000 60.000000 4.000000 8.000000 4.000000
90.520000 4.516558 8193.870400 2.000000 5.000000 326.000000 59.000000 2.000000 9.000000 27.000000
51.320000 3.957379 2633.742400 1.000000 5.000000 199.000000 44.000000 3.000000 2.000000 16.000000
21.700000 3.122365 470.890000 3.000000 2.000000 197.000000 35.000000 5.000000 11.000000 4.000000
352.830000 5.868817 124489.008900 3.000000 4.000000 53.000000 50.000000 3.000000 3.000000 23.000000
104.080000 4.654722 10832.646400 3.000000 1.000000 242.000000 61.000000 3.000000 8.000000 3.000000
67.590000 4.228147 4568.408100 0.000000 3.000000 8.000000 53.000000 2.000000 8.000000 9.000000
65.320000 4.194492 4266.702400 4.000000 3.000000 223.000000 49.000000 5.000000 2.000000 4.000000
43.950000 3.805551 1931.602500 0.000000 1.000000 254.000000 46.000000 3.000000 1.000000 25.000000
60.950000 4.126328 3714.902500 0.000000 3.000000 259.000000 56.000000 1.000000 7.000000 2.000000
131.160000 4.884013 17202.945600 3.000000 7.000000 301.000000 57.000000 0.000000 4.000000 1.000000
20.750000 3.079614 430.562500 3.000000 7.000000 73.000000 63.000000 4.000000 3.000000 24.000000
12.540000 2.605648 157.251600 3.000000 8.000000 255.000000 46.000000 5.000000 11.000000 23.000000
183.210000 5.216076 33565.904100 0.000000 3.000000 156.000000 54.000000 3.000000 6.000000 29.000000
63.190000 4.161847 3992.976100 4.000000 3.000000 227.000000 50.000000 0.000000 10.000000 21.000000
42.200000 3.765840 1780.840000 2.000000 2.000000 223.000000 38.000000 2.000000 3.000000 1.000000
81.530000 4.413162 6647.140900 0.000000 7.000000 134.000000 59.000000 0.000000 7.000000 1.000000
88.470000 4.493903 7826.940900 2.000000 6.000000 329.000000 44.000000 3.000000 4.000000 6.000000
5.000000 1.791759 25.000000 0.000000 1.000000 52.000000 61.000000 2.000000 9.000000 13.000000
19.790000 3.034472 391.644100 0.000000 2.000000 12.000000 39.000000 6.000000 2.000000 12.000000
42.000000 3.761200 1764.000000 0.000000 2.000000 242.000000 61.000000 6.000000 6.000000 9.000000
57.710000 4.072610 3330.444100 1.000000 2.000000 191.000000 71.000000 5.000000 11.000000 2.000000
34.810000 3.578227 1211.736100 0.000000 4.000000 121.000000 70.000000 4.000000 8.000000 30.000000
17.800000 2.933857 316.840000 1.000000 0.000000 65.000000 62.000000 3.000000 3.000000 30.000000
5.000000 1.791759 25.000000 3.000000 5.000000 87.000000 61.000000 0.000000 1.000000 8.000000
57.710000 4.072610 3330.444100 1.000000 4.000000 89.000000 58.000000 3.000000 11.000000 2.000000
90.060000 4.511519 8110.803600 0.000000 2.000000 254.000000 49.000000 0.000000 10.000000 9.000000
14.920000 2.767576 222.606400 0.000000 8.000000 181.000000 64.000000 4.000000 6.000000 2.000000
53.550000 3.999118 2867.602500 4.000000 1.000000 270.000000 63.000000 1.000000 9.000000 24.000000
103.810000 4.652149 10776.516100 1.000000 1.000000 308.000000 60.000000 0.000000 12.000000 2.000000
5.000000 1.791759 25.000000 3.000000 2.000000 205.000000 56.000000 0.000000 12.000000 11.000000
22.510000 3.157426 506.700100 3.000000 3.000000 178.000000 57.000000 6.000000 11.000000 3.000000
103.910000 4.653103 10797.288100 4.000000 8.000000 5.000000 43.000000 6.000000 4.000000 7.000000
57.680000 4.072099 3326.982400 3.000000 8.000000 10.000000 34.000000 2.000000 5.000000 8.000000
112.650000 4.733124 12690.022500 1.000000 6.000000 171.000000 48.000000 1.000000 11.000000 14.000000
139.030000 4.941857 19329.340900 1.000000 5.000000 300.000000 63.000000 2.000000 12.000000 18.000000
75.850000 4.341855 5753.222500 3.000000 0.000000 161.000000 53.000000 0.000000 7.000000 24.000000
18.920000 2.991724 357.966400 3.000000 1.000000 68.000000 59.000000 0.000000 7.000000 17.000000
110.590000 4.714831 12230.148100 4.000000 0.000000 337.000000 51.000000 6.000000 8.000000 20.000000
86.010000 4.466023 7397.720100 1.000000 5.000000 234.000000 57.000000 1.000000 3.000000 7.000000
106.210000 4.674790 11280.564100 0.000000 7.000000 326.000000 57.000000 6.000000 10.000000 13.000000
5.000000 1.791759 25.000000 3.000000 0.000000 79.000000 61.000000 5.000000 4.000000 6.000000
21.600000 3.117950 466.560000 0.000000 7.000000 78.000000 62.000000 3.000000 2.000000 1.000000
48.700000 3.906005 2371.690000 3.000000 5.000000 139.000000 59.000000 5.000000 11.000000 16.000000
17.990000 2.943913 323.640100 2.000000 4.000000 118.000000 55.000000 3.000000 1.000000 25.000000
5.530000 1.876407 30.580900 3.000000 3.000000 249.000000 54.000000 3.000000 9.000000 12.000000
260.410000 5.566090 67813.368100 2.000000 6.000000 292.000000 58.000000 5.000000 11.000000 9.000000
104.590000 4.659564 10939.068100 0.000000 5.000000 129.000000 52.000000 3.000000 7.000000 18.000000
68.990000 4.248352 4759.620100 3.000000 1.000000 227.000000 47.000000 3.000000 12.000000 28.000000
101.980000 4.634535 10399.920400 1.000000 1.000000 56.000000 55.000000 1.000000 6.000000 18.000000
120.070000 4.796369 14416.804900 0.000000 3.000000 332.000000 51.000000 2.000000 2.000000 21.000000
32.180000 3.501947 1035.552400 4.000000 4.000000 259.000000 62.000000 4.000000 1.000000 6.000000
20.480000 3.067122 419.430400 3.000000 5.000000 126.000000 47.000000 6.000000 8.000000 4.000000
82.210000 4.421368 6758.484100 3.000000 5.000000 83.000000 55.000000 3.000000 10.000000 24.000000
110.560000 4.714563 12223.513600 0.000000 5.000000 170.000000 46.000000 3.000000 8.000000 3.000000
47.890000 3.889573 2293.452100 1.000000 0.000000 67.000000 56.000000 3.000000 1.000000 26.000000
5.000000 1.791759 25.000000 1.000000 3.000000 171.000000 43.000000 1.000000 4.000000 4.000000
5.000000 1.791759 25.000000 3.000000 0.000000 51.000000 50.000000 0.000000 7.000000 1.000000
68.350000 4.239166 4671.722500 4.000000 2.000000 82.000000 56.000000 3.000000 8.000000 10.000000
47.330000 3.878052 2240.128900 3.000000 0.000000 163.000000 46.000000 3.000000 9.000000 28.000000
71.400000 4.282206 5097.960000 1.000000 3.000000 249.000000 55.000000 3.000000 7.000000 6.000000
57.160000 4.063198 3267.265600 2.000000 1.000000 175.000000 55.000000 6.000000 6.000000 4.000000
26.400000 3.310543 696.960000 1.000000 0.000000 163.000000 43.000000 2.000000 5.000000 3.000000
25.000000 3.258097 625.000000 0.000000 1.000000 51.000000 40.000000 2.000000 3.000000 22.000000
93.440000 4.547965 8731.033600 0.000000 8.000000 138.000000 51.000000 0.000000 8.000000 14.000000
85.090000 4.455393 7240.308100 2.000000 2.000000 289.000000 48.000000 4.000000 5.000000 3.000000
12.380000 2.593761 153.264400 0.000000 4.000000 165.000000 43.000000 2.000000 6.000000 19.000000
210.370000 5.353610 44255.536900 0.000000 4.000000 17.000000 49.000000 5.000000 3.000000 2.000000
320.760000 5.773806 102886.977600 0.000000 5.000000 245.000000 45.000000 2.000000 7.000000 5.000000
152.330000 5.032592 23204.428900 3.000000 4.000000 40.000000 44.000000 4.000000 10.000000 6.000000
31.050000 3.467297 964.102500 1.000000 0.000000 65.000000 63.000000 2.000000 7.000000 17.000000
146.920000 4.996672 21585.486400 2.000000 6.000000 149.000000 54.000000 6.000000 4.000000 16.000000
59.270000 4.098834 3512.932900 3.000000 4.000000 196.000000 48.000000 3.000000 1.000000 26.000000
205.180000 5.328750 42098.832400 1.000000 5.000000 30.000000 55.000000 2.000000 10.000000 16.000000
139.170000 4.942856 19368.288900 0.000000 7.000000 76.000000 52.000000 6.000000 1.000000 7.000000
57.160000 4.063198 3267.265600 0.000000 7.000000 249.000000 51.000000 0.000000 3.000000 4.000000
453.700000 6.119638 205843.690000 2.000000 5.000000 285.000000 58.000000 0.000000 6.000000 19.000000
263.060000 5.576176 69200.563600 4.000000 2.000000 168.000000 56.000000 3.000000 8.000000 29.000000
35.030000 3.584352 1227.100900 4.000000 3.000000 85.000000 56.000000 0.000000 11.000000 18.000000
86.970000 4.476996 7563.780900 3.000000 1.000000 135.000000 62.000000 1.000000 1.000000 3.000000
57.200000 4.063885 3271.840000 3.000000 3.000000 259.000000 62.000000 5.000000 11.000000 9.000000
83.090000 4.431888 6903.948100 4.000000 6.000000 136.000000 59.000000 6.000000 8.000000 4.000000
18.620000 2.976549 346.704400 3.000000 8.000000 178.000000 57.000000 6.000000 4.000000 2.000000
5.000000 1.791759 25.000000 1.000000 0.000000 133.000000 61.000000 1.000000 1.000000 10.000000
416.630000 6.034596 173580.556900 3.000000 2.000000 88.000000 47.000000 2.000000 1.000000 17.000000
178.230000 5.188670 31765.932900 4.000000 1.000000 124.000000 58.000000 2.000000 7.000000 10.000000
277.970000 5.631104 77267.320900 1.000000 6.000000 272.000000 58.000000 3.000000 2.000000 1.000000
37.340000 3.646494 1394.275600 4.000000 5.000000 152.000000 52.000000 4.000000 6.000000 21.000000
29.030000 3.402197 842.740900 0.000000 6.000000 112.000000 55.000000 2.000000 7.000000 12.000000
60.850000 4.124712 3702.722500 2.000000 7.000000 279.000000 56.000000 0.000000 1.000000 15.000000
34.610000 3.572626 1197.852100 0.000000 5.000000 76.000000 56.000000 3.000000 5.000000 11.000000
32.840000 3.521644 1078.465600 3.000000 7.000000 188.000000 64.000000 1.000000 11.000000 28.000000
78.960000 4.381527 6234.681600 2.000000 3.000000 269.000000 63.000000 4.000000 6.000000 7.000000
179.500000 5.195731 32220.250000 1.000000 8.000000 61.000000 56.000000 5.000000 10.000000 7.000000
95.330000 4.567780 9087.808900 2.000000 8.000000 62.000000 55.000000 4.000000 8.000000 18.000000
37.620000 3.653770 1415.264400 4.000000 0.000000 264.000000 59.000000 6.000000 7.000000 21.000000
111.510000 4.723042 12434.480100 4.000000 8.000000 2.000000 49.000000 5.000000 9.000000 7.000000
112.920000 4.735496 12750.926400 3.000000 3.000000 182.000000 65.000000 1.000000 7.000000 23.000000
34.930000 3.581573 1220.104900 4.000000 2.000000 132.000000 62.000000 4.000000 7.000000 5.000000
51.750000 3.965564 2678.062500 2.000000 4.000000 172.000000 36.000000 0.000000 11.000000 18.000000
17.900000 2.939162 320.410000 3.000000 3.000000 114.000000 71.000000 5.000000 5.000000 6.000000
103.210000 4.646408 10652.304100 1.000000 3.000000 205.000000 67.000000 6.000000 4.000000 16.000000
47.900000 3.889777 2294.410000 3.000000 6.000000 251.000000 46.000000 3.000000 6.000000 22.000000
227.650000 5.432192 51824.522500 3.000000 3.000000 159.000000 54.000000 0.000000 2.000000 13.000000
24.440000 3.236323 597.313600 4.000000 8.000000 208.000000 65.000000 6.000000 12.000000 1.000000
14.790000 2.759377 218.744100 0.000000 7.000000 136.000000 59.000000 0.000000 2.000000 26.000000
33.850000 3.551053 1145.822500 1.000000 5.000000 66.000000 56.000000 3.000000 3.000000 30.000000
26.330000 3.307985 693.268900 1.000000 7.000000 125.000000 49.000000 1.000000 3.000000 21.000000
302.010000 5.713766 91210.040100 4.000000 7.000000 81.000000 57.000000 4.000000 11.000000 1.000000
26.420000 3.311273 698.016400 3.000000 5.000000 119.000000 71.000000 3.000000 7.000000 13.000000
276.940000 5.627405 76695.763600 0.000000 7.000000 93.000000 57.000000 0.000000 11.000000 4.000000
209.590000 5.349913 43927.968100 0.000000 4.000000 163.000000 36.000000 2.000000 11.000000 15.000000
86.820000 4.475289 7537.712400 3.000000 5.000000 4.000000 48.000000 2.000000 9.000000 4.000000
142.280000 4.964801 20243.598400 2.000000 6.000000 58.000000 44.000000 0.000000 9.000000 18.000000
101.040000 4.625365 10209.081600 4.000000 6.000000 181.000000 64.000000 1.000000 7.000000 18.000000
20.130000 3.050694 405.216900 2.000000 6.000000 52.000000 62.000000 4.000000 7.000000 7.000000
50.620000 3.943909 2562.384400 0.000000 1.000000 58.000000 49.000000 1.000000 7.000000 4.000000
73.880000 4.315887 5458.254400 3.000000 5.000000 322.000000 62.000000 6.000000 12.000000 29.000000
148.420000 5.006761 22028.496400 1.000000 5.000000 254.000000 50.000000 5.000000 5.000000 13.000000
175.380000 5.172641 30758.144400 3.000000 2.000000 296.000000 47.000000 5.000000 2.000000 3.000000
16.400000 2.856470 268.960000 0.000000 4.000000 185.000000 59.000000 6.000000 2.000000 26.000000
109.420000 4.704291 11972.736400 0.000000 2.000000 1.000000 42.000000 4.000000 5.000000 19.000000
20.190000 3.053529 407.636100 2.000000 1.000000 231.000000 49.000000 5.000000 9.000000 28.000000
20.880000 3.085573 435.974400 3.000000 3.000000 137.000000 50.000000 5.000000 8.000000 31.000000
39.860000 3.710152 1588.819600 1.000000 1.000000 206.000000 69.000000 5.000000 5.000000 11.000000
33.760000 3.548467 1139.737600 1.000000 8.000000 7.000000 38.000000 2.000000 8.000000 23.000000
10.600000 2.451005 112.360000 0.000000 5.000000 113.000000 70.000000 2.000000 7.000000 19.000000
32.920000 3.524005 1083.726400 4.000000 7.000000 178.000000 50.000000 4.000000 5.000000 3.000000
173.360000 5.161122 30053.689600 1.000000 6.000000 325.000000 52.000000 3.000000 6.000000 13.000000
68.180000 4.236712 4648.512400 3.000000 6.000000 266.000000 63.000000 5.000000 12.000000 9.000000
31.670000 3.486457 1002.988900 2.000000 8.000000 217.000000 57.000000 1.000000 7.000000 23.000000
31.640000 3.485539 1001.089600 3.000000 2.000000 34.000000 48.000000 6.000000 5.000000 5.000000
19.410000 3.016025 376.748100 0.000000 1.000000 162.000000 40.000000 1.000000 2.000000 14.000000
5.000000 1.791759 25.000000 1.000000 8.000000 295.000000 39.000000 1.000000 5.000000 23.000000
125.080000 4.836917 15645.006400 2.000000 3.000000 136.000000 63.000000 2.000000 3.000000 6.000000
5.000000 1.791759 25.000000 1.000000 7.000000 44.000000 58.000000 3.000000 9.000000 21.000000
94.950000 4.563827 9015.502500 3.000000 2.000000 121.000000 64.000000 5.000000 11.000000 2.000000
29.290000 3.410818 857.904100 3.000000 2.000000 270.000000 56.000000 6.000000 5.000000 21.000000
18.440000 2.967333 340.033600 2.000000 5.000000 84.000000 62.000000 0.000000 12.000000 25.000000
54.900000 4.023564 3014.010000 1.000000 0.000000 312.000000 54.000000 6.000000 5.000000 26.000000
31.760000 3.489208 1008.697600 0.000000 3.000000 231.000000 49.000000 5.000000 3.000000 9.000000
228.070000 5.434028 52015.924900 3.000000 0.000000 91.000000 54.000000 3.000000 12.000000 5.000000
140.570000 4.952794 19759.924900 1.000000 5.000000 313.000000 57.000000 3.000000 4.000000 25.000000
94.020000 4.554087 8839.760400 0.000000 8.000000 2.000000 45.000000 4.000000 3.000000 22.000000
5.000000 1.791759 25.000000 0.000000 6.000000 249.000000 53.000000 0.000000 10.000000 21.000000
45.530000 3.840097 2072.980900 2.000000 1.000000 129.000000 62.000000 2.000000 11.000000 15.000000
80.640000 4.402319 6502.809600 1.000000 8.000000 162.000000 40.000000 6.000000 7.000000 16.000000
5.000000 1.791759 25.000000 1.000000 5.000000 255.000000 48.000000 4.000000 9.000000 6.000000
229.570000 5.440555 52702.384900 1.000000 6.000000 99.000000 60.000000 6.000000 7.000000 30.000000
50.310000 3.937886 2531.096100 3.000000 2.000000 93.000000 67.000000 1.000000 10.000000 1.000000
43.220000 3.789177 1867.968400 0.000000 5.000000 121.000000 59.000000 0.000000 12.000000 2.000000
63.660000 4.169143 4052.595600 1.000000 6.000000 137.000000 62.000000 5.000000 9.000000 28.000000
190.420000 5.254470 36259.776400 0.000000 8.000000 241.000000 61.000000 4.000000 1.000000 5.000000
5.000000 1.791759 25.000000 2.000000 6.000000 44.000000 52.000000 5.000000 12.000000 2.000000
5.000000 1.791759 25.000000 4.000000 8.000000 202.000000 54.000000 4.000000 8.000000 30.000000
69.280000 4.252487 4799.718400 2.000000 4.000000 182.000000 67.000000 2.000000 12.000000 13.000000
122.390000 4.815350 14979.312100 1.000000 5.000000 333.000000 54.000000 5.000000 9.000000 14.000000
72.870000 4.302307 5310.036900 3.000000 5.000000 112.000000 71.000000 5.000000 2.000000 18.000000
219.180000 5.394445 48039.872400 1.000000 0.000000 320.000000 52.000000 3.000000 3.000000 9.000000
56.380000 4.049696 3178.704400 3.000000 8.000000 90.000000 50.000000 1.000000 12.000000 10.000000
14.370000 2.732418 206.496900 0.000000 7.000000 339.000000 36.000000 1.000000 7.000000 4.000000
49.790000 3.927699 2479.044100 3.000000 7.000000 52.000000 51.000000 0.000000 8.000000 5.000000
123.910000 4.827593 15353.688100 3.000000 0.000000 21.000000 55.000000 4.000000 6.000000 2.000000
51.970000 3.969726 2700.880900 0.000000 8.000000 49.000000 51.000000 4.000000 3.000000 24.000000
27.060000 3.334345 732.243600 4.000000 5.000000 74.000000 62.000000 6.000000 4.000000 14.000000
73.400000 4.309456 5387.560000 0.000000 7.000000 38.000000 48.000000 1.000000 8.000000 13.000000
94.420000 4.558288 8915.136400 2.000000 6.000000 259.000000 63.000000 4.000000 6.000000 7.000000
151.900000 5.029784 23073.610000 1.000000 4.000000 116.000000 56.000000 5.000000 4.000000 29.000000
154.550000 5.046967 23885.702500 2.000000 5.000000 305.000000 52.000000 5.000000 12.000000 2.000000
41.170000 3.741709 1694.968900 3.000000 5.000000 236.000000 57.000000 5.000000 5.000000 6.000000
26.440000 3.312002 699.073600 3.000000 1.000000 125.000000 57.000000 2.000000 5.000000 1.000000
60.750000 4.123094 3690.562500 2.000000 4.000000 210.000000 65.000000 0.000000 8.000000 28.000000
149.660000 5.015026 22398.115600 2.000000 6.000000 63.000000 56.000000 3.000000 1.000000 5.000000
62.230000 4.146779 3872.572900 1.000000 1.000000 10.000000 46.000000 2.000000 4.000000 12.000000
18.380000 2.964242 337.824400 4.000000 5.000000 205.000000 68.000000 5.000000 10.000000 28.000000
51.660000 3.963856 2668.755600 2.000000 2.000000 336.000000 57.000000 4.000000 12.000000 27.000000
15.550000 2.806386 241.802500 3.000000 0.000000 333.000000 55.000000 4.000000 11.000000 10.000000
38.120000 3.666634 1453.134400 3.000000 0.000000 178.000000 50.000000 5.000000 12.000000 21.000000
28.430000 3.382015 808.264900 3.000000 1.000000 119.000000 71.000000 5.000000 10.000000 14.000000
40.100000 3.716008 1608.010000 3.000000 6.000000 268.000000 59.000000 3.000000 3.000000 14.000000
141.340000 4.958219 19976.995600 4.000000 4.000000 9.000000 59.000000 2.000000 5.000000 24.000000
30.760000 3.458208 946.177600 1.000000 5.000000 332.000000 50.000000 2.000000 8.000000 23.000000
27.040000 3.333632 731.161600 4.000000 6.000000 220.000000 49.000000 6.000000 10.000000 13.000000
198.860000 5.297617 39545.299600 4.000000 4.000000 154.000000 66.000000 4.000000 12.000000 22.000000
119.840000 4.794467 14361.625600 3.000000 8.000000 129.000000 57.000000 0.000000 12.000000 18.000000
169.460000 5.138501 28716.691600 0.000000 3.000000 301.000000 63.000000 6.000000 3.000000 5.000000
189.680000 5.250597 35978.502400 2.000000 5.000000 316.000000 64.000000 5.000000 10.000000 21.000000
39.950000 3.712352 1596.002500 2.000000 3.000000 319.000000 67.000000 5.000000 8.000000 5.000000
66.410000 4.210793 4410.288100 2.000000 2.000000 133.000000 62.000000 5.000000 6.000000 29.000000
65.060000 4.190563 4232.803600 2.000000 0.000000 90.000000 44.000000 0.000000 7.000000 15.000000
169.050000 5.136093 28577.902500 4.000000 8.000000 23.000000 56.000000 0.000000 5.000000 29.000000
67.460000 4.226250 4550.851600 3.000000 1.000000 198.000000 67.000000 3.000000 3.000000 14.000000
89.170000 4.501697 7951.288900 1.000000 8.000000 243.000000 61.000000 2.000000 2.000000 8.000000
268.990000 5.598385 72355.620100 2.000000 6.000000 293.000000 51.000000 5.000000 6.000000 1.000000
61.150000 4.129551 3739.322500 4.000000 0.000000 167.000000 43.000000 5.000000 9.000000 9.000000
127.610000 4.856785 16284.312100 1.000000 5.000000 241.000000 55.000000 4.000000 3.000000 24.000000
251.710000 5.532243 63357.924100 1.000000 5.000000 291.000000 51.000000 6.000000 12.000000 22.000000
135.390000 4.915518 18330.452100 4.000000 6.000000 133.000000 60.000000 3.000000 8.000000 31.000000
73.060000 4.304876 5337.763600 4.000000 0.000000 238.000000 54.000000 1.000000 12.000000 26.000000
194.390000 5.274998 37787.472100 0.000000 5.000000 289.000000 57.000000 6.000000 10.000000 8.000000
40.300000 3.720862 1624.090000 0.000000 1.000000 235.000000 60.000000 3.000000 3.000000 28.000000
19.560000 3.023347 382.593600 3.000000 8.000000 11.000000 51.000000 1.000000 4.000000 25.000000
32.740000 3.518684 1071.907600 4.000000 7.000000 172.000000 44.000000 1.000000 5.000000 28.000000
27.090000 3.335414 733.868100 3.000000 2.000000 50.000000 51.000000 3.000000 6.000000 22.000000
30.040000 3.435277 902.401600 2.000000 5.000000 167.000000 49.000000 1.000000 11.000000 14.000000
21.240000 3.101892 451.137600 1.000000 2.000000 68.000000 56.000000 1.000000 4.000000 9.000000
83.860000 4.441003 7032.499600 2.000000 5.000000 333.000000 47.000000 4.000000 9.000000 20.000000
36.280000 3.618457 1316.238400 3.000000 8.000000 210.000000 66.000000 3.000000 4.000000 11.000000
56.910000 4.058890 3238.748100 1.000000 7.000000 111.000000 67.000000 1.000000 1.000000 24.000000
457.530000 6.128026 209333.700900 1.000000 7.000000 273.000000 58.000000 5.000000 9.000000 21.000000
36.090000 3.613347 1302.488100 0.000000 4.000000 51.000000 45.000000 2.000000 7.000000 26.000000
172.110000 5.153927 29621.852100 4.000000 1.000000 57.000000 60.000000 2.000000 6.000000 7.000000
123.080000 4.820927 15148.686400 3.000000 8.000000 337.000000 52.000000 1.000000 12.000000 10.000000
126.220000 4.845918 15931.488400 2.000000 6.000000 317.000000 64.000000 1.000000 1.000000 23.000000
24.090000 3.222469 580.328100 0.000000 5.000000 70.000000 56.000000 2.000000 1.000000 4.000000
5.000000 1.791759 25.000000 0.000000 5.000000 142.000000 63.000000 5.000000 11.000000 9.000000
50.280000 3.937301 2528.078400 2.000000 1.000000 137.000000 51.000000 6.000000 6.000000 11.000000
159.660000 5.079290 25491.315600 1.000000 8.000000 143.000000 64.000000 0.000000 10.000000 30.000000
37.880000 3.660480 1434.894400 4.000000 1.000000 207.000000 69.000000 1.000000 10.000000 24.000000
46.190000 3.854182 2133.516100 0.000000 0.000000 82.000000 63.000000 1.000000 5.000000 7.000000
53.480000 3.997834 2860.110400 3.000000 3.000000 138.000000 62.000000 6.000000 8.000000 18.000000
126.170000 4.845525 15918.868900 0.000000 3.000000 128.000000 52.000000 1.000000 5.000000 16.000000
26.080000 3.298795 680.166400 4.000000 2.000000 79.000000 62.000000 5.000000 11.000000 30.000000
40.910000 3.735524 1673.628100 3.000000 4.000000 258.000000 48.000000 5.000000 3.000000 16.000000
34.650000 3.573749 1200.622500 3.000000 4.000000 202.000000 44.000000 2.000000 1.000000 10.000000
95.390000 4.568402 9099.252100 2.000000 1.000000 308.000000 59.000000 0.000000 7.000000 17.000000
72.810000 4.301494 5301.296100 4.000000 5.000000 190.000000 64.000000 1.000000 8.000000 1.000000
89.920000 4.509980 8085.606400 2.000000 5.000000 211.000000 54.000000 1.000000 7.000000 11.000000
98.090000 4.596029 9621.648100 3.000000 5.000000 258.000000 48.000000 6.000000 10.000000 27.000000
81.440000 4.412071 6632.473600 0.000000 0.000000 171.000000 41.000000 4.000000 5.000000 12.000000
110.120000 4.710611 12126.414400 3.000000 4.000000 4.000000 45.000000 4.000000 10.000000 11.000000
278.050000 5.631391 77311.802500 4.000000 4.000000 29.000000 55.000000 6.000000 5.000000 5.000000
79.290000 4.385645 6286.904100 2.000000 5.000000 211.000000 57.000000 6.000000 12.000000 3.000000
50.790000 3.947197 2579.624100 1.000000 5.000000 71.000000 56.000000 4.000000 3.000000 17.000000
55.100000 4.027136 3036.010000 2.000000 2.000000 133.000000 51.000000 3.000000 2.000000 16.000000
17.840000 2.935982 318.265600 0.000000 2.000000 7.000000 38.000000 2.000000 7.000000 24.000000
326.120000 5.790327 106354.254400 4.000000 8.000000 43.000000 46.000000 5.000000 3.000000 11.000000
24.750000 3.248435 612.562500 4.000000 1.000000 304.000000 63.000000 3.000000 3.000000 16.000000
83.660000 4.438643 6998.995600 1.000000 2.000000 177.000000 46.000000 1.000000 2.000000 14.000000
32.880000 3.522825 1081.094400 2.000000 5.000000 10.000000 46.000000 4.000000 5.000000 19.000000
61.490000 4.135007 3781.020100 3.000000 3.000000 253.000000 50.000000 1.000000 1.000000 17.000000
57.350000 4.066459 3289.022500 0.000000 5.000000 152.000000 64.000000 5.000000 6.000000 1.000000
95.050000 4.564869 9034.502500 1.000000 7.000000 40.000000 43.000000 4.000000 8.000000 2.000000
116.310000 4.764820 13528.016100 4.000000 0.000000 131.000000 64.000000 0.000000 5.000000 6.000000
35.300000 3.591818 1246.090000 1.000000 8.000000 212.000000 62.000000 1.000000 6.000000 4.000000
18.070000 2.948116 326.524900 0.000000 6.000000 77.000000 63.000000 4.000000 9.000000 20.000000
147.470000 5.000383 21747.400900 4.000000 2.000000 8.000000 43.000000 3.000000 8.000000 24.000000
60.070000 4.112021 3608.404900 4.000000 2.000000 224.000000 49.000000 5.000000 4.000000 13.000000
342.270000 5.838517 117148.752900 1.000000 5.000000 59.000000 41.000000 3.000000 2.000000 9.000000
5.000000 1.791759 25.000000 3.000000 5.000000 180.000000 66.000000 6.000000 12.000000 17.000000
206.740000 5.336287 42741.427600 4.000000 2.000000 99.000000 64.000000 4.000000 7.000000 14.000000
73.790000 4.314684 5444.964100 0.000000 0.000000 239.000000 60.000000 4.000000 8.000000 2.000000
61.780000 4.139637 3816.768400 2.000000 5.000000 36.000000 54.000000 1.000000 8.000000 6.000000
13.680000 2.686486 187.142400 1.000000 0.000000 165.000000 35.000000 1.000000 9.000000 24.000000
79.830000 4.392348 6372.828900 4.000000 2.000000 58.000000 50.000000 1.000000 9.000000 26.000000
81.270000 4.410007 6604.812900 2.000000 5.000000 73.000000 51.000000 5.000000 6.000000 15.000000
41.880000 3.758406 1753.934400 2.000000 0.000000 298.000000 57.000000 4.000000 3.000000 31.000000
149.220000 5.012101 22266.608400 3.000000 5.000000 238.000000 62.000000 3.000000 5.000000 23.000000
75.470000 4.336899 5695.720900 2.000000 2.000000 143.000000 64.000000 3.000000 3.000000 16.000000
48.000000 3.891820 2304.000000 4.000000 0.000000 317.000000 63.000000 3.000000 3.000000 16.000000
111.720000 4.724907 12481.358400 0.000000 6.000000 135.000000 52.000000 5.000000 6.000000 29.000000
14.180000 2.719979 201.072400 4.000000 7.000000 176.000000 53.000000 2.000000 2.000000 28.000000
26.150000 3.301377 683.822500 0.000000 7.000000 199.000000 56.000000 4.000000 2.000000 9.000000
20.490000 3.067588 419.840100 4.000000 6.000000 183.000000 64.000000 2.000000 7.000000 24.000000
5.000000 1.791759 25.000000 2.000000 6.000000 220.000000 51.000000 2.000000 1.000000 18.000000
34.420000 3.567277 1184.736400 4.000000 1.000000 296.000000 56.000000 5.000000 12.000000 7.000000
25.180000 3.264996 634.032400 1.000000 6.000000 86.000000 51.000000 0.000000 4.000000 17.000000
58.040000 4.078215 3368.641600 2.000000 0.000000 228.000000 48.000000 2.000000 2.000000 7.000000
5.000000 1.791759 25.000000 4.000000 0.000000 83.000000 62.000000 4.000000 5.000000 19.000000
342.810000 5.840089 117518.696100 0.000000 1.000000 276.000000 54.000000 3.000000 6.000000 8.000000
23.920000 3.215671 572.166400 1.000000 0.000000 80.000000 63.000000 0.000000 8.000000 21.000000
76.740000 4.353370 5889.027600 4.000000 5.000000 0.000000 56.000000 3.000000 7.000000 6.000000
49.510000 3.922171 2451.240100 1.000000 4.000000 268.000000 59.000000 0.000000 8.000000 7.000000
139.440000 4.944780 19443.513600 1.000000 4.000000 132.000000 52.000000 5.000000 3.000000 11.000000
115.370000 4.756775 13310.236900 2.000000 4.000000 27.000000 48.000000 6.000000 4.000000 30.000000
5.000000 1.791759 25.000000 4.000000 5.000000 75.000000 50.000000 1.000000 4.000000 16.000000
112.190000 4.729068 12586.596100 0.000000 5.000000 134.000000 64.000000 5.000000 3.000000 9.000000
57.620000 4.071076 3320.064400 0.000000 1.000000 321.000000 51.000000 2.000000 1.000000 11.000000
137.590000 4.931520 18931.008100 4.000000 2.000000 313.000000 60.000000 3.000000 1.000000 4.000000
48.910000 3.910221 2392.188100 1.000000 4.000000 58.000000 38.000000 6.000000 11.000000 26.000000
35.400000 3.594569 1253.160000 2.000000 6.000000 83.000000 56.000000 0.000000 4.000000 3.000000
10.980000 2.483239 120.560400 2.000000 4.000000 71.000000 51.000000 4.000000 5.000000 5.000000
46.170000 3.853758 2131.668900 1.000000 8.000000 184.000000 67.000000 0.000000 12.000000 9.000000
18.420000 2.966303 339.296400 2.000000 4.000000 234.000000 57.000000 1.000000 5.000000 2.000000
25.840000 3.289893 667.705600 0.000000 3.000000 106.000000 60.000000 5.000000 5.000000 25.000000
103.200000 4.646312 10650.240000 3.000000 4.000000 91.000000 63.000000 5.000000 7.000000 15.000000
30.020000 3.434632 901.200400 3.000000 2.000000 69.000000 59.000000 3.000000 11.000000 28.000000
53.850000 4.004602 2899.822500 4.000000 5.000000 235.000000 49.000000 1.000000 12.000000 19.000000
37.520000 3.651178 1407.750400 3.000000 1.000000 141.000000 57.000000 0.000000 8.000000 26.000000
300.600000 5.709102 90360.360000 3.000000 4.000000 285.000000 51.000000 2.000000 7.000000 31.000000
39.360000 3.697839 1549.209600 0.000000 4.000000 195.000000 51.000000 0.000000 1.000000 29.000000
5.000000 1.791759 25.000000 0.000000 8.000000 192.000000 54.000000 5.000000 11.000000 2.000000
56.360000 4.049347 3176.449600 4.000000 5.000000 139.000000 63.000000 2.000000 3.000000 13.000000
262.530000 5.574167 68922.000900 4.000000 1.000000 168.000000 59.000000 1.000000 4.000000 4.000000
41.520000 3.749975 1723.910400 2.000000 8.000000 325.000000 65.000000 1.000000 9.000000 12.000000
13.010000 2.639771 169.260100 2.000000 3.000000 85.000000 62.000000 1.000000 8.000000 27.000000
152.360000 5.032788 23213.569600 4.000000 5.000000 32.000000 56.000000 1.000000 3.000000 5.000000
242.020000 5.493144 58573.680400 3.000000 0.000000 151.000000 66.000000 1.000000 6.000000 6.000000
17.300000 2.906901 299.290000 0.000000 1.000000 187.000000 71.000000 5.000000 10.000000 14.000000
60.710000 4.122446 3685.704100 3.000000 5.000000 178.000000 50.000000 5.000000 9.000000 28.000000
13.780000 2.693275 189.888400 2.000000 2.000000 162.000000 48.000000 5.000000 1.000000 7.000000
284.300000 5.653541 80826.490000 0.000000 6.000000 282.000000 46.000000 6.000000 12.000000 10.000000
164.540000 5.109213 27073.411600 3.000000 4.000000 71.000000 57.000000 6.000000 9.000000 8.000000
80.430000 4.399744 6468.984900 2.000000 6.000000 135.000000 62.000000 1.000000 10.000000 29.000000
78.720000 4.378520 6196.838400 1.000000 7.000000 249.000000 54.000000 4.000000 8.000000 9.000000
121.360000 4.806968 14728.249600 3.000000 0.000000 236.000000 61.000000 1.000000 7.000000 9.000000
287.370000 5.664244 82581.516900 0.000000 3.000000 276.000000 46.000000 3.000000 4.000000 13.000000
92.420000 4.537105 8541.456400 2.000000 7.000000 128.000000 59.000000 5.000000 12.000000 7.000000
29.760000 3.426215 885.657600 0.000000 2.000000 84.000000 63.000000 2.000000 12.000000 18.000000
119.130000 4.788574 14191.956900 3.000000 7.000000 319.000000 52.000000 5.000000 4.000000 6.000000
34.250000 3.562466 1173.062500 3.000000 4.000000 131.000000 63.000000 1.000000 10.000000 24.000000
129.150000 4.868688 16679.722500 4.000000 4.000000 334.000000 58.000000 0.000000 8.000000 21.000000
65.490000 4.197052 4288.940100 1.000000 5.000000 138.000000 51.000000 5.000000 11.000000 9.000000
12.460000 2.599722 155.251600 4.000000 8.000000 176.000000 46.000000 0.000000 10.000000 21.000000
97.160000 4.586599 9440.065600 4.000000 8.000000 223.000000 49.000000 5.000000 4.000000 20.000000
5.000000 1.791759 25.000000 0.000000 6.000000 71.000000 58.000000 0.000000 6.000000 10.000000
44.350000 3.814410 1966.922500 2.000000 3.000000 163.000000 47.000000 1.000000 1.000000 16.000000
5.000000 1.791759 25.000000 1.000000 8.000000 178.000000 55.000000 6.000000 5.000000 19.000000
8.070000 2.204972 65.124900 4.000000 3.000000 161.000000 40.000000 5.000000 8.000000 10.000000
86.430000 4.470838 7470.144900 3.000000 5.000000 300.000000 56.000000 2.000000 10.000000 4.000000
83.890000 4.441356 7037.532100 4.000000 5.000000 242.000000 60.000000 3.000000 7.000000 18.000000
29.050000 3.402863 843.902500 4.000000 5.000000 172.000000 47.000000 1.000000 3.000000 19.000000
44.290000 3.813086 1961.604100 3.000000 7.000000 45.000000 45.000000 6.000000 5.000000 7.000000
69.710000 4.258587 4859.484100 3.000000 5.000000 332.000000 51.000000 3.000000 4.000000 4.000000
47.230000 3.875981 2230.672900 0.000000 8.000000 204.000000 66.000000 3.000000 5.000000 2.000000
36.940000 3.636006 1364.563600 0.000000 6.000000 99.000000 51.000000 1.000000 12.000000 5.000000
48.210000 3.896097 2324.204100 1.000000 4.000000 281.000000 53.000000 5.000000 2.000000 4.000000
38.790000 3.683616 1504.664100 2.000000 4.000000 196.000000 55.000000 3.000000 11.000000 14.000000
10.290000 2.423917 105.884100 0.000000 2.000000 189.000000 70.000000 3.000000 2.000000 9.000000
96.850000 4.583436 9379.922500 0.000000 3.000000 162.000000 45.000000 3.000000 11.000000 21.000000
70.650000 4.271793 4991.422500 0.000000 5.000000 305.000000 56.000000 1.000000 9.000000 24.000000
17.340000 2.909084 300.675600 4.000000 8.000000 8.000000 53.000000 1.000000 3.000000 14.000000
485.860000 6.187977 236059.939600 4.000000 0.000000 286.000000 46.000000 3.000000 9.000000 26.000000
397.120000 5.986753 157704.294400 1.000000 2.000000 6.000000 47.000000 2.000000 8.000000 21.000000
130.370000 4.878018 16996.336900 3.000000 0.000000 329.000000 51.000000 3.000000 12.000000 5.000000
68.160000 4.236423 4645.785600 4.000000 8.000000 328.000000 63.000000 4.000000 1.000000 13.000000
20.140000 3.051167 405.619600 0.000000 0.000000 175.000000 52.000000 2.000000 8.000000 7.000000
25.630000 3.282038 656.896900 0.000000 1.000000 77.000000 62.000000 6.000000 1.000000 1.000000
128.980000 4.867381 16635.840400 4.000000 7.000000 4.000000 37.000000 5.000000 8.000000 19.000000
110.480000 4.713845 12205.830400 0.000000 5.000000 303.000000 64.000000 5.000000 11.000000 23.000000
16.660000 2.871302 277.555600 4.000000 3.000000 87.000000 51.000000 1.000000 12.000000 5.000000
57.260000 4.064916 3278.707600 4.000000 8.000000 107.000000 67.000000 4.000000 2.000000 9.000000
29.690000 3.423937 881.496100 0.000000 1.000000 176.000000 52.000000 2.000000 11.000000 27.000000
23.690000 3.206398 561.216100 1.000000 5.000000 187.000000 71.000000 4.000000 9.000000 8.000000
30.410000 3.447126 924.768100 1.000000 4.000000 83.000000 63.000000 5.000000 6.000000 24.000000
49.550000 3.922963 2455.202500 0.000000 2.000000 265.000000 63.000000 5.000000 6.000000 29.000000
554.550000 6.319959 307525.702500 4.000000 5.000000 275.000000 51.000000 0.000000 6.000000 3.000000
172.490000 5.156120 29752.800100 3.000000 2.000000 243.000000 62.000000 1.000000 2.000000 13.000000
331.050000 5.805286 109594.102500 3.000000 8.000000 30.000000 52.000000 3.000000 12.000000 5.000000
38.040000 3.664587 1447.041600 3.000000 5.000000 335.000000 48.000000 1.000000 5.000000 14.000000
5.000000 1.791759 25.000000 3.000000 1.000000 242.000000 53.000000 4.000000 2.000000 3.000000
16.490000 2.861629 271.920100 4.000000 0.000000 202.000000 49.000000 6.000000 8.000000 18.000000
25.690000 3.284289 659.976100 2.000000 0.000000 122.000000 52.000000 0.000000 6.000000 12.000000
64.280000 4.178686 4131.918400 1.000000 2.000000 128.000000 62.000000 5.000000 11.000000 30.000000
74.160000 4.319619 5499.705600 2.000000 4.000000 241.000000 54.000000 5.000000 1.000000 13.000000
54.800000 4.021774 3003.040000 2.000000 1.000000 171.000000 49.000000 1.000000 6.000000 20.000000
44.150000 3.809990 1949.222500 4.000000 1.000000 163.000000 46.000000 1.000000 8.000000 8.000000
473.900000 6.163104 224581.210000 1.000000 8.000000 281.000000 58.000000 6.000000 7.000000 30.000000
38.450000 3.675034 1478.402500 1.000000 5.000000 80.000000 59.000000 5.000000 7.000000 13.000000
5.000000 1.791759 25.000000 0.000000 7.000000 202.000000 51.000000 6.000000 2.000000 5.000000
33.900000 3.552487 1149.210000 3.000000 7.000000 118.000000 70.000000 2.000000 6.000000 7.000000
5.250000 1.832581 27.562500 2.000000 0.000000 40.000000 47.000000 0.000000 8.000000 28.000000
32.830000 3.521348 1077.808900 3.000000 3.000000 69.000000 62.000000 5.000000 4.000000 8.000000
5.000000 1.791759 25.000000 2.000000 4.000000 255.000000 45.000000 6.000000 1.000000 8.000000
22.900000 3.173878 524.410000 1.000000 3.000000 113.000000 64.000000 5.000000 8.000000 10.000000
5.600000 1.887070 31.360000 1.000000 1.000000 203.000000 61.000000 5.000000 11.000000 2.000000
96.290000 4.577696 9271.764100 2.000000 2.000000 159.000000 55.000000 2.000000 8.000000 14.000000
112.020000 4.727565 12548.480400 3.000000 5.000000 223.000000 39.000000 4.000000 4.000000 21.000000
66.260000 4.208566 4390.387600 2.000000 3.000000 162.000000 40.000000 2.000000 10.000000 23.000000
86.410000 4.470610 7466.688100 1.000000 0.000000 223.000000 43.000000 6.000000 1.000000 1.000000
322.580000 5.779446 104057.856400 0.000000 5.000000 289.000000 46.000000 2.000000 1.000000 3.000000
70.900000 4.275276 5026.810000 4.000000 2.000000 261.000000 56.000000 0.000000 8.000000 26.000000
17.580000 2.922086 309.056400 1.000000 2.000000 86.000000 56.000000 1.000000 1.000000 10.000000
49.720000 3.926320 2472.078400 0.000000 4.000000 243.000000 54.000000 5.000000 4.000000 22.000000
23.270000 3.189241 541.492900 3.000000 1.000000 86.000000 59.000000 2.000000 7.000000 12.000000
96.060000 4.575329 9227.523600 0.000000 1.000000 8.000000 54.000000 0.000000 7.000000 8.000000
84.760000 4.451553 7184.257600 4.000000 0.000000 223.000000 49.000000 2.000000 10.000000 30.000000
15.390000 2.796671 236.852100 0.000000 3.000000 206.000000 68.000000 1.000000 10.000000 24.000000
51.330000 3.957570 2634.768900 4.000000 7.000000 268.000000 62.000000 6.000000 1.000000 29.000000
102.390000 4.638508 10483.712100 3.000000 7.000000 58.000000 39.000000 3.000000 5.000000 23.000000
71.810000 4.287853 5156.676100 0.000000 4.000000 77.000000 62.000000 2.000000 7.000000 3.000000
47.510000 3.881770 2257.200100 4.000000 6.000000 76.000000 59.000000 5.000000 1.000000 7.000000
105.830000 4.671239 11199.988900 1.000000 8.000000 171.000000 45.000000 6.000000 1.000000 29.000000
53.770000 4.003143 2891.212900 3.000000 5.000000 248.000000 43.000000 5.000000 4.000000 15.000000
274.770000 5.619567 75498.552900 2.000000 4.000000 150.000000 62.000000 2.000000 10.000000 4.000000
83.670000 4.438761 7000.668900 3.000000 6.000000 43.000000 48.000000 6.000000 3.000000 5.000000
122.100000 4.812997 14908.410000 0.000000 3.000000 177.000000 44.000000 4.000000 4.000000 19.000000
38.220000 3.669187 1460.768400 3.000000 0.000000 102.000000 66.000000 2.000000 4.000000 26.000000
130.720000 4.880678 17087.718400 3.000000 5.000000 235.000000 58.000000 6.000000 9.000000 1.000000
61.860000 4.140910 3826.659600 1.000000 1.000000 90.000000 50.000000 6.000000 10.000000 20.000000
133.640000 4.902605 17859.649600 1.000000 1.000000 136.000000 60.000000 3.000000 2.000000 16.000000
5.000000 1.791759 25.000000 0.000000 1.000000 268.000000 55.000000 6.000000 1.000000 15.000000
49.540000 3.922765 2454.211600 4.000000 0.000000 125.000000 57.000000 4.000000 3.000000 24.000000
14.450000 2.737609 208.802500 1.000000 1.000000 112.000000 71.000000 5.000000 4.000000 1.000000
5.000000 1.791759 25.000000 0.000000 8.000000 82.000000 50.000000 2.000000 10.000000 2.000000
57.420000 4.067658 3297.056400 1.000000 5.000000 75.000000 62.000000 3.000000 9.000000 21.000000
23.810000 3.211247 566.916100 4.000000 4.000000 69.000000 66.000000 5.000000 11.000000 4.000000
164.450000 5.108669 27043.802500 3.000000 1.000000 12.000000 40.000000 0.000000 11.000000 25.000000
16.890000 2.884242 285.272100 4.000000 5.000000 212.000000 62.000000 6.000000 3.000000 5.000000
152.130000 5.031287 23143.536900 3.000000 0.000000 219.000000 55.000000 4.000000 11.000000 15.000000
18.410000 2.965788 338.928100 1.000000 5.000000 89.000000 46.000000 4.000000 1.000000 20.000000
312.290000 5.747129 97525.044100 1.000000 8.000000 91.000000 52.000000 0.000000 8.000000 28.000000
74.540000 4.324662 5556.211600 1.000000 8.000000 75.000000 62.000000 0.000000 11.000000 25.000000
39.240000 3.694862 1539.777600 0.000000 2.000000 129.000000 63.000000 0.000000 2.000000 13.000000
68.990000 4.248352 4759.620100 3.000000 8.000000 152.000000 56.000000 6.000000 2.000000 12.000000
98.260000 4.597743 9655.027600 3.000000 5.000000 136.000000 56.000000 4.000000 3.000000 17.000000
259.050000 5.560874 67106.902500 2.000000 7.000000 274.000000 46.000000 1.000000 4.000000 30.000000
51.360000 3.958143 2637.849600 4.000000 0.000000 257.000000 57.000000 0.000000 1.000000 23.000000
107.640000 4.688040 11586.369600 2.000000 8.000000 137.000000 63.000000 5.000000 9.000000 2.000000
46.330000 3.857144 2146.468900 0.000000 1.000000 226.000000 39.000000 6.000000 9.000000 3.000000
24.930000 3.255401 621.504900 3.000000 7.000000 90.000000 44.000000 5.000000 9.000000 14.000000
62.520000 4.151355 3908.750400 4.000000 0.000000 240.000000 54.000000 0.000000 11.000000 25.000000
247.470000 5.515322 61241.400900 0.000000 5.000000 279.000000 58.000000 6.000000 4.000000 2.000000
61.320000 4.132282 3760.142400 4.000000 1.000000 49.000000 44.000000 4.000000 8.000000 9.000000
5.000000 1.791759 25.000000 3.000000 6.000000 230.000000 59.000000 3.000000 10.000000 3.000000
38.830000 3.684620 1507.768900 0.000000 6.000000 275.000000 55.000000 4.000000 6.000000 28.000000
34.080000 3.557631 1161.446400 4.000000 8.000000 90.000000 44.000000 2.000000 4.000000 24.000000
121.410000 4.807376 14740.388100 3.000000 7.000000 240.000000 62.000000 6.000000 8.000000 27.000000
135.090000 4.913316 18249.308100 4.000000 8.000000 245.000000 43.000000 3.000000 5.000000 23.000000
66.650000 4.214347 4442.222500 3.000000 8.000000 160.000000 49.000000 3.000000 4.000000 13.000000
92.190000 4.534640 8498.996100 4.000000 2.000000 227.000000 47.000000 6.000000 1.000000 28.000000
63.820000 4.171614 4072.992400 0.000000 8.000000 98.000000 67.000000 2.000000 10.000000 18.000000
115.120000 4.754624 13252.614400 0.000000 1.000000 144.000000 54.000000 2.000000 7.000000 12.000000
62.320000 4.148201 3883.782400 3.000000 1.000000 288.000000 53.000000 6.000000 3.000000 26.000000
124.260000 4.830392 15440.547600 3.000000 0.000000 323.000000 60.000000 2.000000 1.000000 17.000000
92.120000 4.533889 8486.094400 1.000000 4.000000 129.000000 56.000000 4.000000 8.000000 18.000000
46.720000 3.865351 2182.758400 4.000000 0.000000 62.000000 61.000000 3.000000 11.000000 9.000000
33.840000 3.550766 1145.145600 0.000000 8.000000 50.000000 48.000000 1.000000 8.000000 27.000000
44.470000 3.817053 1977.580900 4.000000 7.000000 215.000000 62.000000 6.000000 9.000000 24.000000
33.930000 3.553346 1151.244900 3.000000 5.000000 80.000000 62.000000 6.000000 9.000000 22.000000
47.320000 3.877846 2239.182400 2.000000 7.000000 253.000000 46.000000 1.000000 7.000000 9.000000
121.660000 4.809416 14801.155600 0.000000 5.000000 333.000000 51.000000 5.000000 9.000000 16.000000
57.620000 4.071076 3320.064400 2.000000 2.000000 167.000000 49.000000 3.000000 7.000000 13.000000
5.000000 1.791759 25.000000 4.000000 2.000000 75.000000 55.000000 2.000000 7.000000 3.000000
59.310000 4.099498 3517.676100 3.000000 0.000000 220.000000 52.000000 1.000000 12.000000 10.000000
45.780000 3.845456 2095.808400 4.000000 7.000000 37.000000 63.000000 0.000000 6.000000 12.000000
23.110000 3.182627 534.072100 0.000000 7.000000 182.000000 70.000000 0.000000 12.000000 11.000000
53.910000 4.005695 2906.288100 1.000000 4.000000 87.000000 59.000000 3.000000 12.000000 5.000000
20.710000 3.077773 428.904100 1.000000 4.000000 253.000000 46.000000 2.000000 11.000000 27.000000
116.210000 4.763967 13504.764100 2.000000 6.000000 273.000000 54.000000 6.000000 10.000000 29.000000
14.290000 2.727199 204.204100 0.000000 4.000000 8.000000 53.000000 1.000000 12.000000 26.000000
345.870000 5.848950 119626.056900 4.000000 0.000000 282.000000 54.000000 1.000000 10.000000 15.000000
62.340000 4.148517 3886.275600 2.000000 3.000000 300.000000 59.000000 0.000000 4.000000 24.000000
20.570000 3.071303 423.124900 1.000000 6.000000 267.000000 59.000000 4.000000 3.000000 10.000000
23.560000 3.201119 555.073600 3.000000 5.000000 50.000000 55.000000 2.000000 1.000000 25.000000
39.240000 3.694862 1539.777600 0.000000 1.000000 122.000000 52.000000 3.000000 6.000000 27.000000
99.200000 4.607168 9840.640000 2.000000 2.000000 48.000000 57.000000 1.000000 6.000000 20.000000
67.820000 4.231494 4599.552400 1.000000 3.000000 77.000000 51.000000 0.000000 11.000000 27.000000
69.600000 4.257030 4844.160000 4.000000 4.000000 241.000000 49.000000 0.000000 6.000000 26.000000
103.650000 4.650621 10743.322500 1.000000 1.000000 4.000000 48.000000 4.000000 1.000000 19.000000
5.430000 1.860975 29.484900 3.000000 2.000000 11.000000 57.000000 0.000000 1.000000 8.000000
63.980000 4.174080 4093.440400 2.000000 5.000000 231.000000 60.000000 4.000000 9.000000 13.000000
5.000000 1.791759 25.000000 0.000000 0.000000 13.000000 53.000000 3.000000 3.000000 23.000000
26.430000 3.311637 698.544900 1.000000 2.000000 339.000000 40.000000 5.000000 1.000000 20.000000
553.920000 6.318824 306827.366400 0.000000 0.000000 293.000000 57.000000 2.000000 12.000000 20.000000
69.080000 4.249637 4772.046400 1.000000 2.000000 129.000000 59.000000 2.000000 1.000000 31.000000
161.860000 5.092891 26198.659600 1.000000 0.000000 314.000000 60.000000 1.000000 12.000000 5.000000
98.590000 4.601062 9719.988100 2.000000 2.000000 317.000000 60.000000 6.000000 5.000000 26.000000
153.670000 5.041294 23614.468900 3.000000 1.000000 334.000000 46.000000 6.000000 5.000000 5.000000
55.610000 4.036186 3092.472100 1.000000 7.000000 256.000000 53.000000 6.000000 11.000000 5.000000
22.370000 3.151453 500.416900 2.000000 4.000000 140.000000 50.000000 3.000000 8.000000 1.000000
45.820000 3.846310 2099.472400 3.000000 4.000000 250.000000 50.000000 2.000000 9.000000 4.000000
11.610000 2.534490 134.792100 3.000000 8.000000 49.000000 50.000000 4.000000 10.000000 13.000000
31.250000 3.473518 976.562500 3.000000 6.000000 185.000000 64.000000 3.000000 11.000000 2.000000
80.710000 4.403176 6514.104100 4.000000 1.000000 125.000000 54.000000 2.000000 1.000000 25.000000
69.380000 4.253909 4813.584400 2.000000 8.000000 265.000000 51.000000 1.000000 9.000000 24.000000
38.940000 3.687378 1516.323600 4.000000 1.000000 263.000000 59.000000 3.000000 8.000000 31.000000
67.250000 4.223177 4522.562500 3.000000 4.000000 170.000000 58.000000 1.000000 11.000000 26.000000
142.370000 4.965429 20269.216900 2.000000 1.000000 240.000000 58.000000 3.000000 11.000000 23.000000
20.760000 3.080073 430.977600 0.000000 5.000000 196.000000 51.000000 5.000000 6.000000 24.000000
54.290000 4.012592 2947.404100 1.000000 2.000000 66.000000 63.000000 1.000000 1.000000 23.000000
151.420000 5.026640 22928.016400 4.000000 8.000000 283.000000 61.000000 1.000000 6.000000 11.000000
53.930000 4.006060 2908.444900 0.000000 1.000000 206.000000 65.000000 0.000000 2.000000 26.000000
108.350000 4.694554 11739.722500 3.000000 1.000000 297.000000 50.000000 3.000000 2.000000 16.000000
59.800000 4.107590 3576.040000 4.000000 6.000000 276.000000 56.000000 0.000000 10.000000 21.000000
69.420000 4.254477 4819.136400 2.000000 0.000000 163.000000 35.000000 6.000000 6.000000 25.000000
86.030000 4.466253 7401.160900 2.000000 0.000000 45.000000 50.000000 4.000000 4.000000 19.000000
30.340000 3.444895 920.515600 4.000000 6.000000 106.000000 64.000000 4.000000 5.000000 3.000000
193.520000 5.270535 37449.990400 4.000000 8.000000 300.000000 64.000000 4.000000 3.000000 8.000000
105.800000 4.670958 11193.640000 4.000000 5.000000 134.000000 52.000000 3.000000 12.000000 19.000000
227.290000 5.430617 51660.744100 1.000000 4.000000 76.000000 53.000000 1.000000 11.000000 28.000000
35.130000 3.587124 1234.116900 1.000000 5.000000 22.000000 55.000000 1.000000 6.000000 4.000000
81.540000 4.413283 6648.771600 0.000000 5.000000 118.000000 64.000000 3.000000 1.000000 26.000000
171.430000 5.149991 29388.244900 4.000000 4.000000 244.000000 62.000000 6.000000 7.000000 21.000000
99.110000 4.606270 9822.792100 4.000000 8.000000 236.000000 57.000000 2.000000 1.000000 17.000000
24.290000 3.230409 590.004100 0.000000 5.000000 72.000000 56.000000 1.000000 10.000000 24.000000
227.230000 5.430354 51633.472900 0.000000 2.000000 99.000000 60.000000 1.000000 3.000000 19.000000
5.180000 1.821318 26.832400 1.000000 5.000000 86.000000 62.000000 0.000000 2.000000 5.000000
5.000000 1.791759 25.000000 1.000000 4.000000 72.000000 50.000000 5.000000 12.000000 2.000000
232.680000 5.453953 54139.982400 2.000000 4.000000 93.000000 63.000000 0.000000 8.000000 7.000000
84.060000 4.443357 7066.083600 0.000000 4.000000 42.000000 53.000000 0.000000 2.000000 12.000000
51.800000 3.966511 2683.240000 3.000000 6.000000 228.000000 37.000000 1.000000 8.000000 20.000000
8.810000 2.283402 77.616100 2.000000 8.000000 220.000000 52.000000 3.000000 10.000000 19.000000
130.380000 4.878094 16998.944400 1.000000 7.000000 1.000000 48.000000 4.000000 1.000000 19.000000
36.310000 3.619261 1318.416100 0.000000 7.000000 58.000000 46.000000 6.000000 9.000000 10.000000
77.920000 4.368435 6071.526400 2.000000 7.000000 225.000000 49.000000 0.000000 7.000000 24.000000
50.710000 3.945651 2571.504100 3.000000 8.000000 8.000000 53.000000 0.000000 5.000000 1.000000
163.140000 5.100720 26614.659600 4.000000 0.000000 319.000000 63.000000 5.000000 1.000000 6.000000
47.340000 3.878259 2241.075600 1.000000 4.000000 108.000000 64.000000 1.000000 10.000000 24.000000
24.640000 3.244154 607.129600 1.000000 1.000000 123.000000 37.000000 5.000000 6.000000 24.000000
105.200000 4.665324 11067.040000 0.000000 3.000000 240.000000 50.000000 3.000000 8.000000 17.000000
26.490000 3.313822 701.720100 0.000000 6.000000 307.000000 62.000000 4.000000 9.000000 13.000000
164.240000 5.107399 26974.777600 1.000000 2.000000 88.000000 45.000000 3.000000 8.000000 1.000000
60.120000 4.112839 3614.414400 2.000000 3.000000 106.000000 71.000000 4.000000 12.000000 6.000000
35.660000 3.601686 1271.635600 3.000000 4.000000 70.000000 59.000000 1.000000 12.000000 26.000000
15.490000 2.802754 239.940100 3.000000 2.000000 128.000000 63.000000 2.000000 1.000000 31.000000
70.520000 4.269977 4973.070400 3.000000 8.000000 178.000000 57.000000 3.000000 12.000000 28.000000
22.760000 3.168003 518.017600 1.000000 5.000000 70.000000 51.000000 6.000000 2.000000 19.000000
359.990000 5.888850 129592.800100 3.000000 5.000000 288.000000 51.000000 5.000000 6.000000 29.000000
10.900000 2.476538 118.810000 0.000000 1.000000 96.000000 56.000000 5.000000 1.000000 13.000000
118.950000 4.787075 14149.102500 1.000000 2.000000 238.000000 55.000000 6.000000 1.000000 21.000000
99.530000 4.610456 9906.220900 2.000000 4.000000 265.000000 63.000000 1.000000 4.000000 11.000000
90.270000 4.513822 8148.672900 0.000000 0.000000 223.000000 43.000000 4.000000 7.000000 12.000000
73.340000 4.308649 5378.755600 2.000000 5.000000 333.000000 42.000000 0.000000 12.000000 11.000000
60.720000 4.122608 3686.918400 3.000000 4.000000 124.000000 54.000000 3.000000 7.000000 18.000000
35.460000 3.596216 1257.411600 0.000000 3.000000 189.000000 64.000000 6.000000 9.000000 1.000000
69.770000 4.259435 4867.852900 0.000000 0.000000 223.000000 38.000000 4.000000 4.000000 19.000000
55.760000 4.038832 3109.177600 0.000000 0.000000 131.000000 51.000000 4.000000 4.000000 12.000000
357.260000 5.881259 127634.707600 1.000000 6.000000 13.000000 49.000000 3.000000 1.000000 18.000000
13.830000 2.696652 191.268900 2.000000 3.000000 215.000000 65.000000 1.000000 10.000000 31.000000
504.200000 6.224954 254217.640000 0.000000 2.000000 98.000000 64.000000 5.000000 4.000000 15.000000
52.710000 3.983599 2778.344100 2.000000 5.000000 227.000000 47.000000 3.000000 6.000000 1.000000
96.850000 4.583436 9379.922500 0.000000 2.000000 197.000000 46.000000 0.000000 12.000000 2.000000
115.870000 4.761062 13425.856900 3.000000 7.000000 128.000000 60.000000 5.000000 9.000000 7.000000
5.000000 1.791759 25.000000 3.000000 6.000000 176.000000 52.000000 0.000000 10.000000 9.000000
30.870000 3.461665 952.956900 2.000000 2.000000 266.000000 51.000000 0.000000 10.000000 30.000000
90.950000 4.521245 8271.902500 4.000000 0.000000 317.000000 56.000000 3.000000 1.000000 5.000000
128.010000 4.859890 16386.560100 3.000000 1.000000 216.000000 59.000000 1.000000 11.000000 5.000000
5.000000 1.791759 25.000000 2.000000 6.000000 230.000000 53.000000 6.000000 9.000000 10.000000
171.220000 5.148773 29316.288400 0.000000 7.000000 275.000000 51.000000 4.000000 7.000000 28.000000
5.000000 1.791759 25.000000 3.000000 0.000000 279.000000 49.000000 0.000000 11.000000 6.000000
132.810000 4.896421 17638.496100 3.000000 5.000000 255.000000 47.000000 3.000000 2.000000 29.000000
5.000000 1.791759 25.000000 4.000000 5.000000 128.000000 55.000000 3.000000 4.000000 4.000000
474.390000 6.164136 225045.872100 2.000000 4.000000 18.000000 49.000000 0.000000 2.000000 13.000000
80.650000 4.402442 6504.422500 2.000000 6.000000 110.000000 71.000000 5.000000 8.000000 5.000000
56.590000 4.053349 3202.428100 2.000000 0.000000 113.000000 64.000000 0.000000 2.000000 12.000000
71.920000 4.289363 5172.486400 1.000000 5.000000 128.000000 59.000000 5.000000 1.000000 14.000000
64.620000 4.183881 4175.744400 1.000000 5.000000 27.000000 51.000000 5.000000 6.000000 29.000000
50.560000 3.942746 2556.313600 4.000000 4.000000 114.000000 59.000000 3.000000 7.000000 20.000000
49.460000 3.921181 2446.291600 4.000000 2.000000 253.000000 39.000000 1.000000 8.000000 15.000000
76.010000 4.343935 5777.520100 3.000000 7.000000 208.000000 54.000000 3.000000 1.000000 4.000000
26.640000 3.319264 709.689600 2.000000 5.000000 176.000000 41.000000 5.000000 3.000000 2.000000
121.360000 4.806968 14728.249600 4.000000 8.000000 300.000000 63.000000 6.000000 6.000000 2.000000
5.000000 1.791759 25.000000 0.000000 0.000000 75.000000 62.000000 5.000000 10.000000 21.000000
48.830000 3.908617 2384.368900 4.000000 4.000000 51.000000 40.000000 1.000000 9.000000 24.000000
261.680000 5.570937 68476.422400 2.000000 1.000000 13.000000 44.000000 5.000000 2.000000 10.000000
5.000000 1.791759 25.000000 2.000000 0.000000 103.000000 50.000000 0.000000 1.000000 22.000000
77.560000 4.363863 6015.553600 0.000000 6.000000 59.000000 48.000000 2.000000 3.000000 6.000000
109.440000 4.704472 11977.113600 2.000000 8.000000 133.000000 63.000000 6.000000 12.000000 29.000000
57.750000 4.073291 3335.062500 0.000000 8.000000 190.000000 59.000000 4.000000 3.000000 15.000000
44.940000 3.827336 2019.603600 0.000000 6.000000 28.000000 51.000000 1.000000 6.000000 4.000000
283.520000 5.650804 80383.590400 2.000000 8.000000 94.000000 52.000000 6.000000 1.000000 7.000000
16.030000 2.834976 256.960900 3.000000 7.000000 50.000000 43.000000 1.000000 7.000000 23.000000
67.450000 4.226104 4549.502500 1.000000 5.000000 172.000000 47.000000 6.000000 4.000000 23.000000
57.620000 4.071076 3320.064400 3.000000 6.000000 248.000000 40.000000 0.000000 12.000000 23.000000
82.950000 4.430221 6880.702500 1.000000 7.000000 301.000000 56.000000 4.000000 11.000000 10.000000
9.010000 2.303585 81.180100 1.000000 5.000000 213.000000 64.000000 4.000000 9.000000 22.000000
74.630000 4.325853 5569.636900 0.000000 2.000000 138.000000 56.000000 0.000000 8.000000 12.000000
54.700000 4.019980 2992.090000 3.000000 8.000000 261.000000 51.000000 2.000000 8.000000 14.000000
37.000000 3.637586 1369.000000 0.000000 5.000000 83.000000 51.000000 3.000000 7.000000 18.000000
30.740000 3.457578 944.947600 2.000000 3.000000 110.000000 59.000000 0.000000 4.000000 17.000000
62.270000 4.147411 3877.552900 2.000000 4.000000 68.000000 51.000000 5.000000 10.000000 21.000000
50.690000 3.945264 2569.476100 1.000000 4.000000 105.000000 71.000000 6.000000 1.000000 21.000000
152.450000 5.033375 23241.002500 4.000000 8.000000 154.000000 54.000000 5.000000 4.000000 1.000000
101.640000 4.631228 10330.689600 0.000000 5.000000 188.000000 68.000000 3.000000 3.000000 14.000000
71.100000 4.278054 5055.210000 2.000000 0.000000 210.000000 57.000000 3.000000 3.000000 16.000000
5.000000 1.791759 25.000000 1.000000 7.000000 20.000000 47.000000 2.000000 2.000000 28.000000
51.820000 3.966890 2685.312400 2.000000 1.000000 78.000000 56.000000 1.000000 2.000000 14.000000
83.600000 4.437934 6988.960000 3.000000 5.000000 147.000000 65.000000 4.000000 8.000000 23.000000
41.740000 3.755135 1742.227600 1.000000 7.000000 0.000000 56.000000 6.000000 12.000000 24.000000
147.350000 4.999574 21712.022500 1.000000 7.000000 231.000000 61.000000 2.000000 6.000000 14.000000
34.110000 3.558486 1163.492100 2.000000 8.000000 65.000000 62.000000 6.000000 6.000000 25.000000
234.780000 5.462899 55121.648400 1.000000 0.000000 193.000000 58.000000 6.000000 1.000000 8.000000
5.000000 1.791759 25.000000 4.000000 5.000000 258.000000 47.000000 0.000000 1.000000 30.000000
38.530000 3.677060 1484.560900 3.000000 6.000000 175.000000 55.000000 5.000000 11.000000 18.000000
23.130000 3.183456 534.996900 2.000000 6.000000 74.000000 62.000000 4.000000 9.000000 15.000000
8.680000 2.270062 75.342400 1.000000 6.000000 268.000000 66.000000 5.000000 10.000000 28.000000
5.000000 1.791759 25.000000 4.000000 0.000000 289.000000 49.000000 5.000000 9.000000 28.000000
15.580000 2.808197 242.736400 4.000000 6.000000 220.000000 49.000000 6.000000 5.000000 7.000000
26.010000 3.296207 676.520100 4.000000 2.000000 104.000000 67.000000 2.000000 7.000000 31.000000
68.170000 4.236567 4647.148900 0.000000 8.000000 137.000000 62.000000 6.000000 3.000000 24.000000
89.920000 4.509980 8085.606400 4.000000 2.000000 221.000000 65.000000 3.000000 11.000000 23.000000
137.100000 4.927978 18796.410000 2.000000 5.000000 304.000000 52.000000 6.000000 7.000000 23.000000
164.940000 5.111626 27205.203600 2.000000 3.000000 53.000000 39.000000 6.000000 5.000000 5.000000
5.000000 1.791759 25.000000 3.000000 3.000000 238.000000 53.000000 1.000000 6.000000 20.000000
59.230000 4.098171 3508.192900 4.000000 3.000000 220.000000 52.000000 3.000000 3.000000 16.000000
133.790000 4.903718 17899.764100 1.000000 6.000000 20.000000 49.000000 5.000000 12.000000 30.000000
42.660000 3.776432 1819.875600 1.000000 5.000000 79.000000 62.000000 1.000000 12.000000 26.000000
34.250000 3.562466 1173.062500 0.000000 8.000000 111.000000 71.000000 3.000000 10.000000 5.000000
76.260000 4.347176 5815.587600 1.000000 5.000000 262.000000 66.000000 1.000000 1.000000 9.000000
122.110000 4.813078 14910.852100 0.000000 5.000000 234.000000 56.000000 2.000000 1.000000 4.000000
95.050000 4.564869 9034.502500 1.000000 8.000000 137.000000 51.000000 3.000000 11.000000 16.000000
33.080000 3.528711 1094.286400 4.000000 5.000000 0.000000 59.000000 0.000000 3.000000 27.000000
149.610000 5.014694 22383.152100 3.000000 0.000000 335.000000 49.000000 0.000000 9.000000 23.000000
84.920000 4.453417 7211.406400 2.000000 5.000000 251.000000 46.000000 2.000000 1.000000 17.000000
41.170000 3.741709 1694.968900 1.000000 1.000000 259.000000 66.000000 6.000000 10.000000 27.000000
64.570000 4.183118 4169.284900 3.000000 8.000000 192.000000 59.000000 0.000000 5.000000 6.000000
160.830000 5.086546 25866.288900 1.000000 2.000000 134.000000 60.000000 0.000000 6.000000 19.000000
36.620000 3.627536 1341.024400 2.000000 0.000000 136.000000 59.000000 5.000000 3.000000 9.000000
26.980000 3.331490 727.920400 4.000000 5.000000 71.000000 56.000000 2.000000 7.000000 26.000000
142.020000 4.962984 20169.680400 4.000000 5.000000 244.000000 50.000000 4.000000 9.000000 13.000000
473.600000 6.162472 224296.960000 1.000000 5.000000 283.000000 51.000000 6.000000 4.000000 14.000000
218.780000 5.392627 47864.688400 3.000000 1.000000 309.000000 52.000000 3.000000 7.000000 11.000000
5.000000 1.791759 25.000000 3.000000 3.000000 148.000000 56.000000 6.000000 12.000000 1.000000
90.820000 4.519830 8248.272400 1.000000 5.000000 304.000000 51.000000 1.000000 7.000000 4.000000
26.570000 3.316728 705.964900 2.000000 3.000000 226.000000 39.000000 5.000000 3.000000 30.000000
35.320000 3.592369 1247.502400 4.000000 5.000000 190.000000 67.000000 5.000000 11.000000 25.000000
128.420000 4.863063 16491.696400 3.000000 2.000000 247.000000 41.000000 3.000000 7.000000 27.000000
18.820000 2.986692 354.192400 1.000000 0.000000 271.000000 59.000000 6.000000 2.000000 12.000000
25.580000 3.280159 654.336400 3.000000 7.000000 236.000000 57.000000 2.000000 6.000000 28.000000
32.850000 3.521939 1079.122500 2.000000 5.000000 90.000000 50.000000 4.000000 12.000000 1.000000
129.170000 4.868841 16684.888900 3.000000 3.000000 138.000000 57.000000 1.000000 2.000000 21.000000
22.230000 3.145445 494.172900 0.000000 8.000000 67.000000 59.000000 4.000000 3.000000 1.000000
50.220000 3.936130 2522.048400 1.000000 1.000000 335.000000 51.000000 2.000000 1.000000 4.000000
118.950000 4.787075 14149.102500 4.000000 5.000000 223.000000 47.000000 3.000000 1.000000 5.000000
114.570000 4.749876 13126.284900 0.000000 5.000000 239.000000 61.000000 5.000000 9.000000 14.000000
33.490000 3.540669 1121.580100 1.000000 2.000000 336.000000 43.000000 6.000000 6.000000 18.000000
102.810000 4.642562 10569.896100 3.000000 0.000000 274.000000 54.000000 0.000000 8.000000 28.000000
209.100000 5.347584 43722.810000 4.000000 8.000000 147.000000 66.000000 5.000000 1.000000 7.000000
21.770000 3.125444 473.932900 1.000000 7.000000 68.000000 63.000000 6.000000 3.000000 3.000000
77.280000 4.360292 5972.198400 4.000000 0.000000 10.000000 34.000000 5.000000 9.000000 2.000000
174.580000 5.168095 30478.176400 1.000000 0.000000 34.000000 55.000000 6.000000 9.000000 3.000000
202.240000 5.314388 40901.017600 2.000000 3.000000 53.000000 44.000000 4.000000 11.000000 10.000000
5.000000 1.791759 25.000000 1.000000 5.000000 76.000000 55.000000 2.000000 2.000000 1.000000
84.910000 4.453300 7209.708100 1.000000 2.000000 338.000000 58.000000 1.000000 5.000000 21.000000
68.610000 4.242908 4707.332100 3.000000 5.000000 49.000000 44.000000 3.000000 4.000000 27.000000
74.710000 4.326910 5581.584100 1.000000 4.000000 123.000000 45.000000 2.000000 10.000000 2.000000
39.870000 3.710396 1589.616900 4.000000 8.000000 131.000000 56.000000 3.000000 3.000000 7.000000
246.050000 5.509591 60540.602500 3.000000 0.000000 283.000000 54.000000 0.000000 3.000000 25.000000
73.130000 4.305820 5347.996900 3.000000 1.000000 1.000000 36.000000 5.000000 12.000000 28.000000
131.620000 4.887488 17323.824400 3.000000 1.000000 132.000000 52.000000 5.000000 5.000000 6.000000
39.850000 3.709907 1588.022500 1.000000 6.000000 249.000000 55.000000 6.000000 12.000000 17.000000
60.950000 4.126328 3714.902500 4.000000 7.000000 131.000000 63.000000 1.000000 2.000000 28.000000
409.560000 6.017522 167739.393600 3.000000 5.000000 283.000000 58.000000 2.000000 4.000000 3.000000
155.490000 5.052992 24177.140100 4.000000 1.000000 161.000000 50.000000 5.000000 8.000000 26.000000
17.800000 2.933857 316.840000 1.000000 0.000000 176.000000 41.000000 0.000000 1.000000 8.000000
87.360000 4.481419 7631.769600 1.000000 1.000000 135.000000 51.000000 5.000000 2.000000 10.000000
5.000000 1.791759 25.000000 1.000000 5.000000 27.000000 54.000000 6.000000 2.000000 11.000000
175.560000 5.173661 30821.313600 2.000000 5.000000 13.000000 56.000000 6.000000 2.000000 18.000000
194.680000 5.276481 37900.302400 3.000000 3.000000 3.000000 48.000000 1.000000 1.000000 3.000000
96.570000 4.580570 9325.764900 0.000000 3.000000 108.000000 70.000000 1.000000 2.000000 14.000000
262.780000 5.575115 69053.328400 3.000000 0.000000 152.000000 59.000000 0.000000 4.000000 29.000000
57.520000 4.069369 3308.550400 3.000000 4.000000 214.000000 62.000000 4.000000 3.000000 17.000000
86.800000 4.475062 7534.240000 3.000000 8.000000 198.000000 56.000000 2.000000 8.000000 2.000000
16.380000 2.855320 268.304400 3.000000 3.000000 239.000000 57.000000 0.000000 5.000000 8.000000
76.840000 4.354655 5904.385600 0.000000 1.000000 242.000000 61.000000 2.000000 8.000000 28.000000
26.610000 3.318178 708.092100 2.000000 6.000000 189.000000 67.000000 6.000000 9.000000 24.000000
143.060000 4.970230 20466.163600 1.000000 4.000000 331.000000 54.000000 2.000000 8.000000 28.000000
21.090000 3.095125 444.788100 0.000000 1.000000 184.000000 67.000000 1.000000 9.000000 24.000000
210.770000 5.355501 44423.992900 2.000000 3.000000 99.000000 57.000000 0.000000 11.000000 20.000000
11.540000 2.528924 133.171600 0.000000 1.000000 66.000000 63.000000 1.000000 12.000000 24.000000
30.890000 3.462292 954.192100 0.000000 2.000000 197.000000 43.000000 3.000000 10.000000 26.000000
66.720000 4.215382 4451.558400 3.000000 1.000000 314.000000 59.000000 5.000000 10.000000 7.000000
158.400000 5.071417 25090.560000 3.000000 7.000000 242.000000 50.000000 0.000000 3.000000 20.000000
5.000000 1.791759 25.000000 4.000000 5.000000 77.000000 50.000000 5.000000 3.000000 16.000000
74.740000 4.327306 5586.067600 4.000000 4.000000 18.000000 55.000000 0.000000 12.000000 23.000000
5.000000 1.791759 25.000000 2.000000 0.000000 180.000000 66.000000 3.000000 4.000000 4.000000
65.040000 4.190261 4230.201600 4.000000 4.000000 258.000000 55.000000 5.000000 10.000000 28.000000
16.900000 2.884801 285.610000 0.000000 0.000000 310.000000 51.000000 4.000000 5.000000 12.000000
21.420000 3.109953 458.816400 0.000000 8.000000 78.000000 56.000000 3.000000 5.000000 9.000000
62.130000 4.145196 3860.136900 4.000000 1.000000 123.000000 45.000000 2.000000 5.000000 10.000000
5.000000 1.791759 25.000000 2.000000 4.000000 43.000000 51.000000 5.000000 10.000000 21.000000
5.000000 1.791759 25.000000 3.000000 8.000000 87.000000 58.000000 5.000000 7.000000 15.000000
52.870000 3.986574 2795.236900 3.000000 7.000000 254.000000 49.000000 4.000000 11.000000 29.000000
48.670000 3.905401 2368.768900 2.000000 5.000000 228.000000 49.000000 1.000000 9.000000 26.000000
40.540000 3.726657 1643.491600 1.000000 5.000000 295.000000 47.000000 4.000000 2.000000 16.000000
83.910000 4.441592 7040.888100 4.000000 3.000000 133.000000 63.000000 6.000000 6.000000 23.000000
95.220000 4.566637 9066.848400 1.000000 3.000000 142.000000 60.000000 1.000000 4.000000 11.000000
45.370000 3.836653 2058.436900 1.000000 4.000000 295.000000 43.000000 5.000000 6.000000 3.000000
54.980000 4.024994 3022.800400 0.000000 6.000000 332.000000 44.000000 6.000000 10.000000 22.000000
93.890000 4.552718 8815.332100 3.000000 4.000000 300.000000 51.000000 4.000000 9.000000 29.000000
127.450000 4.855540 16243.502500 0.000000 3.000000 8.000000 48.000000 3.000000 8.000000 1.000000
6.290000 1.986504 39.564100 2.000000 3.000000 2.000000 41.000000 1.000000 10.000000 31.000000
142.030000 4.963054 20172.520900 3.000000 0.000000 308.000000 63.000000 3.000000 5.000000 30.000000
104.980000 4.663250 11020.800400 4.000000 4.000000 26.000000 55.000000 1.000000 9.000000 26.000000
303.650000 5.719164 92203.322500 3.000000 5.000000 292.000000 57.000000 4.000000 2.000000 2.000000
83.860000 4.441003 7032.499600 0.000000 0.000000 258.000000 50.000000 4.000000 9.000000 1.000000
5.000000 1.791759 25.000000 4.000000 5.000000 186.000000 66.000000 1.000000 7.000000 16.000000
43.550000 3.796612 1896.602500 2.000000 0.000000 221.000000 58.000000 4.000000 12.000000 29.000000
322.670000 5.779724 104115.928900 4.000000 7.000000 339.000000 33.000000 5.000000 11.000000 30.000000
35.440000 3.595667 1255.993600 4.000000 4.000000 262.000000 63.000000 3.000000 7.000000 4.000000
99.170000 4.606869 9834.688900 3.000000 5.000000 238.000000 49.000000 2.000000 11.000000 6.000000
5.000000 1.791759 25.000000 3.000000 6.000000 276.000000 56.000000 1.000000 4.000000 25.000000
33.760000 3.548467 1139.737600 1.000000 8.000000 50.000000 55.000000 6.000000 10.000000 6.000000
5.000000 1.791759 25.000000 2.000000 1.000000 331.000000 39.000000 6.000000 1.000000 1.000000
30.720000 3.456947 943.718400 3.000000 5.000000 84.000000 51.000000 2.000000 3.000000 13.000000
13.770000 2.692598 189.612900 2.000000 8.000000 256.000000 48.000000 3.000000 3.000000 21.000000
54.490000 4.016203 2969.160100 1.000000 5.000000 242.000000 57.000000 1.000000 7.000000 18.000000
52.700000 3.983413 2777.290000 4.000000 1.000000 216.000000 65.000000 1.000000 4.000000 11.000000
6.060000 1.954445 36.723600 3.000000 5.000000 274.000000 56.000000 3.000000 3.000000 2.000000
31.410000 3.478467 986.588100 1.000000 3.000000 5.000000 37.000000 6.000000 9.000000 17.000000
101.850000 4.633272 10373.422500 0.000000 5.000000 289.000000 46.000000 4.000000 12.000000 13.000000
78.190000 4.371850 6113.676100 3.000000 3.000000 37.000000 43.000000 4.000000 1.000000 12.000000
32.860000 3.522234 1079.779600 0.000000 0.000000 138.000000 62.000000 3.000000 8.000000 24.000000
156.590000 5.059997 24520.428100 1.000000 2.000000 153.000000 62.000000 1.000000 4.000000 30.000000
41.840000 3.757472 1750.585600 3.000000 7.000000 227.000000 54.000000 2.000000 8.000000 14.000000
51.940000 3.969159 2697.763600 4.000000 3.000000 47.000000 57.000000 3.000000 3.000000 16.000000
63.220000 4.162315 3996.768400 3.000000 3.000000 118.000000 67.000000 3.000000 12.000000 28.000000
50.650000 3.944490 2565.422500 4.000000 6.000000 248.000000 52.000000 1.000000 1.000000 9.000000
145.490000 4.986957 21167.340100 3.000000 1.000000 316.000000 52.000000 6.000000 6.000000 25.000000
70.780000 4.273606 5009.808400 3.000000 1.000000 104.000000 67.000000 1.000000 11.000000 12.000000
5.000000 1.791759 25.000000 1.000000 2.000000 229.000000 53.000000 3.000000 1.000000 19.000000
103.170000 4.646024 10644.048900 3.000000 1.000000 239.000000 55.000000 0.000000 10.000000 9.000000
121.470000 4.807866 14754.960900 0.000000 4.000000 241.000000 62.000000 2.000000 12.000000 20.000000
58.140000 4.079908 3380.259600 1.000000 4.000000 76.000000 63.000000 4.000000 5.000000 31.000000
293.410000 5.684973 86089.428100 0.000000 3.000000 145.000000 66.000000 5.000000 5.000000 11.000000
67.480000 4.226542 4553.550400 1.000000 5.000000 190.000000 70.000000 1.000000 10.000000 24.000000
55.390000 4.032292 3068.052100 3.000000 2.000000 136.000000 62.000000 1.000000 3.000000 21.000000
108.930000 4.699844 11865.744900 0.000000 5.000000 196.000000 49.000000 6.000000 5.000000 7.000000
100.670000 4.621732 10134.448900 4.000000 5.000000 210.000000 66.000000 0.000000 1.000000 22.000000
234.360000 5.461116 54924.609600 4.000000 7.000000 14.000000 52.000000 2.000000 4.000000 17.000000
101.120000 4.626149 10225.254400 4.000000 5.000000 332.000000 52.000000 1.000000 8.000000 13.000000
115.990000 4.762088 13453.680100 4.000000 5.000000 161.000000 54.000000 3.000000 1.000000 18.000000
99.360000 4.608764 9872.409600 3.000000 4.000000 328.000000 59.000000 3.000000 5.000000 11.000000
35.770000 3.604682 1279.492900 2.000000 0.000000 167.000000 38.000000 4.000000 2.000000 23.000000
85.060000 4.455045 7235.203600 2.000000 0.000000 130.000000 62.000000 4.000000 9.000000 22.000000
27.920000 3.364533 779.526400 3.000000 7.000000 292.000000 45.000000 5.000000 8.000000 19.000000
57.930000 4.076350 3355.884900 3.000000 8.000000 268.000000 59.000000 3.000000 12.000000 5.000000
144.440000 4.979764 20862.913600 2.000000 8.000000 225.000000 50.000000 3.000000 3.000000 14.000000
90.140000 4.512397 8125.219600 0.000000 0.000000 45.000000 53.000000 3.000000 7.000000 13.000000
65.190000 4.192529 4249.736100 3.000000 1.000000 332.000000 50.000000 2.000000 1.000000 24.000000
11.090000 2.492379 122.988100 2.000000 2.000000 244.000000 61.000000 5.000000 4.000000 1.000000
151.190000 5.025130 22858.416100 2.000000 0.000000 285.000000 57.000000 2.000000 2.000000 22.000000
84.210000 4.445119 7091.324100 3.000000 4.000000 236.000000 57.000000 4.000000 3.000000 10.000000
140.870000 4.954911 19844.356900 4.000000 2.000000 128.000000 63.000000 5.000000 1.000000 7.000000
5.000000 1.791759 25.000000 2.000000 1.000000 198.000000 62.000000 5.000000 8.000000 3.000000
137.060000 4.927688 18785.443600 0.000000 5.000000 12.000000 51.000000 3.000000 11.000000 30.000000
27.580000 3.352707 760.656400 2.000000 2.000000 48.000000 56.000000 0.000000 6.000000 3.000000
101.290000 4.627812 10259.664100 4.000000 0.000000 160.000000 54.000000 2.000000 6.000000 14.000000
44.040000 3.807551 1939.521600 1.000000 5.000000 84.000000 56.000000 1.000000 12.000000 31.000000
80.080000 4.395436 6412.806400 3.000000 6.000000 312.000000 55.000000 6.000000 11.000000 26.000000
79.010000 4.382152 6242.580100 4.000000 4.000000 115.000000 67.000000 0.000000 12.000000 2.000000
89.500000 4.505350 8010.250000 0.000000 2.000000 309.000000 51.000000 2.000000 8.000000 21.000000
105.580000 4.668896 11147.136400 3.000000 8.000000 270.000000 64.000000 0.000000 12.000000 25.000000
124.570000 4.832863 15517.684900 4.000000 5.000000 28.000000 49.000000 4.000000 7.000000 14.000000
44.720000 3.822536 1999.878400 1.000000 5.000000 84.000000 59.000000 4.000000 12.000000 29.000000
102.740000 4.641888 10555.507600 4.000000 8.000000 16.000000 55.000000 4.000000 3.000000 10.000000
35.740000 3.603866 1277.347600 2.000000 3.000000 214.000000 69.000000 2.000000 8.000000 7.000000
64.590000 4.183423 4171.868100 1.000000 6.000000 178.000000 49.000000 0.000000 4.000000 29.000000
186.800000 5.235378 34894.240000 1.000000 5.000000 27.000000 44.000000 4.000000 5.000000 10.000000
116.380000 4.765417 13544.304400 4.000000 1.000000 324.000000 60.000000 4.000000 4.000000 19.000000
5.170000 1.819699 26.728900 4.000000 2.000000 271.000000 55.000000 4.000000 3.000000 31.000000
5.000000 1.791759 25.000000 1.000000 6.000000 177.000000 48.000000 6.000000 7.000000 30.000000
109.090000 4.701298 11900.628100 3.000000 5.000000 0.000000 60.000000 5.000000 3.000000 2.000000
153.510000 5.040259 23565.320100 0.000000 2.000000 244.000000 61.000000 0.000000 4.000000 1.000000
36.450000 3.623007 1328.602500 3.000000 2.000000 261.000000 59.000000 2.000000 11.000000 1.000000
59.300000 4.099332 3516.490000 1.000000 2.000000 225.000000 45.000000 4.000000 5.000000 5.000000
56.530000 4.052307 3195.640900 0.000000 5.000000 177.000000 50.000000 4.000000 11.000000 15.000000
527.300000 6.269664 278045.290000 1.000000 7.000000 251.000000 40.000000 1.000000 9.000000 24.000000
69.340000 4.253341 4808.035600 3.000000 4.000000 58.000000 49.000000 0.000000 5.000000 8.000000
60.870000 4.125035 3705.156900 0.000000 5.000000 261.000000 51.000000 3.000000 1.000000 12.000000
59.380000 4.100658 3525.984400 0.000000 2.000000 129.000000 59.000000 5.000000 10.000000 26.000000
45.250000 3.834061 2047.562500 4.000000 1.000000 258.000000 54.000000 4.000000 3.000000 31.000000
69.590000 4.256888 4842.768100 2.000000 3.000000 0.000000 48.000000 5.000000 11.000000 2.000000
260.960000 5.568192 68100.121600 3.000000 3.000000 297.000000 43.000000 4.000000 6.000000 16.000000
178.260000 5.188837 31776.627600 0.000000 0.000000 15.000000 48.000000 1.000000 10.000000 31.000000
158.110000 5.069596 24998.772100 2.000000 7.000000 193.000000 46.000000 2.000000 4.000000 3.000000
115.460000 4.757548 13331.011600 0.000000 5.000000 176.000000 50.000000 2.000000 3.000000 20.000000
49.430000 3.920586 2443.324900 1.000000 5.000000 206.000000 65.000000 6.000000 7.000000 21.000000
5.000000 1.791759 25.000000 0.000000 5.000000 244.000000 53.000000 5.000000 10.000000 28.000000
24.170000 3.225653 584.188900 2.000000 4.000000 99.000000 62.000000 1.000000 12.000000 31.000000
5.000000 1.791759 25.000000 0.000000 0.000000 256.000000 54.000000 1.000000 5.000000 9.000000
160.230000 5.082832 25673.652900 4.000000 5.000000 24.000000 52.000000 0.000000 3.000000 27.000000
36.370000 3.620868 1322.776900 1.000000 8.000000 47.000000 61.000000 0.000000 3.000000 13.000000
87.970000 4.488299 7738.720900 3.000000 8.000000 167.000000 38.000000 6.000000 9.000000 8.000000
178.850000 5.192123 31987.322500 1.000000 2.000000 159.000000 59.000000 6.000000 1.000000 29.000000
21.890000 3.130700 479.172100 2.000000 0.000000 261.000000 56.000000 4.000000 2.000000 3.000000
14.720000 2.754934 216.678400 3.000000 8.000000 90.000000 50.000000 4.000000 8.000000 23.000000
525.280000 6.265833 275919.078400 4.000000 4.000000 174.000000 57.000000 0.000000 4.000000 8.000000
219.340000 5.395172 48110.035600 3.000000 4.000000 225.000000 42.000000 5.000000 1.000000 7.000000
67.720000 4.230040 4585.998400 1.000000 1.000000 129.000000 56.000000 0.000000 4.000000 10.000000
190.760000 5.256245 36389.377600 0.000000 5.000000 26.000000 52.000000 6.000000 5.000000 19.000000
91.440000 4.526560 8361.273600 4.000000 4.000000 306.000000 62.000000 0.000000 10.000000 14.000000
27.470000 3.348851 754.600900 0.000000 8.000000 77.000000 67.000000 3.000000 8.000000 17.000000
38.230000 3.669442 1461.532900 0.000000 6.000000 107.000000 59.000000 0.000000 12.000000 11.000000
59.840000 4.108247 3580.825600 0.000000 8.000000 262.000000 51.000000 5.000000 3.000000 16.000000
111.490000 4.722864 12430.020100 4.000000 7.000000 331.000000 55.000000 3.000000 1.000000 18.000000
60.510000 4.119200 3661.460100 0.000000 8.000000 126.000000 43.000000 0.000000 11.000000 25.000000
5.000000 1.791759 25.000000 4.000000 0.000000 143.000000 64.000000 0.000000 11.000000 4.000000
202.730000 5.316796 41099.452900 0.000000 0.000000 72.000000 64.000000 3.000000 8.000000 8.000000
101.720000 4.632007 10346.958400 1.000000 8.000000 223.000000 47.000000 3.000000 1.000000 19.000000
7.730000 2.166765 59.752900 4.000000 6.000000 51.000000 51.000000 0.000000 11.000000 13.000000
8.900000 2.292535 79.210000 1.000000 5.000000 151.000000 60.000000 5.000000 6.000000 3.000000
44.210000 3.811318 1954.524100 1.000000 6.000000 199.000000 49.000000 4.000000 12.000000 29.000000
5.000000 1.791759 25.000000 3.000000 5.000000 199.000000 48.000000 4.000000 5.000000 17.000000
54.920000 4.023922 3016.206400 2.000000 2.000000 123.000000 48.000000 4.000000 6.000000 21.000000
27.410000 3.346741 751.308100 3.000000 4.000000 165.000000 35.000000 3.000000 11.000000 2.000000
5.000000 1.791759 25.000000 2.000000 5.000000 75.000000 58.000000 5.000000 7.000000 22.000000
50.640000 3.944297 2564.409600 1.000000 7.000000 19.000000 52.000000 6.000000 12.000000 15.000000
104.610000 4.659753 10943.252100 0.000000 6.000000 67.000000 60.000000 1.000000 9.000000 26.000000
44.680000 3.821661 1996.302400 2.000000 1.000000 59.000000 52.000000 3.000000 2.000000 2.000000
5.000000 1.791759 25.000000 0.000000 2.000000 66.000000 50.000000 2.000000 3.000000 15.000000
221.130000 5.403263 48898.476900 3.000000 1.000000 297.000000 50.000000 3.000000 12.000000 28.000000
5.700000 1.902108 32.490000 3.000000 6.000000 228.000000 51.000000 2.000000 11.000000 20.000000
47.090000 3.873074 2217.468100 0.000000 1.000000 212.000000 57.000000 4.000000 11.000000 24.000000
110.250000 4.711780 12155.062500 3.000000 3.000000 244.000000 61.000000 5.000000 6.000000 17.000000
122.170000 4.813566 14925.508900 2.000000 3.000000 333.000000 54.000000 5.000000 11.000000 23.000000
88.950000 4.499254 7912.102500 0.000000 8.000000 127.000000 43.000000 4.000000 11.000000 10.000000
9.980000 2.396075 99.600400 3.000000 8.000000 152.000000 60.000000 2.000000 12.000000 27.000000
33.280000 3.534562 1107.558400 3.000000 4.000000 235.000000 60.000000 3.000000 3.000000 23.000000
12.790000 2.623944 163.584100 0.000000 5.000000 128.000000 51.000000 5.000000 12.000000 16.000000
213.810000 5.369754 45714.716100 4.000000 1.000000 2.000000 43.000000 1.000000 5.000000 30.000000
45.660000 3.842887 2084.835600 4.000000 4.000000 178.000000 56.000000 4.000000 9.000000 13.000000
81.850000 4.417032 6699.422500 0.000000 3.000000 226.000000 44.000000 5.000000 5.000000 6.000000
11.800000 2.549445 139.240000 2.000000 5.000000 329.000000 48.000000 5.000000 6.000000 3.000000
32.660000 3.516310 1066.675600 2.000000 1.000000 171.000000 36.000000 1.000000 7.000000 16.000000
157.750000 5.067331 24885.062500 0.000000 7.000000 13.000000 44.000000 2.000000 1.000000 4.000000
5.000000 1.791759 25.000000 1.000000 6.000000 87.000000 61.000000 4.000000 3.000000 3.000000
150.890000 5.023157 22767.792100 0.000000 7.000000 4.000000 48.000000 5.000000 10.000000 7.000000
226.720000 5.428117 51401.958400 1.000000 1.000000 337.000000 51.000000 3.000000 6.000000 27.000000
49.220000 3.916413 2422.608400 2.000000 8.000000 70.000000 63.000000 5.000000 4.000000 8.000000
63.770000 4.170843 4066.612900 0.000000 5.000000 147.000000 60.000000 5.000000 12.000000 16.000000
63.370000 4.164648 4015.756900 0.000000 7.000000 215.000000 65.000000 0.000000 10.000000 30.000000
413.300000 6.026590 170816.890000 1.000000 0.000000 173.000000 54.000000 5.000000 9.000000 30.000000
174.540000 5.167867 30464.211600 3.000000 5.000000 154.000000 59.000000 0.000000 6.000000 10.000000
80.590000 4.401707 6494.748100 1.000000 2.000000 135.000000 63.000000 1.000000 9.000000 12.000000
33.590000 3.543565 1128.288100 4.000000 5.000000 73.000000 62.000000 3.000000 3.000000 28.000000
18.480000 2.969388 341.510400 0.000000 5.000000 107.000000 55.000000 0.000000 4.000000 24.000000
239.660000 5.483385 57436.915600 1.000000 8.000000 33.000000 52.000000 3.000000 6.000000 22.000000
58.950000 4.093511 3475.102500 2.000000 7.000000 123.000000 49.000000 1.000000 7.000000 9.000000
163.200000 5.101085 26634.240000 1.000000 4.000000 314.000000 57.000000 5.000000 11.000000 2.000000
27.950000 3.365570 781.202500 0.000000 0.000000 83.000000 62.000000 2.000000 5.000000 15.000000
98.220000 4.597340 9647.168400 2.000000 4.000000 312.000000 56.000000 6.000000 11.000000 3.000000
83.800000 4.440296 7022.440000 0.000000 5.000000 123.000000 42.000000 2.000000 9.000000 25.000000
113.420000 4.739876 12864.096400 2.000000 4.000000 139.000000 60.000000 1.000000 4.000000 2.000000
19.810000 3.035434 392.436100 0.000000 4.000000 66.000000 62.000000 5.000000 2.000000 17.000000
39.740000 3.707210 1579.267600 3.000000 0.000000 68.000000 62.000000 2.000000 4.000000 10.000000
28.340000 3.378952 803.155600 0.000000 1.000000 80.000000 62.000000 6.000000 3.000000 5.000000
108.450000 4.695468 11761.402500 3.000000 7.000000 177.000000 50.000000 1.000000 10.000000 10.000000
180.290000 5.200098 32504.484100 4.000000 6.000000 95.000000 60.000000 4.000000 6.000000 2.000000
82.570000 4.425685 6817.804900 2.000000 0.000000 231.000000 49.000000 3.000000 5.000000 18.000000
9.970000 2.395164 99.400900 0.000000 0.000000 71.000000 55.000000 2.000000 6.000000 7.000000
7.240000 2.109000 52.417600 0.000000 0.000000 261.000000 50.000000 1.000000 4.000000 4.000000
87.040000 4.477791 7575.961600 4.000000 1.000000 134.000000 63.000000 1.000000 3.000000 21.000000
18.440000 2.967333 340.033600 3.000000 6.000000 188.000000 64.000000 4.000000 7.000000 12.000000
85.660000 4.461992 7337.635600 1.000000 7.000000 138.000000 56.000000 1.000000 7.000000 23.000000
5.000000 1.791759 25.000000 1.000000 5.000000 128.000000 62.000000 6.000000 2.000000 12.000000
79.810000 4.392101 6369.636100 1.000000 4.000000 223.000000 50.000000 4.000000 6.000000 2.000000
122.350000 4.815026 14969.522500 3.000000 6.000000 157.000000 65.000000 4.000000 8.000000 30.000000
211.730000 5.360024 44829.592900 0.000000 0.000000 289.000000 54.000000 4.000000 4.000000 7.000000
127.180000 4.853436 16174.752400 4.000000 0.000000 243.000000 62.000000 1.000000 9.000000 3.000000
97.460000 4.589650 9498.451600 4.000000 8.000000 240.000000 49.000000 2.000000 5.000000 3.000000
260.190000 5.565248 67698.836100 1.000000 6.000000 43.000000 46.000000 0.000000 4.000000 22.000000
35.220000 3.589611 1240.448400 1.000000 0.000000 314.000000 51.000000 5.000000 4.000000 13.000000
53.170000 3.992127 2827.048900 1.000000 0.000000 226.000000 50.000000 2.000000 6.000000 28.000000
46.800000 3.867026 2190.240000 4.000000 0.000000 139.000000 56.000000 0.000000 9.000000 9.000000
223.070000 5.411959 49760.224900 2.000000 0.000000 13.000000 55.000000 6.000000 9.000000 15.000000
72.410000 4.296060 5243.208100 4.000000 7.000000 132.000000 63.000000 2.000000 7.000000 24.000000
82.870000 4.429268 6867.436900 3.000000 0.000000 269.000000 62.000000 0.000000 9.000000 23.000000
56.770000 4.056470 3222.832900 4.000000 1.000000 263.000000 59.000000 3.000000 12.000000 12.000000
40.960000 3.736717 1677.721600 4.000000 4.000000 280.000000 57.000000 2.000000 6.000000 19.000000
117.940000 4.778619 13909.843600 3.000000 7.000000 140.000000 58.000000 4.000000 12.000000 22.000000
128.210000 4.861439 16437.804100 4.000000 6.000000 332.000000 45.000000 2.000000 1.000000 4.000000
30.070000 3.436243 904.204900 2.000000 7.000000 65.000000 62.000000 1.000000 12.000000 24.000000
42.490000 3.772531 1805.400100 4.000000 5.000000 269.000000 56.000000 4.000000 6.000000 30.000000
210.400000 5.353752 44268.160000 0.000000 1.000000 247.000000 41.000000 6.000000 5.000000 5.000000
153.750000 5.041811 23639.062500 4.000000 2.000000 61.000000 51.000000 0.000000 10.000000 30.000000
114.610000 4.750222 13135.452100 4.000000 3.000000 88.000000 51.000000 1.000000 1.000000 2.000000
54.630000 4.018723 2984.436900 2.000000 7.000000 329.000000 39.000000 1.000000 10.000000 1.000000
52.390000 3.977623 2744.712100 4.000000 1.000000 187.000000 59.000000 6.000000 8.000000 11.000000
15.910000 2.827905 253.128100 0.000000 8.000000 220.000000 52.000000 2.000000 7.000000 24.000000
30.590000 3.452841 935.748100 3.000000 7.000000 298.000000 51.000000 3.000000 5.000000 30.000000
5.000000 1.791759 25.000000 0.000000 5.000000 198.000000 59.000000 1.000000 12.000000 31.000000
78.120000 4.370966 6102.734400 4.000000 6.000000 232.000000 61.000000 0.000000 4.000000 1.000000
18.670000 2.979095 348.568900 2.000000 3.000000 227.000000 47.000000 1.000000 1.000000 30.000000
68.210000 4.237145 4652.604100 1.000000 1.000000 148.000000 57.000000 1.000000 12.000000 12.000000
21.840000 3.128513 476.985600 4.000000 2.000000 197.000000 47.000000 4.000000 10.000000 11.000000
95.320000 4.567676 9085.902400 4.000000 2.000000 191.000000 71.000000 0.000000 5.000000 15.000000
170.240000 5.143066 28981.657600 1.000000 3.000000 237.000000 58.000000 4.000000 9.000000 8.000000
19.640000 3.027231 385.729600 1.000000 2.000000 323.000000 63.000000 6.000000 7.000000 21.000000
76.590000 4.351439 5866.028100 1.000000 8.000000 129.000000 62.000000 6.000000 5.000000 14.000000
47.420000 3.879913 2248.656400 2.000000 1.000000 230.000000 49.000000 5.000000 7.000000 13.000000
5.000000 1.791759 25.000000 4.000000 1.000000 68.000000 55.000000 1.000000 4.000000 4.000000
70.760000 4.273327 5006.977600 4.000000 4.000000 113.000000 71.000000 5.000000 12.000000 28.000000
74.210000 4.320284 5507.124100 1.000000 5.000000 133.000000 62.000000 0.000000 4.000000 8.000000
117.730000 4.776852 13860.352900 0.000000 1.000000 152.000000 59.000000 2.000000 10.000000 25.000000
65.290000 4.194039 4262.784100 4.000000 6.000000 271.000000 63.000000 2.000000 4.000000 10.000000
57.800000 4.074142 3340.840000 1.000000 4.000000 211.000000 62.000000 6.000000 5.000000 7.000000
34.640000 3.573469 1199.929600 4.000000 3.000000 106.000000 64.000000 3.000000 6.000000 6.000000
170.970000 5.147320 29230.740900 2.000000 6.000000 255.000000 53.000000 6.000000 9.000000 10.000000
20.320000 3.059646 412.902400 3.000000 4.000000 110.000000 70.000000 1.000000 9.000000 10.000000
12.920000 2.633327 166.926400 0.000000 1.000000 192.000000 67.000000 6.000000 6.000000 4.000000
41.130000 3.740760 1691.676900 1.000000 0.000000 271.000000 59.000000 1.000000 4.000000 23.000000
88.490000 4.494127 7830.480100 4.000000 6.000000 188.000000 70.000000 0.000000 7.000000 29.000000
12.110000 2.573375 146.652100 0.000000 8.000000 73.000000 51.000000 4.000000 6.000000 30.000000
235.230000 5.464806 55333.152900 3.000000 7.000000 229.000000 50.000000 0.000000 8.000000 5.000000
38.240000 3.669697 1462.297600 0.000000 2.000000 135.000000 62.000000 6.000000 3.000000 19.000000
41.670000 3.753496 1736.388900 3.000000 5.000000 105.000000 70.000000 5.000000 5.000000 25.000000
15.480000 2.802148 239.630400 0.000000 1.000000 72.000000 51.000000 4.000000 9.000000 27.000000
51.860000 3.967647 2689.459600 4.000000 5.000000 260.000000 56.000000 1.000000 12.000000 5.000000
78.260000 4.372734 6124.627600 1.000000 4.000000 212.000000 68.000000 2.000000 1.000000 31.000000
29.910000 3.431080 894.608100 4.000000 4.000000 151.000000 64.000000 0.000000 2.000000 13.000000
118.410000 4.782563 14020.928100 3.000000 5.000000 285.000000 60.000000 5.000000 10.000000 7.000000
117.090000 4.771447 13710.068100 3.000000 4.000000 308.000000 64.000000 6.000000 2.000000 25.000000
289.080000 5.670157 83567.246400 0.000000 5.000000 42.000000 55.000000 3.000000 8.000000 3.000000
246.510000 5.511451 60767.180100 0.000000 4.000000 63.000000 52.000000 5.000000 9.000000 30.000000
51.550000 3.961765 2657.402500 1.000000 5.000000 269.000000 63.000000 3.000000 5.000000 18.000000
112.890000 4.735233 12744.152100 1.000000 4.000000 2.000000 43.000000 0.000000 10.000000 2.000000
46.470000 3.860098 2159.460900 1.000000 8.000000 188.000000 67.000000 6.000000 1.000000 8.000000
63.760000 4.170688 4065.337600 0.000000 2.000000 244.000000 49.000000 3.000000 5.000000 9.000000
186.560000 5.234099 34804.633600 1.000000 5.000000 39.000000 55.000000 0.000000 10.000000 7.000000
147.760000 5.002334 21833.017600 2.000000 3.000000 141.000000 44.000000 2.000000 4.000000 3.000000
416.000000 6.033086 173056.000000 1.000000 5.000000 0.000000 50.000000 3.000000 12.000000 5.000000
26.460000 3.312730 700.131600 4.000000 8.000000 90.000000 50.000000 4.000000 1.000000 5.000000
31.830000 3.491343 1013.148900 0.000000 4.000000 69.000000 63.000000 5.000000 2.000000 4.000000
51.180000 3.954699 2619.392400 0.000000 5.000000 182.000000 67.000000 2.000000 10.000000 11.000000
78.180000 4.371724 6112.112400 0.000000 1.000000 177.000000 46.000000 0.000000 4.000000 24.000000
19.000000 2.995732 361.000000 0.000000 8.000000 65.000000 51.000000 6.000000 3.000000 31.000000
61.680000 4.138042 3804.422400 3.000000 0.000000 179.000000 66.000000 2.000000 10.000000 25.000000
83.370000 4.435212 6950.556900 0.000000 5.000000 184.000000 67.000000 3.000000 1.000000 19.000000
23.080000 3.181382 532.686400 1.000000 6.000000 227.000000 53.000000 6.000000 5.000000 19.000000
59.060000 4.095344 3488.083600 1.000000 5.000000 197.000000 41.000000 0.000000 7.000000 31.000000
94.200000 4.555980 8873.640000 0.000000 1.000000 150.000000 58.000000 0.000000 4.000000 1.000000
149.210000 5.012034 22263.624100 4.000000 0.000000 247.000000 52.000000 6.000000 11.000000 3.000000
257.440000 5.554664 66275.353600 0.000000 4.000000 15.000000 56.000000 2.000000 10.000000 30.000000
71.610000 4.285103 5127.992100 3.000000 1.000000 135.000000 59.000000 0.000000 12.000000 2.000000
49.120000 3.914420 2412.774400 4.000000 0.000000 75.000000 56.000000 2.000000 8.000000 14.000000
83.830000 4.440649 7027.468900 4.000000 7.000000 332.000000 51.000000 0.000000 9.000000 11.000000
11.390000 2.516890 129.732100 4.000000 6.000000 83.000000 62.000000 4.000000 6.000000 21.000000
5.000000 1.791759 25.000000 4.000000 8.000000 81.000000 55.000000 0.000000 10.000000 28.000000
20.490000 3.067588 419.840100 2.000000 8.000000 7.000000 54.000000 6.000000 4.000000 28.000000
54.630000 4.018723 2984.436900 0.000000 7.000000 226.000000 44.000000 2.000000 7.000000 3.000000
170.690000 5.145691 29135.076100 0.000000 6.000000 6.000000 55.000000 0.000000 6.000000 24.000000
55.020000 4.025709 3027.200400 3.000000 5.000000 224.000000 52.000000 1.000000 9.000000 17.000000
32.810000 3.520757 1076.496100 1.000000 1.000000 105.000000 71.000000 5.000000 12.000000 2.000000
25.000000 3.258097 625.000000 1.000000 5.000000 76.000000 59.000000 3.000000 12.000000 12.000000
38.190000 3.668422 1458.476100 2.000000 4.000000 176.000000 53.000000 2.000000 2.000000 1.000000
141.970000 4.962635 20155.480900 0.000000 8.000000 135.000000 63.000000 2.000000 11.000000 22.000000
57.130000 4.062682 3263.836900 3.000000 6.000000 10.000000 34.000000 6.000000 9.000000 10.000000
127.630000 4.856940 16289.416900 2.000000 5.000000 177.000000 51.000000 4.000000 2.000000 9.000000
54.360000 4.013857 2955.009600 4.000000 1.000000 254.000000 43.000000 0.000000 4.000000 24.000000
5.860000 1.925707 34.339600 3.000000 0.000000 66.000000 55.000000 1.000000 10.000000 22.000000
52.960000 3.988243 2804.761600 3.000000 5.000000 202.000000 49.000000 2.000000 12.000000 27.000000
114.020000 4.745106 13000.560400 3.000000 3.000000 243.000000 58.000000 2.000000 12.000000 25.000000
13.470000 2.672078 181.440900 3.000000 4.000000 184.000000 71.000000 0.000000 7.000000 24.000000
81.850000 4.417032 6699.422500 1.000000 4.000000 49.000000 49.000000 0.000000 5.000000 27.000000
258.800000 5.559912 66977.440000 2.000000 6.000000 289.000000 54.000000 5.000000 3.000000 25.000000
61.660000 4.137723 3801.955600 0.000000 7.000000 7.000000 49.000000 3.000000 2.000000 16.000000
5.000000 1.791759 25.000000 1.000000 1.000000 190.000000 63.000000 3.000000 3.000000 9.000000
29.050000 3.402863 843.902500 3.000000 5.000000 82.000000 62.000000 2.000000 3.000000 15.000000
38.650000 3.680091 1493.822500 1.000000 2.000000 81.000000 51.000000 0.000000 8.000000 26.000000
46.990000 3.870993 2208.060100 1.000000 1.000000 172.000000 41.000000 3.000000 6.000000 13.000000
167.290000 5.125689 27985.944100 1.000000 1.000000 327.000000 60.000000 1.000000 10.000000 29.000000
32.220000 3.503152 1038.128400 1.000000 6.000000 208.000000 57.000000 5.000000 3.000000 9.000000
35.640000 3.601141 1270.209600 4.000000 5.000000 222.000000 42.000000 1.000000 2.000000 21.000000
59.600000 4.104295 3552.160000 2.000000 8.000000 51.000000 51.000000 3.000000 5.000000 4.000000
60.480000 4.118712 3657.830400 1.000000 5.000000 226.000000 50.000000 3.000000 1.000000 19.000000
41.690000 3.753965 1738.056100 4.000000 2.000000 113.000000 70.000000 5.000000 2.000000 17.000000
42.940000 3.782825 1843.843600 1.000000 2.000000 202.000000 44.000000 5.000000 11.000000 11.000000
31.050000 3.467297 964.102500 1.000000 5.000000 212.000000 54.000000 6.000000 1.000000 15.000000
52.700000 3.983413 2777.290000 1.000000 2.000000 68.000000 63.000000 6.000000 5.000000 5.000000
101.640000 4.631228 10330.689600 1.000000 7.000000 167.000000 39.000000 5.000000 5.000000 13.000000
143.140000 4.970785 20489.059600 0.000000 8.000000 5.000000 50.000000 4.000000 4.000000 26.000000
35.410000 3.594843 1253.868100 1.000000 3.000000 89.000000 57.000000 1.000000 7.000000 25.000000
312.900000 5.749074 97906.410000 0.000000 8.000000 170.000000 53.000000 4.000000 9.000000 15.000000
31.820000 3.491038 1012.512400 2.000000 4.000000 50.000000 54.000000 0.000000 6.000000 26.000000
5.000000 1.791759 25.000000 4.000000 7.000000 192.000000 63.000000 0.000000 9.000000 18.000000
7.520000 2.142416 56.550400 0.000000 4.000000 205.000000 53.000000 6.000000 4.000000 2.000000
61.320000 4.132282 3760.142400 3.000000 1.000000 70.000000 62.000000 6.000000 2.000000 25.000000
295.370000 5.691609 87243.436900 1.000000 4.000000 27.000000 56.000000 0.000000 3.000000 11.000000
47.710000 3.885884 2276.244100 4.000000 6.000000 28.000000 59.000000 6.000000 3.000000 3.000000
19.830000 3.036394 393.228900 1.000000 7.000000 107.000000 64.000000 3.000000 7.000000 25.000000
17.660000 2.926382 311.875600 0.000000 5.000000 242.000000 54.000000 6.000000 6.000000 16.000000
66.290000 4.209012 4394.364100 0.000000 5.000000 41.000000 55.000000 6.000000 1.000000 1.000000
5.000000 1.791759 25.000000 2.000000 5.000000 199.000000 54.000000 4.000000 10.000000 4.000000
7.880000 2.183802 62.094400 2.000000 2.000000 90.000000 38.000000 5.000000 12.000000 2.000000
58.050000 4.078385 3369.802500 4.000000 6.000000 235.000000 61.000000 5.000000 4.000000 29.000000
86.470000 4.471296 7477.060900 2.000000 5.000000 307.000000 59.000000 3.000000 11.000000 7.000000
50.690000 3.945264 2569.476100 1.000000 7.000000 70.000000 59.000000 0.000000 7.000000 31.000000
116.890000 4.769752 13663.272100 4.000000 4.000000 170.000000 60.000000 0.000000 4.000000 22.000000
315.050000 5.755900 99256.502500 2.000000 1.000000 14.000000 56.000000 0.000000 1.000000 2.000000
193.050000 5.268116 37268.302500 0.000000 6.000000 3.000000 36.000000 3.000000 2.000000 29.000000
54.740000 4.020698 2996.467600 1.000000 8.000000 178.000000 57.000000 3.000000 5.000000 30.000000
94.330000 4.557345 8898.148900 2.000000 6.000000 231.000000 54.000000 3.000000 5.000000 16.000000
41.640000 3.752793 1733.889600 2.000000 1.000000 227.000000 47.000000 5.000000 4.000000 20.000000
12.510000 2.603430 156.500100 3.000000 6.000000 71.000000 59.000000 3.000000 8.000000 8.000000
73.140000 4.305955 5349.459600 1.000000 1.000000 170.000000 55.000000 2.000000 12.000000 4.000000
75.290000 4.334542 5668.584100 2.000000 7.000000 324.000000 51.000000 4.000000 9.000000 27.000000
5.000000 1.791759 25.000000 3.000000 2.000000 130.000000 55.000000 4.000000 10.000000 6.000000
108.160000 4.692815 11698.585600 1.000000 5.000000 151.000000 59.000000 0.000000 5.000000 15.000000
5.000000 1.791759 25.000000 4.000000 8.000000 176.000000 45.000000 3.000000 9.000000 19.000000
22.980000 3.177220 528.080400 1.000000 6.000000 229.000000 61.000000 6.000000 8.000000 18.000000
227.330000 5.430792 51678.928900 0.000000 2.000000 300.000000 52.000000 5.000000 7.000000 15.000000
102.840000 4.642851 10576.065600 4.000000 7.000000 223.000000 51.000000 2.000000 4.000000 19.000000
24.600000 3.242592 605.160000 0.000000 7.000000 197.000000 51.000000 6.000000 9.000000 17.000000
42.510000 3.772991 1807.100100 2.000000 6.000000 117.000000 59.000000 5.000000 6.000000 15.000000
95.950000 4.574195 9206.402500 4.000000 6.000000 196.000000 51.000000 6.000000 10.000000 8.000000
48.230000 3.896503 2326.132900 0.000000 5.000000 68.000000 59.000000 1.000000 5.000000 2.000000
20.520000 3.068983 421.070400 3.000000 7.000000 126.000000 50.000000 2.000000 6.000000 28.000000
157.830000 5.067834 24910.308900 3.000000 8.000000 197.000000 47.000000 4.000000 2.000000 24.000000
40.520000 3.726175 1641.870400 2.000000 3.000000 108.000000 66.000000 5.000000 12.000000 28.000000
86.920000 4.476427 7555.086400 3.000000 2.000000 223.000000 43.000000 0.000000 10.000000 9.000000
104.850000 4.662023 10993.522500 3.000000 8.000000 132.000000 52.000000 3.000000 5.000000 9.000000
19.340000 3.012589 374.035600 0.000000 7.000000 66.000000 62.000000 2.000000 1.000000 31.000000
51.130000 3.953741 2614.276900 4.000000 8.000000 191.000000 67.000000 2.000000 11.000000 6.000000
11.130000 2.495682 123.876900 4.000000 3.000000 65.000000 62.000000 1.000000 9.000000 26.000000
169.660000 5.139673 28784.515600 4.000000 1.000000 219.000000 58.000000 6.000000 6.000000 30.000000
96.370000 4.578518 9287.176900 1.000000 5.000000 119.000000 66.000000 3.000000 4.000000 25.000000
147.910000 5.003342 21877.368100 2.000000 5.000000 232.000000 58.000000 3.000000 3.000000 14.000000
45.150000 3.831897 2038.522500 2.000000 7.000000 248.000000 45.000000 5.000000 7.000000 29.000000
16.610000 2.868467 275.892100 1.000000 7.000000 179.000000 67.000000 2.000000 12.000000 27.000000
8.960000 2.298577 80.281600 1.000000 3.000000 47.000000 56.000000 6.000000 3.000000 26.000000
75.820000 4.341465 5748.672400 4.000000 7.000000 116.000000 67.000000 1.000000 4.000000 23.000000
80.890000 4.405377 6543.192100 2.000000 3.000000 49.000000 50.000000 5.000000 3.000000 2.000000
311.240000 5.743772 96870.337600 2.000000 6.000000 185.000000 57.000000 4.000000 6.000000 14.000000
103.760000 4.651672 10766.137600 0.000000 5.000000 129.000000 52.000000 3.000000 3.000000 28.000000
66.920000 4.218331 4478.286400 0.000000 2.000000 259.000000 63.000000 3.000000 11.000000 14.000000
367.830000 5.910336 135298.908900 3.000000 3.000000 280.000000 58.000000 2.000000 1.000000 31.000000
105.110000 4.664476 11048.112100 1.000000 3.000000 143.000000 66.000000 4.000000 6.000000 23.000000
55.310000 4.030872 3059.196100 4.000000 7.000000 244.000000 57.000000 0.000000 1.000000 1.000000
77.480000 4.362844 6003.150400 0.000000 0.000000 258.000000 51.000000 0.000000 8.000000 7.000000
64.830000 4.187076 4202.928900 2.000000 8.000000 192.000000 64.000000 5.000000 4.000000 1.000000
5.000000 1.791759 25.000000 2.000000 8.000000 75.000000 55.000000 2.000000 2.000000 22.000000
5.000000 1.791759 25.000000 2.000000 1.000000 128.000000 55.000000 2.000000 2.000000 15.000000
6.840000 2.059239 46.785600 3.000000 2.000000 256.000000 55.000000 1.000000 4.000000 25.000000
159.510000 5.078356 25443.440100 4.000000 3.000000 231.000000 55.000000 2.000000 9.000000 20.000000
20.830000 3.083285 433.888900 4.000000 1.000000 177.000000 46.000000 1.000000 9.000000 17.000000
112.640000 4.733036 12687.769600 2.000000 5.000000 133.000000 63.000000 5.000000 10.000000 12.000000
45.130000 3.831463 2036.716900 3.000000 8.000000 304.000000 51.000000 0.000000 7.000000 10.000000
25.940000 3.293612 672.883600 0.000000 8.000000 53.000000 50.000000 1.000000 1.000000 16.000000
134.850000 4.911551 18184.522500 1.000000 0.000000 58.000000 44.000000 6.000000 1.000000 22.000000
79.130000 4.383650 6261.556900 3.000000 4.000000 295.000000 44.000000 5.000000 4.000000 20.000000
47.170000 3.874736 2225.008900 2.000000 5.000000 79.000000 56.000000 3.000000 8.000000 29.000000
13.150000 2.649715 172.922500 1.000000 3.000000 75.000000 59.000000 3.000000 7.000000 11.000000
74.080000 4.318554 5487.846400 2.000000 1.000000 107.000000 65.000000 3.000000 1.000000 11.000000
314.610000 5.754507 98979.452100 0.000000 4.000000 102.000000 63.000000 5.000000 5.000000 27.000000
190.800000 5.256453 36404.640000 3.000000 4.000000 322.000000 65.000000 2.000000 12.000000 27.000000
462.910000 6.139691 214285.668100 0.000000 3.000000 282.000000 46.000000 6.000000 11.000000 17.000000
48.210000 3.896097 2324.204100 3.000000 2.000000 265.000000 63.000000 4.000000 8.000000 11.000000
151.900000 5.029784 23073.610000 3.000000 6.000000 139.000000 52.000000 6.000000 3.000000 3.000000
122.190000 4.813728 14930.396100 2.000000 8.000000 132.000000 52.000000 3.000000 6.000000 29.000000
67.910000 4.232801 4611.768100 1.000000 5.000000 134.000000 51.000000 0.000000 3.000000 4.000000
69.740000 4.259011 4863.667600 3.000000 1.000000 223.000000 43.000000 4.000000 9.000000 6.000000
240.630000 5.487408 57902.796900 4.000000 4.000000 149.000000 65.000000 4.000000 3.000000 17.000000
64.410000 4.180675 4148.648100 2.000000 6.000000 147.000000 64.000000 0.000000 10.000000 7.000000
5.000000 1.791759 25.000000 4.000000 3.000000 136.000000 55.000000 5.000000 10.000000 12.000000
55.930000 4.041822 3128.164900 1.000000 5.000000 162.000000 51.000000 6.000000 5.000000 28.000000
41.650000 3.753027 1734.722500 0.000000 2.000000 78.000000 51.000000 0.000000 2.000000 27.000000
5.000000 1.791759 25.000000 0.000000 5.000000 100.000000 62.000000 3.000000 3.000000 23.000000
87.810000 4.486499 7710.596100 0.000000 1.000000 236.000000 57.000000 1.000000 12.000000 17.000000
33.780000 3.549043 1141.088400 2.000000 3.000000 295.000000 48.000000 6.000000 3.000000 26.000000
53.900000 4.005513 2905.210000 3.000000 5.000000 58.000000 49.000000 0.000000 9.000000 4.000000
32.800000 3.520461 1075.840000 4.000000 1.000000 79.000000 63.000000 4.000000 5.000000 10.000000
23.240000 3.188004 540.097600 1.000000 1.000000 154.000000 66.000000 1.000000 5.000000 30.000000
96.580000 4.580673 9327.696400 0.000000 1.000000 133.000000 62.000000 6.000000 1.000000 15.000000
40.430000 3.724005 1634.584900 2.000000 6.000000 78.000000 63.000000 1.000000 4.000000 25.000000
274.610000 5.618987 75410.652100 0.000000 4.000000 277.000000 57.000000 0.000000 7.000000 17.000000
46.570000 3.862202 2168.764900 2.000000 0.000000 339.000000 52.000000 6.000000 12.000000 10.000000
61.110000 4.128907 3734.432100 0.000000 1.000000 7.000000 49.000000 6.000000 5.000000 7.000000
79.530000 4.388630 6325.020900 0.000000 5.000000 139.000000 59.000000 4.000000 5.000000 5.000000
30.900000 3.462606 954.810000 2.000000 5.000000 84.000000 63.000000 4.000000 5.000000 24.000000
42.680000 3.776890 1821.582400 1.000000 5.000000 60.000000 58.000000 4.000000 12.000000 6.000000
47.450000 3.880532 2251.502500 4.000000 3.000000 104.000000 59.000000 0.000000 7.000000 10.000000
45.840000 3.846738 2101.305600 4.000000 7.000000 189.000000 71.000000 4.000000 6.000000 23.000000
85.130000 4.455858 7247.116900 1.000000 7.000000 277.000000 59.000000 2.000000 1.000000 11.000000
5.000000 1.791759 25.000000 2.000000 8.000000 308.000000 66.000000 2.000000 10.000000 11.000000
28.470000 3.383373 810.540900 0.000000 0.000000 114.000000 64.000000 0.000000 11.000000 6.000000
118.180000 4.780635 13966.512400 3.000000 8.000000 240.000000 62.000000 4.000000 2.000000 3.000000
6.230000 1.978239 38.812900 0.000000 1.000000 250.000000 45.000000 2.000000 1.000000 4.000000
50.910000 3.949511 2591.828100 2.000000 8.000000 75.000000 56.000000 5.000000 12.000000 14.000000
193.910000 5.272538 37601.088100 2.000000 0.000000 310.000000 60.000000 4.000000 9.000000 1.000000
17.800000 2.933857 316.840000 4.000000 8.000000 72.000000 63.000000 6.000000 4.000000 23.000000
107.690000 4.688500 11597.136100 4.000000 2.000000 267.000000 52.000000 2.000000 7.000000 17.000000
63.940000 4.173464 4088.323600 1.000000 2.000000 161.000000 52.000000 0.000000 4.000000 17.000000
72.820000 4.301630 5302.752400 4.000000 6.000000 239.000000 60.000000 6.000000 3.000000 26.000000
19.890000 3.039271 395.612100 0.000000 0.000000 132.000000 51.000000 5.000000 1.000000 14.000000
60.900000 4.125520 3708.810000 1.000000 5.000000 103.000000 59.000000 4.000000 4.000000 19.000000
35.950000 3.609566 1292.402500 2.000000 2.000000 26.000000 47.000000 5.000000 3.000000 4.000000
70.750000 4.273188 5005.562500 2.000000 6.000000 135.000000 62.000000 3.000000 3.000000 30.000000
40.570000 3.727379 1645.924900 4.000000 1.000000 319.000000 60.000000 5.000000 12.000000 28.000000
44.510000 3.817932 1981.140100 1.000000 5.000000 162.000000 48.000000 4.000000 8.000000 25.000000
22.530000 3.158276 507.600900 2.000000 8.000000 267.000000 63.000000 6.000000 10.000000 13.000000
92.520000 4.538175 8559.950400 1.000000 7.000000 128.000000 63.000000 5.000000 12.000000 9.000000
60.050000 4.111693 3606.002500 2.000000 7.000000 251.000000 49.000000 1.000000 7.000000 23.000000
477.590000 6.170844 228092.208100 4.000000 1.000000 292.000000 57.000000 6.000000 10.000000 8.000000
146.090000 4.991045 21342.288100 1.000000 2.000000 33.000000 49.000000 3.000000 6.000000 13.000000
155.200000 5.051137 24087.040000 2.000000 5.000000 231.000000 62.000000 5.000000 5.000000 13.000000
15.820000 2.822569 250.272400 3.000000 7.000000 226.000000 50.000000 2.000000 8.000000 16.000000
78.030000 4.369828 6088.680900 1.000000 1.000000 66.000000 59.000000 5.000000 3.000000 16.000000
31.120000 3.469479 968.454400 4.000000 6.000000 80.000000 56.000000 4.000000 2.000000 10.000000
82.990000 4.430698 6887.340100 2.000000 2.000000 153.000000 64.000000 6.000000 1.000000 21.000000
285.310000 5.657075 81401.796100 3.000000 5.000000 24.000000 49.000000 6.000000 12.000000 15.000000
136.720000 4.925223 18692.358400 1.000000 2.000000 1.000000 45.000000 4.000000 5.000000 5.000000
140.080000 4.949327 19622.406400 3.000000 3.000000 97.000000 60.000000 6.000000 6.000000 18.000000
30.630000 3.454106 938.196900 4.000000 5.000000 237.000000 54.000000 2.000000 1.000000 31.000000
292.040000 5.680309 85287.361600 0.000000 5.000000 148.000000 65.000000 4.000000 9.000000 20.000000
35.200000 3.589059 1239.040000 1.000000 1.000000 117.000000 67.000000 2.000000 8.000000 16.000000
655.300000 6.486618 429418.090000 1.000000 4.000000 279.000000 58.000000 3.000000 4.000000 25.000000
38.040000 3.664587 1447.041600 2.000000 5.000000 165.000000 40.000000 6.000000 7.000000 2.000000
30.970000 3.464798 959.140900 2.000000 4.000000 74.000000 51.000000 5.000000 12.000000 23.000000
47.890000 3.889573 2293.452100 4.000000 8.000000 76.000000 51.000000 2.000000 2.000000 21.000000
16.970000 2.888704 287.980900 0.000000 1.000000 321.000000 59.000000 1.000000 5.000000 30.000000
23.030000 3.179303 530.380900 4.000000 2.000000 81.000000 59.000000 0.000000 5.000000 8.000000
100.250000 4.617593 10050.062500 4.000000 3.000000 41.000000 49.000000 3.000000 4.000000 4.000000
166.550000 5.121282 27738.902500 3.000000 3.000000 38.000000 57.000000 6.000000 6.000000 25.000000
82.990000 4.430698 6887.340100 4.000000 4.000000 134.000000 59.000000 6.000000 8.000000 6.000000
80.340000 4.398638 6454.515600 0.000000 8.000000 263.000000 59.000000 0.000000 6.000000 24.000000
194.680000 5.276481 37900.302400 0.000000 5.000000 150.000000 59.000000 5.000000 7.000000 1.000000
205.120000 5.328459 42074.214400 4.000000 7.000000 8.000000 51.000000 2.000000 3.000000 22.000000
37.940000 3.662022 1439.443600 2.000000 4.000000 268.000000 59.000000 6.000000 3.000000 31.000000
49.240000 3.916812 2424.577600 3.000000 7.000000 338.000000 57.000000 4.000000 6.000000 28.000000
11.900000 2.557227 141.610000 0.000000 2.000000 50.000000 55.000000 6.000000 6.000000 18.000000
193.710000 5.271511 37523.564100 2.000000 1.000000 46.000000 45.000000 5.000000 2.000000 10.000000
67.170000 4.222005 4511.808900 1.000000 6.000000 336.000000 45.000000 2.000000 12.000000 6.000000
49.110000 3.914221 2411.792100 1.000000 4.000000 121.000000 66.000000 0.000000 4.000000 17.000000
17.900000 2.939162 320.410000 3.000000 3.000000 104.000000 71.000000 0.000000 7.000000 24.000000
67.760000 4.230622 4591.417600 2.000000 0.000000 133.000000 59.000000 1.000000 3.000000 7.000000
54.390000 4.014399 2958.272100 1.000000 0.000000 203.000000 62.000000 0.000000 3.000000 4.000000
76.880000 4.355169 5910.534400 1.000000 6.000000 177.000000 49.000000 4.000000 7.000000 19.000000
39.030000 3.689629 1523.340900 3.000000 1.000000 330.000000 60.000000 6.000000 5.000000 7.000000
26.660000 3.319987 710.755600 1.000000 3.000000 79.000000 63.000000 0.000000 9.000000 30.000000
53.210000 3.992865 2831.304100 1.000000 8.000000 3.000000 43.000000 3.000000 3.000000 9.000000
72.370000 4.295515 5237.416900 1.000000 0.000000 332.000000 44.000000 6.000000 5.000000 21.000000
55.700000 4.037774 3102.490000 1.000000 4.000000 72.000000 51.000000 6.000000 3.000000 26.000000
82.000000 4.418841 6724.000000 4.000000 4.000000 255.000000 41.000000 2.000000 1.000000 24.000000
66.390000 4.210497 4407.632100 4.000000 5.000000 257.000000 46.000000 5.000000 6.000000 15.000000
35.740000 3.603866 1277.347600 1.000000 3.000000 60.000000 52.000000 0.000000 5.000000 20.000000
5.000000 1.791759 25.000000 3.000000 3.000000 268.000000 62.000000 0.000000 6.000000 26.000000
26.960000 3.330775 726.841600 1.000000 5.000000 338.000000 52.000000 1.000000 12.000000 31.000000
32.560000 3.513335 1060.153600 2.000000 5.000000 74.000000 59.000000 4.000000 10.000000 13.000000
266.000000 5.587249 70756.000000 1.000000 1.000000 293.000000 46.000000 6.000000 12.000000 8.000000
143.540000 4.973556 20603.731600 4.000000 7.000000 164.000000 58.000000 1.000000 5.000000 23.000000
65.220000 4.192983 4253.648400 4.000000 7.000000 91.000000 59.000000 2.000000 1.000000 4.000000
41.540000 3.750445 1725.571600 2.000000 4.000000 107.000000 66.000000 5.000000 1.000000 13.000000
40.490000 3.725452 1639.440100 0.000000 5.000000 35.000000 48.000000 3.000000 4.000000 20.000000
5.000000 1.791759 25.000000 1.000000 5.000000 69.000000 62.000000 0.000000 12.000000 18.000000
136.340000 4.922460 18588.595600 1.000000 6.000000 5.000000 49.000000 4.000000 7.000000 21.000000
38.100000 3.666122 1451.610000 4.000000 5.000000 165.000000 47.000000 4.000000 6.000000 30.000000
29.100000 3.404525 846.810000 0.000000 5.000000 326.000000 67.000000 0.000000 1.000000 30.000000
58.280000 4.082272 3396.558400 1.000000 7.000000 164.000000 57.000000 2.000000 4.000000 10.000000
23.780000 3.210037 565.488400 3.000000 4.000000 62.000000 55.000000 6.000000 5.000000 12.000000
81.530000 4.413162 6647.140900 2.000000 0.000000 111.000000 70.000000 4.000000 2.000000 3.000000
51.650000 3.963666 2667.722500 3.000000 5.000000 69.000000 51.000000 0.000000 5.000000 20.000000
156.100000 5.056883 24367.210000 4.000000 1.000000 170.000000 59.000000 1.000000 6.000000 20.000000
26.130000 3.300640 682.776900 2.000000 7.000000 217.000000 56.000000 0.000000 9.000000 2.000000
179.390000 5.195121 32180.772100 3.000000 2.000000 157.000000 59.000000 4.000000 4.000000 7.000000
32.000000 3.496508 1024.000000 0.000000 6.000000 238.000000 60.000000 4.000000 9.000000 6.000000
31.660000 3.486151 1002.355600 2.000000 4.000000 121.000000 67.000000 5.000000 1.000000 27.000000
161.550000 5.090986 26098.402500 4.000000 5.000000 258.000000 44.000000 3.000000 2.000000 2.000000
61.390000 4.133405 3768.732100 3.000000 3.000000 228.000000 37.000000 2.000000 2.000000 15.000000
14.830000 2.761907 219.928900 1.000000 8.000000 103.000000 63.000000 3.000000 3.000000 14.000000
291.110000 5.677130 84745.032100 1.000000 4.000000 231.000000 59.000000 4.000000 9.000000 6.000000
40.500000 3.725693 1640.250000 3.000000 4.000000 259.000000 59.000000 6.000000 8.000000 6.000000
55.650000 4.036892 3096.922500 2.000000 5.000000 336.000000 45.000000 4.000000 7.000000 19.000000
5.000000 1.791759 25.000000 3.000000 5.000000 104.000000 63.000000 2.000000 5.000000 24.000000
32.800000 3.520461 1075.840000 4.000000 0.000000 129.000000 62.000000 1.000000 5.000000 21.000000
115.190000 4.755227 13268.736100 0.000000 8.000000 161.000000 50.000000 6.000000 5.000000 21.000000
201.380000 5.310147 40553.904400 2.000000 3.000000 39.000000 56.000000 1.000000 1.000000 16.000000
90.320000 4.514370 8157.702400 3.000000 4.000000 149.000000 58.000000 6.000000 9.000000 24.000000
5.000000 1.791759 25.000000 0.000000 5.000000 110.000000 66.000000 1.000000 6.000000 27.000000
211.350000 5.358236 44668.822500 3.000000 5.000000 17.000000 55.000000 0.000000 6.000000 19.000000
81.980000 4.418600 6720.720400 2.000000 5.000000 251.000000 41.000000 1.000000 7.000000 9.000000
108.470000 4.695651 11765.740900 2.000000 7.000000 32.000000 56.000000 4.000000 12.000000 27.000000
32.130000 3.500439 1032.336900 2.000000 5.000000 136.000000 56.000000 1.000000 10.000000 24.000000
131.530000 4.886809 17300.140900 1.000000 5.000000 137.000000 57.000000 3.000000 4.000000 4.000000
93.620000 4.549869 8764.704400 1.000000 4.000000 226.000000 51.000000 3.000000 4.000000 27.000000
15.910000 2.827905 253.128100 0.000000 1.000000 133.000000 51.000000 4.000000 8.000000 4.000000
17.710000 2.929058 313.644100 4.000000 3.000000 191.000000 67.000000 5.000000 5.000000 25.000000
5.000000 1.791759 25.000000 4.000000 2.000000 226.000000 50.000000 2.000000 7.000000 10.000000
110.140000 4.710791 12130.819600 3.000000 3.000000 333.000000 43.000000 1.000000 8.000000 29.000000
32.090000 3.499231 1029.768100 3.000000 3.000000 62.000000 58.000000 5.000000 1.000000 28.000000
48.350000 3.898938 2337.722500 0.000000 0.000000 157.000000 63.000000 3.000000 4.000000 11.000000
76.120000 4.345363 5794.254400 0.000000 6.000000 136.000000 59.000000 6.000000 10.000000 29.000000
36.660000 3.628599 1343.955600 0.000000 2.000000 50.000000 48.000000 6.000000 3.000000 31.000000
10.550000 2.446685 111.302500 1.000000 5.000000 177.000000 43.000000 5.000000 11.000000 9.000000
56.980000 4.060098 3246.720400 4.000000 5.000000 253.000000 38.000000 0.000000 6.000000 26.000000
41.550000 3.750680 1726.402500 0.000000 3.000000 133.000000 56.000000 4.000000 7.000000 5.000000
60.650000 4.121473 3678.422500 1.000000 7.000000 249.000000 55.000000 3.000000 7.000000 11.000000
180.410000 5.200760 32547.768100 0.000000 6.000000 321.000000 52.000000 4.000000 6.000000 16.000000
31.380000 3.477541 984.704400 2.000000 8.000000 309.000000 63.000000 3.000000 2.000000 16.000000
9.370000 2.338917 87.796900 3.000000 1.000000 82.000000 64.000000 3.000000 12.000000 7.000000
5.000000 1.791759 25.000000 2.000000 6.000000 84.000000 55.000000 3.000000 8.000000 8.000000
226.630000 5.427722 51361.156900 4.000000 5.000000 321.000000 52.000000 6.000000 10.000000 27.000000
121.210000 4.805741 14691.864100 4.000000 7.000000 254.000000 50.000000 3.000000 10.000000 19.000000
76.410000 4.349116 5838.488100 4.000000 4.000000 254.000000 50.000000 3.000000 6.000000 29.000000
82.110000 4.420165 6742.052100 1.000000 4.000000 185.000000 64.000000 1.000000 11.000000 5.000000
140.070000 4.949256 19619.604900 4.000000 5.000000 127.000000 56.000000 6.000000 1.000000 22.000000
31.200000 3.471966 973.440000 4.000000 6.000000 71.000000 59.000000 2.000000 7.000000 24.000000
88.630000 4.495690 7855.276900 4.000000 0.000000 147.000000 67.000000 1.000000 6.000000 6.000000
122.600000 4.817051 15030.760000 4.000000 3.000000 229.000000 58.000000 0.000000 1.000000 22.000000
111.640000 4.724197 12463.489600 2.000000 3.000000 231.000000 55.000000 5.000000 3.000000 9.000000
124.550000 4.832704 15512.702500 2.000000 2.000000 335.000000 55.000000 5.000000 3.000000 4.000000
11.610000 2.534490 134.792100 2.000000 6.000000 178.000000 50.000000 2.000000 2.000000 15.000000
121.600000 4.808927 14786.560000 3.000000 6.000000 12.000000 40.000000 6.000000 3.000000 26.000000
62.860000 4.156693 3951.379600 4.000000 1.000000 339.000000 52.000000 2.000000 8.000000 30.000000
333.390000 5.812308 111148.892100 4.000000 8.000000 274.000000 51.000000 6.000000 8.000000 13.000000
85.960000 4.465448 7389.121600 1.000000 1.000000 129.000000 63.000000 4.000000 8.000000 2.000000
60.730000 4.122770 3688.132900 4.000000 8.000000 110.000000 64.000000 4.000000 11.000000 24.000000
15.390000 2.796671 236.852100 0.000000 0.000000 136.000000 51.000000 1.000000 10.000000 24.000000
460.630000 6.134764 212179.996900 2.000000 0.000000 292.000000 51.000000 0.000000 10.000000 14.000000
148.130000 5.004818 21942.496900 3.000000 4.000000 324.000000 64.000000 1.000000 2.000000 6.000000
43.310000 3.791210 1875.756100 1.000000 2.000000 220.000000 49.000000 3.000000 6.000000 15.000000
108.250000 4.693639 11718.062500 3.000000 8.000000 333.000000 54.000000 6.000000 3.000000 17.000000
63.640000 4.168833 4050.049600 4.000000 5.000000 264.000000 59.000000 1.000000 6.000000 27.000000
13.880000 2.700018 192.654400 2.000000 0.000000 183.000000 70.000000 1.000000 2.000000 14.000000
41.730000 3.754901 1741.392900 4.000000 2.000000 108.000000 71.000000 4.000000 10.000000 25.000000
53.420000 3.996732 2853.696400 3.000000 3.000000 267.000000 62.000000 1.000000 3.000000 19.000000
5.000000 1.791759 25.000000 0.000000 3.000000 130.000000 62.000000 4.000000 12.000000 29.000000
70.640000 4.271654 4990.009600 0.000000 1.000000 216.000000 65.000000 4.000000 5.000000 5.000000
66.550000 4.212868 4428.902500 3.000000 5.000000 226.000000 50.000000 0.000000 2.000000 20.000000
98.540000 4.600560 9710.131600 2.000000 4.000000 143.000000 64.000000 6.000000 11.000000 10.000000
145.840000 4.989344 21269.305600 2.000000 2.000000 1.000000 42.000000 4.000000 8.000000 25.000000
12.740000 2.620311 162.307600 3.000000 2.000000 204.000000 68.000000 6.000000 10.000000 22.000000
25.560000 3.279406 653.313600 1.000000 3.000000 82.000000 59.000000 2.000000 4.000000 26.000000
27.170000 3.338258 738.208900 4.000000 5.000000 195.000000 51.000000 3.000000 8.000000 10.000000
73.500000 4.310799 5402.250000 3.000000 5.000000 2.000000 49.000000 6.000000 3.000000 17.000000
110.830000 4.716980 12283.288900 0.000000 2.000000 133.000000 60.000000 5.000000 12.000000 2.000000
300.140000 5.707575 90084.019600 3.000000 5.000000 165.000000 48.000000 6.000000 6.000000 30.000000
75.920000 4.342766 5763.846400 3.000000 7.000000 205.000000 65.000000 1.000000 8.000000 20.000000
183.720000 5.218841 33753.038400 3.000000 3.000000 28.000000 49.000000 0.000000 12.000000 4.000000
29.630000 3.421980 877.936900 4.000000 8.000000 69.000000 59.000000 0.000000 10.000000 16.000000
73.760000 4.314283 5440.537600 0.000000 4.000000 334.000000 45.000000 4.000000 5.000000 12.000000
80.080000 4.395436 6412.806400 3.000000 3.000000 206.000000 66.000000 3.000000 12.000000 21.000000
63.490000 4.166510 4030.980100 1.000000 3.000000 217.000000 57.000000 0.000000 9.000000 16.000000
5.000000 1.791759 25.000000 2.000000 5.000000 229.000000 59.000000 2.000000 9.000000 13.000000
95.240000 4.566845 9070.657600 4.000000 3.000000 102.000000 51.000000 4.000000 4.000000 21.000000
72.620000 4.298917 5273.664400 2.000000 7.000000 120.000000 64.000000 4.000000 5.000000 24.000000
65.140000 4.191774 4243.219600 3.000000 8.000000 10.000000 45.000000 2.000000 5.000000 10.000000
56.160000 4.045854 3153.945600 3.000000 4.000000 245.000000 50.000000 4.000000 12.000000 15.000000
15.070000 2.776954 227.104900 1.000000 2.000000 86.000000 59.000000 2.000000 8.000000 9.000000
131.880000 4.889446 17392.334400 2.000000 4.000000 197.000000 44.000000 6.000000 10.000000 20.000000
5.000000 1.791759 25.000000 1.000000 4.000000 259.000000 55.000000 3.000000 9.000000 14.000000
84.790000 4.451902 7189.344100 3.000000 0.000000 133.000000 51.000000 2.000000 12.000000 11.000000
282.600000 5.647565 79862.760000 2.000000 5.000000 291.000000 46.000000 4.000000 6.000000 30.000000
53.490000 3.998017 2861.180100 1.000000 5.000000 266.000000 59.000000 5.000000 10.000000 28.000000
39.350000 3.697591 1548.422500 1.000000 1.000000 204.000000 68.000000 5.000000 11.000000 23.000000
52.950000 3.988058 2803.702500 3.000000 7.000000 77.000000 59.000000 4.000000 6.000000 30.000000
460.810000 6.135154 212345.856100 1.000000 7.000000 246.000000 47.000000 0.000000 7.000000 3.000000
12.520000 2.604170 156.750400 4.000000 2.000000 70.000000 63.000000 2.000000 1.000000 10.000000
70.370000 4.267878 4951.936900 1.000000 5.000000 129.000000 63.000000 2.000000 1.000000 31.000000
5.000000 1.791759 25.000000 2.000000 5.000000 309.000000 61.000000 1.000000 7.000000 23.000000
22.640000 3.162940 512.569600 4.000000 8.000000 266.000000 56.000000 6.000000 12.000000 22.000000
55.550000 4.035125 3085.802500 1.000000 4.000000 93.000000 62.000000 2.000000 9.000000 13.000000
122.630000 4.817293 15038.116900 1.000000 5.000000 5.000000 43.000000 4.000000 5.000000 26.000000
54.010000 4.007515 2917.080100 2.000000 5.000000 178.000000 50.000000 5.000000 10.000000 14.000000
101.030000 4.625267 10207.060900 1.000000 5.000000 113.000000 65.000000 6.000000 6.000000 16.000000
50.490000 3.941388 2549.240100 1.000000 8.000000 320.000000 56.000000 6.000000 12.000000 10.000000
145.580000 4.987571 21193.536400 3.000000 6.000000 8.000000 48.000000 3.000000 5.000000 9.000000
60.560000 4.120012 3667.513600 4.000000 5.000000 30.000000 43.000000 0.000000 12.000000 11.000000
54.560000 4.017464 2976.793600 3.000000 3.000000 50.000000 55.000000 1.000000 1.000000 3.000000
63.240000 4.162626 3999.297600 4.000000 6.000000 7.000000 43.000000 3.000000 6.000000 6.000000
134.400000 4.908233 18063.360000 4.000000 2.000000 201.000000 56.000000 1.000000 3.000000 7.000000
93.870000 4.552508 8811.576900 2.000000 0.000000 135.000000 62.000000 2.000000 4.000000 12.000000
340.680000 5.833875 116062.862400 3.000000 2.000000 294.000000 49.000000 3.000000 1.000000 25.000000
34.120000 3.558771 1164.174400 4.000000 5.000000 207.000000 65.000000 6.000000 4.000000 14.000000
48.190000 3.895690 2322.276100 4.000000 3.000000 5.000000 49.000000 6.000000 6.000000 16.000000
51.100000 3.953165 2611.210000 0.000000 5.000000 74.000000 59.000000 0.000000 7.000000 1.000000
114.690000 4.750914 13153.796100 3.000000 5.000000 136.000000 57.000000 2.000000 9.000000 20.000000
57.460000 4.068343 3301.651600 0.000000 0.000000 30.000000 58.000000 2.000000 4.000000 3.000000
9.420000 2.343727 88.736400 4.000000 1.000000 75.000000 61.000000 3.000000 12.000000 21.000000
73.920000 4.316421 5464.166400 0.000000 2.000000 300.000000 51.000000 2.000000 6.000000 7.000000
155.960000 5.055991 24323.521600 4.000000 2.000000 244.000000 61.000000 6.000000 1.000000 21.000000
91.170000 4.523635 8311.968900 0.000000 6.000000 135.000000 62.000000 6.000000 5.000000 21.000000
38.840000 3.684871 1508.545600 0.000000 3.000000 198.000000 67.000000 1.000000 5.000000 30.000000
92.350000 4.536356 8528.522500 1.000000 3.000000 137.000000 62.000000 6.000000 2.000000 26.000000
99.060000 4.605770 9812.883600 1.000000 8.000000 134.000000 51.000000 0.000000 10.000000 9.000000
61.770000 4.139477 3815.532900 4.000000 4.000000 58.000000 49.000000 1.000000 5.000000 23.000000
74.270000 4.321082 5516.032900 3.000000 6.000000 285.000000 45.000000 6.000000 3.000000 10.000000
201.300000 5.309752 40521.690000 1.000000 8.000000 320.000000 63.000000 0.000000 12.000000 23.000000
94.960000 4.563931 9017.401600 1.000000 1.000000 134.000000 63.000000 2.000000 2.000000 21.000000
17.300000 2.906901 299.290000 4.000000 5.000000 80.000000 56.000000 2.000000 1.000000 3.000000
5.000000 1.791759 25.000000 4.000000 8.000000 86.000000 58.000000 2.000000 9.000000 18.000000
42.580000 3.774598 1813.056400 3.000000 5.000000 108.000000 71.000000 6.000000 9.000000 8.000000
485.650000 6.187545 235855.922500 0.000000 8.000000 173.000000 54.000000 1.000000 10.000000 1.000000
49.590000 3.923754 2459.168100 2.000000 2.000000 75.000000 66.000000 0.000000 12.000000 2.000000
63.670000 4.169297 4053.868900 4.000000 6.000000 59.000000 51.000000 1.000000 11.000000 7.000000
43.090000 3.786233 1856.748100 4.000000 5.000000 262.000000 56.000000 2.000000 12.000000 18.000000
37.040000 3.638638 1371.961600 0.000000 6.000000 85.000000 51.000000 4.000000 11.000000 15.000000
5.000000 1.791759 25.000000 2.000000 8.000000 83.000000 50.000000 1.000000 9.000000 3.000000
83.960000 4.442181 7049.281600 2.000000 0.000000 77.000000 51.000000 6.000000 2.000000 25.000000
40.590000 3.727860 1647.548100 3.000000 7.000000 264.000000 63.000000 2.000000 7.000000 12.000000
31.520000 3.481855 993.510400 3.000000 8.000000 117.000000 64.000000 4.000000 2.000000 23.000000
193.890000 5.272435 37593.332100 2.000000 8.000000 333.000000 43.000000 1.000000 8.000000 20.000000
60.410000 4.117573 3649.368100 2.000000 7.000000 135.000000 59.000000 2.000000 3.000000 13.000000
50.050000 3.932806 2505.002500 0.000000 0.000000 314.000000 59.000000 1.000000 10.000000 3.000000
293.520000 5.685347 86153.990400 4.000000 2.000000 6.000000 52.000000 3.000000 6.000000 27.000000
17.780000 2.932792 316.128400 4.000000 2.000000 66.000000 62.000000 4.000000 12.000000 13.000000
22.570000 3.159975 509.404900 1.000000 7.000000 212.000000 65.000000 2.000000 5.000000 8.000000
134.240000 4.907051 18020.377600 4.000000 1.000000 157.000000 54.000000 6.000000 3.000000 12.000000
23.650000 3.204777 559.322500 2.000000 8.000000 113.000000 71.000000 0.000000 4.000000 22.000000
180.650000 5.202082 32634.422500 3.000000 2.000000 322.000000 52.000000 2.000000 8.000000 14.000000
47.540000 3.882388 2260.051600 2.000000 0.000000 214.000000 69.000000 4.000000 7.000000 5.000000
31.090000 3.468544 966.588100 1.000000 4.000000 68.000000 63.000000 4.000000 9.000000 29.000000
38.740000 3.682358 1500.787600 1.000000 0.000000 198.000000 55.000000 2.000000 12.000000 25.000000
23.120000 3.183041 534.534400 3.000000 0.000000 220.000000 46.000000 5.000000 3.000000 4.000000
75.680000 4.339641 5727.462400 0.000000 2.000000 133.000000 63.000000 5.000000 8.000000 12.000000
171.840000 5.152366 29528.985600 0.000000 5.000000 163.000000 44.000000 1.000000 7.000000 18.000000
5.000000 1.791759 25.000000 4.000000 3.000000 219.000000 56.000000 0.000000 6.000000 3.000000
144.550000 4.980520 20894.702500 0.000000 3.000000 4.000000 37.000000 1.000000 3.000000 14.000000
20.680000 3.076390 427.662400 2.000000 2.000000 84.000000 56.000000 3.000000 6.000000 29.000000
38.760000 3.682861 1502.337600 4.000000 0.000000 130.000000 51.000000 2.000000 4.000000 12.000000
119.250000 4.789573 14220.562500 0.000000 0.000000 31.000000 59.000000 3.000000 2.000000 8.000000
65.180000 4.192378 4248.432400 4.000000 7.000000 114.000000 71.000000 6.000000 7.000000 28.000000
138.830000 4.940427 19273.768900 3.000000 4.000000 243.000000 63.000000 4.000000 7.000000 7.000000
164.990000 5.111928 27221.700100 0.000000 4.000000 139.000000 52.000000 6.000000 6.000000 25.000000
178.100000 5.187944 31719.610000 2.000000 5.000000 326.000000 64.000000 4.000000 6.000000 2.000000
37.600000 3.653252 1413.760000 0.000000 2.000000 256.000000 56.000000 2.000000 10.000000 18.000000
123.920000 4.827674 15356.166400 2.000000 2.000000 6.000000 52.000000 3.000000 12.000000 26.000000
57.320000 4.065945 3285.582400 1.000000 8.000000 176.000000 53.000000 0.000000 2.000000 19.000000
112.320000 4.730216 12615.782400 0.000000 1.000000 325.000000 60.000000 5.000000 3.000000 4.000000
43.390000 3.793014 1882.692100 3.000000 5.000000 171.000000 44.000000 1.000000 8.000000 6.000000
121.160000 4.805332 14679.745600 0.000000 2.000000 334.000000 42.000000 1.000000 2.000000 27.000000
5.000000 1.791759 25.000000 1.000000 2.000000 275.000000 49.000000 6.000000 6.000000 18.000000
23.900000 3.214868 571.210000 0.000000 3.000000 90.000000 44.000000 3.000000 5.000000 30.000000
74.090000 4.318687 5489.328100 3.000000 7.000000 43.000000 51.000000 1.000000 1.000000 30.000000
107.470000 4.686474 11549.800900 0.000000 2.000000 310.000000 57.000000 4.000000 10.000000 6.000000
72.380000 4.295651 5238.864400 3.000000 0.000000 310.000000 63.000000 2.000000 8.000000 16.000000
23.710000 3.207208 562.164100 2.000000 8.000000 169.000000 63.000000 1.000000 9.000000 17.000000
90.120000 4.512177 8121.614400 1.000000 5.000000 52.000000 56.000000 0.000000 1.000000 30.000000
26.830000 3.326115 719.848900 0.000000 5.000000 80.000000 63.000000 6.000000 7.000000 14.000000
68.000000 4.234107 4624.000000 1.000000 5.000000 89.000000 46.000000 4.000000 3.000000 10.000000
40.850000 3.734092 1668.722500 4.000000 1.000000 47.000000 60.000000 6.000000 9.000000 8.000000
320.130000 5.771846 102483.216900 3.000000 7.000000 284.000000 51.000000 5.000000 9.000000 9.000000
299.850000 5.706612 89910.022500 3.000000 6.000000 273.000000 46.000000 5.000000 1.000000 28.000000
123.240000 4.822215 15188.097600 0.000000 8.000000 128.000000 63.000000 2.000000 5.000000 10.000000
15.970000 2.831447 255.040900 4.000000 0.000000 72.000000 59.000000 6.000000 5.000000 7.000000
396.620000 5.985497 157307.424400 2.000000 5.000000 174.000000 50.000000 2.000000 8.000000 23.000000
163.770000 5.104551 26820.612900 0.000000 7.000000 282.000000 59.000000 5.000000 9.000000 14.000000
5.000000 1.791759 25.000000 2.000000 7.000000 82.000000 58.000000 5.000000 12.000000 16.000000
15.470000 2.801541 239.320900 0.000000 0.000000 217.000000 56.000000 1.000000 8.000000 8.000000
113.690000 4.742233 12925.416100 2.000000 5.000000 133.000000 57.000000 3.000000 6.000000 29.000000
151.750000 5.028803 23028.062500 1.000000 5.000000 153.000000 65.000000 5.000000 3.000000 2.000000
338.790000 5.828328 114778.664100 1.000000 6.000000 300.000000 57.000000 4.000000 12.000000 8.000000
24.960000 3.256557 623.001600 0.000000 0.000000 78.000000 59.000000 5.000000 3.000000 18.000000
17.180000 2.900322 295.152400 4.000000 6.000000 80.000000 59.000000 2.000000 3.000000 8.000000
12.960000 2.636196 167.961600 1.000000 8.000000 133.000000 62.000000 2.000000 11.000000 1.000000
21.150000 3.097837 447.322500 4.000000 7.000000 325.000000 55.000000 0.000000 4.000000 22.000000
98.230000 4.597440 9649.132900 2.000000 3.000000 138.000000 56.000000 3.000000 4.000000 18.000000
87.920000 4.487737 7729.926400 4.000000 5.000000 153.000000 64.000000 0.000000 1.000000 23.000000
88.580000 4.495132 7846.416400 3.000000 0.000000 131.000000 56.000000 4.000000 11.000000 8.000000
126.660000 4.849370 16042.755600 3.000000 2.000000 8.000000 55.000000 6.000000 12.000000 29.000000
5.000000 1.791759 25.000000 3.000000 5.000000 21.000000 47.000000 0.000000 11.000000 4.000000
44.920000 3.826901 2017.806400 0.000000 0.000000 131.000000 62.000000 0.000000 12.000000 11.000000
70.200000 4.265493 4928.040000 4.000000 5.000000 243.000000 61.000000 6.000000 5.000000 14.000000
61.260000 4.131319 3752.787600 3.000000 5.000000 261.000000 62.000000 2.000000 11.000000 29.000000
18.240000 2.956991 332.697600 4.000000 6.000000 117.000000 71.000000 5.000000 9.000000 2.000000
26.790000 3.324676 717.704100 2.000000 4.000000 87.000000 62.000000 5.000000 2.000000 10.000000
19.330000 3.012098 373.648900 4.000000 1.000000 6.000000 57.000000 4.000000 6.000000 21.000000
51.710000 3.964805 2673.924100 4.000000 4.000000 202.000000 52.000000 2.000000 9.000000 4.000000
5.670000 1.897620 32.148900 4.000000 7.000000 4.000000 40.000000 2.000000 11.000000 27.000000
11.870000 2.554899 140.896900 4.000000 4.000000 265.000000 62.000000 0.000000 9.000000 18.000000
77.250000 4.359909 5967.562500 1.000000 0.000000 116.000000 67.000000 6.000000 1.000000 8.000000
31.050000 3.467297 964.102500 4.000000 2.000000 249.000000 54.000000 5.000000 11.000000 23.000000
51.450000 3.959860 2647.102500 0.000000 5.000000 139.000000 56.000000 1.000000 11.000000 7.000000
24.440000 3.236323 597.313600 2.000000 7.000000 125.000000 57.000000 6.000000 11.000000 12.000000
53.320000 3.994892 2843.022400 4.000000 0.000000 267.000000 62.000000 3.000000 3.000000 28.000000
271.990000 5.609435 73978.560100 1.000000 6.000000 48.000000 46.000000 0.000000 7.000000 3.000000
17.870000 2.937573 319.336900 0.000000 6.000000 68.000000 51.000000 4.000000 4.000000 26.000000
295.170000 5.690934 87125.328900 1.000000 3.000000 184.000000 64.000000 4.000000 5.000000 19.000000
273.640000 5.615461 74878.849600 4.000000 5.000000 277.000000 58.000000 6.000000 8.000000 11.000000
199.610000 5.301363 39844.152100 1.000000 3.000000 294.000000 53.000000 6.000000 1.000000 22.000000
168.830000 5.134798 28503.568900 2.000000 3.000000 8.000000 54.000000 5.000000 6.000000 3.000000
116.330000 4.764990 13532.668900 2.000000 5.000000 182.000000 72.000000 6.000000 10.000000 29.000000
298.370000 5.701680 89024.656900 1.000000 5.000000 246.000000 50.000000 6.000000 9.000000 17.000000
52.520000 3.980055 2758.350400 3.000000 5.000000 240.000000 61.000000 3.000000 9.000000 21.000000
261.450000 5.570061 68356.102500 3.000000 6.000000 12.000000 45.000000 6.000000 6.000000 30.000000
66.050000 4.205439 4362.602500 2.000000 3.000000 333.000000 50.000000 3.000000 3.000000 28.000000
19.890000 3.039271 395.612100 1.000000 1.000000 215.000000 65.000000 0.000000 3.000000 27.000000
5.000000 1.791759 25.000000 2.000000 6.000000 244.000000 48.000000 1.000000 11.000000 12.000000
90.200000 4.513055 8136.040000 0.000000 0.000000 152.000000 52.000000 4.000000 1.000000 13.000000
72.120000 4.292102 5201.294400 3.000000 1.000000 240.000000 57.000000 2.000000 3.000000 20.000000
15.960000 2.830858 254.721600 1.000000 4.000000 255.000000 42.000000 3.000000 10.000000 31.000000
69.450000 4.254903 4823.302500 4.000000 1.000000 225.000000 49.000000 2.000000 10.000000 9.000000
39.810000 3.708927 1584.836100 1.000000 6.000000 253.000000 49.000000 3.000000 4.000000 4.000000
5.000000 1.791759 25.000000 2.000000 7.000000 339.000000 47.000000 1.000000 11.000000 5.000000
79.770000 4.391606 6363.252900 4.000000 6.000000 130.000000 51.000000 0.000000 2.000000 13.000000
61.530000 4.135646 3785.940900 2.000000 2.000000 0.000000 56.000000 4.000000 9.000000 22.000000
29.090000 3.404193 846.228100 4.000000 5.000000 121.000000 64.000000 5.000000 4.000000 20.000000
35.140000 3.587400 1234.819600 1.000000 1.000000 124.000000 57.000000 3.000000 9.000000 5.000000
159.790000 5.080099 25532.844100 3.000000 3.000000 55.000000 45.000000 0.000000 6.000000 24.000000
199.960000 5.303106 39984.001600 3.000000 5.000000 27.000000 49.000000 6.000000 3.000000 17.000000
29.710000 3.424588 882.684100 0.000000 1.000000 0.000000 59.000000 1.000000 8.000000 15.000000
232.750000 5.454252 54172.562500 0.000000 4.000000 145.000000 54.000000 0.000000 3.000000 4.000000
26.970000 3.331133 727.380900 0.000000 3.000000 251.000000 52.000000 6.000000 9.000000 15.000000
130.550000 4.879387 17043.302500 4.000000 8.000000 85.000000 62.000000 1.000000 5.000000 30.000000
60.670000 4.121798 3680.848900 4.000000 4.000000 0.000000 44.000000 4.000000 2.000000 17.000000
69.230000 4.251776 4792.792900 0.000000 6.000000 265.000000 51.000000 0.000000 7.000000 24.000000
68.750000 4.244917 4726.562500 1.000000 5.000000 309.000000 63.000000 1.000000 6.000000 18.000000
10.960000 2.481568 120.121600 4.000000 5.000000 137.000000 51.000000 0.000000 3.000000 13.000000
14.830000 2.761907 219.928900 3.000000 8.000000 7.000000 42.000000 3.000000 9.000000 19.000000
82.620000 4.426283 6826.064400 0.000000 5.000000 121.000000 70.000000 5.000000 12.000000 2.000000
154.340000 5.045616 23820.835600 0.000000 5.000000 238.000000 55.000000 4.000000 12.000000 6.000000
29.950000 3.432373 897.002500 4.000000 7.000000 38.000000 54.000000 0.000000 8.000000 14.000000
241.170000 5.489640 58162.968900 3.000000 1.000000 321.000000 57.000000 5.000000 4.000000 13.000000
5.000000 1.791759 25.000000 4.000000 3.000000 134.000000 61.000000 5.000000 8.000000 19.000000
52.670000 3.982854 2774.128900 0.000000 4.000000 261.000000 56.000000 3.000000 1.000000 11.000000
68.110000 4.235699 4638.972100 2.000000 2.000000 128.000000 56.000000 4.000000 9.000000 8.000000
22.410000 3.153163 502.208100 0.000000 4.000000 67.000000 56.000000 6.000000 8.000000 27.000000
69.770000 4.259435 4867.852900 2.000000 4.000000 14.000000 48.000000 0.000000 2.000000 6.000000
357.740000 5.882598 127977.907600 3.000000 3.000000 35.000000 44.000000 2.000000 11.000000 6.000000
111.030000 4.718767 12327.660900 1.000000 5.000000 58.000000 47.000000 6.000000 3.000000 19.000000
5.000000 1.791759 25.000000 2.000000 3.000000 232.000000 56.000000 2.000000 10.000000 9.000000
62.480000 4.150725 3903.750400 2.000000 7.000000 10.000000 34.000000 1.000000 12.000000 31.000000
139.710000 4.946701 19518.884100 3.000000 4.000000 4.000000 42.000000 3.000000 5.000000 4.000000
92.920000 4.542443 8634.126400 0.000000 5.000000 137.000000 63.000000 5.000000 9.000000 7.000000
119.180000 4.788991 14203.872400 4.000000 7.000000 128.000000 56.000000 4.000000 7.000000 28.000000
250.730000 5.528357 62865.532900 4.000000 7.000000 243.000000 62.000000 0.000000 9.000000 25.000000
53.060000 3.990095 2815.363600 4.000000 7.000000 198.000000 67.000000 5.000000 11.000000 2.000000
72.530000 4.297693 5260.600900 2.000000 5.000000 4.000000 47.000000 3.000000 8.000000 29.000000
86.650000 4.473352 7508.222500 4.000000 3.000000 167.000000 38.000000 5.000000 8.000000 31.000000
136.370000 4.922678 18596.776900 0.000000 4.000000 290.000000 49.000000 0.000000 7.000000 15.000000
93.550000 4.549129 8751.602500 4.000000 3.000000 58.000000 38.000000 4.000000 8.000000 4.000000
259.220000 5.561527 67195.008400 0.000000 2.000000 28.000000 49.000000 4.000000 3.000000 31.000000
57.440000 4.068001 3299.353600 2.000000 1.000000 128.000000 56.000000 4.000000 12.000000 20.000000
64.870000 4.187683 4208.116900 3.000000 3.000000 261.000000 62.000000 0.000000 4.000000 8.000000
148.430000 5.006828 22031.464900 1.000000 0.000000 127.000000 52.000000 6.000000 7.000000 7.000000
220.480000 5.400332 48611.430400 0.000000 4.000000 39.000000 49.000000 6.000000 2.000000 18.000000
152.110000 5.031157 23137.452100 1.000000 6.000000 3.000000 48.000000 2.000000 8.000000 21.000000
157.490000 5.065691 24803.100100 0.000000 5.000000 335.000000 55.000000 2.000000 6.000000 14.000000
78.350000 4.373868 6138.722500 1.000000 6.000000 114.000000 71.000000 2.000000 3.000000 20.000000
94.940000 4.563723 9013.603600 2.000000 6.000000 4.000000 48.000000 3.000000 4.000000 20.000000
158.720000 5.073422 25192.038400 4.000000 1.000000 25.000000 44.000000 1.000000 10.000000 3.000000
79.460000 4.387760 6313.891600 0.000000 3.000000 125.000000 54.000000 2.000000 4.000000 19.000000
67.360000 4.224788 4537.369600 3.000000 7.000000 127.000000 55.000000 5.000000 1.000000 7.000000
93.930000 4.553140 8822.844900 0.000000 2.000000 138.000000 56.000000 2.000000 1.000000 10.000000
5.000000 1.791759 25.000000 1.000000 0.000000 210.000000 61.000000 5.000000 3.000000 9.000000
113.330000 4.739089 12843.688900 3.000000 6.000000 174.000000 53.000000 4.000000 3.000000 22.000000
148.410000 5.006694 22025.528100 0.000000 2.000000 134.000000 63.000000 3.000000 9.000000 7.000000
55.480000 4.033887 3078.030400 4.000000 6.000000 134.000000 51.000000 2.000000 10.000000 25.000000
5.000000 1.791759 25.000000 3.000000 3.000000 209.000000 64.000000 4.000000 4.000000 14.000000
38.340000 3.672242 1469.955600 4.000000 0.000000 305.000000 63.000000 6.000000 4.000000 14.000000
35.740000 3.603866 1277.347600 1.000000 3.000000 262.000000 62.000000 6.000000 6.000000 25.000000
129.010000 4.867611 16643.580100 4.000000 4.000000 336.000000 53.000000 2.000000 10.000000 16.000000
129.940000 4.874739 16884.403600 3.000000 4.000000 240.000000 58.000000 5.000000 9.000000 7.000000
69.500000 4.255613 4830.250000 2.000000 0.000000 138.000000 63.000000 3.000000 12.000000 21.000000
57.720000 4.072780 3331.598400 4.000000 0.000000 268.000000 62.000000 3.000000 12.000000 14.000000
14.740000 2.756205 217.267600 1.000000 3.000000 87.000000 59.000000 5.000000 10.000000 21.000000
50.040000 3.932610 2504.001600 1.000000 5.000000 266.000000 56.000000 1.000000 1.000000 9.000000
35.590000 3.599775 1266.648100 3.000000 1.000000 163.000000 35.000000 2.000000 3.000000 29.000000
90.850000 4.520157 8253.722500 1.000000 0.000000 186.000000 64.000000 1.000000 8.000000 29.000000
193.640000 5.271152 37496.449600 2.000000 8.000000 161.000000 54.000000 1.000000 9.000000 26.000000
5.550000 1.879465 30.802500 1.000000 0.000000 214.000000 67.000000 6.000000 3.000000 26.000000
143.590000 4.973902 20618.088100 2.000000 1.000000 31.000000 55.000000 5.000000 4.000000 27.000000
47.170000 3.874736 2225.008900 2.000000 2.000000 135.000000 62.000000 5.000000 2.000000 17.000000
118.790000 4.785740 14111.064100 0.000000 7.000000 335.000000 52.000000 5.000000 10.000000 28.000000
135.560000 4.916764 18376.513600 4.000000 0.000000 131.000000 60.000000 5.000000 3.000000 4.000000
178.790000 5.191790 31965.864100 4.000000 5.000000 171.000000 42.000000 4.000000 8.000000 4.000000
45.950000 3.849083 2111.402500 3.000000 8.000000 109.000000 67.000000 4.000000 1.000000 19.000000
76.860000 4.354912 5907.459600 3.000000 8.000000 231.000000 55.000000 5.000000 9.000000 28.000000
331.260000 5.805918 109733.187600 1.000000 2.000000 222.000000 48.000000 2.000000 4.000000 26.000000
35.930000 3.609024 1290.964900 3.000000 0.000000 104.000000 70.000000 0.000000 10.000000 7.000000
31.700000 3.487375 1004.890000 1.000000 0.000000 87.000000 56.000000 1.000000 7.000000 18.000000
43.320000 3.791436 1876.622400 2.000000 1.000000 224.000000 49.000000 2.000000 9.000000 27.000000
45.110000 3.831030 2034.912100 1.000000 5.000000 336.000000 53.000000 1.000000 3.000000 7.000000
20.720000 3.078233 429.318400 2.000000 7.000000 335.000000 48.000000 2.000000 6.000000 14.000000
17.410000 2.912894 303.108100 2.000000 3.000000 69.000000 56.000000 4.000000 4.000000 12.000000
37.000000 3.637586 1369.000000 4.000000 7.000000 73.000000 63.000000 6.000000 11.000000 3.000000
21.970000 3.134189 482.680900 1.000000 3.000000 73.000000 56.000000 0.000000 3.000000 27.000000
54.270000 4.012230 2945.232900 2.000000 3.000000 15.000000 58.000000 5.000000 8.000000 17.000000
107.360000 4.685459 11526.169600 0.000000 0.000000 316.000000 57.000000 6.000000 10.000000 20.000000
46.050000 3.851211 2120.602500 2.000000 7.000000 266.000000 63.000000 3.000000 7.000000 27.000000
115.030000 4.753849 13231.900900 4.000000 7.000000 296.000000 45.000000 5.000000 10.000000 21.000000
147.380000 4.999777 21720.864400 2.000000 8.000000 164.000000 62.000000 3.000000 5.000000 25.000000
63.290000 4.163404 4005.624100 1.000000 4.000000 111.000000 70.000000 0.000000 9.000000 2.000000
124.470000 4.832067 15492.780900 0.000000 6.000000 269.000000 52.000000 3.000000 2.000000 29.000000
97.110000 4.586089 9430.352100 3.000000 5.000000 308.000000 63.000000 1.000000 6.000000 13.000000
159.500000 5.078294 25440.250000 1.000000 3.000000 86.000000 51.000000 4.000000 7.000000 7.000000
23.130000 3.183456 534.996900 0.000000 0.000000 134.000000 62.000000 1.000000 5.000000 16.000000
131.100000 4.883559 17187.210000 0.000000 2.000000 238.000000 50.000000 6.000000 1.000000 7.000000
6.470000 2.010895 41.860900 0.000000 8.000000 244.000000 48.000000 1.000000 10.000000 31.000000
11.580000 2.532108 134.096400 2.000000 8.000000 131.000000 59.000000 0.000000 5.000000 6.000000
176.100000 5.176715 31011.210000 2.000000 2.000000 146.000000 65.000000 3.000000 3.000000 16.000000
40.760000 3.731939 1661.377600 0.000000 5.000000 130.000000 63.000000 2.000000 2.000000 22.000000
83.020000 4.431055 6892.320400 3.000000 6.000000 186.000000 67.000000 2.000000 5.000000 31.000000
123.820000 4.826873 15331.392400 4.000000 5.000000 153.000000 62.000000 6.000000 4.000000 23.000000
72.630000 4.299053 5275.116900 1.000000 6.000000 0.000000 56.000000 4.000000 9.000000 20.000000
15.760000 2.818995 248.377600 3.000000 1.000000 227.000000 53.000000 4.000000 12.000000 29.000000
20.190000 3.053529 407.636100 4.000000 3.000000 259.000000 62.000000 6.000000 9.000000 22.000000
234.880000 5.463323 55168.614400 3.000000 3.000000 291.000000 54.000000 5.000000 2.000000 17.000000
183.620000 5.218300 33716.304400 2.000000 7.000000 158.000000 61.000000 3.000000 12.000000 26.000000
106.310000 4.675722 11301.816100 2.000000 3.000000 194.000000 57.000000 2.000000 4.000000 12.000000
61.790000 4.139796 3818.004100 4.000000 5.000000 88.000000 54.000000 2.000000 1.000000 31.000000
47.790000 3.887525 2283.884100 2.000000 8.000000 131.000000 62.000000 3.000000 4.000000 25.000000
147.650000 5.001595 21800.522500 2.000000 2.000000 131.000000 64.000000 4.000000 2.000000 10.000000
74.440000 4.323338 5541.313600 0.000000 4.000000 217.000000 57.000000 6.000000 10.000000 22.000000
104.620000 4.659848 10945.344400 1.000000 8.000000 313.000000 52.000000 4.000000 8.000000 4.000000
56.200000 4.046554 3158.440000 4.000000 2.000000 265.000000 59.000000 3.000000 4.000000 18.000000
56.630000 4.054043 3206.956900 1.000000 1.000000 138.000000 56.000000 5.000000 5.000000 6.000000
71.440000 4.282759 5103.673600 3.000000 1.000000 54.000000 59.000000 3.000000 1.000000 26.000000
30.150000 3.438814 909.022500 1.000000 5.000000 49.000000 50.000000 1.000000 3.000000 21.000000
132.100000 4.891101 17450.410000 3.000000 8.000000 324.000000 64.000000 3.000000 11.000000 14.000000
223.490000 5.413831 49947.780100 4.000000 1.000000 209.000000 63.000000 3.000000 7.000000 20.000000
82.240000 4.421728 6763.417600 1.000000 0.000000 329.000000 50.000000 3.000000 1.000000 26.000000
223.620000 5.414410 50005.904400 1.000000 8.000000 222.000000 43.000000 0.000000 5.000000 29.000000
254.020000 5.541342 64526.160400 0.000000 1.000000 26.000000 44.000000 0.000000 10.000000 2.000000
88.360000 4.492673 7807.489600 2.000000 4.000000 89.000000 58.000000 5.000000 12.000000 21.000000
14.130000 2.716680 199.656900 0.000000 8.000000 339.000000 39.000000 1.000000 3.000000 28.000000
46.130000 3.852910 2127.976900 1.000000 1.000000 7.000000 43.000000 0.000000 11.000000 18.000000
23.540000 3.200304 554.131600 0.000000 0.000000 139.000000 51.000000 1.000000 4.000000 30.000000
73.280000 4.307842 5369.958400 0.000000 5.000000 258.000000 51.000000 3.000000 7.000000 20.000000
8.050000 2.202765 64.802500 1.000000 3.000000 136.000000 50.000000 5.000000 3.000000 25.000000
250.580000 5.527761 62790.336400 2.000000 0.000000 150.000000 59.000000 1.000000 5.000000 2.000000
82.490000 4.424727 6804.600100 4.000000 0.000000 167.000000 46.000000 5.000000 7.000000 6.000000
167.560000 5.127292 28076.353600 2.000000 0.000000 27.000000 44.000000 6.000000 9.000000 3.000000
153.280000 5.038769 23494.758400 0.000000 5.000000 51.000000 49.000000 4.000000 8.000000 9.000000
58.220000 4.081259 3389.568400 4.000000 0.000000 261.000000 62.000000 2.000000 5.000000 3.000000
22.440000 3.154444 503.553600 0.000000 7.000000 47.000000 63.000000 0.000000 5.000000 1.000000
347.230000 5.852863 120568.672900 4.000000 0.000000 87.000000 64.000000 0.000000 6.000000 17.000000
120.660000 4.801230 14558.835600 1.000000 2.000000 150.000000 62.000000 0.000000 5.000000 22.000000
29.610000 3.421327 876.752100 2.000000 6.000000 182.000000 67.000000 3.000000 11.000000 2.000000
5.000000 1.791759 25.000000 1.000000 8.000000 234.000000 49.000000 0.000000 5.000000 13.000000
12.400000 2.595255 153.760000 2.000000 6.000000 81.000000 62.000000 5.000000 8.000000 12.000000
62.170000 4.145830 3865.108900 4.000000 1.000000 133.000000 63.000000 1.000000 4.000000 2.000000
127.510000 4.856007 16258.800100 3.000000 3.000000 139.000000 57.000000 2.000000 1.000000 17.000000
61.040000 4.127779 3725.881600 4.000000 2.000000 339.000000 48.000000 3.000000 6.000000 27.000000
34.870000 3.579901 1215.916900 0.000000 3.000000 172.000000 47.000000 3.000000 8.000000 24.000000
51.760000 3.965753 2679.097600 1.000000 8.000000 224.000000 60.000000 1.000000 5.000000 21.000000
12.490000 2.601949 156.000100 1.000000 3.000000 7.000000 43.000000 1.000000 11.000000 7.000000
81.350000 4.410978 6617.822500 2.000000 6.000000 130.000000 56.000000 4.000000 6.000000 16.000000
57.340000 4.066288 3287.875600 0.000000 4.000000 220.000000 53.000000 6.000000 7.000000 30.000000
333.640000 5.813055 111315.649600 4.000000 2.000000 101.000000 63.000000 5.000000 3.000000 4.000000
83.710000 4.439234 7007.364100 0.000000 0.000000 283.000000 52.000000 1.000000 2.000000 7.000000
19.490000 3.019937 379.860100 3.000000 5.000000 10.000000 46.000000 5.000000 8.000000 24.000000
31.460000 3.480009 989.731600 4.000000 4.000000 337.000000 47.000000 0.000000 7.000000 8.000000
51.720000 3.964995 2674.958400 1.000000 1.000000 135.000000 62.000000 3.000000 7.000000 6.000000
166.730000 5.122356 27798.892900 3.000000 8.000000 36.000000 55.000000 0.000000 5.000000 1.000000
40.840000 3.733853 1667.905600 1.000000 5.000000 214.000000 69.000000 6.000000 2.000000 5.000000
50.150000 3.934762 2515.022500 2.000000 7.000000 231.000000 61.000000 1.000000 1.000000 3.000000
165.740000 5.116436 27469.747600 1.000000 0.000000 223.000000 47.000000 1.000000 8.000000 1.000000
55.650000 4.036892 3096.922500 0.000000 8.000000 85.000000 59.000000 5.000000 8.000000 5.000000
174.250000 5.166214 30363.062500 1.000000 6.000000 245.000000 48.000000 3.000000 7.000000 20.000000
130.370000 4.878018 16996.336900 2.000000 5.000000 128.000000 57.000000 4.000000 4.000000 28.000000
45.590000 3.841386 2078.448100 2.000000 5.000000 202.000000 52.000000 1.000000 1.000000 23.000000
278.900000 5.634432 77785.210000 4.000000 5.000000 56.000000 61.000000 5.000000 9.000000 16.000000
72.170000 4.292786 5208.508900 0.000000 4.000000 121.000000 67.000000 6.000000 10.000000 22.000000
195.290000 5.279593 38138.184100 1.000000 8.000000 97.000000 57.000000 4.000000 7.000000 19.000000
30.110000 3.437529 906.612100 0.000000 5.000000 228.000000 42.000000 3.000000 2.000000 2.000000
91.350000 4.525586 8344.822500 3.000000 2.000000 132.000000 62.000000 3.000000 9.000000 5.000000
58.000000 4.077537 3364.000000 0.000000 4.000000 339.000000 51.000000 3.000000 11.000000 7.000000
7.830000 2.178155 61.308900 2.000000 8.000000 71.000000 50.000000 1.000000 12.000000 31.000000
33.970000 3.554491 1153.960900 4.000000 2.000000 72.000000 56.000000 1.000000 2.000000 7.000000
50.860000 3.948548 2586.739600 3.000000 3.000000 206.000000 68.000000 4.000000 8.000000 16.000000
110.760000 4.716354 12267.777600 2.000000 7.000000 305.000000 63.000000 2.000000 3.000000 13.000000
13.050000 2.642622 170.302500 3.000000 1.000000 161.000000 53.000000 4.000000 1.000000 13.000000
136.620000 4.924496 18665.024400 2.000000 2.000000 160.000000 56.000000 6.000000 6.000000 30.000000
63.630000 4.168679 4048.776900 3.000000 4.000000 239.000000 60.000000 6.000000 12.000000 10.000000
261.370000 5.569756 68314.276900 4.000000 8.000000 25.000000 52.000000 3.000000 2.000000 15.000000
5.000000 1.791759 25.000000 3.000000 5.000000 332.000000 43.000000 5.000000 6.000000 1.000000
111.580000 4.723664 12450.096400 1.000000 2.000000 55.000000 51.000000 3.000000 6.000000 29.000000
9.810000 2.380472 96.236100 0.000000 1.000000 135.000000 58.000000 6.000000 11.000000 12.000000
84.620000 4.449919 7160.544400 0.000000 3.000000 240.000000 60.000000 2.000000 1.000000 31.000000
94.810000 4.562367 8988.936100 1.000000 5.000000 312.000000 62.000000 4.000000 6.000000 2.000000
53.060000 3.990095 2815.363600 0.000000 3.000000 268.000000 56.000000 6.000000 9.000000 24.000000
32.870000 3.522530 1080.436900 0.000000 7.000000 250.000000 52.000000 5.000000 1.000000 21.000000
5.000000 1.791759 25.000000 0.000000 7.000000 258.000000 54.000000 6.000000 1.000000 21.000000
105.560000 4.668708 11142.913600 3.000000 8.000000 317.000000 64.000000 0.000000 1.000000 29.000000
84.130000 4.444179 7077.856900 3.000000 8.000000 2.000000 37.000000 3.000000 6.000000 15.000000
46.540000 3.861571 2165.971600 0.000000 1.000000 250.000000 41.000000 3.000000 6.000000 20.000000
17.080000 2.894806 291.726400 1.000000 2.000000 114.000000 71.000000 1.000000 6.000000 11.000000
106.890000 4.681112 11425.472100 1.000000 5.000000 327.000000 60.000000 6.000000 3.000000 24.000000
34.070000 3.557346 1160.764900 2.000000 5.000000 251.000000 49.000000 1.000000 12.000000 24.000000
66.400000 4.210645 4408.960000 3.000000 2.000000 136.000000 62.000000 0.000000 2.000000 26.000000
21.040000 3.092859 442.681600 0.000000 6.000000 241.000000 61.000000 4.000000 8.000000 4.000000
82.300000 4.422449 6773.290000 3.000000 5.000000 128.000000 56.000000 1.000000 10.000000 1.000000
89.820000 4.508880 8067.632400 1.000000 3.000000 222.000000 51.000000 1.000000 5.000000 2.000000
34.950000 3.582129 1221.502500 3.000000 6.000000 270.000000 59.000000 4.000000 1.000000 20.000000
116.900000 4.769837 13665.610000 4.000000 6.000000 180.000000 68.000000 5.000000 9.000000 23.000000
183.620000 5.218300 33716.304400 2.000000 8.000000 38.000000 56.000000 3.000000 11.000000 21.000000
411.300000 6.021751 169167.690000 3.000000 4.000000 261.000000 54.000000 2.000000 8.000000 23.000000
54.530000 4.016923 2973.520900 3.000000 2.000000 239.000000 57.000000 2.000000 3.000000 29.000000
92.310000 4.535927 8521.136100 2.000000 7.000000 335.000000 51.000000 5.000000 8.000000 10.000000
45.420000 3.837730 2062.976400 3.000000 7.000000 114.000000 64.000000 2.000000 8.000000 9.000000
144.590000 4.980794 20906.268100 3.000000 4.000000 290.000000 56.000000 3.000000 3.000000 16.000000
129.230000 4.869302 16700.392900 0.000000 6.000000 309.000000 64.000000 6.000000 9.000000 29.000000
139.920000 4.948192 19577.606400 1.000000 8.000000 305.000000 64.000000 1.000000 5.000000 30.000000
200.480000 5.305690 40192.230400 3.000000 7.000000 20.000000 47.000000 0.000000 8.000000 5.000000
101.760000 4.632396 10355.097600 0.000000 3.000000 138.000000 60.000000 3.000000 7.000000 25.000000
15.190000 2.784394 230.736100 1.000000 3.000000 295.000000 47.000000 5.000000 9.000000 14.000000
71.350000 4.281515 5090.822500 4.000000 1.000000 269.000000 51.000000 0.000000 6.000000 10.000000
63.460000 4.166045 4027.171600 0.000000 8.000000 254.000000 50.000000 6.000000 3.000000 5.000000
113.480000 4.740400 12877.710400 3.000000 4.000000 180.000000 67.000000 1.000000 1.000000 17.000000
17.520000 2.918851 306.950400 1.000000 4.000000 250.000000 53.000000 2.000000 6.000000 12.000000
86.690000 4.473808 7515.156100 2.000000 0.000000 323.000000 63.000000 5.000000 9.000000 14.000000
32.400000 3.508556 1049.760000 1.000000 3.000000 85.000000 62.000000 4.000000 8.000000 11.000000
5.000000 1.791759 25.000000 1.000000 4.000000 49.000000 46.000000 1.000000 12.000000 26.000000
135.250000 4.914491 18292.562500 4.000000 0.000000 324.000000 57.000000 6.000000 2.000000 18.000000
54.040000 4.008060 2920.321600 0.000000 0.000000 268.000000 62.000000 6.000000 7.000000 7.000000
8.190000 2.218116 67.076100 3.000000 3.000000 332.000000 38.000000 1.000000 4.000000 23.000000
256.350000 5.550437 65715.322500 2.000000 1.000000 285.000000 46.000000 6.000000 8.000000 6.000000
71.850000 4.288403 5162.422500 1.000000 5.000000 235.000000 60.000000 3.000000 10.000000 19.000000
129.290000 4.869763 16715.904100 0.000000 2.000000 274.000000 54.000000 3.000000 7.000000 25.000000
132.200000 4.891852 17476.840000 1.000000 4.000000 131.000000 60.000000 6.000000 6.000000 2.000000
271.160000 5.606390 73527.745600 1.000000 3.000000 39.000000 55.000000 3.000000 11.000000 2.000000
54.970000 4.024816 3021.700900 3.000000 4.000000 137.000000 63.000000 6.000000 7.000000 2.000000
25.500000 3.277145 650.250000 2.000000 2.000000 77.000000 59.000000 4.000000 4.000000 28.000000
62.770000 4.155283 3940.072900 0.000000 1.000000 138.000000 51.000000 1.000000 9.000000 19.000000
119.820000 4.794302 14356.832400 2.000000 4.000000 258.000000 49.000000 4.000000 11.000000 22.000000
5.000000 1.791759 25.000000 2.000000 4.000000 112.000000 63.000000 2.000000 11.000000 20.000000
69.130000 4.250351 4778.956900 1.000000 2.000000 132.000000 51.000000 3.000000 1.000000 25.000000
123.060000 4.820765 15143.763600 0.000000 3.000000 237.000000 58.000000 2.000000 3.000000 1.000000
173.880000 5.164100 30234.254400 0.000000 4.000000 201.000000 55.000000 4.000000 2.000000 16.000000
28.190000 3.373826 794.676100 0.000000 3.000000 123.000000 49.000000 2.000000 8.000000 16.000000
43.620000 3.798182 1902.704400 4.000000 5.000000 82.000000 62.000000 1.000000 9.000000 10.000000
174.220000 5.166042 30352.608400 2.000000 2.000000 230.000000 58.000000 3.000000 10.000000 5.000000
327.400000 5.794232 107190.760000 0.000000 6.000000 292.000000 57.000000 1.000000 4.000000 18.000000
74.240000 4.320683 5511.577600 4.000000 3.000000 329.000000 51.000000 1.000000 5.000000 21.000000
148.610000 5.008032 22084.932100 1.000000 7.000000 94.000000 52.000000 0.000000 9.000000 16.000000
197.010000 5.288318 38812.940100 3.000000 5.000000 17.000000 52.000000 0.000000 10.000000 14.000000
40.610000 3.728341 1649.172100 0.000000 3.000000 261.000000 59.000000 3.000000 8.000000 3.000000
10.990000 2.484073 120.780100 4.000000 0.000000 141.000000 56.000000 2.000000 1.000000 10.000000
203.970000 5.322864 41603.760900 3.000000 5.000000 109.000000 64.000000 0.000000 8.000000 19.000000
49.730000 3.926517 2473.072900 2.000000 4.000000 41.000000 58.000000 5.000000 4.000000 22.000000
5.000000 1.791759 25.000000 1.000000 5.000000 174.000000 51.000000 0.000000 8.000000 12.000000
73.250000 4.307438 5365.562500 3.000000 5.000000 254.000000 49.000000 3.000000 9.000000 12.000000
8.770000 2.279316 76.912900 3.000000 3.000000 258.000000 50.000000 0.000000 3.000000 27.000000
261.170000 5.568993 68209.768900 3.000000 5.000000 286.000000 51.000000 2.000000 8.000000 30.000000
76.760000 4.353627 5892.097600 1.000000 0.000000 270.000000 63.000000 2.000000 6.000000 26.000000
63.470000 4.166200 4028.440900 2.000000 2.000000 223.000000 49.000000 4.000000 11.000000 15.000000
91.560000 4.527857 8383.233600 0.000000 0.000000 61.000000 54.000000 2.000000 1.000000 11.000000
26.420000 3.311273 698.016400 2.000000 0.000000 181.000000 71.000000 1.000000 2.000000 20.000000
30.500000 3.449988 930.250000 1.000000 1.000000 203.000000 69.000000 5.000000 9.000000 16.000000
42.390000 3.770229 1796.912100 0.000000 1.000000 138.000000 56.000000 5.000000 9.000000 7.000000
209.850000 5.351147 44037.022500 4.000000 2.000000 144.000000 54.000000 3.000000 1.000000 12.000000
145.820000 4.989207 21263.472400 0.000000 4.000000 128.000000 64.000000 2.000000 1.000000 24.000000
22.740000 3.167161 517.107600 3.000000 7.000000 205.000000 68.000000 3.000000 2.000000 23.000000
109.920000 4.708809 12082.406400 4.000000 0.000000 152.000000 62.000000 0.000000 4.000000 24.000000
376.510000 5.933597 141759.780100 4.000000 5.000000 275.000000 51.000000 4.000000 1.000000 13.000000
360.820000 5.891147 130191.072400 3.000000 7.000000 301.000000 64.000000 3.000000 8.000000 8.000000
106.900000 4.681205 11427.610000 2.000000 1.000000 315.000000 60.000000 4.000000 12.000000 8.000000
22.860000 3.172203 522.579600 0.000000 4.000000 52.000000 56.000000 6.000000 10.000000 15.000000
41.750000 3.755369 1743.062500 1.000000 7.000000 178.000000 57.000000 6.000000 5.000000 21.000000
64.290000 4.178839 4133.204100 1.000000 0.000000 78.000000 51.000000 1.000000 12.000000 5.000000
196.920000 5.287863 38777.486400 4.000000 8.000000 222.000000 55.000000 0.000000 10.000000 21.000000
208.390000 5.344199 43426.392100 0.000000 4.000000 148.000000 54.000000 0.000000 8.000000 12.000000
177.080000 5.182233 31357.326400 0.000000 1.000000 230.000000 62.000000 5.000000 5.000000 25.000000
121.240000 4.805986 14699.137600 2.000000 0.000000 313.000000 63.000000 5.000000 8.000000 17.000000
167.210000 5.125213 27959.184100 4.000000 8.000000 171.000000 48.000000 3.000000 6.000000 13.000000
156.920000 5.062089 24623.886400 1.000000 5.000000 322.000000 63.000000 3.000000 3.000000 16.000000
64.040000 4.175002 4101.121600 0.000000 4.000000 206.000000 65.000000 6.000000 12.000000 29.000000
42.650000 3.776203 1819.022500 4.000000 5.000000 62.000000 57.000000 0.000000 11.000000 27.000000
53.490000 3.998017 2861.180100 1.000000 8.000000 9.000000 50.000000 0.000000 4.000000 10.000000
13.730000 2.689886 188.512900 0.000000 3.000000 116.000000 70.000000 3.000000 9.000000 28.000000
80.140000 4.396176 6422.419600 3.000000 1.000000 124.000000 54.000000 0.000000 7.000000 24.000000
161.170000 5.088645 25975.768900 4.000000 1.000000 313.000000 57.000000 4.000000 11.000000 10.000000
22.790000 3.169265 519.384100 4.000000 7.000000 191.000000 67.000000 3.000000 11.000000 21.000000
69.200000 4.251348 4788.640000 2.000000 7.000000 180.000000 70.000000 5.000000 6.000000 3.000000
33.980000 3.554776 1154.640400 0.000000 6.000000 79.000000 62.000000 5.000000 3.000000 4.000000
230.950000 5.446522 53337.902500 2.000000 2.000000 87.000000 60.000000 0.000000 8.000000 26.000000
50.750000 3.946424 2575.562500 4.000000 5.000000 258.000000 54.000000 6.000000 4.000000 21.000000
59.070000 4.095511 3489.264900 4.000000 5.000000 113.000000 67.000000 1.000000 11.000000 12.000000
201.370000 5.310098 40549.876900 4.000000 5.000000 64.000000 59.000000 2.000000 12.000000 27.000000
38.030000 3.664331 1446.280900 4.000000 8.000000 125.000000 54.000000 3.000000 4.000000 20.000000
76.920000 4.355683 5916.686400 2.000000 5.000000 333.000000 47.000000 3.000000 11.000000 30.000000
7.340000 2.121063 53.875600 3.000000 7.000000 259.000000 61.000000 5.000000 12.000000 16.000000
5.000000 1.791759 25.000000 1.000000 4.000000 163.000000 51.000000 0.000000 3.000000 20.000000
5.000000 1.791759 25.000000 4.000000 8.000000 194.000000 61.000000 4.000000 12.000000 8.000000
184.480000 5.222947 34032.870400 2.000000 5.000000 6.000000 55.000000 0.000000 12.000000 4.000000
67.250000 4.223177 4522.562500 0.000000 6.000000 67.000000 63.000000 6.000000 9.000000 29.000000
78.330000 4.373616 6135.588900 1.000000 1.000000 195.000000 49.000000 2.000000 5.000000 29.000000
110.940000 4.717963 12307.683600 2.000000 8.000000 318.000000 60.000000 3.000000 6.000000 1.000000
118.810000 4.785907 14115.816100 2.000000 5.000000 236.000000 50.000000 2.000000 3.000000 29.000000
5.000000 1.791759 25.000000 4.000000 3.000000 230.000000 48.000000 5.000000 4.000000 13.000000
48.770000 3.907412 2378.512900 2.000000 3.000000 123.000000 37.000000 1.000000 6.000000 20.000000
23.440000 3.196221 549.433600 2.000000 0.000000 65.000000 62.000000 0.000000 1.000000 8.000000
58.280000 4.082272 3396.558400 0.000000 6.000000 181.000000 70.000000 2.000000 7.000000 10.000000
34.810000 3.578227 1211.736100 4.000000 0.000000 58.000000 50.000000 1.000000 3.000000 28.000000
63.890000 4.172694 4081.932100 2.000000 7.000000 137.000000 59.000000 0.000000 4.000000 22.000000
340.800000 5.834226 116144.640000 0.000000 5.000000 293.000000 58.000000 3.000000 5.000000 30.000000
15.720000 2.816606 247.118400 4.000000 7.000000 84.000000 63.000000 1.000000 9.000000 19.000000
128.140000 4.860897 16419.859600 1.000000 7.000000 335.000000 56.000000 1.000000 10.000000 17.000000
57.640000 4.071417 3322.369600 0.000000 5.000000 0.000000 56.000000 2.000000 11.000000 13.000000
58.740000 4.090002 3450.387600 4.000000 0.000000 285.000000 53.000000 6.000000 8.000000 4.000000
5.000000 1.791759 25.000000 2.000000 2.000000 171.000000 43.000000 0.000000 1.000000 23.000000
9.000000 2.302585 81.000000 1.000000 2.000000 2.000000 48.000000 4.000000 6.000000 28.000000
45.320000 3.835574 2053.902400 4.000000 8.000000 66.000000 51.000000 6.000000 7.000000 2.000000
5.000000 1.791759 25.000000 3.000000 6.000000 8.000000 49.000000 1.000000 5.000000 21.000000
82.240000 4.421728 6763.417600 2.000000 4.000000 281.000000 56.000000 6.000000 9.000000 1.000000
39.390000 3.698582 1551.572100 1.000000 0.000000 165.000000 35.000000 0.000000 12.000000 18.000000
198.490000 5.295764 39398.280100 0.000000 4.000000 158.000000 62.000000 2.000000 6.000000 14.000000
290.730000 5.675829 84523.932900 1.000000 5.000000 156.000000 54.000000 1.000000 3.000000 21.000000
54.200000 4.010963 2937.640000 3.000000 5.000000 78.000000 56.000000 2.000000 10.000000 4.000000
319.780000 5.770756 102259.248400 0.000000 0.000000 56.000000 50.000000 3.000000 11.000000 23.000000
20.960000 3.089223 439.321600 0.000000 8.000000 86.000000 59.000000 0.000000 2.000000 27.000000
42.070000 3.762827 1769.884900 4.000000 3.000000 75.000000 51.000000 4.000000 7.000000 19.000000
181.540000 5.206969 32956.771600 2.000000 8.000000 164.000000 54.000000 0.000000 1.000000 22.000000
25.430000 3.274500 646.684900 4.000000 0.000000 332.000000 44.000000 5.000000 3.000000 18.000000
204.890000 5.327342 41979.912100 4.000000 1.000000 225.000000 42.000000 6.000000 3.000000 24.000000
149.150000 5.011635 22245.722500 1.000000 6.000000 309.000000 60.000000 2.000000 10.000000 11.000000
33.760000 3.548467 1139.737600 2.000000 0.000000 84.000000 59.000000 5.000000 7.000000 6.000000
41.260000 3.743841 1702.387600 0.000000 2.000000 198.000000 67.000000 2.000000 11.000000 1.000000
61.710000 4.138521 3808.124100 4.000000 7.000000 13.000000 51.000000 2.000000 8.000000 9.000000
43.490000 3.795264 1891.380100 2.000000 8.000000 265.000000 62.000000 1.000000 12.000000 31.000000
31.210000 3.472277 974.064100 0.000000 3.000000 336.000000 57.000000 0.000000 2.000000 5.000000
5.000000 1.791759 25.000000 3.000000 3.000000 190.000000 66.000000 5.000000 11.000000 30.000000
100.130000 4.616407 10026.016900 4.000000 8.000000 129.000000 63.000000 1.000000 12.000000 10.000000
369.930000 5.916013 136848.204900 2.000000 1.000000 33.000000 44.000000 0.000000 2.000000 12.000000
69.750000 4.259153 4865.062500 1.000000 1.000000 271.000000 56.000000 0.000000 5.000000 8.000000
80.350000 4.398761 6456.122500 2.000000 5.000000 108.000000 67.000000 3.000000 4.000000 11.000000
251.340000 5.530777 63171.795600 0.000000 4.000000 277.000000 51.000000 0.000000 1.000000 1.000000
117.590000 4.775672 13827.408100 1.000000 5.000000 14.000000 55.000000 1.000000 10.000000 8.000000
90.650000 4.517977 8217.422500 4.000000 7.000000 137.000000 63.000000 6.000000 6.000000 4.000000
76.750000 4.353499 5890.562500 2.000000 8.000000 172.000000 36.000000 4.000000 4.000000 21.000000
21.240000 3.101892 451.137600 3.000000 1.000000 177.000000 50.000000 2.000000 3.000000 22.000000
13.470000 2.672078 181.440900 0.000000 3.000000 205.000000 69.000000 2.000000 10.000000 9.000000
10.840000 2.471484 117.505600 4.000000 0.000000 86.000000 63.000000 3.000000 11.000000 9.000000
140.530000 4.952512 19748.680900 0.000000 2.000000 144.000000 52.000000 3.000000 3.000000 7.000000
86.780000 4.474834 7530.768400 3.000000 3.000000 258.000000 51.000000 3.000000 9.000000 28.000000
139.390000 4.944424 19429.572100 3.000000 3.000000 97.000000 64.000000 1.000000 7.000000 23.000000
106.170000 4.674416 11272.068900 2.000000 5.000000 33.000000 52.000000 4.000000 10.000000 18.000000
39.260000 3.695358 1541.347600 0.000000 3.000000 224.000000 61.000000 1.000000 4.000000 30.000000
34.230000 3.561898 1171.692900 1.000000 2.000000 105.000000 63.000000 6.000000 7.000000 2.000000
52.950000 3.988058 2803.702500 4.000000 4.000000 177.000000 38.000000 3.000000 6.000000 15.000000
5.000000 1.791759 25.000000 0.000000 5.000000 74.000000 61.000000 5.000000 1.000000 14.000000
186.450000 5.233512 34763.602500 1.000000 3.000000 64.000000 59.000000 2.000000 6.000000 5.000000
124.080000 4.828954 15395.846400 0.000000 5.000000 323.000000 63.000000 4.000000 10.000000 13.000000
5.490000 1.870263 30.140100 3.000000 7.000000 268.000000 62.000000 4.000000 5.000000 5.000000
113.520000 4.740749 12886.790400 4.000000 3.000000 138.000000 52.000000 0.000000 4.000000 17.000000
82.670000 4.426880 6834.328900 1.000000 1.000000 58.000000 50.000000 4.000000 11.000000 17.000000
105.940000 4.672268 11223.283600 3.000000 1.000000 136.000000 60.000000 1.000000 8.000000 15.000000
55.080000 4.026779 3033.806400 1.000000 7.000000 239.000000 61.000000 1.000000 12.000000 19.000000
209.530000 5.349628 43902.820900 3.000000 0.000000 242.000000 61.000000 0.000000 11.000000 18.000000
73.310000 4.308246 5374.356100 1.000000 5.000000 262.000000 56.000000 6.000000 9.000000 1.000000
43.360000 3.792338 1880.089600 1.000000 2.000000 176.000000 41.000000 0.000000 6.000000 12.000000
5.000000 1.791759 25.000000 3.000000 8.000000 8.000000 57.000000 1.000000 6.000000 4.000000
46.400000 3.858622 2152.960000 0.000000 2.000000 137.000000 51.000000 1.000000 10.000000 29.000000
39.180000 3.693369 1535.072400 4.000000 5.000000 132.000000 51.000000 4.000000 3.000000 31.000000
63.140000 4.161068 3986.659600 0.000000 3.000000 131.000000 62.000000 6.000000 9.000000 24.000000
5.000000 1.791759 25.000000 4.000000 1.000000 267.000000 55.000000 0.000000 10.000000 23.000000
192.590000 5.265743 37090.908100 4.000000 7.000000 158.000000 62.000000 3.000000 7.000000 18.000000
34.870000 3.579901 1215.916900 4.000000 4.000000 102.000000 56.000000 5.000000 11.000000 2.000000
52.520000 3.980055 2758.350400 3.000000 6.000000 162.000000 44.000000 2.000000 8.000000 2.000000
89.790000 4.508549 8062.244100 0.000000 4.000000 133.000000 56.000000 5.000000 9.000000 7.000000
83.380000 4.435330 6952.224400 0.000000 6.000000 227.000000 50.000000 1.000000 9.000000 24.000000
5.000000 1.791759 25.000000 4.000000 6.000000 236.000000 60.000000 2.000000 9.000000 18.000000
478.700000 6.173161 229153.690000 4.000000 5.000000 164.000000 58.000000 5.000000 11.000000 9.000000
323.210000 5.781391 104464.704100 2.000000 5.000000 41.000000 49.000000 1.000000 8.000000 6.000000
47.170000 3.874736 2225.008900 2.000000 7.000000 136.000000 62.000000 6.000000 5.000000 28.000000
120.860000 4.802873 14607.139600 1.000000 8.000000 134.000000 57.000000 5.000000 12.000000 14.000000
19.470000 3.018960 379.080900 2.000000 1.000000 227.000000 47.000000 1.000000 11.000000 21.000000
172.110000 5.153927 29621.852100 2.000000 0.000000 290.000000 51.000000 6.000000 6.000000 11.000000
95.990000 4.574608 9214.080100 4.000000 7.000000 240.000000 57.000000 3.000000 9.000000 14.000000
47.770000 3.887115 2281.972900 0.000000 7.000000 51.000000 55.000000 3.000000 4.000000 27.000000
195.750000 5.281934 38318.062500 2.000000 8.000000 5.000000 50.000000 5.000000 2.000000 10.000000
14.580000 2.745988 212.576400 1.000000 5.000000 90.000000 47.000000 6.000000 11.000000 19.000000
313.330000 5.750443 98175.688900 0.000000 1.000000 97.000000 60.000000 0.000000 10.000000 30.000000
51.140000 3.953932 2615.299600 0.000000 2.000000 175.000000 52.000000 0.000000 8.000000 12.000000
134.680000 4.910299 18138.702400 2.000000 5.000000 31.000000 52.000000 3.000000 11.000000 7.000000
8.260000 2.225704 68.227600 2.000000 7.000000 263.000000 61.000000 6.000000 4.000000 7.000000
66.220000 4.207971 4385.088400 3.000000 3.000000 194.000000 63.000000 2.000000 10.000000 16.000000
128.070000 4.860355 16401.924900 1.000000 0.000000 223.000000 51.000000 1.000000 10.000000 29.000000
5.610000 1.888584 31.472100 4.000000 5.000000 51.000000 44.000000 2.000000 7.000000 24.000000
82.660000 4.426761 6832.675600 0.000000 8.000000 131.000000 63.000000 5.000000 9.000000 28.000000
168.210000 5.131141 28294.604100 4.000000 4.000000 257.000000 50.000000 5.000000 5.000000 4.000000
197.380000 5.290184 38958.864400 1.000000 8.000000 316.000000 63.000000 5.000000 4.000000 20.000000
114.760000 4.751519 13169.857600 0.000000 5.000000 306.000000 51.000000 6.000000 7.000000 7.000000
42.090000 3.763291 1771.568100 4.000000 5.000000 10.000000 39.000000 6.000000 5.000000 5.000000
157.290000 5.064429 24740.144100 0.000000 8.000000 8.000000 55.000000 4.000000 9.000000 20.000000
5.000000 1.791759 25.000000 4.000000 8.000000 248.000000 54.000000 6.000000 8.000000 20.000000
28.220000 3.374853 796.368400 2.000000 5.000000 250.000000 46.000000 2.000000 5.000000 15.000000
25.800000 3.288402 665.640000 0.000000 4.000000 258.000000 51.000000 0.000000 8.000000 28.000000
159.710000 5.079601 25507.284100 4.000000 5.000000 36.000000 55.000000 3.000000 2.000000 1.000000
288.320000 5.667533 83128.422400 4.000000 5.000000 300.000000 60.000000 6.000000 8.000000 20.000000
62.580000 4.152299 3916.256400 4.000000 6.000000 212.000000 68.000000 6.000000 4.000000 21.000000
97.020000 4.585172 9412.880400 3.000000 3.000000 171.000000 36.000000 0.000000 1.000000 1.000000
371.170000 5.919351 137767.168900 2.000000 0.000000 140.000000 54.000000 3.000000 8.000000 24.000000
83.270000 4.434026 6933.892900 3.000000 7.000000 329.000000 44.000000 6.000000 6.000000 4.000000
5.000000 1.791759 25.000000 1.000000 8.000000 323.000000 62.000000 5.000000 9.000000 9.000000
110.440000 4.713486 12196.993600 4.000000 7.000000 135.000000 57.000000 5.000000 11.000000 16.000000
81.730000 4.415582 6679.792900 1.000000 4.000000 264.000000 59.000000 3.000000 12.000000 12.000000
31.710000 3.487681 1005.524100 3.000000 7.000000 10.000000 39.000000 4.000000 2.000000 17.000000
67.340000 4.224495 4534.675600 1.000000 4.000000 129.000000 51.000000 4.000000 10.000000 20.000000
148.810000 5.009368 22144.416100 0.000000 8.000000 312.000000 64.000000 3.000000 2.000000 22.000000
138.860000 4.940642 19282.099600 0.000000 2.000000 5.000000 43.000000 0.000000 1.000000 29.000000
26.590000 3.317453 707.028100 0.000000 1.000000 253.000000 46.000000 2.000000 5.000000 29.000000
257.730000 5.555785 66424.752900 4.000000 1.000000 247.000000 46.000000 3.000000 11.000000 9.000000
56.950000 4.059581 3243.302500 3.000000 2.000000 230.000000 60.000000 2.000000 2.000000 28.000000
133.120000 4.898735 17720.934400 3.000000 4.000000 233.000000 58.000000 5.000000 10.000000 14.000000
59.760000 4.106932 3571.257600 3.000000 6.000000 226.000000 47.000000 1.000000 5.000000 2.000000
5.000000 1.791759 25.000000 2.000000 0.000000 277.000000 56.000000 6.000000 2.000000 18.000000
77.990000 4.369321 6082.440100 4.000000 4.000000 233.000000 57.000000 6.000000 1.000000 8.000000
70.340000 4.267457 4947.715600 2.000000 2.000000 129.000000 59.000000 5.000000 11.000000 2.000000
89.880000 4.509540 8078.414400 2.000000 7.000000 108.000000 70.000000 3.000000 9.000000 7.000000
29.640000 3.422306 878.529600 0.000000 7.000000 176.000000 49.000000 2.000000 11.000000 15.000000
237.130000 5.472817 56230.636900 0.000000 8.000000 218.000000 59.000000 3.000000 9.000000 28.000000
114.210000 4.746757 13043.924100 2.000000 3.000000 242.000000 62.000000 2.000000 2.000000 7.000000
173.500000 5.161925 30102.250000 3.000000 0.000000 233.000000 50.000000 2.000000 2.000000 21.000000
36.310000 3.619261 1318.416100 2.000000 7.000000 10.000000 34.000000 0.000000 4.000000 17.000000
161.920000 5.093259 26218.086400 0.000000 4.000000 142.000000 62.000000 4.000000 10.000000 11.000000
206.280000 5.334071 42551.438400 2.000000 1.000000 272.000000 58.000000 1.000000 9.000000 17.000000
34.530000 3.570377 1192.320900 1.000000 1.000000 73.000000 56.000000 2.000000 5.000000 1.000000
152.450000 5.033375 23241.002500 1.000000 8.000000 226.000000 52.000000 5.000000 1.000000 20.000000
232.090000 5.451425 53865.768100 1.000000 5.000000 150.000000 54.000000 4.000000 6.000000 28.000000
119.880000 4.794798 14371.214400 4.000000 6.000000 167.000000 39.000000 4.000000 7.000000 12.000000
81.530000 4.413162 6647.140900 4.000000 0.000000 61.000000 50.000000 2.000000 9.000000 4.000000
86.910000 4.476314 7553.348100 2.000000 1.000000 7.000000 43.000000 6.000000 8.000000 6.000000
25.800000 3.288402 665.640000 3.000000 8.000000 42.000000 42.000000 4.000000 4.000000 21.000000
76.610000 4.351696 5869.092100 0.000000 4.000000 136.000000 51.000000 5.000000 8.000000 19.000000
43.800000 3.802208 1918.440000 0.000000 4.000000 175.000000 58.000000 0.000000 6.000000 10.000000
70.240000 4.266054 4933.657600 3.000000 1.000000 74.000000 56.000000 2.000000 12.000000 18.000000
198.340000 5.295012 39338.755600 2.000000 5.000000 102.000000 57.000000 4.000000 1.000000 19.000000
114.410000 4.748491 13089.648100 2.000000 3.000000 24.000000 53.000000 5.000000 1.000000 27.000000
57.070000 4.061649 3256.984900 1.000000 8.000000 233.000000 49.000000 5.000000 8.000000 26.000000
122.160000 4.813484 14923.065600 1.000000 8.000000 313.000000 57.000000 0.000000 10.000000 16.000000
60.320000 4.116106 3638.502400 0.000000 5.000000 266.000000 62.000000 3.000000 6.000000 27.000000
60.060000 4.111857 3607.203600 3.000000 2.000000 89.000000 58.000000 5.000000 6.000000 1.000000
101.370000 4.628594 10275.876900 3.000000 4.000000 239.000000 50.000000 0.000000 7.000000 15.000000
105.840000 4.671332 11202.105600 1.000000 3.000000 135.000000 60.000000 6.000000 6.000000 11.000000
32.810000 3.520757 1076.496100 0.000000 5.000000 216.000000 57.000000 1.000000 3.000000 21.000000
89.050000 4.500365 7929.902500 1.000000 5.000000 211.000000 62.000000 4.000000 4.000000 7.000000
33.280000 3.534562 1107.558400 3.000000 2.000000 169.000000 59.000000 6.000000 3.000000 12.000000
265.630000 5.585862 70559.296900 3.000000 0.000000 85.000000 65.000000 2.000000 12.000000 4.000000
277.970000 5.631104 77267.320900 2.000000 4.000000 331.000000 51.000000 6.000000 1.000000 21.000000
5.000000 1.791759 25.000000 1.000000 1.000000 153.000000 64.000000 3.000000 10.000000 17.000000
71.740000 4.286891 5146.627600 0.000000 8.000000 258.000000 43.000000 2.000000 8.000000 23.000000
255.080000 5.545490 65065.806400 4.000000 3.000000 53.000000 50.000000 0.000000 1.000000 29.000000
177.850000 5.186547 31630.622500 4.000000 5.000000 278.000000 54.000000 0.000000 11.000000 13.000000
41.650000 3.753027 1734.722500 2.000000 3.000000 336.000000 50.000000 4.000000 9.000000 27.000000
5.000000 1.791759 25.000000 3.000000 0.000000 288.000000 52.000000 5.000000 8.000000 31.000000
28.910000 3.398193 835.788100 4.000000 1.000000 123.000000 45.000000 6.000000 10.000000 15.000000
50.240000 3.936520 2524.057600 3.000000 0.000000 231.000000 57.000000 5.000000 10.000000 5.000000
106.450000 4.677026 11331.602500 2.000000 8.000000 260.000000 57.000000 1.000000 9.000000 12.000000
5.000000 1.791759 25.000000 0.000000 5.000000 21.000000 53.000000 6.000000 1.000000 1.000000
30.150000 3.438814 909.022500 4.000000 0.000000 248.000000 51.000000 1.000000 2.000000 7.000000
32.120000 3.500137 1031.694400 1.000000 8.000000 256.000000 60.000000 0.000000 6.000000 3.000000
118.750000 4.785406 14101.562500 1.000000 3.000000 236.000000 55.000000 6.000000 7.000000 23.000000
63.850000 4.172077 4076.822500 3.000000 5.000000 258.000000 54.000000 6.000000 11.000000 12.000000
56.550000 4.052654 3197.902500 1.000000 4.000000 112.000000 67.000000 4.000000 7.000000 14.000000
97.120000 4.586191 9432.294400 0.000000 5.000000 192.000000 67.000000 0.000000 9.000000 30.000000
346.830000 5.851714 120291.048900 2.000000 5.000000 21.000000 55.000000 0.000000 3.000000 18.000000
79.580000 4.389250 6332.976400 4.000000 7.000000 237.000000 60.000000 3.000000 9.000000 14.000000
75.750000 4.340553 5738.062500 0.000000 0.000000 187.000000 64.000000 4.000000 5.000000 10.000000
7.400000 2.128232 54.760000 4.000000 8.000000 68.000000 61.000000 3.000000 2.000000 29.000000
5.000000 1.791759 25.000000 3.000000 5.000000 149.000000 60.000000 3.000000 8.000000 8.000000
144.120000 4.977561 20770.574400 4.000000 8.000000 96.000000 52.000000 2.000000 3.000000 27.000000
197.880000 5.292702 39156.494400 4.000000 1.000000 144.000000 66.000000 5.000000 1.000000 28.000000
5.000000 1.791759 25.000000 1.000000 5.000000 125.000000 53.000000 2.000000 8.000000 9.000000
39.030000 3.689629 1523.340900 3.000000 4.000000 52.000000 62.000000 6.000000 2.000000 26.000000
89.670000 4.507227 8040.708900 4.000000 6.000000 147.000000 61.000000 2.000000 7.000000 3.000000
40.960000 3.736717 1677.721600 0.000000 1.000000 148.000000 66.000000 0.000000 12.000000 11.000000
144.290000 4.978732 20819.604100 0.000000 7.000000 170.000000 58.000000 2.000000 6.000000 28.000000
40.450000 3.724488 1636.202500 3.000000 3.000000 167.000000 38.000000 2.000000 2.000000 8.000000
69.100000 4.249923 4774.810000 4.000000 3.000000 266.000000 56.000000 2.000000 11.000000 1.000000
54.970000 4.024816 3021.700900 2.000000 3.000000 234.000000 61.000000 1.000000 4.000000 23.000000
41.580000 3.751385 1728.896400 1.000000 7.000000 242.000000 54.000000 3.000000 3.000000 16.000000
41.260000 3.743841 1702.387600 4.000000 7.000000 188.000000 64.000000 6.000000 12.000000 17.000000
112.500000 4.731803 12656.250000 1.000000 1.000000 177.000000 39.000000 4.000000 12.000000 13.000000
38.750000 3.682610 1501.562500 4.000000 3.000000 73.000000 51.000000 5.000000 7.000000 29.000000
451.080000 6.113859 203473.166400 2.000000 0.000000 289.000000 57.000000 6.000000 1.000000 14.000000
373.550000 5.925725 139539.602500 4.000000 8.000000 293.000000 57.000000 2.000000 12.000000 25.000000
65.520000 4.197503 4292.870400 0.000000 7.000000 114.000000 59.000000 6.000000 8.000000 27.000000
242.510000 5.495158 58811.100100 3.000000 2.000000 292.000000 58.000000 5.000000 7.000000 15.000000
75.470000 4.336899 5695.720900 1.000000 2.000000 70.000000 51.000000 0.000000 7.000000 10.000000
82.060000 4.419563 6733.843600 1.000000 8.000000 337.000000 47.000000 0.000000 7.000000 29.000000
163.630000 5.103701 26774.776900 3.000000 2.000000 292.000000 60.000000 3.000000 2.000000 2.000000
5.000000 1.791759 25.000000 3.000000 2.000000 199.000000 48.000000 2.000000 6.000000 7.000000
45.980000 3.849722 2114.160400 0.000000 7.000000 217.000000 45.000000 0.000000 1.000000 22.000000
130.060000 4.875655 16915.603600 2.000000 2.000000 45.000000 58.000000 1.000000 8.000000 8.000000
5.000000 1.791759 25.000000 3.000000 8.000000 153.000000 63.000000 4.000000 1.000000 27.000000
156.660000 5.060441 24542.355600 1.000000 2.000000 161.000000 42.000000 6.000000 9.000000 10.000000
5.910000 1.932970 34.928100 3.000000 8.000000 191.000000 69.000000 2.000000 12.000000 4.000000
31.650000 3.485845 1001.722500 1.000000 5.000000 333.000000 53.000000 6.000000 12.000000 31.000000
337.670000 5.825026 114021.028900 3.000000 8.000000 152.000000 65.000000 2.000000 6.000000 19.000000
267.310000 5.592143 71454.636100 0.000000 8.000000 153.000000 65.000000 6.000000 9.000000 15.000000
104.860000 4.662117 10995.619600 1.000000 1.000000 323.000000 52.000000 5.000000 7.000000 1.000000
143.860000 4.975768 20695.699600 4.000000 1.000000 134.000000 60.000000 2.000000 6.000000 12.000000
71.470000 4.283173 5107.960900 1.000000 2.000000 309.000000 48.000000 5.000000 1.000000 14.000000
88.160000 4.490433 7772.185600 2.000000 5.000000 242.000000 61.000000 5.000000 3.000000 18.000000
119.190000 4.789074 14206.256100 3.000000 7.000000 4.000000 37.000000 1.000000 3.000000 12.000000
68.970000 4.248067 4756.860900 2.000000 1.000000 35.000000 48.000000 2.000000 5.000000 29.000000
80.010000 4.394573 6401.600100 2.000000 1.000000 139.000000 56.000000 0.000000 5.000000 15.000000
109.990000 4.709440 12097.800100 4.000000 2.000000 109.000000 64.000000 4.000000 3.000000 10.000000
152.310000 5.032462 23198.336100 1.000000 1.000000 292.000000 60.000000 6.000000 7.000000 30.000000
13.100000 2.646175 171.610000 2.000000 1.000000 65.000000 63.000000 0.000000 7.000000 1.000000
92.570000 4.538710 8569.204900 4.000000 7.000000 163.000000 35.000000 5.000000 6.000000 3.000000
42.090000 3.763291 1771.568100 4.000000 7.000000 53.000000 46.000000 4.000000 4.000000 12.000000
70.780000 4.273606 5009.808400 1.000000 5.000000 330.000000 46.000000 1.000000 3.000000 12.000000
201.080000 5.308664 40433.166400 3.000000 8.000000 45.000000 57.000000 5.000000 9.000000 2.000000
22.300000 3.148453 497.290000 2.000000 5.000000 4.000000 44.000000 2.000000 12.000000 4.000000
51.730000 3.965185 2675.992900 1.000000 7.000000 335.000000 43.000000 6.000000 3.000000 24.000000
26.720000 3.322154 713.958400 4.000000 3.000000 117.000000 59.000000 4.000000 6.000000 28.000000
31.310000 3.475377 980.316100 3.000000 0.000000 320.000000 63.000000 6.000000 2.000000 11.000000
126.330000 4.846782 15959.268900 2.000000 0.000000 57.000000 60.000000 0.000000 10.000000 2.000000
65.240000 4.193285 4256.257600 2.000000 0.000000 105.000000 70.000000 1.000000 10.000000 10.000000
51.860000 3.967647 2689.459600 0.000000 8.000000 252.000000 68.000000 6.000000 3.000000 19.000000
60.310000 4.115943 3637.296100 2.000000 5.000000 225.000000 51.000000 4.000000 8.000000 30.000000
17.380000 2.911263 302.064400 4.000000 2.000000 80.000000 56.000000 6.000000 2.000000 4.000000
5.000000 1.791759 25.000000 1.000000 8.000000 314.000000 50.000000 4.000000 9.000000 6.000000
130.290000 4.877409 16975.484100 2.000000 1.000000 236.000000 61.000000 0.000000 10.000000 16.000000
67.990000 4.233962 4622.640100 3.000000 4.000000 136.000000 63.000000 4.000000 7.000000 7.000000
21.500000 3.113515 462.250000 2.000000 0.000000 178.000000 56.000000 2.000000 7.000000 31.000000
116.360000 4.765246 13539.649600 2.000000 2.000000 266.000000 60.000000 3.000000 6.000000 29.000000
122.620000 4.817212 15035.664400 2.000000 5.000000 337.000000 51.000000 6.000000 5.000000 7.000000
68.170000 4.236567 4647.148900 4.000000 8.000000 109.000000 59.000000 5.000000 8.000000 12.000000
16.000000 2.833213 256.000000 1.000000 5.000000 135.000000 62.000000 5.000000 12.000000 21.000000
65.680000 4.199905 4313.862400 0.000000 7.000000 314.000000 63.000000 3.000000 6.000000 6.000000
68.240000 4.237579 4656.697600 1.000000 5.000000 75.000000 62.000000 2.000000 1.000000 10.000000
164.190000 5.107096 26958.356100 2.000000 1.000000 137.000000 63.000000 0.000000 3.000000 25.000000
73.740000 4.314015 5437.587600 4.000000 6.000000 162.000000 48.000000 2.000000 9.000000 6.000000
191.580000 5.260512 36702.896400 1.000000 0.000000 170.000000 60.000000 3.000000 5.000000 16.000000
16.220000 2.846071 263.088400 3.000000 8.000000 271.000000 59.000000 0.000000 6.000000 12.000000
95.280000 4.567261 9078.278400 3.000000 5.000000 133.000000 59.000000 2.000000 3.000000 1.000000
103.900000 4.653008 10795.210000 4.000000 0.000000 197.000000 47.000000 0.000000 10.000000 2.000000
122.020000 4.812347 14888.880400 1.000000 5.000000 4.000000 48.000000 3.000000 3.000000 16.000000
64.700000 4.185099 4186.090000 0.000000 1.000000 177.000000 43.000000 6.000000 1.000000 21.000000
54.580000 4.017823 2978.976400 0.000000 1.000000 38.000000 51.000000 0.000000 6.000000 17.000000
24.760000 3.248823 613.057600 3.000000 5.000000 242.000000 60.000000 5.000000 7.000000 22.000000
28.960000 3.399863 838.681600 2.000000 4.000000 338.000000 57.000000 5.000000 6.000000 15.000000
18.060000 2.947592 326.163600 0.000000 4.000000 80.000000 59.000000 0.000000 7.000000 8.000000
28.560000 3.386422 815.673600 0.000000 6.000000 259.000000 62.000000 2.000000 4.000000 5.000000
104.010000 4.654056 10818.080100 2.000000 4.000000 15.000000 52.000000 1.000000 9.000000 3.000000
5.000000 1.791759 25.000000 3.000000 5.000000 2.000000 41.000000 4.000000 4.000000 21.000000
80.820000 4.404522 6531.872400 1.000000 8.000000 232.000000 50.000000 6.000000 3.000000 31.000000
33.100000 3.529297 1095.610000 2.000000 4.000000 333.000000 53.000000 5.000000 6.000000 22.000000
201.590000 5.311184 40638.528100 2.000000 4.000000 84.000000 53.000000 0.000000 8.000000 12.000000
54.530000 4.016923 2973.520900 0.000000 0.000000 50.000000 54.000000 2.000000 6.000000 14.000000
18.940000 2.992728 358.723600 2.000000 5.000000 87.000000 59.000000 3.000000 5.000000 16.000000
229.190000 5.438905 52528.056100 1.000000 8.000000 222.000000 43.000000 0.000000 8.000000 28.000000
41.550000 3.750680 1726.402500 0.000000 5.000000 268.000000 63.000000 2.000000 7.000000 19.000000
50.540000 3.942358 2554.291600 1.000000 5.000000 126.000000 50.000000 6.000000 6.000000 18.000000
85.710000 4.462569 7346.204100 3.000000 5.000000 306.000000 59.000000 4.000000 4.000000 12.000000
56.410000 4.050219 3182.088100 0.000000 2.000000 83.000000 56.000000 3.000000 8.000000 8.000000
21.990000 3.135059 483.560100 2.000000 1.000000 336.000000 57.000000 6.000000 6.000000 11.000000
134.870000 4.911699 18189.916900 4.000000 0.000000 131.000000 64.000000 1.000000 12.000000 19.000000
37.790000 3.658162 1428.084100 0.000000 5.000000 90.000000 51.000000 0.000000 6.000000 24.000000
23.270000 3.189241 541.492900 0.000000 2.000000 262.000000 62.000000 1.000000 7.000000 23.000000
136.970000 4.927036 18760.780900 3.000000 3.000000 13.000000 52.000000 5.000000 12.000000 14.000000
29.040000 3.402530 843.321600 2.000000 5.000000 230.000000 60.000000 1.000000 3.000000 5.000000
188.800000 5.245971 35645.440000 0.000000 4.000000 131.000000 52.000000 1.000000 10.000000 29.000000
52.620000 3.981922 2768.864400 4.000000 4.000000 50.000000 54.000000 0.000000 7.000000 24.000000
64.470000 4.181592 4156.380900 1.000000 5.000000 177.000000 50.000000 3.000000 5.000000 23.000000
27.980000 3.366606 782.880400 2.000000 2.000000 238.000000 62.000000 1.000000 7.000000 23.000000
175.630000 5.174057 30845.896900 0.000000 4.000000 26.000000 52.000000 3.000000 3.000000 9.000000
5.000000 1.791759 25.000000 2.000000 0.000000 264.000000 62.000000 3.000000 1.000000 25.000000
38.770000 3.683113 1503.112900 4.000000 2.000000 73.000000 62.000000 3.000000 12.000000 7.000000
66.580000 4.213312 4432.896400 3.000000 6.000000 158.000000 52.000000 0.000000 3.000000 20.000000
71.230000 4.279855 5073.712900 2.000000 6.000000 177.000000 49.000000 4.000000 9.000000 1.000000
128.800000 4.865995 16589.440000 4.000000 2.000000 234.000000 61.000000 4.000000 6.000000 28.000000
65.140000 4.191774 4243.219600 1.000000 6.000000 167.000000 50.000000 4.000000 9.000000 29.000000
65.560000 4.198104 4298.113600 0.000000 5.000000 120.000000 59.000000 2.000000 2.000000 14.000000
94.020000 4.554087 8839.760400 3.000000 3.000000 308.000000 56.000000 2.000000 1.000000 25.000000
121.970000 4.811940 14876.680900 2.000000 0.000000 254.000000 47.000000 5.000000 5.000000 25.000000
343.200000 5.841223 117786.240000 2.000000 0.000000 27.000000 56.000000 2.000000 5.000000 3.000000
323.110000 5.781083 104400.072100 3.000000 4.000000 93.000000 64.000000 6.000000 1.000000 14.000000
420.370000 6.043511 176710.936900 0.000000 5.000000 279.000000 57.000000 0.000000 1.000000 2.000000
44.310000 3.813528 1963.376100 4.000000 6.000000 108.000000 71.000000 1.000000 9.000000 26.000000
52.560000 3.980803 2762.553600 0.000000 5.000000 260.000000 51.000000 0.000000 4.000000 1.000000
41.390000 3.746912 1713.132100 2.000000 1.000000 79.000000 56.000000 1.000000 6.000000 4.000000
15.660000 2.813011 245.235600 4.000000 8.000000 70.000000 62.000000 6.000000 2.000000 11.000000
37.390000 3.647797 1398.012100 2.000000 5.000000 260.000000 59.000000 5.000000 4.000000 1.000000
58.740000 4.090002 3450.387600 3.000000 2.000000 68.000000 56.000000 4.000000 10.000000 6.000000
61.630000 4.137244 3798.256900 4.000000 0.000000 116.000000 67.000000 6.000000 7.000000 2.000000
19.690000 3.029650 387.696100 1.000000 6.000000 13.000000 55.000000 1.000000 10.000000 24.000000
95.510000 4.569647 9122.160100 4.000000 5.000000 323.000000 59.000000 2.000000 1.000000 3.000000
75.260000 4.334149 5664.067600 1.000000 7.000000 139.000000 63.000000 3.000000 5.000000 9.000000
5.000000 1.791759 25.000000 0.000000 0.000000 64.000000 60.000000 5.000000 2.000000 17.000000
140.840000 4.954700 19835.905600 1.000000 8.000000 170.000000 59.000000 6.000000 2.000000 11.000000
101.400000 4.628887 10281.960000 3.000000 5.000000 246.000000 47.000000 6.000000 3.000000 17.000000
100.360000 4.618679 10072.129600 2.000000 6.000000 137.000000 57.000000 2.000000 2.000000 22.000000
152.170000 5.031548 23155.708900 4.000000 4.000000 301.000000 60.000000 3.000000 4.000000 27.000000
106.950000 4.681668 11438.302500 2.000000 2.000000 177.000000 44.000000 3.000000 2.000000 15.000000
100.130000 4.616407 10026.016900 0.000000 7.000000 117.000000 65.000000 4.000000 6.000000 2.000000
23.560000 3.201119 555.073600 3.000000 3.000000 83.000000 63.000000 2.000000 7.000000 19.000000
253.560000 5.539537 64292.673600 1.000000 6.000000 289.000000 58.000000 6.000000 3.000000 19.000000
185.220000 5.226929 34306.448400 1.000000 3.000000 236.000000 58.000000 4.000000 3.000000 3.000000
59.940000 4.109890 3592.803600 4.000000 1.000000 265.000000 63.000000 5.000000 1.000000 21.000000
368.620000 5.912475 135880.704400 1.000000 0.000000 290.000000 58.000000 3.000000 3.000000 16.000000
27.660000 3.355502 765.075600 0.000000 2.000000 109.000000 59.000000 2.000000 6.000000 7.000000
74.180000 4.319885 5502.672400 3.000000 3.000000 131.000000 63.000000 3.000000 5.000000 23.000000
35.990000 3.610648 1295.280100 1.000000 5.000000 289.000000 56.000000 3.000000 5.000000 9.000000
39.110000 3.691626 1529.592100 3.000000 5.000000 153.000000 65.000000 2.000000 6.000000 12.000000
65.350000 4.194944 4270.622500 2.000000 5.000000 197.000000 40.000000 2.000000 1.000000 18.000000
119.630000 4.792728 14311.336900 1.000000 5.000000 45.000000 58.000000 0.000000 7.000000 22.000000
19.970000 3.043093 398.800900 0.000000 2.000000 301.000000 62.000000 4.000000 4.000000 14.000000
213.590000 5.368729 45620.688100 3.000000 4.000000 233.000000 61.000000 2.000000 8.000000 30.000000
79.940000 4.393708 6390.403600 1.000000 8.000000 261.000000 59.000000 2.000000 5.000000 8.000000
22.470000 3.155723 504.900900 0.000000 4.000000 324.000000 66.000000 5.000000 3.000000 25.000000
25.600000 3.280911 655.360000 1.000000 8.000000 261.000000 56.000000 1.000000 7.000000 2.000000
164.530000 5.109152 27070.120900 3.000000 0.000000 237.000000 58.000000 5.000000 7.000000 15.000000
49.660000 3.925137 2466.115600 2.000000 5.000000 49.000000 39.000000 1.000000 3.000000 12.000000
125.860000 4.843084 15840.739600 1.000000 0.000000 131.000000 52.000000 6.000000 8.000000 25.000000
119.910000 4.795046 14378.408100 0.000000 5.000000 314.000000 60.000000 3.000000 5.000000 18.000000
5.410000 1.857859 29.268100 3.000000 8.000000 56.000000 58.000000 3.000000 6.000000 22.000000
173.460000 5.161695 30088.371600 1.000000 5.000000 38.000000 56.000000 6.000000 5.000000 14.000000
39.040000 3.689879 1524.121600 3.000000 3.000000 268.000000 63.000000 1.000000 10.000000 3.000000
43.220000 3.789177 1867.968400 3.000000 5.000000 199.000000 52.000000 0.000000 1.000000 8.000000
5.000000 1.791759 25.000000 2.000000 7.000000 114.000000 70.000000 6.000000 3.000000 24.000000
165.610000 5.115656 27426.672100 0.000000 6.000000 285.000000 54.000000 5.000000 6.000000 29.000000
183.130000 5.215642 33536.596900 0.000000 4.000000 232.000000 50.000000 3.000000 8.000000 29.000000
18.560000 2.973487 344.473600 3.000000 6.000000 58.000000 50.000000 3.000000 6.000000 22.000000
268.980000 5.598348 72350.240400 4.000000 7.000000 138.000000 53.000000 0.000000 4.000000 1.000000
57.210000 4.064057 3272.984100 2.000000 1.000000 253.000000 43.000000 6.000000 1.000000 1.000000
64.930000 4.188594 4215.904900 3.000000 3.000000 129.000000 51.000000 4.000000 3.000000 3.000000
50.510000 3.941776 2551.260100 1.000000 5.000000 215.000000 68.000000 5.000000 3.000000 11.000000
73.040000 4.304605 5334.841600 3.000000 4.000000 149.000000 64.000000 6.000000 1.000000 28.000000
179.690000 5.196783 32288.496100 0.000000 1.000000 197.000000 48.000000 2.000000 5.000000 24.000000
332.750000 5.810392 110722.562500 3.000000 2.000000 87.000000 61.000000 3.000000 4.000000 25.000000
93.020000 4.543508 8652.720400 2.000000 5.000000 270.000000 63.000000 5.000000 9.000000 7.000000
42.350000 3.769307 1793.522500 0.000000 5.000000 271.000000 63.000000 6.000000 8.000000 6.000000
110.790000 4.716622 12274.424100 1.000000 1.000000 128.000000 57.000000 0.000000 2.000000 5.000000
344.000000 5.843544 118336.000000 0.000000 4.000000 19.000000 56.000000 3.000000 6.000000 22.000000
15.250000 2.788093 232.562500 3.000000 4.000000 67.000000 51.000000 2.000000 4.000000 3.000000
106.010000 4.672922 11238.120100 3.000000 2.000000 138.000000 52.000000 6.000000 2.000000 11.000000
217.350000 5.386099 47241.022500 4.000000 2.000000 174.000000 56.000000 3.000000 1.000000 26.000000
87.040000 4.477791 7575.961600 0.000000 5.000000 7.000000 43.000000 2.000000 11.000000 8.000000
6.900000 2.066863 47.610000 3.000000 8.000000 207.000000 67.000000 3.000000 3.000000 14.000000
270.260000 5.603078 73040.467600 3.000000 7.000000 63.000000 49.000000 1.000000 3.000000 7.000000
260.100000 5.564903 67652.010000 1.000000 2.000000 288.000000 54.000000 5.000000 3.000000 30.000000
74.750000 4.327438 5587.562500 4.000000 5.000000 320.000000 59.000000 4.000000 10.000000 18.000000
96.130000 4.576050 9240.976900 3.000000 5.000000 139.000000 51.000000 2.000000 4.000000 5.000000
35.280000 3.591267 1244.678400 0.000000 0.000000 5.000000 49.000000 0.000000 1.000000 9.000000
69.140000 4.250493 4780.339600 4.000000 4.000000 104.000000 64.000000 5.000000 1.000000 28.000000
168.460000 5.132617 28378.771600 4.000000 3.000000 242.000000 62.000000 3.000000 7.000000 11.000000
108.830000 4.698934 11843.968900 4.000000 3.000000 336.000000 58.000000 5.000000 3.000000 23.000000
118.590000 4.784069 14063.588100 2.000000 1.000000 226.000000 45.000000 3.000000 6.000000 6.000000
35.210000 3.589335 1239.744100 1.000000 5.000000 258.000000 48.000000 2.000000 11.000000 8.000000
5.000000 1.791759 25.000000 4.000000 5.000000 232.000000 48.000000 3.000000 2.000000 1.000000
75.770000 4.340814 5741.092900 4.000000 1.000000 74.000000 63.000000 1.000000 3.000000 14.000000
78.430000 4.374876 6151.264900 3.000000 4.000000 265.000000 56.000000 2.000000 7.000000 3.000000
17.820000 2.934920 317.552400 1.000000 6.000000 309.000000 51.000000 2.000000 6.000000 19.000000
52.480000 3.979308 2754.150400 1.000000 5.000000 254.000000 37.000000 4.000000 12.000000 22.000000
111.010000 4.718588 12323.220100 2.000000 7.000000 335.000000 52.000000 0.000000 8.000000 21.000000
125.610000 4.841111 15777.872100 2.000000 4.000000 84.000000 60.000000 5.000000 2.000000 17.000000
95.780000 4.572440 9173.808400 3.000000 3.000000 138.000000 63.000000 2.000000 1.000000 4.000000
10.770000 2.465554 115.992900 4.000000 0.000000 226.000000 50.000000 5.000000 10.000000 14.000000
31.730000 3.488292 1006.792900 3.000000 6.000000 66.000000 63.000000 1.000000 11.000000 26.000000
17.990000 2.943913 323.640100 4.000000 6.000000 85.000000 62.000000 0.000000 5.000000 8.000000
59.090000 4.095843 3491.628100 4.000000 5.000000 161.000000 41.000000 0.000000 2.000000 20.000000
73.520000 4.311068 5405.190400 1.000000 7.000000 237.000000 54.000000 5.000000 12.000000 30.000000
454.270000 6.120891 206361.232900 4.000000 5.000000 290.000000 58.000000 1.000000 5.000000 2.000000
61.230000 4.130837 3749.112900 2.000000 1.000000 11.000000 58.000000 4.000000 12.000000 13.000000
28.390000 3.380654 805.992100 4.000000 1.000000 268.000000 59.000000 4.000000 8.000000 11.000000
5.000000 1.791759 25.000000 0.000000 6.000000 120.000000 59.000000 6.000000 2.000000 18.000000
56.280000 4.047952 3167.438400 2.000000 2.000000 12.000000 51.000000 6.000000 11.000000 3.000000
246.480000 5.511330 60752.390400 1.000000 3.000000 293.000000 57.000000 0.000000 9.000000 16.000000
106.240000 4.675069 11286.937600 4.000000 5.000000 291.000000 46.000000 0.000000 10.000000 23.000000
53.990000 4.007151 2914.920100 2.000000 5.000000 47.000000 63.000000 2.000000 10.000000 30.000000
34.140000 3.559340 1165.539600 3.000000 3.000000 260.000000 59.000000 3.000000 5.000000 16.000000
80.850000 4.404888 6536.722500 4.000000 1.000000 5.000000 48.000000 6.000000 6.000000 2.000000
37.250000 3.644144 1387.562500 2.000000 5.000000 333.000000 42.000000 3.000000 9.000000 12.000000
267.330000 5.592218 71465.328900 3.000000 7.000000 101.000000 60.000000 6.000000 12.000000 10.000000
31.040000 3.466985 963.481600 3.000000 2.000000 46.000000 63.000000 5.000000 7.000000 29.000000
73.720000 4.313748 5434.638400 0.000000 7.000000 99.000000 67.000000 4.000000 9.000000 15.000000
209.470000 5.349343 43877.680900 4.000000 5.000000 269.000000 60.000000 4.000000 7.000000 5.000000
194.540000 5.275765 37845.811600 0.000000 6.000000 36.000000 56.000000 5.000000 7.000000 22.000000
279.580000 5.636859 78164.976400 4.000000 6.000000 40.000000 49.000000 2.000000 4.000000 17.000000
158.460000 5.071793 25109.571600 0.000000 8.000000 231.000000 62.000000 1.000000 5.000000 28.000000
46.380000 3.858200 2151.104400 3.000000 1.000000 229.000000 54.000000 3.000000 5.000000 16.000000
82.860000 4.429149 6865.779600 1.000000 4.000000 288.000000 51.000000 3.000000 7.000000 27.000000
191.530000 5.260252 36683.740900 1.000000 2.000000 27.000000 44.000000 6.000000 8.000000 27.000000
19.940000 3.041661 397.603600 4.000000 0.000000 228.000000 42.000000 6.000000 12.000000 10.000000
114.770000 4.751605 13172.152900 4.000000 4.000000 154.000000 62.000000 0.000000 9.000000 11.000000
5.000000 1.791759 25.000000 3.000000 2.000000 230.000000 56.000000 4.000000 6.000000 14.000000
57.430000 4.067829 3298.204900 2.000000 3.000000 135.000000 63.000000 0.000000 3.000000 18.000000
82.940000 4.430102 6879.043600 1.000000 8.000000 4.000000 36.000000 4.000000 6.000000 7.000000
221.780000 5.406185 49186.368400 0.000000 4.000000 35.000000 52.000000 5.000000 5.000000 4.000000
113.230000 4.738214 12821.032900 2.000000 6.000000 245.000000 51.000000 5.000000 9.000000 21.000000
105.690000 4.669927 11170.376100 1.000000 5.000000 335.000000 44.000000 2.000000 3.000000 20.000000
5.000000 1.791759 25.000000 3.000000 7.000000 203.000000 56.000000 2.000000 6.000000 14.000000
82.840000 4.428910 6862.465600 0.000000 6.000000 303.000000 62.000000 6.000000 2.000000 25.000000
117.660000 4.776262 13843.875600 0.000000 3.000000 211.000000 59.000000 6.000000 3.000000 12.000000
151.070000 5.024341 22822.144900 1.000000 2.000000 147.000000 62.000000 5.000000 10.000000 26.000000
206.440000 5.334842 42617.473600 3.000000 1.000000 155.000000 59.000000 1.000000 8.000000 29.000000
54.840000 4.022490 3007.425600 4.000000 7.000000 212.000000 65.000000 2.000000 2.000000 8.000000
238.500000 5.478553 56882.250000 1.000000 2.000000 291.000000 51.000000 1.000000 1.000000 16.000000
122.780000 4.818506 15074.928400 0.000000 2.000000 26.000000 44.000000 5.000000 7.000000 15.000000
53.750000 4.002777 2889.062500 2.000000 5.000000 312.000000 62.000000 2.000000 9.000000 13.000000
268.260000 5.595677 71963.427600 1.000000 2.000000 222.000000 43.000000 0.000000 4.000000 24.000000
242.530000 5.495240 58820.800900 1.000000 5.000000 299.000000 57.000000 1.000000 5.000000 7.000000
43.520000 3.795939 1893.990400 3.000000 6.000000 22.000000 48.000000 3.000000 9.000000 7.000000
31.650000 3.485845 1001.722500 2.000000 7.000000 128.000000 56.000000 6.000000 10.000000 22.000000
459.430000 6.132161 211075.924900 2.000000 6.000000 279.000000 51.000000 6.000000 2.000000 5.000000
62.190000 4.146146 3867.596100 0.000000 8.000000 235.000000 60.000000 2.000000 5.000000 24.000000
5.000000 1.791759 25.000000 2.000000 1.000000 268.000000 62.000000 0.000000 6.000000 24.000000
33.800000 3.549617 1142.440000 4.000000 3.000000 260.000000 56.000000 4.000000 11.000000 17.000000
68.000000 4.234107 4624.000000 0.000000 6.000000 228.000000 48.000000 6.000000 3.000000 31.000000
79.790000 4.391853 6366.444100 3.000000 5.000000 323.000000 61.000000 4.000000 4.000000 26.000000
63.350000 4.164337 4013.222500 1.000000 3.000000 229.000000 54.000000 6.000000 12.000000 17.000000
106.810000 4.680370 11408.376100 3.000000 8.000000 281.000000 51.000000 0.000000 9.000000 2.000000
38.710000 3.681603 1498.464100 1.000000 2.000000 266.000000 59.000000 1.000000 4.000000 9.000000
84.160000 4.444532 7082.905600 2.000000 0.000000 5.000000 48.000000 6.000000 3.000000 31.000000
33.280000 3.534562 1107.558400 0.000000 5.000000 204.000000 62.000000 4.000000 3.000000 31.000000
5.000000 1.791759 25.000000 2.000000 5.000000 232.000000 60.000000 4.000000 4.000000 26.000000
67.480000 4.226542 4553.550400 0.000000 8.000000 216.000000 69.000000 1.000000 6.000000 20.000000
84.030000 4.443004 7061.040900 1.000000 2.000000 336.000000 56.000000 4.000000 1.000000 6.000000
5.000000 1.791759 25.000000 3.000000 5.000000 278.000000 44.000000 2.000000 10.000000 16.000000
154.300000 5.045359 23808.490000 2.000000 0.000000 157.000000 62.000000 2.000000 5.000000 17.000000
5.000000 1.791759 25.000000 3.000000 6.000000 100.000000 61.000000 3.000000 8.000000 15.000000
284.810000 5.655327 81116.736100 1.000000 4.000000 193.000000 46.000000 3.000000 4.000000 13.000000
557.620000 6.325469 310940.064400 4.000000 6.000000 272.000000 51.000000 2.000000 2.000000 14.000000
14.550000 2.744061 211.702500 0.000000 2.000000 191.000000 71.000000 6.000000 10.000000 8.000000
25.060000 3.260402 628.003600 3.000000 6.000000 81.000000 56.000000 4.000000 6.000000 28.000000
50.780000 3.947004 2578.608400 1.000000 3.000000 213.000000 57.000000 0.000000 9.000000 11.000000
70.380000 4.268018 4953.344400 2.000000 4.000000 108.000000 64.000000 1.000000 9.000000 17.000000
46.660000 3.864092 2177.155600 2.000000 0.000000 106.000000 67.000000 6.000000 4.000000 7.000000
68.350000 4.239166 4671.722500 1.000000 2.000000 120.000000 67.000000 2.000000 5.000000 24.000000
51.870000 3.967836 2690.496900 4.000000 8.000000 176.000000 46.000000 6.000000 8.000000 25.000000
127.720000 4.857640 16312.398400 1.000000 3.000000 332.000000 45.000000 5.000000 4.000000 6.000000
174.120000 5.165471 30317.774400 2.000000 6.000000 234.000000 59.000000 4.000000 12.000000 8.000000
5.000000 1.791759 25.000000 2.000000 4.000000 79.000000 62.000000 3.000000 3.000000 21.000000
5.000000 1.791759 25.000000 0.000000 6.000000 50.000000 47.000000 0.000000 9.000000 4.000000
10.200000 2.415914 104.040000 1.000000 5.000000 298.000000 57.000000 6.000000 12.000000 29.000000
234.250000 5.460649 54873.062500 1.000000 5.000000 3.000000 36.000000 1.000000 4.000000 9.000000
25.070000 3.260785 628.504900 2.000000 6.000000 0.000000 59.000000 6.000000 11.000000 12.000000
87.460000 4.482550 7649.251600 0.000000 0.000000 8.000000 54.000000 6.000000 9.000000 3.000000
35.550000 3.598681 1263.802500 3.000000 5.000000 309.000000 51.000000 5.000000 11.000000 4.000000
132.460000 4.893802 17545.651600 2.000000 7.000000 322.000000 60.000000 2.000000 10.000000 30.000000
173.170000 5.160032 29987.848900 4.000000 6.000000 301.000000 48.000000 3.000000 5.000000 30.000000
91.530000 4.527533 8377.740900 3.000000 5.000000 142.000000 65.000000 2.000000 3.000000 29.000000
188.760000 5.245760 35630.337600 4.000000 4.000000 163.000000 44.000000 4.000000 11.000000 24.000000
107.770000 4.689236 11614.372900 2.000000 2.000000 277.000000 54.000000 0.000000 11.000000 25.000000
61.760000 4.139318 3814.297600 2.000000 7.000000 16.000000 56.000000 5.000000 2.000000 3.000000
133.570000 4.902085 17840.944900 2.000000 2.000000 147.000000 62.000000 1.000000 6.000000 6.000000
5.000000 1.791759 25.000000 3.000000 8.000000 159.000000 67.000000 2.000000 12.000000 4.000000
430.700000 6.067731 185502.490000 0.000000 0.000000 98.000000 60.000000 4.000000 10.000000 27.000000
114.400000 4.748404 13087.360000 1.000000 3.000000 241.000000 61.000000 3.000000 11.000000 7.000000
72.580000 4.298373 5267.856400 2.000000 6.000000 195.000000 48.000000 6.000000 7.000000 9.000000
75.900000 4.342506 5760.810000 4.000000 2.000000 279.000000 50.000000 6.000000 3.000000 26.000000
42.630000 3.775745 1817.316900 0.000000 0.000000 187.000000 70.000000 2.000000 2.000000 28.000000
416.410000 6.034069 173397.288100 1.000000 5.000000 144.000000 61.000000 0.000000 8.000000 7.000000
72.670000 4.299596 5280.928900 1.000000 5.000000 249.000000 43.000000 4.000000 8.000000 25.000000
56.050000 4.043928 3141.602500 4.000000 0.000000 176.000000 53.000000 1.000000 1.000000 16.000000
43.590000 3.797510 1900.088100 3.000000 3.000000 78.000000 59.000000 3.000000 4.000000 27.000000
100.850000 4.623501 10170.722500 3.000000 0.000000 197.000000 41.000000 3.000000 6.000000 13.000000
64.020000 4.174695 4098.560400 4.000000 5.000000 192.000000 71.000000 6.000000 7.000000 21.000000
5.060000 1.801710 25.603600 0.000000 5.000000 217.000000 44.000000 2.000000 11.000000 1.000000
153.840000 5.042392 23666.745600 3.000000 6.000000 312.000000 52.000000 5.000000 11.000000 2.000000
5.000000 1.791759 25.000000 0.000000 4.000000 20.000000 58.000000 6.000000 10.000000 6.000000
224.770000 5.419517 50521.552900 2.000000 2.000000 325.000000 57.000000 0.000000 4.000000 22.000000
5.000000 1.791759 25.000000 0.000000 7.000000 51.000000 50.000000 4.000000 12.000000 8.000000
19.100000 3.000720 364.810000 3.000000 4.000000 338.000000 58.000000 0.000000 3.000000 20.000000
436.650000 6.081420 190663.222500 1.000000 6.000000 103.000000 60.000000 5.000000 9.000000 21.000000
38.890000 3.686126 1512.432100 2.000000 3.000000 76.000000 63.000000 4.000000 10.000000 27.000000
198.510000 5.295864 39406.220100 1.000000 1.000000 319.000000 63.000000 5.000000 7.000000 27.000000
100.690000 4.621929 10138.476100 3.000000 0.000000 37.000000 63.000000 4.000000 3.000000 15.000000
109.770000 4.707456 12049.452900 0.000000 7.000000 254.000000 39.000000 3.000000 11.000000 14.000000
38.990000 3.688629 1520.220100 1.000000 8.000000 114.000000 55.000000 3.000000 2.000000 2.000000
73.480000 4.310531 5399.310400 2.000000 0.000000 187.000000 71.000000 2.000000 11.000000 13.000000
66.250000 4.208417 4389.062500 2.000000 7.000000 229.000000 57.000000 5.000000 6.000000 29.000000
129.650000 4.872522 16809.122500 0.000000 1.000000 156.000000 60.000000 0.000000 5.000000 1.000000
117.430000 4.774322 13789.804900 2.000000 5.000000 167.000000 44.000000 2.000000 1.000000 11.000000
29.690000 3.423937 881.496100 1.000000 5.000000 119.000000 64.000000 4.000000 3.000000 31.000000
183.290000 5.216511 33595.224100 2.000000 2.000000 274.000000 61.000000 2.000000 4.000000 3.000000
62.040000 4.143769 3848.961600 0.000000 8.000000 229.000000 61.000000 0.000000 4.000000 29.000000
165.650000 5.115896 27439.922500 4.000000 5.000000 290.000000 46.000000 6.000000 8.000000 6.000000
74.580000 4.325192 5562.176400 2.000000 1.000000 123.000000 48.000000 4.000000 7.000000 5.000000
61.220000 4.130676 3747.888400 4.000000 7.000000 139.000000 59.000000 1.000000 2.000000 27.000000
14.140000 2.717340 199.939600 2.000000 6.000000 216.000000 68.000000 3.000000 5.000000 16.000000
5.930000 1.935860 35.164900 2.000000 4.000000 202.000000 55.000000 0.000000 12.000000 4.000000
181.360000 5.205983 32891.449600 4.000000 0.000000 331.000000 48.000000 0.000000 5.000000 29.000000
80.540000 4.401094 6486.691600 3.000000 2.000000 251.000000 49.000000 1.000000 5.000000 14.000000
5.000000 1.791759 25.000000 0.000000 0.000000 94.000000 50.000000 0.000000 2.000000 13.000000
5.490000 1.870263 30.140100 4.000000 3.000000 102.000000 65.000000 4.000000 11.000000 10.000000
5.900000 1.931521 34.810000 1.000000 7.000000 108.000000 59.000000 6.000000 2.000000 12.000000
6.830000 2.057963 46.648900 2.000000 8.000000 232.000000 61.000000 6.000000 4.000000 14.000000
50.120000 3.934176 2512.014400 4.000000 6.000000 236.000000 54.000000 0.000000 3.000000 13.000000
34.410000 3.566994 1184.048100 2.000000 0.000000 266.000000 51.000000 1.000000 7.000000 30.000000
64.650000 4.184338 4179.622500 3.000000 7.000000 336.000000 57.000000 4.000000 11.000000 29.000000
251.400000 5.531015 63201.960000 2.000000 7.000000 155.000000 54.000000 2.000000 5.000000 3.000000
284.510000 5.654277 80945.940100 2.000000 2.000000 292.000000 54.000000 5.000000 4.000000 20.000000
59.270000 4.098834 3512.932900 1.000000 0.000000 120.000000 55.000000 5.000000 3.000000 9.000000
33.760000 3.548467 1139.737600 1.000000 8.000000 291.000000 56.000000 3.000000 6.000000 13.000000
5.000000 1.791759 25.000000 4.000000 5.000000 65.000000 55.000000 6.000000 2.000000 12.000000
29.400000 3.414443 864.360000 3.000000 3.000000 27.000000 52.000000 3.000000 3.000000 16.000000
61.770000 4.139477 3815.532900 1.000000 4.000000 202.000000 49.000000 3.000000 6.000000 22.000000
63.320000 4.163871 4009.422400 4.000000 1.000000 85.000000 63.000000 4.000000 7.000000 14.000000
434.990000 6.077619 189216.300100 1.000000 5.000000 166.000000 57.000000 2.000000 11.000000 13.000000
239.480000 5.482637 57350.670400 0.000000 2.000000 246.000000 39.000000 2.000000 10.000000 2.000000
49.750000 3.926912 2475.062500 1.000000 2.000000 262.000000 51.000000 6.000000 3.000000 3.000000
115.570000 4.758492 13356.424900 4.000000 2.000000 242.000000 55.000000 2.000000 2.000000 7.000000
54.370000 4.014038 2956.096900 1.000000 1.000000 163.000000 47.000000 3.000000 9.000000 5.000000
13.790000 2.693951 190.164100 1.000000 0.000000 208.000000 68.000000 4.000000 6.000000 21.000000
5.000000 1.791759 25.000000 2.000000 6.000000 188.000000 58.000000 6.000000 11.000000 24.000000
548.650000 6.309282 301016.822500 2.000000 5.000000 272.000000 51.000000 4.000000 10.000000 27.000000
70.140000 4.264650 4919.619600 1.000000 5.000000 110.000000 71.000000 2.000000 5.000000 17.000000
198.260000 5.294611 39307.027600 0.000000 2.000000 26.000000 56.000000 6.000000 11.000000 26.000000
65.070000 4.190715 4234.104900 0.000000 5.000000 139.000000 51.000000 1.000000 4.000000 18.000000
46.010000 3.850360 2116.920100 4.000000 0.000000 267.000000 59.000000 3.000000 6.000000 6.000000
18.380000 2.964242 337.824400 0.000000 6.000000 207.000000 68.000000 5.000000 9.000000 28.000000
148.050000 5.004282 21918.802500 0.000000 7.000000 242.000000 58.000000 2.000000 7.000000 17.000000
184.190000 5.221382 33925.956100 0.000000 1.000000 23.000000 49.000000 4.000000 1.000000 5.000000
134.720000 4.910594 18149.478400 4.000000 7.000000 58.000000 39.000000 4.000000 12.000000 6.000000
92.630000 4.539351 8580.316900 4.000000 0.000000 172.000000 47.000000 3.000000 12.000000 14.000000
171.790000 5.152077 29511.804100 1.000000 2.000000 231.000000 62.000000 3.000000 9.000000 12.000000
126.390000 4.847253 15974.432100 3.000000 8.000000 193.000000 58.000000 6.000000 9.000000 1.000000
17.160000 2.899221 294.465600 4.000000 5.000000 76.000000 63.000000 4.000000 11.000000 15.000000
42.370000 3.769768 1795.216900 4.000000 5.000000 73.000000 56.000000 2.000000 6.000000 26.000000
41.220000 3.742894 1699.088400 1.000000 3.000000 87.000000 62.000000 0.000000 7.000000 22.000000
31.070000 3.467921 965.344900 3.000000 5.000000 74.000000 56.000000 6.000000 10.000000 1.000000
5.780000 1.913977 33.408400 3.000000 4.000000 178.000000 55.000000 5.000000 5.000000 20.000000
8.870000 2.289500 78.676900 0.000000 5.000000 262.000000 58.000000 0.000000 6.000000 5.000000
11.020000 2.486572 121.440400 0.000000 8.000000 186.000000 64.000000 3.000000 9.000000 28.000000
33.010000 3.526655 1089.660100 0.000000 4.000000 52.000000 51.000000 2.000000 7.000000 26.000000
137.420000 4.930293 18884.256400 1.000000 5.000000 297.000000 34.000000 3.000000 10.000000 26.000000
51.430000 3.959479 2645.044900 1.000000 5.000000 335.000000 43.000000 5.000000 5.000000 27.000000
10.600000 2.451005 112.360000 3.000000 1.000000 217.000000 45.000000 5.000000 8.000000 5.000000
48.620000 3.904394 2363.904400 2.000000 0.000000 210.000000 62.000000 2.000000 12.000000 25.000000
29.390000 3.414114 863.772100 1.000000 5.000000 85.000000 62.000000 5.000000 3.000000 23.000000
475.330000 6.166111 225938.608900 2.000000 0.000000 276.000000 51.000000 2.000000 7.000000 31.000000
107.550000 4.687211 11567.002500 1.000000 7.000000 133.000000 60.000000 3.000000 6.000000 8.000000
71.430000 4.282621 5102.244900 0.000000 4.000000 288.000000 56.000000 3.000000 3.000000 2.000000
55.340000 4.031405 3062.515600 3.000000 6.000000 162.000000 48.000000 3.000000 6.000000 29.000000
142.040000 4.963124 20175.361600 2.000000 8.000000 258.000000 49.000000 6.000000 4.000000 9.000000
48.110000 3.894063 2314.572100 4.000000 0.000000 242.000000 54.000000 1.000000 8.000000 15.000000
5.000000 1.791759 25.000000 2.000000 5.000000 332.000000 38.000000 2.000000 1.000000 11.000000
80.430000 4.399744 6468.984900 2.000000 5.000000 197.000000 40.000000 1.000000 6.000000 6.000000
86.730000 4.474264 7522.092900 4.000000 7.000000 89.000000 54.000000 1.000000 4.000000 23.000000
44.490000 3.817493 1979.360100 2.000000 0.000000 260.000000 51.000000 0.000000 1.000000 8.000000
51.300000 3.956996 2631.690000 0.000000 6.000000 261.000000 63.000000 4.000000 5.000000 10.000000
22.660000 3.163786 513.475600 2.000000 5.000000 55.000000 43.000000 4.000000 5.000000 3.000000
82.920000 4.429864 6875.726400 1.000000 3.000000 52.000000 63.000000 0.000000 12.000000 4.000000
61.920000 4.141864 3834.086400 0.000000 2.000000 28.000000 51.000000 4.000000 9.000000 8.000000
84.170000 4.444649 7084.588900 4.000000 0.000000 232.000000 54.000000 0.000000 1.000000 8.000000
52.180000 3.973682 2722.752400 2.000000 8.000000 105.000000 54.000000 1.000000 10.000000 8.000000
83.210000 4.433314 6923.904100 4.000000 3.000000 139.000000 56.000000 0.000000 2.000000 27.000000
373.840000 5.926499 139756.345600 3.000000 1.000000 276.000000 58.000000 1.000000 12.000000 24.000000
36.130000 3.614425 1305.376900 3.000000 4.000000 201.000000 61.000000 2.000000 3.000000 6.000000
24.170000 3.225653 584.188900 4.000000 5.000000 90.000000 51.000000 0.000000 8.000000 26.000000
102.950000 4.643910 10598.702500 4.000000 2.000000 243.000000 55.000000 0.000000 12.000000 30.000000
56.010000 4.043227 3137.120100 1.000000 5.000000 12.000000 47.000000 0.000000 4.000000 1.000000
97.690000 4.591984 9543.336100 4.000000 5.000000 2.000000 48.000000 2.000000 8.000000 23.000000
16.550000 2.865054 273.902500 3.000000 3.000000 35.000000 58.000000 4.000000 1.000000 6.000000
62.500000 4.151040 3906.250000 3.000000 4.000000 333.000000 54.000000 4.000000 9.000000 6.000000
10.820000 2.469793 117.072400 4.000000 5.000000 336.000000 52.000000 0.000000 7.000000 29.000000
56.200000 4.046554 3158.440000 0.000000 5.000000 117.000000 60.000000 5.000000 9.000000 21.000000
76.720000 4.353113 5885.958400 1.000000 0.000000 310.000000 56.000000 4.000000 5.000000 12.000000
45.440000 3.838161 2064.793600 4.000000 4.000000 195.000000 48.000000 6.000000 12.000000 8.000000
28.630000 3.388787 819.676900 2.000000 2.000000 50.000000 48.000000 6.000000 12.000000 24.000000
70.880000 4.274998 5023.974400 4.000000 7.000000 125.000000 57.000000 3.000000 4.000000 27.000000
58.230000 4.081428 3390.732900 2.000000 5.000000 43.000000 45.000000 2.000000 10.000000 18.000000
270.010000 5.602156 72905.400100 1.000000 3.000000 32.000000 55.000000 6.000000 7.000000 14.000000
61.760000 4.139318 3814.297600 1.000000 8.000000 295.000000 47.000000 6.000000 11.000000 17.000000
45.980000 3.849722 2114.160400 3.000000 8.000000 107.000000 67.000000 3.000000 3.000000 21.000000
42.950000 3.783053 1844.702500 1.000000 7.000000 45.000000 56.000000 3.000000 7.000000 25.000000
156.390000 5.058727 24457.832100 2.000000 5.000000 238.000000 55.000000 1.000000 2.000000 20.000000
49.220000 3.916413 2422.608400 0.000000 8.000000 84.000000 56.000000 4.000000 1.000000 26.000000
64.440000 4.181134 4152.513600 4.000000 6.000000 139.000000 62.000000 5.000000 11.000000 16.000000
147.990000 5.003879 21901.040100 2.000000 2.000000 44.000000 57.000000 0.000000 9.000000 25.000000
159.970000 5.081218 25590.400900 2.000000 6.000000 267.000000 61.000000 5.000000 1.000000 27.000000
54.750000 4.020877 2997.562500 4.000000 7.000000 169.000000 62.000000 0.000000 8.000000 7.000000
88.350000 4.492561 7805.722500 3.000000 5.000000 128.000000 56.000000 3.000000 8.000000 31.000000
74.670000 4.326382 5575.608900 3.000000 8.000000 217.000000 56.000000 4.000000 11.000000 29.000000
148.140000 5.004885 21945.459600 0.000000 5.000000 287.000000 62.000000 3.000000 10.000000 10.000000
20.310000 3.059176 412.496100 0.000000 5.000000 79.000000 63.000000 4.000000 5.000000 5.000000
11.000000 2.484907 121.000000 3.000000 6.000000 51.000000 40.000000 2.000000 6.000000 28.000000
39.670000 3.705491 1573.708900 4.000000 8.000000 190.000000 66.000000 1.000000 7.000000 16.000000
65.030000 4.190109 4228.900900 3.000000 8.000000 51.000000 40.000000 3.000000 8.000000 29.000000
86.970000 4.476996 7563.780900 3.000000 3.000000 304.000000 56.000000 2.000000 5.000000 8.000000
26.450000 3.312366 699.602500 4.000000 5.000000 66.000000 63.000000 1.000000 3.000000 26.000000
58.290000 4.082441 3397.724100 2.000000 5.000000 10.000000 42.000000 1.000000 5.000000 9.000000
27.710000 3.357245 767.844100 0.000000 1.000000 270.000000 63.000000 6.000000 9.000000 15.000000
160.410000 5.083948 25731.368100 3.000000 3.000000 162.000000 34.000000 1.000000 12.000000 5.000000
27.100000 3.335770 734.410000 2.000000 5.000000 134.000000 59.000000 5.000000 4.000000 8.000000
118.100000 4.779963 13947.610000 3.000000 2.000000 91.000000 52.000000 3.000000 7.000000 13.000000
55.560000 4.035302 3086.913600 3.000000 5.000000 204.000000 65.000000 2.000000 6.000000 14.000000
16.620000 2.869035 276.224400 1.000000 5.000000 158.000000 49.000000 6.000000 6.000000 2.000000
32.540000 3.512739 1058.851600 0.000000 5.000000 130.000000 59.000000 5.000000 5.000000 13.000000
278.020000 5.631283 77295.120400 0.000000 7.000000 46.000000 53.000000 3.000000 10.000000 10.000000
20.050000 3.046901 402.002500 3.000000 6.000000 70.000000 51.000000 2.000000 11.000000 27.000000
45.410000 3.837515 2062.068100 0.000000 6.000000 27.000000 55.000000 4.000000 5.000000 24.000000
31.520000 3.481855 993.510400 2.000000 2.000000 298.000000 46.000000 0.000000 8.000000 26.000000
238.250000 5.477509 56763.062500 3.000000 4.000000 286.000000 46.000000 4.000000 7.000000 26.000000
81.200000 4.409155 6593.440000 0.000000 8.000000 167.000000 38.000000 5.000000 10.000000 7.000000
46.560000 3.861992 2167.833600 2.000000 5.000000 258.000000 48.000000 6.000000 2.000000 12.000000
276.830000 5.627009 76634.848900 0.000000 3.000000 20.000000 55.000000 6.000000 8.000000 13.000000
56.910000 4.058890 3238.748100 1.000000 0.000000 336.000000 53.000000 6.000000 10.000000 8.000000
76.830000 4.354527 5902.848900 3.000000 2.000000 118.000000 71.000000 2.000000 6.000000 19.000000
44.040000 3.807551 1939.521600 2.000000 1.000000 180.000000 60.000000 2.000000 11.000000 1.000000
32.090000 3.499231 1029.768100 1.000000 5.000000 15.000000 50.000000 4.000000 7.000000 14.000000
18.930000 2.992226 358.344900 3.000000 7.000000 48.000000 60.000000 1.000000 3.000000 26.000000
344.190000 5.844095 118466.756100 4.000000 8.000000 160.000000 43.000000 2.000000 11.000000 22.000000
39.990000 3.713328 1599.200100 1.000000 6.000000 295.000000 48.000000 6.000000 10.000000 29.000000
6.710000 2.042518 45.024100 3.000000 1.000000 194.000000 66.000000 5.000000 8.000000 12.000000
50.840000 3.948162 2584.705600 2.000000 0.000000 135.000000 63.000000 0.000000 8.000000 5.000000
88.200000 4.490881 7779.240000 2.000000 6.000000 240.000000 57.000000 0.000000 1.000000 30.000000
55.630000 4.036539 3094.696900 2.000000 0.000000 71.000000 51.000000 1.000000 4.000000 11.000000
20.420000 3.064325 416.976400 1.000000 8.000000 117.000000 71.000000 2.000000 8.000000 16.000000
11.730000 2.543961 137.592900 2.000000 7.000000 64.000000 46.000000 0.000000 9.000000 2.000000
33.720000 3.547316 1137.038400 0.000000 4.000000 2.000000 45.000000 3.000000 8.000000 22.000000
67.520000 4.227126 4558.950400 0.000000 6.000000 234.000000 57.000000 0.000000 2.000000 26.000000
17.820000 2.934920 317.552400 0.000000 7.000000 185.000000 64.000000 2.000000 4.000000 12.000000
141.740000 4.961025 20090.227600 1.000000 4.000000 312.000000 57.000000 5.000000 9.000000 7.000000
27.020000 3.332919 730.080400 3.000000 0.000000 203.000000 65.000000 2.000000 11.000000 1.000000
21.300000 3.104587 453.690000 0.000000 5.000000 120.000000 71.000000 0.000000 9.000000 30.000000
57.550000 4.069881 3312.002500 4.000000 6.000000 295.000000 44.000000 1.000000 5.000000 23.000000
150.840000 5.022827 22752.705600 4.000000 6.000000 281.000000 58.000000 5.000000 5.000000 18.000000
155.880000 5.055481 24298.574400 1.000000 4.000000 8.000000 43.000000 3.000000 9.000000 14.000000
241.050000 5.489144 58105.102500 3.000000 6.000000 310.000000 52.000000 3.000000 8.000000 31.000000
46.440000 3.859466 2156.673600 3.000000 6.000000 77.000000 63.000000 4.000000 12.000000 20.000000
11.080000 2.491551 122.766400 2.000000 2.000000 228.000000 45.000000 4.000000 8.000000 16.000000
29.140000 3.405853 849.139600 4.000000 3.000000 265.000000 63.000000 0.000000 3.000000 6.000000
97.140000 4.586395 9436.179600 0.000000 6.000000 123.000000 48.000000 2.000000 8.000000 23.000000
161.310000 5.089508 26020.916100 1.000000 7.000000 19.000000 52.000000 6.000000 7.000000 2.000000
155.440000 5.052673 24161.593600 1.000000 3.000000 329.000000 40.000000 2.000000 9.000000 25.000000
19.840000 3.036874 393.625600 3.000000 3.000000 73.000000 59.000000 0.000000 8.000000 19.000000
26.820000 3.325755 719.312400 0.000000 5.000000 4.000000 48.000000 5.000000 4.000000 27.000000
33.840000 3.550766 1145.145600 1.000000 1.000000 60.000000 54.000000 5.000000 5.000000 18.000000
45.330000 3.835790 2054.808900 0.000000 5.000000 179.000000 64.000000 6.000000 3.000000 3.000000
462.640000 6.139108 214035.769600 3.000000 7.000000 173.000000 47.000000 0.000000 1.000000 15.000000
158.760000 5.073673 25204.737600 0.000000 5.000000 63.000000 56.000000 5.000000 4.000000 29.000000
33.530000 3.541829 1124.260900 2.000000 1.000000 195.000000 55.000000 6.000000 8.000000 13.000000
34.760000 3.576830 1208.257600 4.000000 1.000000 79.000000 59.000000 2.000000 5.000000 24.000000
35.480000 3.596764 1258.830400 3.000000 2.000000 20.000000 58.000000 4.000000 2.000000 2.000000
48.200000 3.895894 2323.240000 4.000000 7.000000 226.000000 47.000000 6.000000 3.000000 26.000000
138.690000 4.939426 19234.916100 3.000000 4.000000 239.000000 55.000000 6.000000 8.000000 25.000000
38.420000 3.674273 1476.096400 2.000000 0.000000 70.000000 63.000000 5.000000 7.000000 13.000000
76.480000 4.350020 5849.190400 0.000000 0.000000 226.000000 50.000000 2.000000 3.000000 13.000000
30.550000 3.451574 933.302500 3.000000 7.000000 118.000000 64.000000 5.000000 5.000000 6.000000
65.500000 4.197202 4290.250000 4.000000 7.000000 118.000000 70.000000 2.000000 1.000000 3.000000
222.160000 5.407889 49355.065600 2.000000 4.000000 210.000000 55.000000 3.000000 4.000000 18.000000
28.280000 3.376905 799.758400 2.000000 3.000000 172.000000 41.000000 4.000000 7.000000 28.000000
186.850000 5.235644 34912.922500 1.000000 7.000000 236.000000 58.000000 6.000000 12.000000 24.000000
5.000000 1.791759 25.000000 3.000000 8.000000 76.000000 55.000000 4.000000 5.000000 12.000000
67.660000 4.229167 4577.875600 1.000000 5.000000 209.000000 57.000000 1.000000 9.000000 5.000000
61.480000 4.134847 3779.790400 2.000000 2.000000 99.000000 54.000000 6.000000 11.000000 3.000000
48.370000 3.899343 2339.656900 1.000000 6.000000 262.000000 63.000000 3.000000 11.000000 9.000000
341.300000 5.835688 116485.690000 2.000000 5.000000 100.000000 64.000000 4.000000 1.000000 6.000000
45.850000 3.846951 2102.222500 1.000000 8.000000 90.000000 39.000000 1.000000 1.000000 10.000000
40.480000 3.725211 1638.630400 3.000000 8.000000 69.000000 63.000000 1.000000 3.000000 21.000000
136.230000 4.921658 18558.612900 1.000000 8.000000 320.000000 63.000000 2.000000 5.000000 31.000000
117.130000 4.771786 13719.436900 1.000000 3.000000 299.000000 53.000000 0.000000 11.000000 13.000000
103.160000 4.645928 10641.985600 0.000000 5.000000 4.000000 49.000000 5.000000 11.000000 4.000000
43.260000 3.790081 1871.427600 2.000000 2.000000 122.000000 40.000000 5.000000 6.000000 10.000000
60.810000 4.124065 3697.856100 0.000000 8.000000 332.000000 51.000000 6.000000 5.000000 12.000000
14.440000 2.736962 208.513600 2.000000 6.000000 332.000000 39.000000 3.000000 5.000000 2.000000
88.570000 4.495020 7844.644900 1.000000 1.000000 323.000000 56.000000 5.000000 1.000000 20.000000
50.790000 3.947197 2579.624100 0.000000 5.000000 125.000000 49.000000 4.000000 5.000000 10.000000
44.140000 3.809769 1948.339600 3.000000 3.000000 65.000000 63.000000 0.000000 9.000000 18.000000
21.160000 3.098289 447.745600 1.000000 7.000000 81.000000 56.000000 5.000000 12.000000 16.000000
56.770000 4.056470 3222.832900 0.000000 7.000000 117.000000 59.000000 6.000000 4.000000 23.000000
23.590000 3.202340 556.488100 0.000000 1.000000 125.000000 57.000000 5.000000 10.000000 5.000000
167.940000 5.129544 28203.843600 4.000000 8.000000 18.000000 44.000000 1.000000 2.000000 28.000000
459.580000 6.132487 211213.776400 4.000000 8.000000 241.000000 48.000000 3.000000 8.000000 29.000000
28.880000 3.397189 834.054400 1.000000 2.000000 118.000000 66.000000 0.000000 12.000000 4.000000
24.030000 3.220075 577.440900 4.000000 4.000000 20.000000 59.000000 3.000000 2.000000 9.000000
48.750000 3.907010 2376.562500 4.000000 8.000000 71.000000 62.000000 4.000000 3.000000 17.000000
131.720000 4.888242 17350.158400 4.000000 2.000000 57.000000 49.000000 4.000000 3.000000 10.000000
71.080000 4.277777 5052.366400 4.000000 0.000000 61.000000 47.000000 4.000000 12.000000 29.000000
165.590000 5.115536 27420.048100 0.000000 5.000000 239.000000 61.000000 1.000000 2.000000 20.000000
6.010000 1.947338 36.120100 4.000000 4.000000 51.000000 50.000000 1.000000 12.000000 19.000000
231.980000 5.450953 53814.720400 4.000000 3.000000 143.000000 62.000000 2.000000 8.000000 9.000000
29.400000 3.414443 864.360000 3.000000 5.000000 184.000000 59.000000 4.000000 7.000000 19.000000
171.890000 5.152656 29546.172100 2.000000 6.000000 80.000000 64.000000 1.000000 7.000000 25.000000
65.150000 4.191925 4244.522500 3.000000 7.000000 224.000000 56.000000 2.000000 3.000000 27.000000
111.420000 4.722242 12414.416400 4.000000 1.000000 317.000000 64.000000 5.000000 3.000000 25.000000
75.100000 4.332048 5640.010000 0.000000 5.000000 134.000000 62.000000 6.000000 10.000000 13.000000
173.700000 5.163070 30171.690000 1.000000 5.000000 198.000000 62.000000 3.000000 6.000000 6.000000
30.940000 3.463859 957.283600 0.000000 2.000000 62.000000 50.000000 5.000000 1.000000 14.000000
46.590000 3.862623 2170.628100 1.000000 1.000000 303.000000 56.000000 2.000000 8.000000 28.000000
32.610000 3.514824 1063.412100 2.000000 6.000000 179.000000 70.000000 5.000000 6.000000 15.000000
21.460000 3.111736 460.531600 3.000000 6.000000 86.000000 62.000000 1.000000 6.000000 11.000000
88.010000 4.488749 7745.760100 4.000000 8.000000 113.000000 70.000000 4.000000 5.000000 5.000000
45.330000 3.835790 2054.808900 2.000000 8.000000 204.000000 62.000000 2.000000 10.000000 30.000000
14.100000 2.714695 198.810000 3.000000 0.000000 77.000000 56.000000 1.000000 2.000000 6.000000
75.200000 4.333361 5655.040000 0.000000 6.000000 54.000000 58.000000 1.000000 7.000000 18.000000
5.000000 1.791759 25.000000 2.000000 1.000000 266.000000 50.000000 6.000000 1.000000 21.000000
113.810000 4.743279 12952.716100 0.000000 8.000000 285.000000 57.000000 6.000000 1.000000 1.000000
150.020000 5.017412 22506.000400 2.000000 5.000000 46.000000 56.000000 0.000000 3.000000 25.000000
69.890000 4.261129 4884.612100 4.000000 0.000000 79.000000 59.000000 4.000000 8.000000 25.000000
61.260000 4.131319 3752.787600 2.000000 4.000000 211.000000 69.000000 3.000000 4.000000 4.000000
137.970000 4.934258 19035.720900 1.000000 0.000000 301.000000 52.000000 1.000000 7.000000 25.000000
81.800000 4.416428 6691.240000 3.000000 5.000000 241.000000 49.000000 5.000000 7.000000 6.000000
18.840000 2.987700 354.945600 0.000000 3.000000 294.000000 51.000000 4.000000 4.000000 7.000000
17.570000 2.921547 308.704900 2.000000 3.000000 76.000000 59.000000 3.000000 5.000000 25.000000
43.870000 3.803769 1924.576900 0.000000 8.000000 119.000000 71.000000 4.000000 4.000000 5.000000
184.200000 5.221436 33929.640000 2.000000 6.000000 294.000000 49.000000 3.000000 8.000000 29.000000
26.450000 3.312366 699.602500 1.000000 5.000000 210.000000 62.000000 6.000000 3.000000 5.000000
92.310000 4.535927 8521.136100 2.000000 7.000000 133.000000 62.000000 1.000000 3.000000 12.000000
49.910000 3.930059 2491.008100 3.000000 6.000000 139.000000 59.000000 2.000000 9.000000 6.000000
27.290000 3.342508 744.744100 1.000000 8.000000 210.000000 57.000000 0.000000 9.000000 18.000000
17.960000 2.942331 322.561600 4.000000 4.000000 52.000000 62.000000 1.000000 3.000000 26.000000
107.440000 4.686197 11543.353600 3.000000 5.000000 135.000000 52.000000 5.000000 12.000000 30.000000
236.410000 5.469789 55889.688100 4.000000 7.000000 54.000000 53.000000 3.000000 6.000000 27.000000
17.660000 2.926382 311.875600 0.000000 6.000000 109.000000 59.000000 2.000000 7.000000 12.000000
226.420000 5.426799 51266.016400 4.000000 2.000000 15.000000 52.000000 3.000000 11.000000 28.000000
5.000000 1.791759 25.000000 1.000000 1.000000 223.000000 42.000000 3.000000 5.000000 11.000000
230.940000 5.446479 53333.283600 1.000000 6.000000 35.000000 56.000000 0.000000 9.000000 2.000000
5.000000 1.791759 25.000000 3.000000 7.000000 138.000000 50.000000 4.000000 10.000000 6.000000
5.000000 1.791759 25.000000 4.000000 1.000000 110.000000 66.000000 1.000000 2.000000 27.000000
5.000000 1.791759 25.000000 2.000000 4.000000 86.000000 50.000000 6.000000 4.000000 2.000000
199.580000 5.301213 39832.176400 0.000000 8.000000 20.000000 49.000000 0.000000 7.000000 3.000000
61.300000 4.131961 3757.690000 2.000000 5.000000 46.000000 60.000000 0.000000 6.000000 26.000000
127.470000 4.855695 16248.600900 2.000000 7.000000 327.000000 64.000000 4.000000 11.000000 10.000000
26.820000 3.325755 719.312400 1.000000 7.000000 120.000000 64.000000 3.000000 2.000000 22.000000
64.020000 4.174695 4098.560400 3.000000 5.000000 133.000000 63.000000 5.000000 2.000000 4.000000
122.110000 4.813078 14910.852100 0.000000 3.000000 301.000000 57.000000 2.000000 2.000000 15.000000
97.580000 4.590868 9521.856400 0.000000 5.000000 45.000000 53.000000 2.000000 5.000000 31.000000
79.710000 4.390862 6353.684100 0.000000 5.000000 243.000000 54.000000 5.000000 9.000000 14.000000
94.940000 4.563723 9013.603600 4.000000 8.000000 128.000000 63.000000 1.000000 3.000000 21.000000
95.700000 4.571613 9158.490000 0.000000 8.000000 12.000000 39.000000 4.000000 2.000000 10.000000
5.000000 1.791759 25.000000 2.000000 5.000000 330.000000 48.000000 0.000000 12.000000 9.000000
135.070000 4.913169 18243.904900 0.000000 6.000000 235.000000 61.000000 1.000000 12.000000 5.000000
109.100000 4.701389 11902.810000 0.000000 4.000000 229.000000 62.000000 4.000000 5.000000 17.000000
188.700000 5.245444 35607.690000 2.000000 1.000000 197.000000 44.000000 4.000000 12.000000 1.000000
82.410000 4.423768 6791.408100 0.000000 1.000000 57.000000 56.000000 2.000000 9.000000 4.000000
23.710000 3.207208 562.164100 0.000000 6.000000 84.000000 56.000000 0.000000 5.000000 15.000000
99.160000 4.606769 9832.705600 2.000000 0.000000 137.000000 63.000000 3.000000 9.000000 21.000000
150.130000 5.018140 22539.016900 3.000000 4.000000 132.000000 63.000000 2.000000 6.000000 7.000000
54.140000 4.009875 2931.139600 0.000000 5.000000 57.000000 48.000000 4.000000 8.000000 16.000000
61.960000 4.142500 3839.041600 0.000000 5.000000 332.000000 44.000000 3.000000 8.000000 31.000000
158.340000 5.071040 25071.555600 4.000000 0.000000 240.000000 55.000000 6.000000 9.000000 8.000000
21.410000 3.109507 458.388100 3.000000 2.000000 85.000000 59.000000 5.000000 5.000000 4.000000
129.780000 4.873517 16842.848400 4.000000 7.000000 12.000000 40.000000 5.000000 5.000000 25.000000
59.070000 4.095511 3489.264900 0.000000 0.000000 129.000000 59.000000 5.000000 3.000000 16.000000
5.000000 1.791759 25.000000 1.000000 3.000000 271.000000 61.000000 4.000000 8.000000 23.000000
272.500000 5.611302 74256.250000 0.000000 5.000000 153.000000 62.000000 0.000000 12.000000 4.000000
63.620000 4.168524 4047.504400 0.000000 1.000000 235.000000 60.000000 4.000000 3.000000 24.000000
120.030000 4.796038 14407.200900 2.000000 7.000000 324.000000 64.000000 2.000000 4.000000 10.000000
80.460000 4.400112 6473.811600 3.000000 6.000000 138.000000 63.000000 6.000000 7.000000 28.000000
45.880000 3.847591 2104.974400 0.000000 0.000000 215.000000 68.000000 1.000000 4.000000 18.000000
9.780000 2.377693 95.648400 2.000000 6.000000 115.000000 58.000000 2.000000 4.000000 17.000000
64.100000 4.175925 4108.810000 3.000000 6.000000 52.000000 63.000000 3.000000 2.000000 9.000000
51.480000 3.960432 2650.190400 1.000000 5.000000 138.000000 62.000000 5.000000 11.000000 9.000000
133.510000 4.901639 17824.920100 2.000000 5.000000 234.000000 61.000000 0.000000 5.000000 8.000000
127.420000 4.855306 16235.856400 2.000000 3.000000 244.000000 61.000000 0.000000 2.000000 5.000000
27.980000 3.366606 782.880400 1.000000 1.000000 172.000000 44.000000 5.000000 10.000000 5.000000
84.570000 4.449335 7152.084900 0.000000 5.000000 26.000000 54.000000 3.000000 8.000000 15.000000
297.810000 5.699808 88690.796100 3.000000 6.000000 3.000000 48.000000 4.000000 8.000000 4.000000
216.950000 5.384266 47067.302500 2.000000 8.000000 46.000000 56.000000 1.000000 2.000000 27.000000
239.070000 5.480931 57154.464900 0.000000 5.000000 150.000000 66.000000 4.000000 3.000000 24.000000
30.380000 3.446171 922.944400 4.000000 1.000000 7.000000 49.000000 4.000000 5.000000 3.000000
5.000000 1.791759 25.000000 0.000000 6.000000 229.000000 48.000000 4.000000 3.000000 24.000000
229.390000 5.439774 52619.772100 3.000000 5.000000 32.000000 52.000000 2.000000 9.000000 27.000000
22.190000 3.143721 492.396100 4.000000 3.000000 76.000000 59.000000 0.000000 6.000000 12.000000
23.440000 3.196221 549.433600 0.000000 2.000000 175.000000 55.000000 2.000000 3.000000 15.000000
33.610000 3.544143 1129.632100 4.000000 7.000000 71.000000 59.000000 6.000000 2.000000 12.000000
5.000000 1.791759 25.000000 2.000000 8.000000 76.000000 61.000000 2.000000 1.000000 17.000000
300.670000 5.709334 90402.448900 3.000000 1.000000 222.000000 55.000000 1.000000 8.000000 20.000000
62.080000 4.144404 3853.926400 3.000000 0.000000 249.000000 55.000000 6.000000 3.000000 5.000000
5.000000 1.791759 25.000000 0.000000 1.000000 158.000000 63.000000 5.000000 10.000000 26.000000
155.840000 5.055226 24286.105600 3.000000 7.000000 231.000000 61.000000 1.000000 5.000000 14.000000
53.030000 3.989539 2812.180900 1.000000 4.000000 289.000000 56.000000 5.000000 2.000000 11.000000
255.240000 5.546115 65147.457600 3.000000 8.000000 177.000000 48.000000 5.000000 7.000000 15.000000
52.490000 3.979495 2755.200100 0.000000 1.000000 7.000000 38.000000 3.000000 6.000000 29.000000
5.000000 1.791759 25.000000 3.000000 0.000000 271.000000 61.000000 2.000000 3.000000 15.000000
40.540000 3.726657 1643.491600 1.000000 0.000000 65.000000 51.000000 0.000000 7.000000 15.000000
65.490000 4.197052 4288.940100 0.000000 7.000000 7.000000 50.000000 5.000000 1.000000 6.000000
59.920000 4.109562 3590.406400 3.000000 5.000000 80.000000 56.000000 2.000000 9.000000 6.000000
244.200000 5.502074 59633.640000 3.000000 0.000000 29.000000 49.000000 5.000000 12.000000 7.000000
68.260000 4.237868 4659.427600 0.000000 5.000000 171.000000 47.000000 0.000000 10.000000 2.000000
82.230000 4.421608 6761.772900 1.000000 1.000000 134.000000 51.000000 0.000000 8.000000 14.000000
74.310000 4.321613 5521.976100 4.000000 7.000000 131.000000 51.000000 1.000000 11.000000 28.000000
65.130000 4.191623 4241.916900 3.000000 8.000000 248.000000 40.000000 2.000000 4.000000 5.000000
134.340000 4.907790 18047.235600 0.000000 5.000000 294.000000 49.000000 1.000000 10.000000 31.000000
28.230000 3.375196 796.932900 0.000000 0.000000 201.000000 60.000000 2.000000 11.000000 27.000000
113.220000 4.738126 12818.768400 2.000000 5.000000 23.000000 49.000000 2.000000 8.000000 2.000000
119.120000 4.788491 14189.574400 4.000000 0.000000 335.000000 49.000000 0.000000 4.000000 22.000000
5.000000 1.791759 25.000000 1.000000 3.000000 118.000000 66.000000 2.000000 11.000000 13.000000
219.260000 5.394809 48074.947600 4.000000 2.000000 274.000000 58.000000 4.000000 11.000000 24.000000
186.550000 5.234045 34800.902500 0.000000 2.000000 17.000000 55.000000 0.000000 1.000000 22.000000
97.740000 4.592490 9553.107600 3.000000 5.000000 212.000000 59.000000 5.000000 6.000000 22.000000
177.600000 5.185149 31541.760000 2.000000 8.000000 322.000000 63.000000 5.000000 12.000000 14.000000
5.000000 1.791759 25.000000 0.000000 8.000000 25.000000 58.000000 0.000000 9.000000 25.000000
37.640000 3.654288 1416.769600 3.000000 1.000000 177.000000 50.000000 5.000000 5.000000 13.000000
43.710000 3.800197 1910.564100 3.000000 0.000000 183.000000 59.000000 2.000000 4.000000 19.000000
87.720000 4.485485 7694.798400 0.000000 2.000000 267.000000 59.000000 5.000000 9.000000 21.000000
130.620000 4.879919 17061.584400 0.000000 8.000000 320.000000 63.000000 2.000000 12.000000 11.000000
50.940000 3.950089 2594.883600 0.000000 3.000000 11.000000 55.000000 2.000000 6.000000 12.000000
43.250000 3.789855 1870.562500 2.000000 5.000000 268.000000 51.000000 3.000000 11.000000 23.000000
134.060000 4.905719 17972.083600 1.000000 7.000000 238.000000 58.000000 4.000000 6.000000 21.000000
22.210000 3.144583 493.284100 1.000000 5.000000 123.000000 42.000000 0.000000 5.000000 13.000000
72.330000 4.294970 5231.628900 4.000000 4.000000 151.000000 64.000000 6.000000 3.000000 5.000000
94.740000 4.561636 8975.667600 3.000000 1.000000 328.000000 63.000000 4.000000 8.000000 30.000000
60.770000 4.123418 3692.992900 2.000000 0.000000 214.000000 69.000000 2.000000 7.000000 10.000000
31.410000 3.478467 986.588100 0.000000 5.000000 323.000000 63.000000 3.000000 6.000000 13.000000
102.370000 4.638315 10479.616900 3.000000 0.000000 173.000000 47.000000 1.000000 10.000000 3.000000
58.950000 4.093511 3475.102500 1.000000 7.000000 58.000000 50.000000 3.000000 3.000000 23.000000
28.620000 3.388450 819.104400 4.000000 4.000000 49.000000 51.000000 1.000000 4.000000 11.000000
83.940000 4.441945 7045.923600 4.000000 4.000000 339.000000 40.000000 2.000000 11.000000 6.000000
5.000000 1.791759 25.000000 4.000000 1.000000 333.000000 49.000000 2.000000 7.000000 3.000000
124.710000 4.833978 15552.584100 0.000000 8.000000 218.000000 63.000000 0.000000 5.000000 27.000000
307.450000 5.731560 94525.502500 1.000000 4.000000 43.000000 49.000000 1.000000 8.000000 6.000000
39.230000 3.694613 1538.992900 3.000000 2.000000 253.000000 43.000000 1.000000 9.000000 26.000000
64.590000 4.183423 4171.868100 3.000000 2.000000 11.000000 58.000000 6.000000 3.000000 5.000000
91.380000 4.525911 8350.304400 2.000000 1.000000 124.000000 46.000000 3.000000 6.000000 8.000000
205.310000 5.329380 42152.196100 3.000000 5.000000 31.000000 52.000000 6.000000 2.000000 4.000000
48.690000 3.905804 2370.716100 2.000000 7.000000 112.000000 59.000000 0.000000 12.000000 23.000000
15.880000 2.826129 252.174400 0.000000 2.000000 332.000000 50.000000 5.000000 1.000000 20.000000
57.620000 4.071076 3320.064400 4.000000 1.000000 186.000000 70.000000 5.000000 4.000000 8.000000
89.190000 4.501919 7954.856100 4.000000 5.000000 334.000000 42.000000 6.000000 8.000000 6.000000
56.720000 4.055604 3217.158400 1.000000 4.000000 167.000000 46.000000 0.000000 11.000000 11.000000
89.260000 4.502694 7967.347600 1.000000 6.000000 235.000000 60.000000 4.000000 8.000000 4.000000
35.150000 3.587677 1235.522500 0.000000 4.000000 336.000000 56.000000 0.000000 7.000000 10.000000
63.230000 4.162470 3998.032900 3.000000 5.000000 109.000000 71.000000 0.000000 6.000000 3.000000
81.870000 4.417273 6702.696900 3.000000 6.000000 163.000000 52.000000 1.000000 4.000000 2.000000
152.310000 5.032462 23198.336100 3.000000 0.000000 315.000000 60.000000 4.000000 7.000000 5.000000
54.360000 4.013857 2955.009600 0.000000 3.000000 220.000000 52.000000 3.000000 6.000000 1.000000
53.770000 4.003143 2891.212900 1.000000 3.000000 251.000000 52.000000 0.000000 3.000000 4.000000
244.230000 5.502197 59648.292900 0.000000 5.000000 318.000000 57.000000 4.000000 2.000000 10.000000
124.160000 4.829593 15415.705600 4.000000 0.000000 287.000000 54.000000 3.000000 8.000000 10.000000
5.000000 1.791759 25.000000 4.000000 6.000000 3.000000 34.000000 2.000000 2.000000 22.000000
98.150000 4.596634 9633.422500 4.000000 5.000000 333.000000 54.000000 0.000000 10.000000 28.000000
144.060000 4.977147 20753.283600 0.000000 6.000000 12.000000 52.000000 1.000000 9.000000 3.000000
50.320000 3.938081 2532.102400 4.000000 8.000000 82.000000 63.000000 0.000000 6.000000 26.000000
51.430000 3.959479 2645.044900 3.000000 2.000000 209.000000 69.000000 5.000000 9.000000 28.000000
133.720000 4.903199 17881.038400 0.000000 2.000000 289.000000 51.000000 5.000000 7.000000 6.000000
449.550000 6.110469 202095.202500 3.000000 6.000000 276.000000 51.000000 1.000000 12.000000 24.000000
40.540000 3.726657 1643.491600 2.000000 4.000000 10.000000 46.000000 4.000000 10.000000 4.000000
105.640000 4.669459 11159.809600 4.000000 2.000000 79.000000 62.000000 5.000000 11.000000 16.000000
53.680000 4.001498 2881.542400 1.000000 5.000000 295.000000 36.000000 2.000000 2.000000 1.000000
106.670000 4.679071 11378.488900 3.000000 8.000000 182.000000 65.000000 6.000000 4.000000 2.000000
321.550000 5.776258 103394.402500 2.000000 2.000000 146.000000 62.000000 0.000000 1.000000 1.000000
90.320000 4.514370 8157.702400 4.000000 7.000000 207.000000 69.000000 4.000000 9.000000 20.000000
47.570000 3.883006 2262.904900 1.000000 7.000000 11.000000 58.000000 3.000000 7.000000 4.000000
53.460000 3.997466 2857.971600 4.000000 7.000000 168.000000 47.000000 3.000000 4.000000 25.000000
122.600000 4.817051 15030.760000 4.000000 6.000000 194.000000 52.000000 4.000000 12.000000 27.000000
7.780000 2.172476 60.528400 0.000000 5.000000 190.000000 69.000000 2.000000 5.000000 10.000000
57.110000 4.062338 3261.552100 3.000000 5.000000 240.000000 61.000000 4.000000 4.000000 7.000000
258.200000 5.557600 66667.240000 4.000000 5.000000 144.000000 66.000000 5.000000 8.000000 31.000000
110.300000 4.712229 12166.090000 3.000000 2.000000 12.000000 45.000000 6.000000 9.000000 17.000000
233.460000 5.457285 54503.571600 1.000000 8.000000 193.000000 46.000000 6.000000 7.000000 21.000000
253.120000 5.537807 64069.734400 2.000000 1.000000 28.000000 56.000000 0.000000 11.000000 13.000000
216.680000 5.383026 46950.222400 2.000000 0.000000 20.000000 56.000000 4.000000 10.000000 11.000000
50.860000 3.948548 2586.739600 0.000000 6.000000 72.000000 63.000000 1.000000 9.000000 26.000000
52.130000 3.972742 2717.536900 4.000000 5.000000 264.000000 51.000000 1.000000 10.000000 8.000000
8.050000 2.202765 64.802500 0.000000 5.000000 110.000000 58.000000 5.000000 10.000000 28.000000
162.860000 5.099012 26523.379600 3.000000 5.000000 277.000000 49.000000 5.000000 8.000000 19.000000
46.910000 3.869324 2200.548100 3.000000 1.000000 112.000000 70.000000 4.000000 11.000000 8.000000
66.970000 4.219066 4484.980900 3.000000 1.000000 135.000000 59.000000 4.000000 10.000000 11.000000
33.110000 3.529591 1096.272100 0.000000 6.000000 69.000000 63.000000 3.000000 7.000000 4.000000
117.460000 4.774575 13796.851600 0.000000 8.000000 133.000000 63.000000 6.000000 2.000000 19.000000
75.270000 4.334280 5665.572900 4.000000 4.000000 121.000000 67.000000 0.000000 1.000000 23.000000
5.000000 1.791759 25.000000 1.000000 8.000000 279.000000 56.000000 5.000000 12.000000 7.000000
5.000000 1.791759 25.000000 2.000000 4.000000 192.000000 66.000000 1.000000 8.000000 27.000000
108.780000 4.698478 11833.088400 3.000000 5.000000 229.000000 50.000000 1.000000 8.000000 29.000000
25.850000 3.290266 668.222500 4.000000 2.000000 237.000000 61.000000 6.000000 11.000000 5.000000
39.920000 3.711619 1593.606400 3.000000 1.000000 170.000000 52.000000 1.000000 7.000000 11.000000
31.090000 3.468544 966.588100 2.000000 0.000000 65.000000 63.000000 3.000000 12.000000 26.000000
19.290000 3.010128 372.104100 1.000000 0.000000 268.000000 56.000000 3.000000 2.000000 1.000000
38.910000 3.686627 1513.988100 2.000000 5.000000 193.000000 49.000000 0.000000 8.000000 28.000000
175.980000 5.176037 30968.960400 0.000000 4.000000 31.000000 55.000000 2.000000 5.000000 31.000000
57.030000 4.060960 3252.420900 4.000000 1.000000 220.000000 46.000000 0.000000 6.000000 5.000000
22.860000 3.172203 522.579600 3.000000 1.000000 188.000000 71.000000 4.000000 10.000000 13.000000
159.500000 5.078294 25440.250000 2.000000 8.000000 101.000000 63.000000 6.000000 8.000000 20.000000
5.000000 1.791759 25.000000 3.000000 4.000000 332.000000 49.000000 3.000000 6.000000 22.000000
29.790000 3.427190 887.444100 3.000000 1.000000 211.000000 57.000000 6.000000 3.000000 3.000000
135.100000 4.913390 18252.010000 4.000000 7.000000 226.000000 52.000000 4.000000 8.000000 23.000000
28.860000 3.396520 832.899600 3.000000 8.000000 72.000000 62.000000 1.000000 9.000000 19.000000
38.770000 3.683113 1503.112900 3.000000 2.000000 66.000000 51.000000 3.000000 4.000000 6.000000
598.340000 6.395829 358010.755600 0.000000 4.000000 281.000000 51.000000 1.000000 9.000000 5.000000
284.910000 5.655677 81173.708100 0.000000 1.000000 275.000000 51.000000 5.000000 11.000000 4.000000
117.800000 4.777441 13876.840000 1.000000 1.000000 195.000000 45.000000 2.000000 8.000000 9.000000
225.240000 5.421596 50733.057600 1.000000 2.000000 101.000000 63.000000 3.000000 2.000000 23.000000
140.220000 4.950319 19661.648400 3.000000 4.000000 237.000000 58.000000 4.000000 5.000000 5.000000
48.990000 3.911823 2400.020100 2.000000 1.000000 302.000000 58.000000 1.000000 7.000000 2.000000
29.310000 3.411478 859.076100 2.000000 7.000000 51.000000 45.000000 1.000000 11.000000 19.000000
49.520000 3.922369 2452.230400 0.000000 0.000000 10.000000 42.000000 6.000000 2.000000 4.000000
63.810000 4.171460 4071.716100 4.000000 7.000000 260.000000 55.000000 1.000000 6.000000 18.000000
44.090000 3.808660 1943.928100 0.000000 0.000000 71.000000 59.000000 1.000000 1.000000 2.000000
231.480000 5.448804 53582.990400 2.000000 8.000000 299.000000 44.000000 4.000000 2.000000 24.000000
20.910000 3.086943 437.228100 3.000000 1.000000 114.000000 60.000000 6.000000 6.000000 23.000000
131.910000 4.889672 17400.248100 3.000000 4.000000 217.000000 47.000000 2.000000 9.000000 18.000000
46.950000 3.870159 2204.302500 1.000000 7.000000 335.000000 43.000000 1.000000 2.000000 7.000000
226.720000 5.428117 51401.958400 4.000000 5.000000 218.000000 55.000000 0.000000 11.000000 11.000000
133.000000 4.897840 17689.000000 2.000000 2.000000 255.000000 53.000000 3.000000 9.000000 12.000000
33.580000 3.543275 1127.616400 2.000000 4.000000 72.000000 63.000000 4.000000 2.000000 17.000000
48.620000 3.904394 2363.904400 2.000000 6.000000 208.000000 57.000000 0.000000 7.000000 10.000000
123.310000 4.822778 15205.356100 2.000000 5.000000 2.000000 38.000000 2.000000 2.000000 22.000000
30.340000 3.444895 920.515600 3.000000 8.000000 267.000000 63.000000 3.000000 12.000000 5.000000
123.920000 4.827674 15356.166400 0.000000 1.000000 232.000000 61.000000 0.000000 5.000000 13.000000
85.200000 4.456670 7259.040000 2.000000 1.000000 139.000000 51.000000 3.000000 9.000000 7.000000
36.270000 3.618189 1315.512900 3.000000 3.000000 66.000000 60.000000 1.000000 9.000000 3.000000
107.390000 4.685736 11532.612100 2.000000 5.000000 308.000000 63.000000 5.000000 2.000000 18.000000
37.750000 3.657131 1425.062500 3.000000 5.000000 268.000000 63.000000 1.000000 1.000000 23.000000
39.260000 3.695358 1541.347600 2.000000 8.000000 65.000000 56.000000 5.000000 8.000000 26.000000
26.290000 3.306520 691.164100 3.000000 6.000000 157.000000 58.000000 4.000000 8.000000 23.000000
127.810000 4.858338 16335.396100 2.000000 5.000000 314.000000 57.000000 0.000000 2.000000 26.000000
53.660000 4.001132 2879.395600 3.000000 7.000000 67.000000 62.000000 6.000000 11.000000 12.000000
108.470000 4.695651 11765.740900 3.000000 2.000000 292.000000 51.000000 0.000000 5.000000 13.000000
642.350000 6.466689 412613.522500 4.000000 3.000000 290.000000 46.000000 2.000000 12.000000 4.000000
101.880000 4.633563 10379.534400 3.000000 0.000000 312.000000 60.000000 3.000000 11.000000 7.000000
150.500000 5.020586 22650.250000 4.000000 5.000000 9.000000 59.000000 4.000000 9.000000 15.000000
5.000000 1.791759 25.000000 2.000000 5.000000 181.000000 66.000000 3.000000 1.000000 18.000000
331.180000 5.805677 109680.192400 3.000000 5.000000 15.000000 52.000000 3.000000 9.000000 26.000000
101.860000 4.633369 10375.459600 1.000000 7.000000 118.000000 71.000000 5.000000 1.000000 13.000000
246.710000 5.512259 60865.824100 4.000000 3.000000 149.000000 66.000000 0.000000 4.000000 17.000000
55.830000 4.040064 3116.988900 4.000000 4.000000 228.000000 45.000000 6.000000 12.000000 22.000000
153.580000 5.040712 23586.816400 4.000000 2.000000 30.000000 44.000000 5.000000 6.000000 29.000000
33.540000 3.542118 1124.931600 4.000000 8.000000 87.000000 56.000000 3.000000 8.000000 24.000000
33.600000 3.543854 1128.960000 0.000000 8.000000 258.000000 54.000000 3.000000 10.000000 26.000000
28.450000 3.382694 809.402500 0.000000 7.000000 295.000000 48.000000 4.000000 5.000000 31.000000
178.020000 5.187498 31691.120400 4.000000 7.000000 41.000000 56.000000 4.000000 7.000000 21.000000
108.520000 4.696107 11776.590400 1.000000 1.000000 8.000000 48.000000 6.000000 6.000000 4.000000
53.020000 3.989354 2811.120400 1.000000 2.000000 105.000000 67.000000 4.000000 4.000000 12.000000
12.080000 2.571084 145.926400 0.000000 4.000000 165.000000 40.000000 1.000000 10.000000 24.000000
89.940000 4.510200 8089.203600 0.000000 5.000000 323.000000 63.000000 3.000000 12.000000 12.000000
5.000000 1.791759 25.000000 3.000000 4.000000 83.000000 61.000000 6.000000 11.000000 12.000000
17.150000 2.898671 294.122500 4.000000 0.000000 79.000000 56.000000 4.000000 11.000000 8.000000
98.330000 4.598448 9668.788900 0.000000 5.000000 307.000000 59.000000 0.000000 1.000000 9.000000
212.690000 5.364526 45237.036100 3.000000 7.000000 246.000000 51.000000 5.000000 4.000000 13.000000
5.000000 1.791759 25.000000 1.000000 0.000000 81.000000 54.000000 1.000000 8.000000 29.000000
70.600000 4.271095 4984.360000 4.000000 4.000000 177.000000 46.000000 3.000000 4.000000 20.000000
39.250000 3.695110 1540.562500 1.000000 5.000000 204.000000 65.000000 3.000000 5.000000 16.000000
37.040000 3.638638 1371.961600 3.000000 2.000000 77.000000 62.000000 4.000000 2.000000 23.000000
88.630000 4.495690 7855.276900 0.000000 6.000000 304.000000 62.000000 0.000000 9.000000 25.000000
160.590000 5.085062 25789.148100 3.000000 5.000000 332.000000 48.000000 0.000000 10.000000 2.000000
23.120000 3.183041 534.534400 2.000000 5.000000 80.000000 62.000000 1.000000 3.000000 14.000000
248.060000 5.517694 61533.763600 2.000000 4.000000 173.000000 47.000000 0.000000 9.000000 2.000000
78.210000 4.372103 6116.804100 0.000000 2.000000 255.000000 46.000000 1.000000 2.000000 21.000000
168.080000 5.130372 28250.886400 0.000000 7.000000 60.000000 56.000000 2.000000 5.000000 31.000000
193.680000 5.271357 37511.942400 1.000000 3.000000 13.000000 49.000000 5.000000 6.000000 24.000000
124.600000 4.833102 15525.160000 1.000000 1.000000 230.000000 62.000000 0.000000 4.000000 15.000000
643.970000 6.469204 414697.360900 3.000000 7.000000 283.000000 46.000000 2.000000 5.000000 29.000000
59.230000 4.098171 3508.192900 1.000000 7.000000 295.000000 48.000000 3.000000 10.000000 31.000000
230.930000 5.446436 53328.664900 2.000000 7.000000 314.000000 64.000000 0.000000 5.000000 13.000000
90.830000 4.519939 8250.088900 2.000000 7.000000 163.000000 47.000000 0.000000 1.000000 15.000000
121.080000 4.804677 14660.366400 0.000000 5.000000 108.000000 60.000000 0.000000 11.000000 4.000000
71.740000 4.286891 5146.627600 1.000000 0.000000 92.000000 51.000000 6.000000 10.000000 27.000000
22.960000 3.176386 527.161600 0.000000 0.000000 0.000000 60.000000 5.000000 10.000000 5.000000
67.640000 4.228875 4575.169600 1.000000 0.000000 258.000000 48.000000 3.000000 5.000000 11.000000
202.970000 5.317973 41196.820900 3.000000 5.000000 28.000000 52.000000 1.000000 1.000000 31.000000
469.610000 6.154030 220533.552100 0.000000 6.000000 178.000000 54.000000 2.000000 8.000000 28.000000
167.800000 5.128715 28156.840000 2.000000 3.000000 244.000000 61.000000 6.000000 5.000000 5.000000
48.640000 3.904797 2365.849600 2.000000 5.000000 232.000000 50.000000 0.000000 7.000000 17.000000
5.000000 1.791759 25.000000 3.000000 0.000000 181.000000 63.000000 5.000000 10.000000 19.000000
49.320000 3.918403 2432.462400 1.000000 2.000000 264.000000 63.000000 4.000000 11.000000 29.000000
5.000000 1.791759 25.000000 1.000000 0.000000 243.000000 53.000000 1.000000 12.000000 31.000000
194.050000 5.273256 37655.402500 2.000000 5.000000 164.000000 55.000000 1.000000 5.000000 16.000000
75.830000 4.341595 5750.188900 1.000000 5.000000 303.000000 56.000000 3.000000 9.000000 26.000000
176.160000 5.177053 31032.345600 2.000000 4.000000 279.000000 54.000000 2.000000 5.000000 29.000000
154.270000 5.045166 23799.232900 1.000000 2.000000 197.000000 41.000000 6.000000 10.000000 20.000000
145.250000 4.985317 21097.562500 1.000000 0.000000 310.000000 52.000000 2.000000 7.000000 10.000000
185.990000 5.231055 34592.280100 4.000000 2.000000 161.000000 54.000000 1.000000 9.000000 26.000000
119.420000 4.790986 14261.136400 1.000000 3.000000 153.000000 62.000000 4.000000 10.000000 25.000000
5.000000 1.791759 25.000000 0.000000 5.000000 178.000000 56.000000 3.000000 5.000000 9.000000
137.890000 4.933682 19013.652100 1.000000 8.000000 324.000000 63.000000 0.000000 5.000000 22.000000
57.090000 4.061994 3259.268100 1.000000 5.000000 223.000000 49.000000 5.000000 10.000000 26.000000
60.290000 4.115617 3634.884100 3.000000 2.000000 40.000000 59.000000 1.000000 4.000000 18.000000
34.700000 3.575151 1204.090000 4.000000 0.000000 202.000000 56.000000 5.000000 7.000000 27.000000
90.970000 4.521462 8275.540900 0.000000 0.000000 133.000000 59.000000 1.000000 7.000000 25.000000
34.800000 3.577948 1211.040000 2.000000 0.000000 10.000000 39.000000 4.000000 10.000000 18.000000
13.740000 2.690565 188.787600 3.000000 1.000000 85.000000 62.000000 6.000000 2.000000 12.000000
43.660000 3.799078 1906.195600 4.000000 5.000000 253.000000 49.000000 6.000000 12.000000 31.000000
46.870000 3.868489 2196.796900 4.000000 4.000000 307.000000 51.000000 0.000000 11.000000 27.000000
46.200000 3.854394 2134.440000 0.000000 1.000000 234.000000 61.000000 1.000000 1.000000 16.000000
74.180000 4.319885 5502.672400 0.000000 6.000000 137.000000 63.000000 4.000000 6.000000 21.000000
94.060000 4.554508 8847.283600 4.000000 7.000000 128.000000 59.000000 4.000000 5.000000 3.000000
132.650000 4.895224 17596.022500 3.000000 7.000000 303.000000 52.000000 3.000000 11.000000 23.000000
223.990000 5.416056 50171.520100 0.000000 4.000000 94.000000 64.000000 0.000000 5.000000 8.000000
19.710000 3.030617 388.484100 2.000000 2.000000 137.000000 56.000000 0.000000 10.000000 14.000000
61.500000 4.135167 3782.250000 3.000000 4.000000 197.000000 46.000000 4.000000 7.000000 7.000000
44.430000 3.816173 1974.024900 0.000000 5.000000 187.000000 70.000000 6.000000 11.000000 17.000000
81.640000 4.414494 6665.089600 4.000000 1.000000 244.000000 61.000000 0.000000 9.000000 9.000000
133.800000 4.903792 17902.440000 0.000000 3.000000 170.000000 48.000000 5.000000 10.000000 26.000000
164.320000 5.107883 27001.062400 4.000000 7.000000 2.000000 46.000000 2.000000 11.000000 15.000000
23.180000 3.185526 537.312400 4.000000 0.000000 169.000000 51.000000 2.000000 10.000000 30.000000
97.790000 4.592996 9562.884100 3.000000 2.000000 12.000000 39.000000 4.000000 2.000000 9.000000
13.340000 2.663053 177.955600 3.000000 7.000000 222.000000 46.000000 2.000000 6.000000 12.000000
10.720000 2.461297 114.918400 0.000000 2.000000 181.000000 71.000000 6.000000 1.000000 29.000000
40.510000 3.725934 1641.060100 4.000000 0.000000 180.000000 67.000000 1.000000 1.000000 23.000000
35.520000 3.597860 1261.670400 1.000000 4.000000 125.000000 57.000000 6.000000 4.000000 2.000000
77.360000 4.361314 5984.569600 0.000000 1.000000 248.000000 51.000000 6.000000 5.000000 19.000000
9.750000 2.374906 95.062500 1.000000 2.000000 248.000000 39.000000 6.000000 4.000000 14.000000
174.750000 5.169063 30537.562500 4.000000 7.000000 234.000000 50.000000 4.000000 8.000000 9.000000
34.070000 3.557346 1160.764900 3.000000 2.000000 81.000000 59.000000 4.000000 8.000000 9.000000
92.200000 4.534748 8500.840000 2.000000 7.000000 137.000000 59.000000 5.000000 8.000000 26.000000
59.000000 4.094345 3481.000000 2.000000 4.000000 224.000000 54.000000 4.000000 2.000000 17.000000
15.790000 2.820783 249.324100 0.000000 1.000000 87.000000 56.000000 6.000000 11.000000 12.000000
80.840000 4.404766 6535.105600 3.000000 5.000000 188.000000 71.000000 2.000000 3.000000 20.000000
41.990000 3.760968 1763.160100 1.000000 4.000000 202.000000 55.000000 1.000000 11.000000 26.000000
40.050000 3.714791 1604.002500 4.000000 2.000000 77.000000 51.000000 3.000000 6.000000 27.000000
42.550000 3.773910 1810.502500 0.000000 5.000000 7.000000 50.000000 6.000000 1.000000 28.000000
345.840000 5.848864 119605.305600 1.000000 5.000000 296.000000 42.000000 2.000000 9.000000 6.000000
13.290000 2.659560 176.624100 2.000000 5.000000 250.000000 41.000000 1.000000 11.000000 28.000000
154.720000 5.048060 23938.278400 4.000000 5.000000 167.000000 50.000000 1.000000 1.000000 3.000000
58.260000 4.081935 3394.227600 4.000000 3.000000 207.000000 68.000000 5.000000 11.000000 30.000000
14.710000 2.754297 216.384100 2.000000 3.000000 181.000000 71.000000 0.000000 7.000000 17.000000
134.910000 4.911993 18200.708100 0.000000 6.000000 95.000000 63.000000 0.000000 3.000000 20.000000
200.190000 5.304250 40076.036100 1.000000 0.000000 243.000000 55.000000 1.000000 2.000000 27.000000
35.070000 3.585461 1229.904900 2.000000 2.000000 302.000000 51.000000 6.000000 2.000000 18.000000
94.290000 4.556925 8890.604100 3.000000 2.000000 197.000000 35.000000 5.000000 9.000000 30.000000
102.440000 4.638992 10493.953600 0.000000 1.000000 177.000000 47.000000 0.000000 5.000000 13.000000
142.260000 4.964661 20237.907600 0.000000 7.000000 306.000000 63.000000 1.000000 9.000000 10.000000
127.440000 4.855462 16240.953600 4.000000 8.000000 146.000000 62.000000 2.000000 7.000000 26.000000
244.940000 5.505088 59995.603600 4.000000 1.000000 157.000000 66.000000 6.000000 7.000000 28.000000
26.170000 3.302113 684.868900 3.000000 6.000000 74.000000 63.000000 2.000000 12.000000 18.000000
118.690000 4.784905 14087.316100 1.000000 0.000000 142.000000 62.000000 0.000000 1.000000 9.000000
78.800000 4.379524 6209.440000 3.000000 2.000000 310.000000 63.000000 1.000000 7.000000 9.000000
97.350000 4.588533 9477.022500 3.000000 1.000000 133.000000 63.000000 5.000000 3.000000 16.000000
28.270000 3.376563 799.192900 2.000000 7.000000 70.000000 59.000000 6.000000 1.000000 8.000000
35.300000 3.591818 1246.090000 3.000000 8.000000 71.000000 62.000000 4.000000 5.000000 5.000000
10.300000 2.424803 106.090000 2.000000 7.000000 250.000000 46.000000 0.000000 12.000000 4.000000
187.560000 5.239416 35178.753600 3.000000 7.000000 135.000000 63.000000 4.000000 12.000000 27.000000
199.800000 5.302309 39920.040000 2.000000 6.000000 237.000000 50.000000 4.000000 3.000000 22.000000
65.140000 4.191774 4243.219600 1.000000 0.000000 321.000000 63.000000 0.000000 12.000000 16.000000
5.000000 1.791759 25.000000 3.000000 1.000000 202.000000 43.000000 0.000000 1.000000 1.000000
5.000000 1.791759 25.000000 1.000000 6.000000 47.000000 63.000000 2.000000 10.000000 18.000000
41.820000 3.757005 1748.912400 4.000000 0.000000 74.000000 59.000000 1.000000 7.000000 9.000000
32.330000 3.506458 1045.228900 3.000000 5.000000 244.000000 57.000000 4.000000 2.000000 17.000000
14.000000 2.708050 196.000000 4.000000 5.000000 183.000000 64.000000 3.000000 2.000000 16.000000
100.580000 4.620847 10116.336400 1.000000 3.000000 52.000000 63.000000 5.000000 4.000000 27.000000
64.000000 4.174387 4096.000000 3.000000 5.000000 205.000000 62.000000 5.000000 6.000000 24.000000
65.620000 4.199005 4305.984400 0.000000 0.000000 203.000000 57.000000 0.000000 9.000000 25.000000
88.010000 4.488749 7745.760100 3.000000 4.000000 333.000000 42.000000 6.000000 6.000000 23.000000
36.310000 3.619261 1318.416100 4.000000 7.000000 262.000000 63.000000 1.000000 3.000000 19.000000
108.140000 4.692631 11694.259600 4.000000 5.000000 193.000000 57.000000 3.000000 11.000000 21.000000
70.630000 4.271514 4988.596900 4.000000 2.000000 33.000000 52.000000 4.000000 1.000000 12.000000
329.480000 5.800546 108557.070400 4.000000 5.000000 92.000000 57.000000 4.000000 7.000000 12.000000
120.730000 4.801805 14575.732900 3.000000 5.000000 118.000000 72.000000 2.000000 5.000000 29.000000
158.770000 5.073735 25207.912900 4.000000 4.000000 244.000000 55.000000 0.000000 8.000000 19.000000
163.430000 5.102485 26709.364900 0.000000 1.000000 167.000000 47.000000 6.000000 10.000000 1.000000
250.460000 5.527284 62730.211600 4.000000 5.000000 292.000000 51.000000 5.000000 1.000000 6.000000
5.000000 1.791759 25.000000 1.000000 2.000000 83.000000 62.000000 3.000000 6.000000 20.000000
295.930000 5.693496 87574.564900 2.000000 6.000000 22.000000 55.000000 3.000000 11.000000 30.000000
15.920000 2.828496 253.446400 1.000000 5.000000 65.000000 59.000000 2.000000 9.000000 6.000000
12.790000 2.623944 163.584100 4.000000 2.000000 183.000000 59.000000 1.000000 9.000000 24.000000
23.890000 3.214466 570.732100 3.000000 5.000000 85.000000 62.000000 5.000000 8.000000 5.000000
63.630000 4.168679 4048.776900 3.000000 4.000000 133.000000 62.000000 2.000000 2.000000 15.000000
131.540000 4.886884 17302.771600 0.000000 0.000000 134.000000 57.000000 1.000000 6.000000 20.000000
141.260000 4.957656 19954.387600 4.000000 0.000000 42.000000 43.000000 3.000000 7.000000 20.000000
160.490000 5.084443 25757.040100 1.000000 0.000000 242.000000 58.000000 3.000000 7.000000 27.000000
17.830000 2.935451 317.908900 2.000000 6.000000 316.000000 56.000000 6.000000 1.000000 22.000000
48.410000 3.900153 2343.528100 3.000000 6.000000 295.000000 47.000000 3.000000 2.000000 2.000000
54.610000 4.018363 2982.252100 1.000000 5.000000 143.000000 57.000000 2.000000 5.000000 3.000000
16.930000 2.886475 286.624900 2.000000 5.000000 202.000000 52.000000 2.000000 5.000000 15.000000
359.980000 5.888823 129585.600400 3.000000 5.000000 239.000000 60.000000 0.000000 11.000000 4.000000
5.000000 1.791759 25.000000 1.000000 8.000000 70.000000 61.000000 1.000000 6.000000 4.000000
97.800000 4.593098 9564.840000 2.000000 3.000000 111.000000 66.000000 3.000000 4.000000 11.000000
126.070000 4.844738 15893.644900 1.000000 4.000000 64.000000 47.000000 5.000000 11.000000 18.000000
213.530000 5.368450 45595.060900 4.000000 6.000000 181.000000 57.000000 5.000000 11.000000 30.000000
118.430000 4.782730 14025.664900 2.000000 0.000000 142.000000 66.000000 6.000000 6.000000 25.000000
304.190000 5.720935 92531.556100 2.000000 7.000000 31.000000 44.000000 6.000000 7.000000 14.000000
43.640000 3.798630 1904.449600 4.000000 6.000000 7.000000 43.000000 5.000000 1.000000 6.000000
12.710000 2.618125 161.544100 3.000000 5.000000 86.000000 56.000000 5.000000 5.000000 27.000000
158.360000 5.071166 25077.889600 2.000000 4.000000 24.000000 56.000000 1.000000 1.000000 17.000000
5.000000 1.791759 25.000000 0.000000 7.000000 141.000000 49.000000 1.000000 9.000000 17.000000
81.330000 4.410736 6614.568900 4.000000 2.000000 131.000000 59.000000 5.000000 3.000000 23.000000
26.740000 3.322875 715.027600 4.000000 3.000000 243.000000 60.000000 6.000000 8.000000 18.000000
39.910000 3.711375 1592.808100 1.000000 6.000000 111.000000 64.000000 0.000000 3.000000 6.000000
27.350000 3.344627 748.022500 3.000000 8.000000 87.000000 56.000000 1.000000 12.000000 3.000000
152.980000 5.036823 23402.880400 1.000000 8.000000 143.000000 66.000000 3.000000 1.000000 4.000000
93.050000 4.543827 8658.302500 1.000000 1.000000 226.000000 44.000000 4.000000 7.000000 7.000000
90.490000 4.516230 8188.440100 1.000000 5.000000 211.000000 53.000000 0.000000 6.000000 5.000000
61.960000 4.142500 3839.041600 3.000000 2.000000 131.000000 56.000000 5.000000 4.000000 1.000000
163.410000 5.102363 26702.828100 4.000000 7.000000 46.000000 45.000000 5.000000 1.000000 13.000000
73.760000 4.314283 5440.537600 2.000000 5.000000 335.000000 48.000000 5.000000 7.000000 20.000000
78.330000 4.373616 6135.588900 0.000000 1.000000 314.000000 59.000000 4.000000 6.000000 9.000000
147.380000 4.999777 21720.864400 2.000000 8.000000 4.000000 45.000000 3.000000 4.000000 18.000000
37.140000 3.641264 1379.379600 1.000000 2.000000 49.000000 51.000000 5.000000 3.000000 23.000000
104.620000 4.659848 10945.344400 4.000000 5.000000 29.000000 53.000000 6.000000 9.000000 3.000000
112.620000 4.732860 12683.264400 1.000000 5.000000 248.000000 41.000000 5.000000 12.000000 7.000000
142.350000 4.965289 20263.522500 1.000000 6.000000 231.000000 62.000000 6.000000 8.000000 27.000000
89.440000 4.504687 7999.513600 4.000000 7.000000 55.000000 39.000000 3.000000 6.000000 29.000000
32.540000 3.512739 1058.851600 2.000000 1.000000 317.000000 56.000000 3.000000 12.000000 19.000000
170.390000 5.143942 29032.752100 2.000000 2.000000 147.000000 59.000000 4.000000 2.000000 24.000000
88.300000 4.492001 7796.890000 3.000000 1.000000 301.000000 56.000000 2.000000 5.000000 31.000000
156.910000 5.062025 24620.748100 1.000000 6.000000 222.000000 51.000000 1.000000 1.000000 2.000000
65.370000 4.195245 4273.236900 3.000000 7.000000 178.000000 57.000000 2.000000 1.000000 31.000000
345.940000 5.849152 119674.483600 2.000000 3.000000 273.000000 57.000000 4.000000 3.000000 15.000000
38.290000 3.670970 1466.124100 0.000000 2.000000 80.000000 62.000000 4.000000 11.000000 15.000000
121.000000 4.804021 14641.000000 4.000000 8.000000 254.000000 44.000000 4.000000 10.000000 20.000000
42.380000 3.769999 1796.064400 0.000000 2.000000 248.000000 51.000000 2.000000 1.000000 11.000000
55.370000 4.031937 3065.836900 2.000000 5.000000 182.000000 71.000000 6.000000 6.000000 9.000000
36.320000 3.619529 1319.142400 2.000000 6.000000 89.000000 58.000000 1.000000 5.000000 16.000000
48.640000 3.904797 2365.849600 1.000000 1.000000 51.000000 51.000000 5.000000 5.000000 11.000000
34.790000 3.577669 1210.344100 1.000000 7.000000 162.000000 45.000000 6.000000 9.000000 1.000000
68.400000 4.239887 4678.560000 4.000000 2.000000 110.000000 67.000000 3.000000 3.000000 16.000000
89.290000 4.503027 7972.704100 0.000000 4.000000 129.000000 56.000000 6.000000 12.000000 8.000000
75.010000 4.330865 5626.500100 3.000000 1.000000 304.000000 59.000000 6.000000 11.000000 19.000000
118.440000 4.782814 14028.033600 2.000000 3.000000 332.000000 52.000000 4.000000 12.000000 29.000000
188.440000 5.244072 35509.633600 1.000000 2.000000 297.000000 46.000000 5.000000 9.000000 28.000000
77.760000 4.366405 6046.617600 1.000000 0.000000 162.000000 52.000000 3.000000 10.000000 3.000000
102.970000 4.644102 10602.820900 1.000000 8.000000 219.000000 58.000000 5.000000 5.000000 27.000000
6.740000 2.046402 45.427600 3.000000 8.000000 60.000000 46.000000 4.000000 11.000000 24.000000
167.150000 5.124856 27939.122500 2.000000 4.000000 197.000000 48.000000 1.000000 4.000000 9.000000
18.350000 2.962692 336.722500 3.000000 2.000000 330.000000 49.000000 2.000000 8.000000 28.000000
71.870000 4.288677 5165.296900 4.000000 0.000000 86.000000 63.000000 3.000000 3.000000 14.000000
28.250000 3.375880 798.062500 0.000000 3.000000 270.000000 51.000000 2.000000 4.000000 5.000000
97.980000 4.594918 9600.080400 4.000000 1.000000 171.000000 41.000000 5.000000 7.000000 6.000000
45.390000 3.837084 2060.252100 4.000000 7.000000 339.000000 51.000000 2.000000 10.000000 18.000000
32.260000 3.504355 1040.707600 1.000000 7.000000 228.000000 37.000000 6.000000 12.000000 8.000000
66.670000 4.214643 4444.888900 3.000000 8.000000 43.000000 43.000000 4.000000 10.000000 6.000000
9.770000 2.376764 95.452900 2.000000 6.000000 74.000000 55.000000 2.000000 2.000000 15.000000
310.450000 5.741239 96379.202500 4.000000 4.000000 93.000000 64.000000 2.000000 6.000000 5.000000
5.000000 1.791759 25.000000 1.000000 2.000000 331.000000 51.000000 0.000000 12.000000 4.000000
55.790000 4.039360 3112.524100 2.000000 0.000000 130.000000 56.000000 0.000000 1.000000 16.000000
5.000000 1.791759 25.000000 3.000000 8.000000 283.000000 49.000000 1.000000 6.000000 6.000000
29.370000 3.413455 862.596900 4.000000 3.000000 199.000000 44.000000 1.000000 2.000000 27.000000
41.290000 3.744551 1704.864100 4.000000 4.000000 139.000000 56.000000 3.000000 7.000000 25.000000
29.130000 3.405521 848.556900 0.000000 1.000000 114.000000 67.000000 2.000000 6.000000 21.000000
72.060000 4.291281 5192.643600 3.000000 0.000000 336.000000 56.000000 3.000000 2.000000 29.000000
196.450000 5.285485 38592.602500 1.000000 1.000000 40.000000 54.000000 1.000000 11.000000 12.000000
98.230000 4.597440 9649.132900 0.000000 2.000000 333.000000 51.000000 3.000000 8.000000 22.000000
56.150000 4.045679 3152.822500 0.000000 8.000000 58.000000 46.000000 3.000000 8.000000 10.000000
57.870000 4.075332 3348.936900 3.000000 7.000000 74.000000 51.000000 3.000000 1.000000 12.000000
112.230000 4.729421 12595.572900 3.000000 8.000000 129.000000 64.000000 5.000000 7.000000 29.000000
54.120000 4.009513 2928.974400 0.000000 7.000000 269.000000 51.000000 4.000000 9.000000 15.000000
114.070000 4.745541 13011.964900 1.000000 5.000000 279.000000 58.000000 2.000000 8.000000 28.000000
85.710000 4.462569 7346.204100 1.000000 0.000000 129.000000 59.000000 2.000000 3.000000 27.000000
79.510000 4.388381 6321.840100 2.000000 6.000000 163.000000 46.000000 3.000000 10.000000 31.000000
37.220000 3.643359 1385.328400 3.000000 1.000000 240.000000 49.000000 0.000000 4.000000 8.000000
80.500000 4.400603 6480.250000 3.000000 7.000000 333.000000 42.000000 1.000000 7.000000 30.000000
71.650000 4.285653 5133.722500 0.000000 2.000000 136.000000 59.000000 1.000000 11.000000 7.000000
166.730000 5.122356 27798.892900 3.000000 1.000000 154.000000 65.000000 1.000000 11.000000 12.000000
85.650000 4.461877 7335.922500 1.000000 4.000000 228.000000 49.000000 0.000000 2.000000 27.000000
185.890000 5.230520 34555.092100 3.000000 3.000000 297.000000 49.000000 6.000000 7.000000 7.000000
118.420000 4.782647 14023.296400 1.000000 7.000000 131.000000 63.000000 3.000000 3.000000 30.000000
65.190000 4.192529 4249.736100 3.000000 0.000000 195.000000 51.000000 3.000000 11.000000 14.000000
264.520000 5.581690 69970.830400 2.000000 5.000000 3.000000 47.000000 0.000000 2.000000 6.000000
5.000000 1.791759 25.000000 0.000000 2.000000 221.000000 52.000000 0.000000 2.000000 20.000000
394.600000 5.980404 155709.160000 2.000000 6.000000 160.000000 55.000000 2.000000 3.000000 13.000000
29.380000 3.413784 863.184400 0.000000 2.000000 141.000000 50.000000 0.000000 11.000000 18.000000
6.760000 2.048982 45.697600 0.000000 6.000000 162.000000 47.000000 1.000000 8.000000 27.000000
5.360000 1.850028 28.729600 1.000000 7.000000 183.000000 63.000000 4.000000 1.000000 26.000000
101.260000 4.627519 10253.587600 1.000000 5.000000 258.000000 55.000000 4.000000 4.000000 26.000000
69.970000 4.262257 4895.800900 2.000000 5.000000 269.000000 51.000000 6.000000 10.000000 27.000000
5.000000 1.791759 25.000000 0.000000 2.000000 180.000000 70.000000 6.000000 2.000000 26.000000
187.470000 5.238939 35145.000900 4.000000 4.000000 324.000000 57.000000 1.000000 5.000000 14.000000
29.770000 3.426540 886.252900 1.000000 4.000000 137.000000 59.000000 5.000000 12.000000 16.000000
102.220000 4.636863 10448.928400 3.000000 0.000000 4.000000 48.000000 4.000000 11.000000 10.000000
54.420000 4.014941 2961.536400 1.000000 6.000000 181.000000 64.000000 6.000000 9.000000 22.000000
87.870000 4.487175 7721.136900 3.000000 5.000000 58.000000 50.000000 4.000000 2.000000 3.000000
79.820000 4.392224 6371.232400 4.000000 8.000000 335.000000 43.000000 2.000000 12.000000 11.000000
128.180000 4.861207 16430.112400 4.000000 7.000000 148.000000 66.000000 4.000000 4.000000 26.000000
49.730000 3.926517 2473.072900 3.000000 5.000000 221.000000 64.000000 1.000000 4.000000 30.000000
18.120000 2.950735 328.334400 4.000000 5.000000 132.000000 56.000000 6.000000 11.000000 3.000000
58.110000 4.079400 3376.772100 3.000000 4.000000 161.000000 53.000000 3.000000 10.000000 12.000000
22.800000 3.169686 519.840000 4.000000 5.000000 186.000000 71.000000 3.000000 8.000000 24.000000
15.680000 2.814210 245.862400 3.000000 8.000000 144.000000 53.000000 0.000000 4.000000 10.000000
121.760000 4.810231 14825.497600 3.000000 3.000000 234.000000 50.000000 0.000000 1.000000 1.000000
24.480000 3.237894 599.270400 1.000000 0.000000 178.000000 53.000000 6.000000 6.000000 16.000000
49.680000 3.925531 2468.102400 3.000000 5.000000 263.000000 51.000000 3.000000 2.000000 9.000000
111.890000 4.726414 12519.372100 4.000000 4.000000 239.000000 50.000000 5.000000 8.000000 10.000000
5.000000 1.791759 25.000000 4.000000 5.000000 5.000000 48.000000 1.000000 6.000000 4.000000
55.840000 4.040240 3118.105600 4.000000 5.000000 75.000000 59.000000 3.000000 2.000000 9.000000
150.760000 5.022300 22728.577600 2.000000 6.000000 161.000000 50.000000 5.000000 2.000000 10.000000
26.420000 3.311273 698.016400 4.000000 2.000000 305.000000 63.000000 0.000000 11.000000 18.000000
21.540000 3.115292 463.971600 1.000000 3.000000 295.000000 41.000000 2.000000 8.000000 16.000000
42.310000 3.768384 1790.136100 3.000000 2.000000 73.000000 59.000000 1.000000 4.000000 18.000000
264.650000 5.582180 70039.622500 1.000000 7.000000 155.000000 54.000000 4.000000 4.000000 28.000000
30.520000 3.450622 931.470400 4.000000 2.000000 190.000000 71.000000 3.000000 8.000000 24.000000
154.430000 5.046195 23848.624900 3.000000 6.000000 194.000000 59.000000 5.000000 10.000000 26.000000
61.280000 4.131640 3755.238400 2.000000 7.000000 89.000000 46.000000 3.000000 11.000000 16.000000
73.920000 4.316421 5464.166400 1.000000 1.000000 174.000000 52.000000 0.000000 8.000000 14.000000
33.680000 3.546163 1134.342400 2.000000 7.000000 50.000000 48.000000 5.000000 8.000000 24.000000
50.520000 3.941970 2552.270400 1.000000 3.000000 123.000000 41.000000 6.000000 7.000000 16.000000
177.540000 5.184813 31520.451600 0.000000 2.000000 258.000000 46.000000 5.000000 6.000000 1.000000
25.100000 3.261935 630.010000 4.000000 3.000000 70.000000 51.000000 2.000000 1.000000 3.000000
303.070000 5.717258 91851.424900 2.000000 5.000000 159.000000 54.000000 0.000000 8.000000 19.000000
5.000000 1.791759 25.000000 1.000000 4.000000 294.000000 51.000000 2.000000 1.000000 18.000000
42.280000 3.767691 1787.598400 1.000000 6.000000 87.000000 63.000000 1.000000 2.000000 7.000000
7.650000 2.157559 58.522500 0.000000 6.000000 233.000000 53.000000 6.000000 4.000000 16.000000
11.810000 2.550226 139.476100 1.000000 8.000000 81.000000 62.000000 2.000000 7.000000 31.000000
56.530000 4.052307 3195.640900 4.000000 4.000000 223.000000 38.000000 0.000000 11.000000 18.000000
70.170000 4.265071 4923.828900 1.000000 2.000000 271.000000 59.000000 3.000000 12.000000 14.000000
51.460000 3.960051 2648.131600 2.000000 0.000000 110.000000 58.000000 2.000000 3.000000 20.000000
68.390000 4.239743 4677.192100 3.000000 1.000000 172.000000 47.000000 2.000000 6.000000 26.000000
126.290000 4.846468 15949.164100 4.000000 4.000000 197.000000 44.000000 3.000000 10.000000 24.000000
5.000000 1.791759 25.000000 2.000000 3.000000 253.000000 42.000000 5.000000 8.000000 24.000000
17.070000 2.894253 291.384900 3.000000 7.000000 264.000000 63.000000 4.000000 8.000000 11.000000
83.520000 4.436988 6975.590400 4.000000 6.000000 42.000000 53.000000 6.000000 3.000000 24.000000
150.830000 5.022761 22749.688900 4.000000 0.000000 253.000000 43.000000 2.000000 9.000000 18.000000
5.000000 1.791759 25.000000 1.000000 4.000000 67.000000 61.000000 2.000000 6.000000 7.000000
42.670000 3.776661 1820.728900 2.000000 6.000000 181.000000 59.000000 5.000000 2.000000 10.000000
22.820000 3.170526 520.752400 1.000000 7.000000 198.000000 67.000000 3.000000 11.000000 2.000000
76.490000 4.350149 5850.720100 1.000000 6.000000 132.000000 56.000000 3.000000 2.000000 22.000000
38.860000 3.685373 1510.099600 0.000000 5.000000 140.000000 61.000000 0.000000 7.000000 8.000000
205.080000 5.328264 42057.806400 1.000000 2.000000 61.000000 48.000000 5.000000 6.000000 15.000000
62.650000 4.153399 3925.022500 2.000000 5.000000 79.000000 56.000000 4.000000 3.000000 24.000000
325.070000 5.787112 105670.504900 1.000000 3.000000 3.000000 41.000000 2.000000 10.000000 11.000000
91.240000 4.524394 8324.737600 2.000000 2.000000 139.000000 51.000000 4.000000 11.000000 3.000000
147.120000 4.998023 21644.294400 1.000000 3.000000 237.000000 61.000000 0.000000 4.000000 22.000000
68.880000 4.246779 4744.454400 4.000000 3.000000 205.000000 62.000000 6.000000 8.000000 13.000000
43.800000 3.802208 1918.440000 4.000000 0.000000 184.000000 71.000000 6.000000 7.000000 14.000000
369.600000 5.915123 136604.160000 2.000000 6.000000 14.000000 55.000000 4.000000 3.000000 10.000000
235.920000 5.467723 55658.246400 4.000000 5.000000 142.000000 54.000000 0.000000 12.000000 30.000000
29.980000 3.433342 898.800400 1.000000 6.000000 138.000000 59.000000 0.000000 9.000000 2.000000
34.860000 3.579622 1215.219600 0.000000 4.000000 128.000000 51.000000 3.000000 8.000000 15.000000
62.800000 4.155753 3943.840000 2.000000 4.000000 159.000000 67.000000 0.000000 10.000000 30.000000
62.870000 4.156850 3952.636900 4.000000 1.000000 58.000000 49.000000 1.000000 3.000000 21.000000
5.660000 1.896119 32.035600 4.000000 8.000000 180.000000 70.000000 4.000000 11.000000 24.000000
58.560000 4.086984 3429.273600 3.000000 2.000000 226.000000 50.000000 3.000000 6.000000 20.000000
68.930000 4.247495 4751.344900 0.000000 4.000000 332.000000 44.000000 4.000000 4.000000 7.000000
209.720000 5.350530 43982.478400 2.000000 5.000000 156.000000 65.000000 4.000000 8.000000 25.000000
200.180000 5.304200 40072.032400 4.000000 1.000000 314.000000 60.000000 3.000000 12.000000 7.000000
27.770000 3.359333 771.172900 2.000000 6.000000 90.000000 47.000000 0.000000 10.000000 7.000000
32.910000 3.523710 1083.068100 0.000000 5.000000 181.000000 64.000000 4.000000 9.000000 20.000000
52.330000 3.976499 2738.428900 1.000000 0.000000 73.000000 56.000000 2.000000 5.000000 8.000000
60.110000 4.112676 3613.212100 3.000000 6.000000 129.000000 63.000000 6.000000 10.000000 8.000000
5.000000 1.791759 25.000000 0.000000 2.000000 263.000000 55.000000 3.000000 3.000000 9.000000
48.840000 3.908818 2385.345600 4.000000 0.000000 231.000000 49.000000 0.000000 3.000000 11.000000
105.630000 4.669365 11157.696900 2.000000 6.000000 153.000000 62.000000 0.000000 4.000000 15.000000
5.000000 1.791759 25.000000 3.000000 6.000000 129.000000 58.000000 3.000000 4.000000 25.000000
90.280000 4.513932 8150.478400 1.000000 4.000000 137.000000 63.000000 1.000000 3.000000 28.000000
47.340000 3.878259 2241.075600 3.000000 5.000000 93.000000 59.000000 2.000000 11.000000 13.000000
272.110000 5.609875 74043.852100 3.000000 3.000000 98.000000 57.000000 1.000000 5.000000 9.000000
65.970000 4.204245 4352.040900 4.000000 5.000000 139.000000 56.000000 4.000000 7.000000 19.000000
85.670000 4.462108 7339.348900 0.000000 7.000000 137.000000 62.000000 6.000000 7.000000 21.000000
157.160000 5.063607 24699.265600 4.000000 4.000000 237.000000 62.000000 3.000000 5.000000 30.000000
59.660000 4.105285 3559.315600 0.000000 7.000000 38.000000 55.000000 6.000000 12.000000 31.000000
5.000000 1.791759 25.000000 1.000000 7.000000 76.000000 62.000000 5.000000 9.000000 30.000000
82.310000 4.422569 6774.936100 3.000000 0.000000 320.000000 56.000000 3.000000 6.000000 15.000000
42.890000 3.781687 1839.552100 1.000000 6.000000 258.000000 55.000000 5.000000 8.000000 24.000000
28.140000 3.372112 791.859600 1.000000 6.000000 47.000000 57.000000 3.000000 12.000000 12.000000
121.410000 4.807376 14740.388100 4.000000 1.000000 231.000000 61.000000 4.000000 2.000000 24.000000
36.130000 3.614425 1305.376900 0.000000 5.000000 258.000000 48.000000 4.000000 5.000000 26.000000
35.760000 3.604410 1278.777600 2.000000 7.000000 7.000000 43.000000 0.000000 12.000000 25.000000
15.430000 2.799109 238.084900 2.000000 5.000000 196.000000 48.000000 0.000000 5.000000 29.000000
17.900000 2.939162 320.410000 2.000000 7.000000 115.000000 64.000000 1.000000 2.000000 14.000000
101.920000 4.633952 10387.686400 2.000000 2.000000 135.000000 52.000000 3.000000 4.000000 27.000000
74.980000 4.330470 5622.000400 2.000000 1.000000 257.000000 57.000000 4.000000 7.000000 7.000000
14.390000 2.733718 207.072100 1.000000 0.000000 208.000000 68.000000 0.000000 11.000000 18.000000
163.360000 5.102059 26686.489600 2.000000 7.000000 164.000000 58.000000 3.000000 11.000000 21.000000
5.000000 1.791759 25.000000 3.000000 3.000000 68.000000 50.000000 2.000000 11.000000 27.000000
133.820000 4.903941 17907.792400 1.000000 7.000000 58.000000 51.000000 5.000000 5.000000 4.000000
29.560000 3.419692 873.793600 2.000000 0.000000 299.000000 52.000000 1.000000 2.000000 14.000000
41.380000 3.746677 1712.304400 4.000000 0.000000 81.000000 59.000000 6.000000 4.000000 23.000000
175.530000 5.173491 30810.780900 4.000000 0.000000 61.000000 51.000000 1.000000 4.000000 25.000000
228.570000 5.436208 52244.244900 4.000000 5.000000 293.000000 46.000000 0.000000 10.000000 14.000000
26.930000 3.329701 725.224900 4.000000 5.000000 211.000000 68.000000 1.000000 5.000000 30.000000
80.840000 4.404766 6535.105600 4.000000 5.000000 79.000000 55.000000 5.000000 1.000000 6.000000
145.240000 4.985249 21094.657600 3.000000 2.000000 319.000000 64.000000 1.000000 3.000000 14.000000
107.290000 4.684813 11511.144100 1.000000 7.000000 133.000000 60.000000 4.000000 3.000000 15.000000
28.290000 3.377246 800.324100 4.000000 1.000000 128.000000 56.000000 6.000000 12.000000 22.000000
65.010000 4.189806 4226.300100 4.000000 4.000000 327.000000 56.000000 2.000000 4.000000 26.000000
94.970000 4.564036 9019.300900 4.000000 7.000000 258.000000 54.000000 0.000000 4.000000 10.000000
30.470000 3.449035 928.420900 3.000000 3.000000 72.000000 62.000000 3.000000 1.000000 11.000000
5.000000 1.791759 25.000000 4.000000 3.000000 186.000000 58.000000 4.000000 12.000000 27.000000
60.990000 4.126973 3719.780100 4.000000 1.000000 80.000000 59.000000 2.000000 8.000000 23.000000
93.560000 4.549235 8753.473600 0.000000 5.000000 58.000000 50.000000 0.000000 9.000000 9.000000
115.190000 4.755227 13268.736100 1.000000 2.000000 4.000000 42.000000 1.000000 1.000000 10.000000
48.930000 3.910622 2394.144900 0.000000 4.000000 120.000000 71.000000 1.000000 1.000000 10.000000
57.780000 4.073802 3338.528400 4.000000 2.000000 192.000000 59.000000 4.000000 10.000000 27.000000
96.800000 4.582925 9370.240000 3.000000 5.000000 42.000000 54.000000 6.000000 3.000000 12.000000
59.250000 4.098503 3510.562500 4.000000 3.000000 121.000000 64.000000 0.000000 1.000000 16.000000
10.670000 2.457021 113.848900 2.000000 3.000000 140.000000 57.000000 1.000000 6.000000 13.000000
36.470000 3.623541 1330.060900 2.000000 3.000000 71.000000 63.000000 4.000000 12.000000 29.000000
31.860000 3.492256 1015.059600 2.000000 6.000000 73.000000 63.000000 3.000000 1.000000 19.000000
79.290000 4.385645 6286.904100 0.000000 5.000000 228.000000 48.000000 5.000000 10.000000 26.000000
29.380000 3.413784 863.184400 4.000000 5.000000 264.000000 51.000000 0.000000 7.000000 1.000000
142.320000 4.965080 20254.982400 0.000000 5.000000 137.000000 64.000000 0.000000 2.000000 20.000000
58.670000 4.088829 3442.168900 3.000000 3.000000 220.000000 53.000000 1.000000 7.000000 30.000000
36.250000 3.617652 1314.062500 3.000000 5.000000 35.000000 59.000000 6.000000 7.000000 21.000000
126.630000 4.849135 16035.156900 1.000000 3.000000 4.000000 37.000000 0.000000 4.000000 17.000000
96.330000 4.578107 9279.468900 3.000000 2.000000 317.000000 59.000000 4.000000 2.000000 23.000000
47.230000 3.875981 2230.672900 0.000000 5.000000 207.000000 69.000000 2.000000 4.000000 5.000000
31.120000 3.469479 968.454400 0.000000 4.000000 187.000000 64.000000 3.000000 5.000000 23.000000
18.760000 2.983660 351.937600 0.000000 7.000000 264.000000 51.000000 0.000000 10.000000 14.000000
267.020000 5.591062 71299.680400 2.000000 2.000000 98.000000 52.000000 5.000000 11.000000 25.000000
159.970000 5.081218 25590.400900 2.000000 3.000000 32.000000 49.000000 5.000000 6.000000 22.000000
115.680000 4.759435 13381.862400 3.000000 6.000000 311.000000 64.000000 5.000000 3.000000 30.000000
26.880000 3.327910 722.534400 3.000000 7.000000 284.000000 56.000000 1.000000 7.000000 23.000000
5.000000 1.791759 25.000000 2.000000 3.000000 238.000000 56.000000 6.000000 11.000000 10.000000
56.680000 4.054910 3212.622400 0.000000 3.000000 178.000000 57.000000 0.000000 7.000000 1.000000
115.010000 4.753676 13227.300100 4.000000 8.000000 167.000000 47.000000 0.000000 9.000000 2.000000
194.120000 5.273615 37682.574400 4.000000 5.000000 148.000000 65.000000 0.000000 5.000000 6.000000
63.860000 4.172231 4078.099600 0.000000 3.000000 75.000000 63.000000 3.000000 9.000000 19.000000
39.220000 3.694364 1538.208400 4.000000 8.000000 202.000000 49.000000 5.000000 5.000000 18.000000
60.450000 4.118224 3654.202500 0.000000 4.000000 268.000000 51.000000 2.000000 10.000000 23.000000
125.740000 4.842138 15810.547600 1.000000 7.000000 45.000000 57.000000 2.000000 5.000000 24.000000
38.130000 3.666889 1453.896900 1.000000 7.000000 212.000000 62.000000 6.000000 9.000000 17.000000
32.060000 3.498324 1027.843600 2.000000 1.000000 261.000000 62.000000 4.000000 5.000000 10.000000
65.130000 4.191623 4241.916900 0.000000 5.000000 135.000000 59.000000 2.000000 4.000000 12.000000
31.580000 3.483699 997.296400 1.000000 5.000000 83.000000 59.000000 6.000000 9.000000 17.000000
123.210000 4.821974 15180.704100 1.000000 7.000000 34.000000 52.000000 0.000000 10.000000 14.000000
30.880000 3.461979 953.574400 1.000000 5.000000 71.000000 56.000000 0.000000 12.000000 23.000000
106.530000 4.677770 11348.640900 2.000000 1.000000 332.000000 45.000000 1.000000 11.000000 26.000000
5.000000 1.791759 25.000000 1.000000 8.000000 188.000000 69.000000 5.000000 3.000000 11.000000
5.000000 1.791759 25.000000 4.000000 8.000000 59.000000 51.000000 1.000000 10.000000 15.000000
95.600000 4.570579 9139.360000 0.000000 6.000000 320.000000 51.000000 2.000000 6.000000 12.000000
36.470000 3.623541 1330.060900 4.000000 0.000000 84.000000 62.000000 1.000000 3.000000 28.000000
267.650000 5.593409 71636.522500 2.000000 5.000000 288.000000 58.000000 4.000000 6.000000 7.000000
38.870000 3.685624 1510.876900 1.000000 7.000000 319.000000 56.000000 2.000000 3.000000 27.000000
181.310000 5.205709 32873.316100 1.000000 7.000000 315.000000 63.000000 5.000000 3.000000 11.000000
76.370000 4.348599 5832.376900 2.000000 4.000000 31.000000 56.000000 1.000000 6.000000 18.000000
91.820000 4.530662 8430.912400 3.000000 7.000000 226.000000 50.000000 0.000000 10.000000 28.000000
54.650000 4.019082 2986.622500 3.000000 3.000000 138.000000 51.000000 3.000000 7.000000 25.000000
204.040000 5.323205 41632.321600 1.000000 5.000000 163.000000 44.000000 4.000000 11.000000 24.000000
50.680000 3.945071 2568.462400 3.000000 3.000000 180.000000 59.000000 3.000000 4.000000 11.000000
330.000000 5.802118 108900.000000 0.000000 5.000000 44.000000 54.000000 2.000000 3.000000 6.000000
25.180000 3.264996 634.032400 1.000000 2.000000 79.000000 63.000000 0.000000 11.000000 11.000000
123.170000 4.821652 15170.848900 2.000000 8.000000 58.000000 47.000000 6.000000 1.000000 28.000000
56.920000 4.059063 3239.886400 1.000000 2.000000 163.000000 46.000000 1.000000 4.000000 18.000000
32.490000 3.511247 1055.600100 2.000000 6.000000 273.000000 56.000000 6.000000 1.000000 28.000000
54.730000 4.020519 2995.372900 2.000000 4.000000 90.000000 50.000000 4.000000 5.000000 5.000000
107.590000 4.687579 11575.608100 0.000000 1.000000 223.000000 39.000000 2.000000 11.000000 29.000000
92.690000 4.539991 8591.436100 2.000000 1.000000 159.000000 64.000000 4.000000 4.000000 21.000000
41.410000 3.747384 1714.788100 3.000000 4.000000 221.000000 53.000000 3.000000 10.000000 10.000000
52.490000 3.979495 2755.200100 4.000000 5.000000 176.000000 52.000000 5.000000 4.000000 8.000000
58.470000 4.085472 3418.740900 2.000000 3.000000 5.000000 38.000000 3.000000 4.000000 18.000000
64.170000 4.176999 4117.788900 2.000000 7.000000 106.000000 64.000000 0.000000 8.000000 7.000000
247.540000 5.515604 61276.051600 2.000000 7.000000 246.000000 39.000000 1.000000 7.000000 2.000000
344.830000 5.845947 118907.728900 3.000000 5.000000 29.000000 44.000000 3.000000 3.000000 28.000000
39.530000 3.702042 1562.620900 4.000000 5.000000 202.000000 55.000000 4.000000 5.000000 31.000000
107.570000 4.687395 11571.304900 4.000000 1.000000 230.000000 55.000000 2.000000 2.000000 28.000000
108.920000 4.699753 11863.566400 3.000000 5.000000 58.000000 44.000000 0.000000 12.000000 18.000000
68.880000 4.246779 4744.454400 3.000000 8.000000 223.000000 46.000000 6.000000 5.000000 12.000000
69.760000 4.259294 4866.457600 4.000000 1.000000 235.000000 60.000000 1.000000 12.000000 19.000000
180.050000 5.198773 32418.002500 4.000000 5.000000 99.000000 63.000000 6.000000 4.000000 28.000000
121.670000 4.809498 14803.588900 3.000000 5.000000 251.000000 48.000000 6.000000 2.000000 19.000000
173.370000 5.161179 30057.156900 0.000000 8.000000 275.000000 54.000000 1.000000 1.000000 31.000000
30.560000 3.451890 933.913600 3.000000 5.000000 8.000000 42.000000 5.000000 11.000000 30.000000
97.220000 4.587210 9451.728400 2.000000 4.000000 337.000000 50.000000 2.000000 5.000000 22.000000
10.000000 2.397895 100.000000 0.000000 7.000000 71.000000 59.000000 1.000000 9.000000 3.000000
23.830000 3.212053 567.868900 4.000000 6.000000 75.000000 62.000000 3.000000 8.000000 8.000000
131.420000 4.885979 17271.216400 0.000000 5.000000 1.000000 37.000000 3.000000 1.000000 12.000000
353.920000 5.871892 125259.366400 0.000000 3.000000 158.000000 53.000000 1.000000 1.000000 31.000000
107.020000 4.682316 11453.280400 0.000000 4.000000 177.000000 39.000000 5.000000 6.000000 22.000000
5.370000 1.851599 28.836900 1.000000 4.000000 270.000000 61.000000 0.000000 4.000000 22.000000
107.170000 4.683704 11485.408900 3.000000 2.000000 244.000000 62.000000 6.000000 1.000000 14.000000
71.610000 4.285103 5127.992100 1.000000 6.000000 172.000000 47.000000 4.000000 3.000000 22.000000
35.420000 3.595118 1254.576400 3.000000 4.000000 72.000000 51.000000 1.000000 9.000000 17.000000
227.940000 5.433460 51956.643600 2.000000 3.000000 282.000000 57.000000 3.000000 1.000000 12.000000
107.120000 4.683242 11474.694400 4.000000 4.000000 43.000000 46.000000 4.000000 6.000000 21.000000
48.890000 3.909821 2390.232100 2.000000 3.000000 221.000000 53.000000 0.000000 12.000000 30.000000
21.940000 3.132882 481.363600 3.000000 8.000000 122.000000 52.000000 3.000000 9.000000 12.000000
5.000000 1.791759 25.000000 3.000000 0.000000 20.000000 54.000000 2.000000 7.000000 31.000000
62.640000 4.153242 3923.769600 4.000000 0.000000 111.000000 71.000000 4.000000 2.000000 17.000000
50.260000 3.936911 2526.067600 4.000000 5.000000 51.000000 52.000000 0.000000 1.000000 22.000000
119.830000 4.794385 14359.228900 2.000000 5.000000 136.000000 52.000000 4.000000 7.000000 26.000000
184.190000 5.221382 33925.956100 4.000000 7.000000 158.000000 62.000000 2.000000 6.000000 28.000000
220.150000 5.398841 48466.022500 3.000000 6.000000 34.000000 56.000000 1.000000 6.000000 13.000000
52.720000 3.983785 2779.398400 2.000000 1.000000 328.000000 62.000000 6.000000 6.000000 9.000000
358.260000 5.884046 128350.227600 4.000000 7.000000 169.000000 56.000000 5.000000 6.000000 29.000000
101.650000 4.631325 10332.722500 2.000000 2.000000 332.000000 51.000000 0.000000 2.000000 12.000000
75.300000 4.334673 5670.090000 1.000000 2.000000 258.000000 48.000000 6.000000 9.000000 24.000000
55.710000 4.037951 3103.604100 2.000000 4.000000 114.000000 59.000000 2.000000 11.000000 27.000000
41.800000 3.756538 1747.240000 4.000000 8.000000 71.000000 62.000000 3.000000 6.000000 8.000000
71.780000 4.287441 5152.368400 1.000000 1.000000 269.000000 56.000000 2.000000 9.000000 18.000000
36.930000 3.635742 1363.824900 3.000000 1.000000 165.000000 43.000000 5.000000 11.000000 23.000000
90.380000 4.515027 8168.544400 2.000000 2.000000 231.000000 49.000000 2.000000 9.000000 6.000000
221.270000 5.403893 48960.412900 1.000000 4.000000 42.000000 43.000000 0.000000 5.000000 6.000000
252.680000 5.536074 63847.182400 1.000000 7.000000 201.000000 62.000000 6.000000 10.000000 22.000000
93.420000 4.547753 8727.296400 1.000000 8.000000 185.000000 59.000000 3.000000 9.000000 21.000000
92.390000 4.536784 8535.912100 1.000000 3.000000 5.000000 37.000000 1.000000 9.000000 3.000000
77.600000 4.364372 6021.760000 1.000000 5.000000 120.000000 67.000000 6.000000 9.000000 15.000000
36.420000 3.622205 1326.416400 3.000000 0.000000 181.000000 59.000000 4.000000 12.000000 15.000000
118.930000 4.786908 14144.344900 2.000000 3.000000 56.000000 58.000000 2.000000 3.000000 20.000000
152.260000 5.032136 23183.107600 4.000000 3.000000 8.000000 55.000000 0.000000 12.000000 25.000000
222.160000 5.407889 49355.065600 3.000000 8.000000 257.000000 42.000000 5.000000 4.000000 1.000000
64.920000 4.188442 4214.606400 2.000000 4.000000 262.000000 56.000000 5.000000 8.000000 24.000000
193.020000 5.267961 37256.720400 3.000000 6.000000 319.000000 63.000000 1.000000 4.000000 16.000000
21.590000 3.117507 466.128100 3.000000 8.000000 51.000000 52.000000 0.000000 1.000000 22.000000
36.890000 3.634687 1360.872100 3.000000 5.000000 263.000000 62.000000 1.000000 1.000000 16.000000
55.860000 4.040592 3120.339600 2.000000 8.000000 76.000000 51.000000 3.000000 9.000000 28.000000
47.680000 3.885268 2273.382400 2.000000 4.000000 229.000000 49.000000 5.000000 11.000000 18.000000
5.000000 1.791759 25.000000 4.000000 1.000000 182.000000 69.000000 2.000000 9.000000 25.000000
58.880000 4.092343 3466.854400 3.000000 4.000000 267.000000 51.000000 4.000000 4.000000 28.000000
63.130000 4.160912 3985.396900 0.000000 7.000000 260.000000 59.000000 4.000000 11.000000 15.000000
195.690000 5.281629 38294.576100 2.000000 5.000000 284.000000 57.000000 3.000000 7.000000 11.000000
77.010000 4.356837 5930.540100 4.000000 8.000000 134.000000 62.000000 2.000000 3.000000 1.000000
44.020000 3.807107 1937.760400 2.000000 3.000000 257.000000 53.000000 1.000000 8.000000 6.000000
118.820000 4.785991 14118.192400 0.000000 7.000000 325.000000 64.000000 5.000000 12.000000 16.000000
134.900000 4.911919 18198.010000 3.000000 7.000000 92.000000 63.000000 6.000000 2.000000 12.000000
120.720000 4.801723 14573.318400 3.000000 4.000000 58.000000 39.000000 5.000000 6.000000 22.000000
5.000000 1.791759 25.000000 2.000000 0.000000 74.000000 50.000000 3.000000 2.000000 15.000000
28.240000 3.375538 797.497600 2.000000 6.000000 256.000000 53.000000 2.000000 3.000000 15.000000
243.470000 5.499093 59277.640900 3.000000 0.000000 28.000000 48.000000 6.000000 5.000000 28.000000
104.410000 4.657858 10901.448100 0.000000 7.000000 319.000000 64.000000 5.000000 11.000000 9.000000
27.840000 3.361763 775.065600 0.000000 7.000000 113.000000 58.000000 3.000000 1.000000 11.000000
5.000000 1.791759 25.000000 3.000000 5.000000 60.000000 54.000000 5.000000 4.000000 13.000000
47.960000 3.891004 2300.161600 1.000000 2.000000 227.000000 42.000000 4.000000 1.000000 13.000000
242.050000 5.493267 58588.202500 2.000000 5.000000 275.000000 58.000000 4.000000 1.000000 6.000000
44.170000 3.810433 1950.988900 0.000000 5.000000 268.000000 63.000000 3.000000 12.000000 12.000000
76.690000 4.352727 5881.356100 0.000000 5.000000 132.000000 59.000000 0.000000 12.000000 30.000000
47.940000 3.890595 2298.243600 1.000000 1.000000 223.000000 43.000000 6.000000 11.000000 24.000000
46.770000 3.866398 2187.432900 0.000000 1.000000 125.000000 54.000000 6.000000 8.000000 18.000000
33.920000 3.553060 1150.566400 3.000000 0.000000 125.000000 60.000000 2.000000 4.000000 10.000000
102.790000 4.642370 10565.784100 0.000000 6.000000 130.000000 57.000000 6.000000 9.000000 10.000000
212.890000 5.365462 45322.152100 3.000000 1.000000 64.000000 58.000000 3.000000 3.000000 9.000000
114.380000 4.748231 13082.784400 1.000000 0.000000 135.000000 63.000000 5.000000 12.000000 7.000000
22.200000 3.144152 492.840000 3.000000 4.000000 251.000000 52.000000 1.000000 6.000000 6.000000
153.550000 5.040518 23577.602500 1.000000 8.000000 300.000000 63.000000 0.000000 4.000000 15.000000
177.400000 5.184028 31470.760000 4.000000 1.000000 314.000000 57.000000 3.000000 9.000000 14.000000
55.260000 4.029984 3053.667600 4.000000 6.000000 295.000000 47.000000 0.000000 4.000000 8.000000
43.160000 3.787819 1862.785600 3.000000 6.000000 150.000000 64.000000 1.000000 1.000000 30.000000
66.840000 4.217152 4467.585600 4.000000 0.000000 261.000000 56.000000 6.000000 5.000000 5.000000
70.130000 4.264509 4918.216900 2.000000 7.000000 132.000000 51.000000 0.000000 8.000000 7.000000
17.460000 2.915606 304.851600 2.000000 1.000000 261.000000 63.000000 5.000000 10.000000 26.000000
99.870000 4.613833 9974.016900 4.000000 1.000000 138.000000 51.000000 2.000000 9.000000 11.000000
14.350000 2.731115 205.922500 3.000000 7.000000 238.000000 49.000000 3.000000 7.000000 27.000000
423.780000 6.051571 179589.488400 0.000000 1.000000 276.000000 46.000000 0.000000 12.000000 11.000000
145.350000 4.986001 21126.622500 4.000000 2.000000 8.000000 51.000000 3.000000 2.000000 16.000000
5.820000 1.919859 33.872400 4.000000 0.000000 169.000000 50.000000 5.000000 5.000000 27.000000
92.000000 4.532599 8464.000000 2.000000 1.000000 167.000000 46.000000 2.000000 5.000000 24.000000
51.310000 3.957188 2632.716100 1.000000 5.000000 195.000000 51.000000 6.000000 12.000000 10.000000
8.830000 2.285439 77.968900 4.000000 3.000000 116.000000 69.000000 3.000000 11.000000 30.000000
42.260000 3.767228 1785.907600 0.000000 8.000000 131.000000 62.000000 4.000000 4.000000 5.000000
29.950000 3.432373 897.002500 2.000000 0.000000 86.000000 59.000000 6.000000 9.000000 29.000000
42.310000 3.768384 1790.136100 3.000000 3.000000 86.000000 59.000000 2.000000 2.000000 15.000000
349.360000 5.858961 122052.409600 4.000000 6.000000 294.000000 49.000000 6.000000 12.000000 31.000000
44.010000 3.806885 1936.880100 3.000000 8.000000 208.000000 57.000000 5.000000 9.000000 16.000000
63.500000 4.166665 4032.250000 2.000000 7.000000 133.000000 63.000000 4.000000 1.000000 20.000000
65.170000 4.192227 4247.128900 2.000000 4.000000 58.000000 43.000000 3.000000 4.000000 20.000000
60.900000 4.125520 3708.810000 1.000000 5.000000 104.000000 59.000000 3.000000 4.000000 27.000000
17.350000 2.909630 301.022500 1.000000 6.000000 266.000000 51.000000 5.000000 8.000000 3.000000
73.170000 4.306360 5353.848900 2.000000 5.000000 52.000000 59.000000 1.000000 9.000000 26.000000
243.610000 5.499665 59345.832100 4.000000 4.000000 299.000000 45.000000 3.000000 10.000000 3.000000
16.000000 2.833213 256.000000 0.000000 5.000000 212.000000 68.000000 6.000000 9.000000 15.000000
106.230000 4.674976 11284.812900 0.000000 2.000000 224.000000 61.000000 0.000000 7.000000 29.000000
33.970000 3.554491 1153.960900 3.000000 2.000000 80.000000 62.000000 2.000000 11.000000 22.000000
67.230000 4.222884 4519.872900 3.000000 0.000000 212.000000 65.000000 2.000000 9.000000 4.000000
140.360000 4.951310 19700.929600 3.000000 8.000000 239.000000 58.000000 5.000000 9.000000 16.000000
65.730000 4.200655 4320.432900 2.000000 3.000000 248.000000 52.000000 1.000000 1.000000 3.000000
12.250000 2.583998 150.062500 4.000000 8.000000 44.000000 56.000000 2.000000 12.000000 18.000000
115.030000 4.753849 13231.900900 3.000000 3.000000 285.000000 57.000000 6.000000 2.000000 4.000000
103.600000 4.650144 10732.960000 1.000000 2.000000 182.000000 67.000000 4.000000 5.000000 10.000000
140.960000 4.955545 19869.721600 3.000000 4.000000 318.000000 57.000000 0.000000 5.000000 8.000000
60.730000 4.122770 3688.132900 2.000000 5.000000 161.000000 46.000000 5.000000 3.000000 25.000000
77.190000 4.359142 5958.296100 1.000000 4.000000 4.000000 48.000000 4.000000 6.000000 30.000000
20.160000 3.052113 406.425600 3.000000 5.000000 7.000000 38.000000 0.000000 6.000000 10.000000
137.270000 4.929208 18843.052900 2.000000 1.000000 2.000000 50.000000 3.000000 2.000000 29.000000
36.430000 3.622473 1327.144900 2.000000 5.000000 147.000000 52.000000 2.000000 12.000000 4.000000
29.960000 3.432696 897.601600 3.000000 1.000000 202.000000 56.000000 6.000000 5.000000 5.000000
30.700000 3.456317 942.490000 3.000000 8.000000 108.000000 64.000000 4.000000 8.000000 4.000000
101.200000 4.626932 10241.440000 3.000000 0.000000 266.000000 64.000000 0.000000 6.000000 26.000000
57.160000 4.063198 3267.265600 0.000000 1.000000 258.000000 48.000000 6.000000 8.000000 11.000000
10.020000 2.399712 100.400400 1.000000 6.000000 68.000000 51.000000 3.000000 5.000000 30.000000
379.130000 5.940513 143739.556900 3.000000 7.000000 134.000000 49.000000 4.000000 3.000000 17.000000
14.970000 2.770712 224.100900 3.000000 5.000000 87.000000 51.000000 1.000000 8.000000 27.000000
69.300000 4.252772 4802.490000 0.000000 7.000000 139.000000 56.000000 2.000000 2.000000 21.000000
26.000000 3.295837 676.000000 2.000000 5.000000 196.000000 48.000000 2.000000 7.000000 26.000000
12.100000 2.572612 146.410000 1.000000 4.000000 255.000000 53.000000 2.000000 1.000000 17.000000
29.370000 3.413455 862.596900 2.000000 5.000000 71.000000 59.000000 4.000000 10.000000 18.000000
17.510000 2.918311 306.600100 1.000000 0.000000 224.000000 60.000000 5.000000 3.000000 2.000000
15.320000 2.792391 234.702400 3.000000 3.000000 76.000000 59.000000 5.000000 2.000000 18.000000
37.260000 3.644405 1388.307600 2.000000 3.000000 271.000000 59.000000 0.000000 12.000000 30.000000
467.200000 6.148896 218275.840000 1.000000 8.000000 278.000000 46.000000 6.000000 1.000000 28.000000
5.000000 1.791759 25.000000 2.000000 2.000000 264.000000 50.000000 5.000000 9.000000 23.000000
46.350000 3.857567 2148.322500 4.000000 5.000000 167.000000 46.000000 4.000000 11.000000 8.000000
26.520000 3.314913 703.310400 3.000000 3.000000 89.000000 51.000000 4.000000 11.000000 15.000000
88.080000 4.489535 7758.086400 2.000000 7.000000 68.000000 59.000000 3.000000 6.000000 29.000000
91.900000 4.531524 8445.610000 4.000000 5.000000 129.000000 51.000000 3.000000 6.000000 29.000000
73.670000 4.313078 5427.268900 2.000000 3.000000 289.000000 59.000000 5.000000 8.000000 26.000000
29.940000 3.432050 896.403600 3.000000 7.000000 75.000000 51.000000 2.000000 2.000000 21.000000
51.120000 3.953549 2613.254400 3.000000 3.000000 301.000000 62.000000 4.000000 11.000000 1.000000
462.790000 6.139432 214174.584100 3.000000 6.000000 280.000000 46.000000 0.000000 11.000000 27.000000
142.130000 4.963753 20200.936900 0.000000 7.000000 247.000000 53.000000 2.000000 8.000000 28.000000
34.090000 3.557916 1162.128100 1.000000 7.000000 332.000000 44.000000 5.000000 5.000000 18.000000
63.890000 4.172694 4081.932100 4.000000 5.000000 217.000000 45.000000 1.000000 2.000000 21.000000
50.880000 3.948933 2588.774400 3.000000 8.000000 84.000000 59.000000 4.000000 4.000000 28.000000
45.860000 3.847164 2103.139600 1.000000 6.000000 176.000000 49.000000 3.000000 2.000000 8.000000
240.990000 5.488896 58076.180100 3.000000 6.000000 15.000000 55.000000 6.000000 5.000000 7.000000
67.230000 4.222884 4519.872900 3.000000 1.000000 268.000000 63.000000 5.000000 9.000000 30.000000
198.540000 5.296015 39418.131600 1.000000 5.000000 337.000000 45.000000 4.000000 8.000000 23.000000
128.380000 4.862754 16481.424400 4.000000 5.000000 136.000000 60.000000 0.000000 7.000000 29.000000
135.870000 4.919032 18460.656900 2.000000 3.000000 135.000000 57.000000 2.000000 7.000000 3.000000
31.870000 3.492560 1015.696900 2.000000 1.000000 66.000000 62.000000 4.000000 10.000000 11.000000
5.000000 1.791759 25.000000 1.000000 2.000000 338.000000 56.000000 0.000000 10.000000 23.000000
30.250000 3.442019 915.062500 2.000000 2.000000 268.000000 59.000000 3.000000 11.000000 2.000000
40.830000 3.733614 1667.088900 2.000000 1.000000 73.000000 56.000000 6.000000 8.000000 18.000000
122.120000 4.813159 14913.294400 2.000000 2.000000 130.000000 63.000000 3.000000 2.000000 16.000000
16.380000 2.855320 268.304400 3.000000 3.000000 155.000000 63.000000 6.000000 4.000000 14.000000
73.550000 4.311470 5409.602500 2.000000 5.000000 141.000000 50.000000 6.000000 3.000000 31.000000
43.010000 3.784417 1849.860100 2.000000 5.000000 213.000000 65.000000 1.000000 5.000000 2.000000
14.480000 2.739549 209.670400 4.000000 7.000000 141.000000 41.000000 4.000000 3.000000 29.000000
62.070000 4.144245 3852.684900 4.000000 7.000000 49.000000 44.000000 2.000000 7.000000 12.000000
56.800000 4.056989 3226.240000 4.000000 5.000000 74.000000 59.000000 5.000000 6.000000 29.000000
23.350000 3.192532 545.222500 4.000000 8.000000 67.000000 51.000000 4.000000 4.000000 5.000000
86.530000 4.471982 7487.440900 4.000000 0.000000 332.000000 39.000000 3.000000 2.000000 29.000000
57.120000 4.062510 3262.694400 3.000000 6.000000 67.000000 51.000000 2.000000 5.000000 29.000000
68.430000 4.240319 4682.664900 0.000000 5.000000 228.000000 45.000000 1.000000 9.000000 5.000000
5.000000 1.791759 25.000000 3.000000 2.000000 253.000000 48.000000 6.000000 10.000000 22.000000
53.880000 4.005149 2903.054400 0.000000 3.000000 337.000000 54.000000 2.000000 9.000000 6.000000
36.130000 3.614425 1305.376900 0.000000 3.000000 114.000000 67.000000 5.000000 5.000000 25.000000
73.630000 4.312543 5421.376900 2.000000 3.000000 137.000000 63.000000 5.000000 12.000000 14.000000
30.630000 3.454106 938.196900 0.000000 0.000000 209.000000 54.000000 6.000000 7.000000 21.000000
11.430000 2.520113 130.644900 4.000000 1.000000 82.000000 51.000000 5.000000 1.000000 7.000000
5.000000 1.791759 25.000000 0.000000 1.000000 186.000000 66.000000 5.000000 4.000000 13.000000
41.280000 3.744314 1704.038400 3.000000 1.000000 104.000000 71.000000 5.000000 8.000000 3.000000
109.680000 4.706643 12029.702400 2.000000 7.000000 335.000000 55.000000 0.000000 2.000000 13.000000
51.660000 3.963856 2668.755600 4.000000 7.000000 192.000000 70.000000 3.000000 9.000000 7.000000
33.760000 3.548467 1139.737600 0.000000 6.000000 264.000000 59.000000 3.000000 6.000000 13.000000
31.980000 3.495901 1022.720400 0.000000 6.000000 87.000000 51.000000 0.000000 9.000000 16.000000
89.620000 4.506675 8031.744400 0.000000 7.000000 137.000000 62.000000 2.000000 1.000000 4.000000
8.780000 2.280339 77.088400 0.000000 8.000000 120.000000 63.000000 3.000000 5.000000 18.000000
63.060000 4.159820 3976.563600 2.000000 3.000000 257.000000 45.000000 6.000000 12.000000 1.000000
112.270000 4.729774 12604.552900 2.000000 4.000000 148.000000 65.000000 2.000000 6.000000 14.000000
15.110000 2.779440 228.312100 4.000000 8.000000 85.000000 62.000000 1.000000 5.000000 30.000000
62.470000 4.150567 3902.500900 4.000000 4.000000 230.000000 54.000000 3.000000 9.000000 21.000000
18.000000 2.944439 324.000000 2.000000 1.000000 256.000000 53.000000 3.000000 1.000000 25.000000
154.210000 5.044779 23780.724100 1.000000 2.000000 58.000000 51.000000 1.000000 11.000000 12.000000
46.700000 3.864931 2180.890000 4.000000 4.000000 207.000000 68.000000 6.000000 4.000000 7.000000
5.000000 1.791759 25.000000 4.000000 4.000000 84.000000 61.000000 4.000000 11.000000 10.000000
138.070000 4.934977 19063.324900 4.000000 5.000000 203.000000 55.000000 2.000000 4.000000 17.000000
52.760000 3.984530 2783.617600 2.000000 0.000000 167.000000 43.000000 2.000000 2.000000 21.000000
221.830000 5.406409 49208.548900 0.000000 6.000000 98.000000 64.000000 6.000000 8.000000 11.000000
5.000000 1.791759 25.000000 0.000000 6.000000 179.000000 66.000000 0.000000 7.000000 8.000000
37.900000 3.660994 1436.410000 3.000000 1.000000 260.000000 59.000000 2.000000 3.000000 8.000000
107.570000 4.687395 11571.304900 3.000000 2.000000 228.000000 46.000000 4.000000 10.000000 25.000000
131.270000 4.884845 17231.812900 4.000000 1.000000 130.000000 51.000000 5.000000 12.000000 9.000000
35.840000 3.606584 1284.505600 1.000000 0.000000 314.000000 51.000000 3.000000 4.000000 20.000000
72.390000 4.295788 5240.312100 0.000000 5.000000 137.000000 62.000000 5.000000 1.000000 6.000000
43.960000 3.805773 1932.481600 4.000000 1.000000 266.000000 59.000000 1.000000 6.000000 18.000000
97.480000 4.589853 9502.350400 0.000000 5.000000 232.000000 49.000000 0.000000 3.000000 20.000000
56.610000 4.053696 3204.692100 1.000000 6.000000 324.000000 56.000000 2.000000 6.000000 7.000000
44.770000 3.823629 2004.352900 2.000000 5.000000 121.000000 64.000000 5.000000 5.000000 27.000000
34.750000 3.576550 1207.562500 3.000000 8.000000 4.000000 36.000000 2.000000 2.000000 28.000000
54.760000 4.021057 2998.657600 3.000000 4.000000 74.000000 56.000000 0.000000 2.000000 26.000000
32.280000 3.504957 1041.998400 1.000000 1.000000 181.000000 59.000000 0.000000 1.000000 16.000000
43.540000 3.796388 1895.731600 4.000000 2.000000 85.000000 59.000000 6.000000 12.000000 8.000000
21.650000 3.120160 468.722500 1.000000 1.000000 8.000000 42.000000 2.000000 12.000000 27.000000
79.000000 4.382027 6241.000000 4.000000 1.000000 239.000000 61.000000 2.000000 4.000000 3.000000
32.110000 3.499835 1031.052100 3.000000 0.000000 191.000000 64.000000 0.000000 10.000000 14.000000
412.100000 6.023690 169826.410000 1.000000 3.000000 296.000000 53.000000 2.000000 1.000000 10.000000
88.900000 4.498698 7903.210000 0.000000 4.000000 329.000000 48.000000 0.000000 3.000000 27.000000
94.920000 4.563515 9009.806400 3.000000 5.000000 133.000000 62.000000 0.000000 10.000000 2.000000
15.830000 2.823163 250.588900 3.000000 1.000000 106.000000 71.000000 2.000000 10.000000 2.000000
58.750000 4.090169 3451.562500 2.000000 0.000000 194.000000 62.000000 2.000000 12.000000 18.000000
59.680000 4.105614 3561.702400 2.000000 3.000000 132.000000 62.000000 6.000000 2.000000 26.000000
92.820000 4.541378 8615.552400 0.000000 2.000000 260.000000 63.000000 1.000000 4.000000 9.000000
288.670000 5.668742 83330.368900 2.000000 1.000000 41.000000 44.000000 1.000000 1.000000 24.000000
60.810000 4.124065 3697.856100 0.000000 5.000000 138.000000 51.000000 5.000000 2.000000 17.000000
18.510000 2.970927 342.620100 0.000000 6.000000 84.000000 63.000000 0.000000 1.000000 9.000000
397.280000 5.987155 157831.398400 1.000000 3.000000 299.000000 50.000000 5.000000 7.000000 8.000000
32.680000 3.516904 1067.982400 4.000000 6.000000 253.000000 38.000000 6.000000 3.000000 19.000000
5.000000 1.791759 25.000000 3.000000 5.000000 206.000000 56.000000 2.000000 3.000000 27.000000
52.330000 3.976499 2738.428900 3.000000 2.000000 220.000000 41.000000 3.000000 5.000000 25.000000
43.250000 3.789855 1870.562500 1.000000 2.000000 250.000000 49.000000 3.000000 9.000000 21.000000
116.560000 4.766949 13586.233600 1.000000 4.000000 323.000000 64.000000 6.000000 5.000000 19.000000
31.340000 3.476305 982.195600 0.000000 2.000000 172.000000 48.000000 4.000000 4.000000 12.000000
36.770000 3.631515 1352.032900 0.000000 3.000000 123.000000 42.000000 6.000000 12.000000 8.000000
41.850000 3.757706 1751.422500 0.000000 3.000000 7.000000 38.000000 5.000000 11.000000 4.000000
20.000000 3.044522 400.000000 3.000000 8.000000 51.000000 45.000000 5.000000 7.000000 13.000000
26.810000 3.325396 718.776100 1.000000 0.000000 75.000000 51.000000 0.000000 5.000000 13.000000
278.140000 5.631713 77361.859600 3.000000 6.000000 200.000000 67.000000 6.000000 9.000000 3.000000
169.020000 5.135916 28567.760400 1.000000 5.000000 228.000000 51.000000 6.000000 1.000000 8.000000
195.430000 5.280306 38192.884900 3.000000 2.000000 45.000000 51.000000 1.000000 2.000000 21.000000
91.130000 4.523201 8304.676900 3.000000 1.000000 58.000000 49.000000 5.000000 1.000000 7.000000
18.660000 2.978586 348.195600 0.000000 1.000000 85.000000 63.000000 4.000000 11.000000 15.000000
167.260000 5.125510 27975.907600 2.000000 2.000000 233.000000 50.000000 0.000000 5.000000 29.000000
555.460000 6.321595 308535.811600 4.000000 2.000000 259.000000 49.000000 2.000000 5.000000 10.000000
150.950000 5.023552 22785.902500 0.000000 2.000000 170.000000 53.000000 6.000000 3.000000 5.000000
159.150000 5.076111 25328.722500 2.000000 3.000000 335.000000 44.000000 5.000000 7.000000 27.000000
70.050000 4.263384 4907.002500 0.000000 8.000000 58.000000 49.000000 2.000000 4.000000 26.000000
23.470000 3.197448 550.840900 1.000000 5.000000 132.000000 56.000000 6.000000 10.000000 8.000000
165.830000 5.116975 27499.588900 4.000000 5.000000 15.000000 55.000000 6.000000 1.000000 7.000000
24.590000 3.242202 604.668100 0.000000 3.000000 186.000000 67.000000 6.000000 8.000000 11.000000
56.920000 4.059063 3239.886400 0.000000 2.000000 209.000000 65.000000 4.000000 3.000000 1.000000
60.730000 4.122770 3688.132900 0.000000 7.000000 257.000000 57.000000 4.000000 6.000000 2.000000
5.000000 1.791759 25.000000 0.000000 4.000000 256.000000 47.000000 5.000000 9.000000 7.000000
93.270000 4.546163 8699.292900 0.000000 7.000000 223.000000 43.000000 1.000000 5.000000 21.000000
50.730000 3.946038 2573.532900 3.000000 4.000000 222.000000 49.000000 4.000000 11.000000 1.000000
40.920000 3.735763 1674.446400 3.000000 1.000000 71.000000 59.000000 2.000000 4.000000 19.000000
5.000000 1.791759 25.000000 3.000000 6.000000 2.000000 36.000000 5.000000 6.000000 8.000000
9.810000 2.380472 96.236100 0.000000 4.000000 120.000000 70.000000 6.000000 7.000000 28.000000
375.300000 5.930387 140850.090000 4.000000 5.000000 93.000000 64.000000 1.000000 2.000000 13.000000
42.970000 3.783508 1846.420900 0.000000 2.000000 262.000000 56.000000 4.000000 4.000000 14.000000
117.890000 4.778199 13898.052100 3.000000 5.000000 4.000000 48.000000 4.000000 3.000000 29.000000
67.460000 4.226250 4550.851600 1.000000 6.000000 70.000000 59.000000 1.000000 8.000000 13.000000
5.000000 1.791759 25.000000 0.000000 2.000000 91.000000 61.000000 1.000000 9.000000 10.000000
79.840000 4.392472 6374.425600 4.000000 4.000000 56.000000 65.000000 0.000000 12.000000 25.000000
428.610000 6.062878 183706.532100 1.000000 4.000000 56.000000 58.000000 1.000000 10.000000 3.000000
14.410000 2.735017 207.648100 0.000000 5.000000 109.000000 64.000000 2.000000 4.000000 19.000000
147.890000 5.003208 21871.452100 0.000000 6.000000 303.000000 60.000000 5.000000 12.000000 28.000000
134.490000 4.908898 18087.560100 2.000000 8.000000 163.000000 47.000000 4.000000 3.000000 3.000000
52.770000 3.984716 2784.672900 0.000000 0.000000 60.000000 59.000000 6.000000 8.000000 20.000000
241.720000 5.491909 58428.558400 3.000000 3.000000 15.000000 56.000000 3.000000 7.000000 11.000000
42.640000 3.775974 1818.169600 4.000000 8.000000 265.000000 63.000000 1.000000 9.000000 26.000000
35.070000 3.585461 1229.904900 1.000000 6.000000 121.000000 70.000000 1.000000 1.000000 9.000000
5.000000 1.791759 25.000000 4.000000 8.000000 192.000000 58.000000 5.000000 12.000000 9.000000
76.370000 4.348599 5832.376900 2.000000 1.000000 225.000000 46.000000 5.000000 12.000000 28.000000
31.790000 3.490124 1010.604100 3.000000 5.000000 273.000000 63.000000 3.000000 8.000000 15.000000
56.070000 4.044279 3143.844900 4.000000 1.000000 183.000000 59.000000 4.000000 5.000000 5.000000
138.980000 4.941500 19315.440400 4.000000 6.000000 235.000000 55.000000 6.000000 11.000000 10.000000
74.680000 4.326514 5577.102400 1.000000 3.000000 223.000000 49.000000 5.000000 8.000000 12.000000
87.530000 4.483341 7661.500900 0.000000 0.000000 248.000000 47.000000 3.000000 11.000000 16.000000
11.010000 2.485740 121.220100 0.000000 4.000000 255.000000 41.000000 0.000000 11.000000 13.000000
14.760000 2.757475 217.857600 2.000000 7.000000 265.000000 59.000000 3.000000 9.000000 12.000000
97.270000 4.587719 9461.452900 1.000000 1.000000 131.000000 51.000000 2.000000 8.000000 28.000000
82.370000 4.423289 6784.816900 4.000000 3.000000 17.000000 59.000000 6.000000 10.000000 13.000000
42.060000 3.762594 1769.043600 0.000000 1.000000 171.000000 36.000000 1.000000 4.000000 11.000000
6.990000 2.078191 48.860100 1.000000 5.000000 178.000000 53.000000 5.000000 9.000000 28.000000
58.900000 4.092677 3469.210000 4.000000 4.000000 207.000000 57.000000 3.000000 4.000000 20.000000
116.810000 4.769073 13644.576100 1.000000 7.000000 239.000000 62.000000 5.000000 1.000000 14.000000
138.540000 4.938351 19193.331600 2.000000 0.000000 239.000000 58.000000 1.000000 10.000000 29.000000
547.750000 6.307643 300030.062500 0.000000 5.000000 287.000000 57.000000 4.000000 8.000000 30.000000
12.740000 2.620311 162.307600 4.000000 5.000000 158.000000 65.000000 1.000000 12.000000 24.000000
61.650000 4.137564 3800.722500 1.000000 8.000000 188.000000 59.000000 2.000000 2.000000 28.000000
9.780000 2.377693 95.648400 1.000000 3.000000 82.000000 58.000000 6.000000 4.000000 23.000000
5.000000 1.791759 25.000000 3.000000 4.000000 145.000000 60.000000 1.000000 2.000000 6.000000
135.520000 4.916471 18365.670400 4.000000 6.000000 2.000000 43.000000 3.000000 10.000000 17.000000
79.000000 4.382027 6241.000000 2.000000 6.000000 205.000000 69.000000 4.000000 7.000000 14.000000
154.360000 5.045745 23827.009600 3.000000 5.000000 278.000000 46.000000 5.000000 7.000000 27.000000
9.910000 2.389680 98.208100 4.000000 1.000000 144.000000 54.000000 0.000000 11.000000 25.000000
48.960000 3.911223 2397.081600 4.000000 4.000000 4.000000 44.000000 3.000000 6.000000 6.000000
5.000000 1.791759 25.000000 4.000000 4.000000 256.000000 52.000000 3.000000 12.000000 7.000000
181.750000 5.208119 33033.062500 4.000000 8.000000 152.000000 59.000000 4.000000 1.000000 26.000000
15.150000 2.781920 229.522500 3.000000 1.000000 10.000000 46.000000 2.000000 8.000000 7.000000
66.430000 4.211090 4412.944900 4.000000 3.000000 239.000000 54.000000 4.000000 4.000000 26.000000
47.840000 3.888550 2288.665600 1.000000 7.000000 228.000000 42.000000 1.000000 4.000000 18.000000
66.340000 4.209754 4400.995600 3.000000 6.000000 261.000000 51.000000 0.000000 9.000000 30.000000
5.000000 1.791759 25.000000 2.000000 0.000000 15.000000 45.000000 6.000000 7.000000 23.000000
25.530000 3.278276 651.780900 1.000000 0.000000 264.000000 56.000000 0.000000 2.000000 20.000000
23.770000 3.209633 565.012900 4.000000 1.000000 69.000000 59.000000 4.000000 5.000000 31.000000
56.320000 4.048650 3171.942400 2.000000 6.000000 136.000000 63.000000 1.000000 3.000000 5.000000
71.320000 4.281101 5086.542400 2.000000 4.000000 180.000000 67.000000 6.000000 8.000000 27.000000
87.450000 4.482437 7647.502500 0.000000 0.000000 323.000000 59.000000 4.000000 3.000000 3.000000
68.350000 4.239166 4671.722500 3.000000 6.000000 161.000000 49.000000 3.000000 8.000000 24.000000
78.850000 4.380150 6217.322500 2.000000 5.000000 134.000000 59.000000 6.000000 1.000000 29.000000
87.940000 4.487962 7733.443600 0.000000 1.000000 238.000000 54.000000 3.000000 2.000000 22.000000
19.560000 3.023347 382.593600 0.000000 6.000000 81.000000 63.000000 0.000000 7.000000 15.000000
9.890000 2.387845 97.812100 3.000000 5.000000 77.000000 61.000000 3.000000 4.000000 27.000000
12.220000 2.581731 149.328400 3.000000 8.000000 214.000000 69.000000 2.000000 11.000000 27.000000
67.740000 4.230331 4588.707600 0.000000 1.000000 69.000000 51.000000 6.000000 7.000000 30.000000
26.670000 3.320349 711.288900 1.000000 0.000000 31.000000 54.000000 0.000000 5.000000 27.000000
239.570000 5.483011 57393.784900 4.000000 5.000000 174.000000 57.000000 6.000000 1.000000 15.000000
126.600000 4.848900 16027.560000 1.000000 1.000000 229.000000 50.000000 3.000000 11.000000 14.000000
60.620000 4.120986 3674.784400 1.000000 6.000000 101.000000 66.000000 0.000000 11.000000 20.000000
124.560000 4.832784 15515.193600 1.000000 4.000000 335.000000 52.000000 4.000000 5.000000 3.000000
68.160000 4.236423 4645.785600 0.000000 7.000000 73.000000 56.000000 3.000000 3.000000 14.000000
173.170000 5.160032 29987.848900 1.000000 6.000000 24.000000 44.000000 5.000000 2.000000 11.000000
92.050000 4.533137 8473.202500 2.000000 0.000000 147.000000 65.000000 3.000000 11.000000 16.000000
15.530000 2.805177 241.180900 1.000000 5.000000 79.000000 59.000000 1.000000 9.000000 26.000000
54.750000 4.020877 2997.562500 0.000000 5.000000 163.000000 43.000000 1.000000 5.000000 14.000000
207.780000 5.341281 43172.528400 1.000000 2.000000 280.000000 58.000000 3.000000 7.000000 20.000000
50.600000 3.943522 2560.360000 4.000000 5.000000 48.000000 61.000000 2.000000 7.000000 19.000000
118.990000 4.787408 14158.620100 2.000000 4.000000 306.000000 64.000000 0.000000 6.000000 17.000000
118.210000 4.780887 13973.604100 2.000000 1.000000 277.000000 49.000000 4.000000 9.000000 8.000000
109.530000 4.705287 11996.820900 4.000000 5.000000 254.000000 51.000000 4.000000 2.000000 3.000000
37.870000 3.660223 1434.136900 4.000000 4.000000 178.000000 50.000000 2.000000 2.000000 7.000000
107.940000 4.690797 11651.043600 3.000000 1.000000 244.000000 62.000000 6.000000 5.000000 21.000000
238.740000 5.479555 56996.787600 0.000000 7.000000 294.000000 49.000000 0.000000 1.000000 29.000000
93.940000 4.553245 8824.723600 2.000000 7.000000 256.000000 53.000000 2.000000 5.000000 24.000000
5.000000 1.791759 25.000000 3.000000 5.000000 271.000000 50.000000 3.000000 8.000000 29.000000
51.360000 3.958143 2637.849600 2.000000 4.000000 211.000000 62.000000 4.000000 5.000000 26.000000
27.900000 3.363842 778.410000 4.000000 7.000000 84.000000 59.000000 1.000000 3.000000 19.000000
48.310000 3.898127 2333.856100 0.000000 0.000000 185.000000 67.000000 2.000000 2.000000 21.000000
56.150000 4.045679 3152.822500 2.000000 4.000000 58.000000 46.000000 3.000000 12.000000 26.000000
27.880000 3.363149 777.294400 4.000000 8.000000 105.000000 71.000000 3.000000 6.000000 8.000000
64.050000 4.175156 4102.402500 1.000000 7.000000 217.000000 45.000000 0.000000 10.000000 30.000000
91.450000 4.526668 8363.102500 2.000000 2.000000 1.000000 48.000000 6.000000 5.000000 5.000000
53.180000 3.992312 2828.112400 0.000000 3.000000 205.000000 57.000000 2.000000 11.000000 1.000000
105.220000 4.665512 11071.248400 2.000000 7.000000 4.000000 37.000000 4.000000 11.000000 17.000000
44.970000 3.827989 2022.300900 0.000000 7.000000 338.000000 57.000000 0.000000 11.000000 25.000000
70.190000 4.265352 4926.636100 1.000000 7.000000 111.000000 71.000000 0.000000 2.000000 13.000000
32.980000 3.525772 1087.680400 1.000000 7.000000 105.000000 67.000000 0.000000 6.000000 12.000000
186.350000 5.232979 34726.322500 3.000000 1.000000 64.000000 52.000000 5.000000 1.000000 21.000000
80.980000 4.406475 6557.760400 4.000000 7.000000 306.000000 51.000000 2.000000 5.000000 31.000000
23.250000 3.188417 540.562500 3.000000 4.000000 72.000000 63.000000 2.000000 1.000000 3.000000
5.000000 1.791759 25.000000 1.000000 5.000000 76.000000 55.000000 3.000000 11.000000 21.000000
160.660000 5.085495 25811.635600 2.000000 6.000000 1.000000 48.000000 6.000000 2.000000 19.000000
41.320000 3.745260 1707.342400 3.000000 5.000000 167.000000 38.000000 0.000000 6.000000 12.000000
39.890000 3.710886 1591.212100 4.000000 0.000000 7.000000 46.000000 2.000000 7.000000 10.000000
79.360000 4.386517 6298.009600 1.000000 0.000000 8.000000 42.000000 6.000000 11.000000 3.000000
55.660000 4.037068 3098.035600 1.000000 7.000000 108.000000 59.000000 4.000000 2.000000 3.000000
5.000000 1.791759 25.000000 1.000000 5.000000 109.000000 66.000000 3.000000 5.000000 11.000000
170.550000 5.144875 29087.302500 4.000000 3.000000 283.000000 46.000000 2.000000 1.000000 17.000000
435.980000 6.079887 190078.560400 1.000000 0.000000 277.000000 57.000000 0.000000 4.000000 15.000000
100.040000 4.615516 10008.001600 3.000000 3.000000 324.000000 57.000000 0.000000 6.000000 10.000000
41.170000 3.741709 1694.968900 2.000000 0.000000 339.000000 48.000000 4.000000 6.000000 23.000000
132.960000 4.897541 17678.361600 4.000000 5.000000 22.000000 44.000000 3.000000 5.000000 18.000000
177.180000 5.182794 31392.752400 2.000000 3.000000 124.000000 59.000000 6.000000 9.000000 22.000000
142.160000 4.963963 20209.465600 4.000000 7.000000 238.000000 62.000000 3.000000 9.000000 28.000000
185.550000 5.228699 34428.802500 2.000000 8.000000 236.000000 61.000000 5.000000 8.000000 24.000000
16.190000 2.844328 262.116100 4.000000 0.000000 0.000000 60.000000 5.000000 9.000000 30.000000
36.110000 3.613886 1303.932100 4.000000 6.000000 210.000000 69.000000 0.000000 8.000000 28.000000
56.440000 4.050741 3185.473600 2.000000 5.000000 63.000000 43.000000 0.000000 11.000000 20.000000
279.880000 5.637928 78332.814400 0.000000 4.000000 168.000000 53.000000 1.000000 5.000000 7.000000
47.340000 3.878259 2241.075600 3.000000 3.000000 11.000000 55.000000 4.000000 11.000000 8.000000
75.780000 4.340944 5742.608400 4.000000 2.000000 140.000000 61.000000 6.000000 1.000000 28.000000
61.470000 4.134686 3778.560900 3.000000 5.000000 105.000000 71.000000 0.000000 10.000000 23.000000
8.150000 2.213754 66.422500 1.000000 4.000000 40.000000 54.000000 6.000000 6.000000 16.000000
168.720000 5.134150 28466.438400 1.000000 5.000000 283.000000 46.000000 2.000000 11.000000 1.000000
46.760000 3.866188 2186.497600 4.000000 7.000000 90.000000 39.000000 3.000000 2.000000 29.000000
175.440000 5.172981 30779.193600 0.000000 4.000000 13.000000 44.000000 6.000000 6.000000 25.000000
307.480000 5.731657 94543.950400 3.000000 1.000000 178.000000 51.000000 1.000000 6.000000 27.000000
67.590000 4.228147 4568.408100 1.000000 5.000000 256.000000 60.000000 4.000000 3.000000 3.000000
29.570000 3.420019 874.384900 2.000000 7.000000 255.000000 46.000000 1.000000 8.000000 1.000000
10.240000 2.419479 104.857600 1.000000 5.000000 253.000000 49.000000 1.000000 12.000000 5.000000
49.720000 3.926320 2472.078400 4.000000 1.000000 51.000000 45.000000 3.000000 9.000000 14.000000
96.940000 4.584355 9397.363600 1.000000 1.000000 130.000000 62.000000 2.000000 7.000000 31.000000
57.880000 4.075501 3350.094400 2.000000 5.000000 242.000000 54.000000 1.000000 10.000000 22.000000
165.100000 5.112590 27258.010000 4.000000 3.000000 239.000000 50.000000 2.000000 5.000000 8.000000
15.600000 2.809403 243.360000 2.000000 4.000000 227.000000 50.000000 6.000000 11.000000 26.000000
37.210000 3.643097 1384.584100 1.000000 8.000000 58.000000 38.000000 5.000000 12.000000 2.000000
95.020000 4.564557 9028.800400 2.000000 2.000000 104.000000 65.000000 2.000000 3.000000 13.000000
5.000000 1.791759 25.000000 3.000000 3.000000 210.000000 68.000000 4.000000 12.000000 13.000000
59.110000 4.096176 3493.992100 4.000000 6.000000 227.000000 42.000000 2.000000 7.000000 3.000000
42.480000 3.772301 1804.550400 2.000000 3.000000 179.000000 70.000000 6.000000 3.000000 3.000000
48.360000 3.899140 2338.689600 3.000000 4.000000 270.000000 51.000000 6.000000 1.000000 7.000000
18.510000 2.970927 342.620100 2.000000 7.000000 199.000000 49.000000 6.000000 1.000000 7.000000
34.910000 3.581016 1218.708100 2.000000 2.000000 24.000000 54.000000 6.000000 2.000000 26.000000
56.920000 4.059063 3239.886400 1.000000 0.000000 248.000000 45.000000 6.000000 1.000000 28.000000
18.170000 2.953347 330.148900 0.000000 3.000000 230.000000 50.000000 0.000000 12.000000 25.000000
5.000000 1.791759 25.000000 1.000000 4.000000 72.000000 61.000000 2.000000 11.000000 8.000000
203.630000 5.321203 41465.176900 1.000000 3.000000 2.000000 49.000000 4.000000 3.000000 22.000000
140.410000 4.951663 19714.968100 3.000000 4.000000 40.000000 47.000000 0.000000 9.000000 9.000000
26.370000 3.309448 695.376900 0.000000 3.000000 104.000000 55.000000 5.000000 6.000000 15.000000
34.740000 3.576271 1206.867600 4.000000 1.000000 112.000000 67.000000 1.000000 12.000000 19.000000
34.720000 3.575711 1205.478400 3.000000 3.000000 330.000000 49.000000 1.000000 6.000000 25.000000
86.780000 4.474834 7530.768400 1.000000 3.000000 167.000000 46.000000 0.000000 6.000000 12.000000
5.000000 1.791759 25.000000 2.000000 3.000000 8.000000 49.000000 0.000000 2.000000 19.000000
34.310000 3.564166 1177.176100 1.000000 3.000000 216.000000 69.000000 0.000000 9.000000 4.000000
51.020000 3.951628 2603.040400 4.000000 2.000000 189.000000 70.000000 4.000000 9.000000 20.000000
22.270000 3.147165 495.952900 4.000000 2.000000 134.000000 63.000000 3.000000 10.000000 31.000000
130.740000 4.880830 17092.947600 2.000000 8.000000 39.000000 56.000000 4.000000 8.000000 4.000000
76.560000 4.351052 5861.433600 1.000000 4.000000 208.000000 65.000000 1.000000 1.000000 2.000000
63.230000 4.162470 3998.032900 3.000000 8.000000 334.000000 50.000000 0.000000 6.000000 26.000000
250.470000 5.527324 62735.220900 0.000000 5.000000 23.000000 49.000000 5.000000 9.000000 23.000000
151.830000 5.029326 23052.348900 4.000000 5.000000 232.000000 50.000000 2.000000 8.000000 16.000000
42.210000 3.766072 1781.684100 3.000000 5.000000 58.000000 50.000000 6.000000 6.000000 16.000000
81.010000 4.406841 6562.620100 0.000000 1.000000 271.000000 62.000000 1.000000 9.000000 24.000000
42.050000 3.762362 1768.202500 1.000000 5.000000 182.000000 71.000000 5.000000 1.000000 14.000000
71.620000 4.285240 5129.424400 4.000000 5.000000 148.000000 61.000000 0.000000 1.000000 9.000000
194.870000 5.277451 37974.316900 2.000000 5.000000 294.000000 41.000000 3.000000 11.000000 2.000000
141.280000 4.957797 19960.038400 0.000000 1.000000 9.000000 58.000000 1.000000 2.000000 28.000000
156.050000 5.056564 24351.602500 1.000000 7.000000 232.000000 58.000000 3.000000 11.000000 23.000000
20.520000 3.068983 421.070400 1.000000 6.000000 211.000000 68.000000 6.000000 1.000000 14.000000
28.790000 3.394173 828.864100 1.000000 3.000000 178.000000 57.000000 1.000000 2.000000 14.000000
10.510000 2.443216 110.460100 0.000000 5.000000 113.000000 59.000000 5.000000 6.000000 17.000000
5.000000 1.791759 25.000000 1.000000 5.000000 273.000000 49.000000 2.000000 5.000000 1.000000
171.210000 5.148715 29312.864100 0.000000 6.000000 337.000000 52.000000 1.000000 12.000000 5.000000
56.420000 4.050393 3183.216400 1.000000 3.000000 266.000000 51.000000 2.000000 8.000000 9.000000
55.110000 4.027314 3037.112100 3.000000 0.000000 8.000000 43.000000 4.000000 12.000000 27.000000
93.070000 4.544039 8662.024900 4.000000 0.000000 93.000000 50.000000 4.000000 12.000000 22.000000
41.170000 3.741709 1694.968900 4.000000 0.000000 248.000000 48.000000 5.000000 8.000000 5.000000
32.680000 3.516904 1067.982400 1.000000 1.000000 78.000000 63.000000 0.000000 4.000000 1.000000
29.270000 3.410157 856.732900 3.000000 5.000000 210.000000 57.000000 0.000000 1.000000 2.000000
87.980000 4.488412 7740.480400 4.000000 2.000000 335.000000 54.000000 6.000000 11.000000 17.000000
236.360000 5.469578 55866.049600 2.000000 4.000000 182.000000 53.000000 6.000000 5.000000 19.000000
181.920000 5.209049 33094.886400 1.000000 1.000000 33.000000 52.000000 5.000000 11.000000 11.000000
85.620000 4.461531 7330.784400 0.000000 6.000000 137.000000 59.000000 3.000000 10.000000 17.000000
47.730000 3.886295 2278.152900 4.000000 4.000000 255.000000 53.000000 2.000000 1.000000 10.000000
5.000000 1.791759 25.000000 0.000000 2.000000 221.000000 52.000000 4.000000 1.000000 13.000000
5.000000 1.791759 25.000000 3.000000 7.000000 189.000000 70.000000 1.000000 12.000000 12.000000
19.550000 3.022861 382.202500 4.000000 2.000000 87.000000 62.000000 4.000000 7.000000 26.000000
46.700000 3.864931 2180.890000 4.000000 4.000000 7.000000 50.000000 4.000000 11.000000 8.000000
151.740000 5.028737 23025.027600 2.000000 3.000000 324.000000 63.000000 2.000000 8.000000 16.000000
19.740000 3.032064 389.667600 0.000000 5.000000 251.000000 46.000000 3.000000 3.000000 7.000000
360.830000 5.891174 130198.288900 4.000000 4.000000 98.000000 60.000000 0.000000 4.000000 3.000000
273.510000 5.614988 74807.720100 0.000000 6.000000 331.000000 49.000000 4.000000 4.000000 21.000000
61.010000 4.127296 3722.220100 1.000000 8.000000 197.000000 46.000000 1.000000 1.000000 2.000000
68.020000 4.234396 4626.720400 4.000000 5.000000 231.000000 60.000000 1.000000 3.000000 26.000000
337.870000 5.825617 114156.136900 0.000000 0.000000 34.000000 49.000000 2.000000 3.000000 29.000000
10.910000 2.477378 119.028100 1.000000 7.000000 132.000000 59.000000 0.000000 9.000000 4.000000
67.380000 4.225080 4540.064400 1.000000 0.000000 58.000000 46.000000 5.000000 6.000000 8.000000
43.140000 3.787366 1861.059600 1.000000 0.000000 273.000000 64.000000 3.000000 5.000000 25.000000
46.140000 3.853122 2128.899600 3.000000 2.000000 259.000000 59.000000 3.000000 5.000000 11.000000
72.630000 4.299053 5275.116900 0.000000 2.000000 311.000000 56.000000 5.000000 7.000000 22.000000
75.950000 4.343156 5768.402500 3.000000 5.000000 332.000000 51.000000 5.000000 12.000000 9.000000
24.740000 3.248046 612.067600 4.000000 0.000000 265.000000 56.000000 5.000000 4.000000 20.000000
124.800000 4.834693 15575.040000 0.000000 5.000000 132.000000 57.000000 1.000000 8.000000 13.000000
22.780000 3.168845 518.928400 3.000000 0.000000 191.000000 67.000000 6.000000 1.000000 22.000000
36.290000 3.618725 1316.964100 1.000000 5.000000 155.000000 64.000000 1.000000 1.000000 17.000000
